EmployeeID,TargetRoleONET,CurrentSkill
1,53-3031.00,Critical Thinking
1,53-3031.00,Reading Comprehension
1,53-3031.00,Active Listening
1,53-3031.00,Speaking
1,53-3031.00,Microsoft Excel
2,15-1221.00,Apache Spark
2,15-1221.00,Docker
2,15-1221.00,C++
2,15-1221.00,Ansible software
2,15-1221.00,GitHub
2,15-1221.00,Reading Comprehension
2,15-1221.00,Git
2,15-1221.00,Science
2,15-1221.00,Monitoring
2,15-1221.00,Apache Kafka
2,15-1221.00,Mathematics
2,15-1221.00,Writing
2,15-1221.00,C
2,15-1221.00,Go
2,15-1221.00,Speaking
2,15-1221.00,Active Listening
2,15-1221.00,Apache Hadoop
4,51-9083.00,Microsoft PowerPoint
4,51-9083.00,Microsoft Excel
4,51-9083.00,Microsoft Word
4,51-9083.00,Microsoft Office software
4,51-9083.00,SAP software
4,51-9083.00,Critical Thinking
4,51-9083.00,Monitoring
5,15-1221.00,GitHub
5,15-1221.00,Ansible software
5,15-1221.00,Critical Thinking
5,15-1221.00,C
5,15-1221.00,Learning Strategies
5,15-1221.00,Apache Spark
5,15-1221.00,Active Learning
5,15-1221.00,Writing
5,15-1221.00,Amazon Web Services AWS software
5,15-1221.00,Reading Comprehension
5,15-1221.00,Apache Hadoop
5,15-1221.00,Monitoring
5,15-1221.00,Mathematics
5,15-1221.00,Active Listening
5,15-1221.00,Apache Kafka
5,15-1221.00,C++
5,15-1221.00,Speaking
5,15-1221.00,Science
7,51-9083.00,Microsoft Outlook
7,51-9083.00,Microsoft Office software
7,51-9083.00,Critical Thinking
7,51-9083.00,Microsoft Word
7,51-9083.00,Reading Comprehension
8,51-9083.00,Microsoft Outlook
8,51-9083.00,Reading Comprehension
8,51-9083.00,Critical Thinking
8,51-9083.00,Microsoft PowerPoint
8,51-9083.00,Microsoft Office software
8,51-9083.00,Monitoring
8,51-9083.00,Microsoft Excel
10,51-9083.00,Microsoft Word
10,51-9083.00,Microsoft Excel
10,51-9083.00,SAP software
10,51-9083.00,Microsoft Office software
10,51-9083.00,Microsoft Outlook
10,51-9083.00,Reading Comprehension
11,51-9083.00,Microsoft Office software
11,51-9083.00,Microsoft PowerPoint
11,51-9083.00,Critical Thinking
11,51-9083.00,Microsoft Excel
11,51-9083.00,Reading Comprehension
11,51-9083.00,SAP software
12,51-9195.05,Microsoft Outlook
12,51-9195.05,Monitoring
12,51-9195.05,Active Listening
13,43-4051.00,Reading Comprehension
13,43-4051.00,Speaking
13,43-4051.00,Intuit QuickBooks
13,43-4051.00,Kronos Workforce Timekeeper
13,43-4051.00,Writing
13,43-4051.00,Critical Thinking
13,43-4051.00,Adobe Creative Cloud software
13,43-4051.00,Microsoft Outlook
13,43-4051.00,Adobe Photoshop
13,43-4051.00,Monitoring
13,43-4051.00,Adobe Illustrator
13,43-4051.00,Adobe Acrobat
13,43-4051.00,Apple macOS
13,43-4051.00,Active Listening
14,51-9083.00,SAP software
14,51-9083.00,Microsoft Office software
14,51-9083.00,Critical Thinking
14,51-9083.00,Microsoft Word
14,51-9083.00,Microsoft Outlook
15,51-9083.00,Microsoft PowerPoint
15,51-9083.00,Reading Comprehension
15,51-9083.00,Monitoring
15,51-9083.00,Microsoft Excel
15,51-9083.00,Microsoft Word
15,51-9083.00,Microsoft Office software
15,51-9083.00,Critical Thinking
15,51-9083.00,SAP software
16,15-1221.00,Speaking
16,15-1221.00,Apache Kafka
16,15-1221.00,C
16,15-1221.00,Go
16,15-1221.00,Apache Hadoop
16,15-1221.00,Writing
16,15-1221.00,Monitoring
16,15-1221.00,Active Learning
16,15-1221.00,Critical Thinking
16,15-1221.00,Apache Spark
16,15-1221.00,Reading Comprehension
16,15-1221.00,Ansible software
18,51-9083.00,Reading Comprehension
18,51-9083.00,Microsoft PowerPoint
18,51-9083.00,Microsoft Word
18,51-9083.00,Monitoring
18,51-9083.00,Microsoft Office software
18,51-9083.00,Microsoft Excel
19,51-9083.00,Reading Comprehension
19,51-9083.00,Critical Thinking
19,51-9083.00,Microsoft Excel
19,51-9083.00,Microsoft Word
19,51-9083.00,Microsoft Office software
20,51-9195.05,Monitoring
20,51-9195.05,Microsoft Outlook
20,51-9195.05,Active Listening
21,15-1221.00,Apache Spark
21,15-1221.00,Git
21,15-1221.00,Apache Kafka
21,15-1221.00,Writing
21,15-1221.00,Speaking
21,15-1221.00,Reading Comprehension
21,15-1221.00,Amazon Web Services AWS software
21,15-1221.00,Monitoring
21,15-1221.00,C
21,15-1221.00,Docker
22,51-9083.00,Microsoft Word
22,51-9083.00,Microsoft PowerPoint
22,51-9083.00,SAP software
22,51-9083.00,Critical Thinking
22,51-9083.00,Microsoft Excel
23,47-1011.03,Microsoft Outlook
23,47-1011.03,Critical Thinking
23,47-1011.03,Mathematics
23,47-1011.03,Monitoring
23,47-1011.03,Autodesk Revit
23,47-1011.03,Microsoft PowerPoint
23,47-1011.03,Autodesk AutoCAD Civil 3D
23,47-1011.03,Microsoft Excel
23,47-1011.03,Learning Strategies
23,47-1011.03,Oracle Primavera Enterprise Project Portfolio Management
23,47-1011.03,Active Listening
23,47-1011.03,Microsoft Project
23,47-1011.03,Active Learning
23,47-1011.03,Microsoft Visio
23,47-1011.03,Microsoft Office software
23,47-1011.03,Speaking
23,47-1011.03,Reading Comprehension
24,15-1221.00,Active Listening
24,15-1221.00,Amazon Web Services AWS software
24,15-1221.00,Apache Kafka
24,15-1221.00,Ansible software
24,15-1221.00,Git
24,15-1221.00,Apache Hadoop
24,15-1221.00,Reading Comprehension
24,15-1221.00,Writing
24,15-1221.00,Learning Strategies
24,15-1221.00,Science
24,15-1221.00,Go
24,15-1221.00,Apache Spark
24,15-1221.00,Mathematics
24,15-1221.00,Docker
24,15-1221.00,Active Learning
24,15-1221.00,Bash
24,15-1221.00,Critical Thinking
24,15-1221.00,GitHub
26,51-9195.05,Microsoft Excel
26,51-9195.05,Monitoring
27,41-4012.00,Writing
27,41-4012.00,Active Learning
27,41-4012.00,Microsoft Outlook
27,41-4012.00,Microsoft Office software
27,41-4012.00,Microsoft PowerPoint
27,41-4012.00,Speaking
27,41-4012.00,Reading Comprehension
27,41-4012.00,Salesforce software
27,41-4012.00,Adobe Photoshop
27,41-4012.00,Adobe Illustrator
27,41-4012.00,Autodesk AutoCAD
27,41-4012.00,Adobe Acrobat
27,41-4012.00,Adobe InDesign
27,41-4012.00,Apple macOS
27,41-4012.00,Microsoft Excel
27,41-4012.00,Active Listening
28,27-2041.00,Active Learning
28,27-2041.00,Critical Thinking
28,27-2041.00,Active Listening
28,27-2041.00,Writing
28,27-2041.00,Microsoft Excel
28,27-2041.00,Microsoft Word
28,27-2041.00,Monitoring
30,15-1221.00,Active Learning
30,15-1221.00,Docker
30,15-1221.00,Ansible software
30,15-1221.00,Speaking
30,15-1221.00,Monitoring
30,15-1221.00,C++
30,15-1221.00,Apache Kafka
30,15-1221.00,Writing
30,15-1221.00,Amazon Web Services AWS software
30,15-1221.00,Bash
30,15-1221.00,Go
30,15-1221.00,Learning Strategies
30,15-1221.00,Apache Hadoop
30,15-1221.00,Mathematics
30,15-1221.00,Reading Comprehension
30,15-1221.00,C
31,15-1221.00,Science
31,15-1221.00,Mathematics
31,15-1221.00,Active Learning
31,15-1221.00,Writing
31,15-1221.00,Git
31,15-1221.00,Apache Spark
31,15-1221.00,Learning Strategies
31,15-1221.00,C
31,15-1221.00,C++
31,15-1221.00,Critical Thinking
31,15-1221.00,Amazon Web Services AWS software
32,47-1011.03,Oracle Primavera Enterprise Project Portfolio Management
32,47-1011.03,Active Learning
32,47-1011.03,Microsoft Project
32,47-1011.03,Microsoft Outlook
32,47-1011.03,Autodesk AutoCAD
32,47-1011.03,Microsoft Office software
32,47-1011.03,Learning Strategies
32,47-1011.03,Writing
32,47-1011.03,Autodesk Revit
32,47-1011.03,Autodesk AutoCAD Civil 3D
32,47-1011.03,Critical Thinking
33,15-1221.00,Go
33,15-1221.00,Git
33,15-1221.00,C
33,15-1221.00,Amazon Web Services AWS software
33,15-1221.00,Mathematics
33,15-1221.00,Apache Kafka
33,15-1221.00,Docker
33,15-1221.00,Apache Hadoop
33,15-1221.00,Reading Comprehension
33,15-1221.00,Science
33,15-1221.00,Ansible software
33,15-1221.00,Apache Spark
35,53-3031.00,Microsoft Excel
35,53-3031.00,Reading Comprehension
35,53-3031.00,Critical Thinking
35,53-3031.00,Active Listening
36,43-4051.00,Critical Thinking
36,43-4051.00,Adobe Photoshop
36,43-4051.00,Adobe Acrobat
36,43-4051.00,Active Listening
36,43-4051.00,Adobe Illustrator
36,43-4051.00,Microsoft Excel
36,43-4051.00,Adobe Creative Cloud software
36,43-4051.00,Microsoft Outlook
38,47-1011.03,Learning Strategies
38,47-1011.03,Microsoft PowerPoint
38,47-1011.03,Reading Comprehension
38,47-1011.03,Oracle Primavera Enterprise Project Portfolio Management
38,47-1011.03,Active Listening
38,47-1011.03,Microsoft Office software
38,47-1011.03,Monitoring
38,47-1011.03,Autodesk Revit
38,47-1011.03,Mathematics
38,47-1011.03,Critical Thinking
38,47-1011.03,Microsoft Project
38,47-1011.03,Microsoft Outlook
38,47-1011.03,Microsoft Windows
38,47-1011.03,Speaking
38,47-1011.03,Writing
38,47-1011.03,Microsoft Excel
38,47-1011.03,Microsoft Word
39,51-9083.00,Microsoft Word
39,51-9083.00,SAP software
39,51-9083.00,Microsoft Office software
39,51-9083.00,Monitoring
39,51-9083.00,Microsoft Excel
39,51-9083.00,Microsoft Outlook
39,51-9083.00,Reading Comprehension
39,51-9083.00,Microsoft PowerPoint
40,43-4051.00,Adobe Creative Cloud software
40,43-4051.00,Microsoft Excel
40,43-4051.00,Intuit QuickBooks
40,43-4051.00,Active Listening
40,43-4051.00,Critical Thinking
40,43-4051.00,Apple macOS
40,43-4051.00,Reading Comprehension
40,43-4051.00,Microsoft Outlook
40,43-4051.00,Adobe Photoshop
40,43-4051.00,Adobe Illustrator
40,43-4051.00,Microsoft Office software
41,51-9083.00,Reading Comprehension
41,51-9083.00,Microsoft Office software
41,51-9083.00,Monitoring
41,51-9083.00,Critical Thinking
41,51-9083.00,Microsoft Word
42,41-4012.00,Salesforce software
42,41-4012.00,Critical Thinking
42,41-4012.00,Apple macOS
42,41-4012.00,Monitoring
42,41-4012.00,Microsoft PowerPoint
42,41-4012.00,Adobe Acrobat
42,41-4012.00,Microsoft Outlook
42,41-4012.00,Active Learning
42,41-4012.00,Writing
42,41-4012.00,Adobe Illustrator
42,41-4012.00,Adobe Creative Cloud software
45,15-1221.00,Reading Comprehension
45,15-1221.00,Critical Thinking
45,15-1221.00,Learning Strategies
45,15-1221.00,Science
45,15-1221.00,Monitoring
45,15-1221.00,Speaking
45,15-1221.00,Active Learning
45,15-1221.00,Writing
45,15-1221.00,C++
45,15-1221.00,Apache Spark
45,15-1221.00,Git
45,15-1221.00,C
45,15-1221.00,Bash
45,15-1221.00,GitHub
45,15-1221.00,Apache Kafka
45,15-1221.00,Ansible software
45,15-1221.00,Mathematics
46,15-1221.00,C++
46,15-1221.00,Amazon Web Services AWS software
46,15-1221.00,Apache Kafka
46,15-1221.00,Learning Strategies
46,15-1221.00,Monitoring
46,15-1221.00,Bash
46,15-1221.00,Reading Comprehension
46,15-1221.00,Active Learning
46,15-1221.00,Science
46,15-1221.00,Apache Hadoop
46,15-1221.00,C
47,41-4012.00,Microsoft Excel
47,41-4012.00,Speaking
47,41-4012.00,Critical Thinking
47,41-4012.00,Microsoft Outlook
47,41-4012.00,Adobe Creative Cloud software
47,41-4012.00,Microsoft PowerPoint
47,41-4012.00,Monitoring
47,41-4012.00,Adobe InDesign
47,41-4012.00,Adobe Photoshop
49,41-4012.00,Reading Comprehension
49,41-4012.00,Critical Thinking
49,41-4012.00,Adobe Illustrator
49,41-4012.00,Speaking
49,41-4012.00,Adobe Acrobat
49,41-4012.00,Microsoft Outlook
49,41-4012.00,Microsoft Office software
49,41-4012.00,Adobe Creative Cloud software
49,41-4012.00,Active Learning
49,41-4012.00,Salesforce software
49,41-4012.00,Adobe InDesign
51,15-1221.00,Docker
51,15-1221.00,C++
51,15-1221.00,Ansible software
51,15-1221.00,Bash
51,15-1221.00,Monitoring
51,15-1221.00,C
51,15-1221.00,Mathematics
51,15-1221.00,Active Learning
51,15-1221.00,Writing
51,15-1221.00,Reading Comprehension
51,15-1221.00,Apache Hadoop
51,15-1221.00,Amazon Web Services AWS software
51,15-1221.00,Apache Spark
51,15-1221.00,Critical Thinking
52,53-3031.00,Speaking
52,53-3031.00,Critical Thinking
52,53-3031.00,Active Listening
52,53-3031.00,Writing
53,51-9083.00,Microsoft Office software
53,51-9083.00,SAP software
53,51-9083.00,Microsoft Outlook
53,51-9083.00,Critical Thinking
53,51-9083.00,Microsoft Word
53,51-9083.00,Microsoft PowerPoint
53,51-9083.00,Reading Comprehension
54,51-9083.00,Reading Comprehension
54,51-9083.00,Microsoft Outlook
54,51-9083.00,Microsoft Office software
54,51-9083.00,Microsoft Excel
54,51-9083.00,Microsoft Word
54,51-9083.00,Microsoft PowerPoint
55,51-9083.00,Microsoft Office software
55,51-9083.00,Microsoft PowerPoint
55,51-9083.00,Critical Thinking
55,51-9083.00,Microsoft Outlook
55,51-9083.00,Reading Comprehension
56,53-3031.00,Active Listening
56,53-3031.00,Microsoft Excel
56,53-3031.00,Microsoft Office software
57,51-9083.00,Microsoft Outlook
57,51-9083.00,Reading Comprehension
57,51-9083.00,Critical Thinking
57,51-9083.00,Monitoring
57,51-9083.00,Microsoft PowerPoint
57,51-9083.00,SAP software
57,51-9083.00,Microsoft Word
58,27-2041.00,Monitoring
58,27-2041.00,Reading Comprehension
58,27-2041.00,Active Learning
58,27-2041.00,Microsoft Office software
58,27-2041.00,Active Listening
58,27-2041.00,Microsoft Word
58,27-2041.00,Speaking
58,27-2041.00,Microsoft Excel
58,27-2041.00,Critical Thinking
58,27-2041.00,Learning Strategies
60,53-3031.00,Active Listening
60,53-3031.00,Speaking
60,53-3031.00,Writing
60,53-3031.00,Microsoft Excel
61,15-1221.00,Science
61,15-1221.00,Git
61,15-1221.00,C
61,15-1221.00,Apache Spark
61,15-1221.00,Docker
61,15-1221.00,Go
61,15-1221.00,Critical Thinking
61,15-1221.00,Monitoring
61,15-1221.00,Bash
61,15-1221.00,Active Learning
62,53-3031.00,Reading Comprehension
62,53-3031.00,Critical Thinking
62,53-3031.00,Writing
62,53-3031.00,Microsoft Office software
62,53-3031.00,Active Listening
63,51-9083.00,Microsoft PowerPoint
63,51-9083.00,Microsoft Office software
63,51-9083.00,Monitoring
63,51-9083.00,Microsoft Outlook
63,51-9083.00,Critical Thinking
63,51-9083.00,Microsoft Excel
64,51-9083.00,Reading Comprehension
64,51-9083.00,Microsoft Word
64,51-9083.00,Microsoft PowerPoint
64,51-9083.00,Microsoft Excel
64,51-9083.00,Monitoring
64,51-9083.00,Critical Thinking
65,51-9083.00,Microsoft PowerPoint
65,51-9083.00,Monitoring
65,51-9083.00,SAP software
65,51-9083.00,Critical Thinking
65,51-9083.00,Microsoft Word
65,51-9083.00,Microsoft Excel
68,53-3031.00,Speaking
68,53-3031.00,Reading Comprehension
68,53-3031.00,Critical Thinking
68,53-3031.00,Active Listening
70,43-4051.00,Speaking
70,43-4051.00,Writing
70,43-4051.00,Microsoft Office software
70,43-4051.00,Facebook
70,43-4051.00,Monitoring
70,43-4051.00,Microsoft Outlook
70,43-4051.00,Apple macOS
70,43-4051.00,Intuit QuickBooks
70,43-4051.00,Critical Thinking
70,43-4051.00,Microsoft Excel
70,43-4051.00,Adobe Acrobat
70,43-4051.00,Google Docs
72,53-3031.00,Microsoft Excel
72,53-3031.00,Speaking
72,53-3031.00,Reading Comprehension
72,53-3031.00,Microsoft Office software
72,53-3031.00,Active Listening
73,27-2041.00,Reading Comprehension
73,27-2041.00,Active Listening
73,27-2041.00,Learning Strategies
73,27-2041.00,Monitoring
73,27-2041.00,Microsoft Outlook
73,27-2041.00,Critical Thinking
73,27-2041.00,Writing
74,53-3031.00,Speaking
74,53-3031.00,Microsoft Office software
74,53-3031.00,Critical Thinking
74,53-3031.00,Microsoft Excel
75,51-9083.00,Microsoft PowerPoint
75,51-9083.00,Microsoft Office software
75,51-9083.00,Microsoft Excel
75,51-9083.00,SAP software
76,51-9083.00,SAP software
76,51-9083.00,Critical Thinking
76,51-9083.00,Reading Comprehension
76,51-9083.00,Microsoft Office software
76,51-9083.00,Microsoft Excel
77,51-9195.05,Microsoft Outlook
77,51-9195.05,Monitoring
77,51-9195.05,Active Listening
77,51-9195.05,Microsoft Excel
78,51-9195.05,Active Listening
78,51-9195.05,Microsoft Excel
78,51-9195.05,Monitoring
79,51-9083.00,Reading Comprehension
79,51-9083.00,Monitoring
79,51-9083.00,Microsoft Outlook
79,51-9083.00,Microsoft Office software
79,51-9083.00,Critical Thinking
79,51-9083.00,Microsoft Excel
80,27-2041.00,Reading Comprehension
80,27-2041.00,Learning Strategies
80,27-2041.00,Microsoft Outlook
80,27-2041.00,Critical Thinking
80,27-2041.00,Microsoft Excel
80,27-2041.00,Writing
80,27-2041.00,Active Listening
80,27-2041.00,Monitoring
80,27-2041.00,Microsoft Office software
80,27-2041.00,Microsoft PowerPoint
81,53-3031.00,Speaking
81,53-3031.00,Writing
81,53-3031.00,Reading Comprehension
81,53-3031.00,Microsoft Office software
81,53-3031.00,Active Listening
81,53-3031.00,Critical Thinking
83,43-4051.00,Microsoft Excel
83,43-4051.00,Microsoft Outlook
83,43-4051.00,Microsoft Office software
83,43-4051.00,Adobe Acrobat
83,43-4051.00,Kronos Workforce Timekeeper
83,43-4051.00,Adobe Creative Cloud software
83,43-4051.00,Critical Thinking
83,43-4051.00,Adobe Illustrator
83,43-4051.00,Active Listening
83,43-4051.00,Adobe Photoshop
83,43-4051.00,Facebook
83,43-4051.00,Google Docs
84,47-1011.03,Microsoft Office software
84,47-1011.03,Microsoft Visio
84,47-1011.03,Critical Thinking
84,47-1011.03,Autodesk AutoCAD Civil 3D
84,47-1011.03,Microsoft PowerPoint
84,47-1011.03,Mathematics
84,47-1011.03,Microsoft Word
84,47-1011.03,Active Learning
84,47-1011.03,Learning Strategies
84,47-1011.03,Active Listening
84,47-1011.03,Writing
84,47-1011.03,Microsoft Excel
84,47-1011.03,Microsoft Outlook
84,47-1011.03,Autodesk Revit
85,51-9195.05,Active Listening
85,51-9195.05,Microsoft Outlook
85,51-9195.05,Critical Thinking
86,15-1221.00,Active Listening
86,15-1221.00,C++
86,15-1221.00,Active Learning
86,15-1221.00,Monitoring
86,15-1221.00,C
86,15-1221.00,Speaking
86,15-1221.00,Mathematics
86,15-1221.00,Writing
86,15-1221.00,Critical Thinking
86,15-1221.00,Git
86,15-1221.00,Reading Comprehension
86,15-1221.00,Science
86,15-1221.00,Apache Hadoop
86,15-1221.00,Apache Spark
86,15-1221.00,GitHub
86,15-1221.00,Ansible software
86,15-1221.00,Docker
86,15-1221.00,Bash
88,15-1221.00,Learning Strategies
88,15-1221.00,C
88,15-1221.00,Docker
88,15-1221.00,Reading Comprehension
88,15-1221.00,Amazon Web Services AWS software
88,15-1221.00,Bash
88,15-1221.00,C++
88,15-1221.00,Apache Kafka
88,15-1221.00,Apache Hadoop
88,15-1221.00,GitHub
88,15-1221.00,Apache Spark
88,15-1221.00,Science
88,15-1221.00,Critical Thinking
88,15-1221.00,Writing
88,15-1221.00,Monitoring
88,15-1221.00,Mathematics
90,15-1221.00,Bash
90,15-1221.00,Critical Thinking
90,15-1221.00,Active Learning
90,15-1221.00,Amazon Web Services AWS software
90,15-1221.00,Apache Kafka
90,15-1221.00,Git
90,15-1221.00,Apache Spark
90,15-1221.00,Active Listening
90,15-1221.00,Monitoring
90,15-1221.00,GitHub
90,15-1221.00,C++
90,15-1221.00,Reading Comprehension
90,15-1221.00,Writing
90,15-1221.00,Learning Strategies
91,53-3031.00,Reading Comprehension
91,53-3031.00,Writing
91,53-3031.00,Microsoft Excel
91,53-3031.00,Speaking
91,53-3031.00,Critical Thinking
91,53-3031.00,Active Listening
94,15-1221.00,C
94,15-1221.00,Ansible software
94,15-1221.00,Bash
94,15-1221.00,Active Listening
94,15-1221.00,Monitoring
94,15-1221.00,Active Learning
94,15-1221.00,Apache Kafka
94,15-1221.00,Go
94,15-1221.00,Science
94,15-1221.00,Learning Strategies
95,15-1221.00,Apache Kafka
95,15-1221.00,Mathematics
95,15-1221.00,Apache Spark
95,15-1221.00,Amazon Web Services AWS software
95,15-1221.00,Monitoring
95,15-1221.00,GitHub
95,15-1221.00,Writing
95,15-1221.00,Active Listening
95,15-1221.00,Bash
95,15-1221.00,C
95,15-1221.00,Learning Strategies
95,15-1221.00,Docker
95,15-1221.00,Git
95,15-1221.00,Critical Thinking
95,15-1221.00,Science
95,15-1221.00,Reading Comprehension
95,15-1221.00,Apache Hadoop
96,15-1221.00,Monitoring
96,15-1221.00,Active Learning
96,15-1221.00,Docker
96,15-1221.00,Reading Comprehension
96,15-1221.00,Ansible software
96,15-1221.00,Active Listening
96,15-1221.00,Git
96,15-1221.00,Critical Thinking
96,15-1221.00,Apache Spark
96,15-1221.00,Speaking
96,15-1221.00,C++
96,15-1221.00,Mathematics
96,15-1221.00,Amazon Web Services AWS software
96,15-1221.00,Writing
96,15-1221.00,Bash
97,51-9083.00,Microsoft Word
97,51-9083.00,Microsoft Excel
97,51-9083.00,Monitoring
97,51-9083.00,SAP software
97,51-9083.00,Critical Thinking
97,51-9083.00,Microsoft PowerPoint
98,51-9195.05,Critical Thinking
98,51-9195.05,Microsoft Excel
98,51-9195.05,Active Listening
98,51-9195.05,Monitoring
100,53-3031.00,Microsoft Office software
100,53-3031.00,Speaking
100,53-3031.00,Microsoft Excel
100,53-3031.00,Writing
101,27-2041.00,Critical Thinking
101,27-2041.00,Microsoft Office software
101,27-2041.00,Active Learning
101,27-2041.00,Reading Comprehension
101,27-2041.00,Writing
101,27-2041.00,Microsoft Outlook
101,27-2041.00,Learning Strategies
101,27-2041.00,Microsoft PowerPoint
101,27-2041.00,Microsoft Word
102,27-2041.00,Microsoft PowerPoint
102,27-2041.00,Active Listening
102,27-2041.00,Writing
102,27-2041.00,Reading Comprehension
102,27-2041.00,Microsoft Excel
102,27-2041.00,Critical Thinking
102,27-2041.00,Monitoring
102,27-2041.00,Microsoft Word
102,27-2041.00,Speaking
102,27-2041.00,Learning Strategies
103,43-4161.00,Microsoft Outlook
103,43-4161.00,Microsoft Office software
103,43-4161.00,Reading Comprehension
103,43-4161.00,Microsoft Access
103,43-4161.00,Google Docs
103,43-4161.00,Microsoft Excel
103,43-4161.00,Active Listening
103,43-4161.00,Writing
103,43-4161.00,Critical Thinking
104,51-9083.00,Microsoft Office software
104,51-9083.00,Microsoft Excel
104,51-9083.00,Microsoft Outlook
104,51-9083.00,Critical Thinking
105,15-1221.00,Active Learning
105,15-1221.00,Critical Thinking
105,15-1221.00,C++
105,15-1221.00,C
105,15-1221.00,Git
105,15-1221.00,Reading Comprehension
105,15-1221.00,Ansible software
105,15-1221.00,Science
105,15-1221.00,Go
105,15-1221.00,Mathematics
105,15-1221.00,Apache Spark
105,15-1221.00,Amazon Web Services AWS software
105,15-1221.00,Writing
105,15-1221.00,Apache Hadoop
106,53-3031.00,Writing
106,53-3031.00,Speaking
106,53-3031.00,Reading Comprehension
106,53-3031.00,Critical Thinking
107,15-1221.00,Monitoring
107,15-1221.00,Apache Kafka
107,15-1221.00,Apache Spark
107,15-1221.00,Critical Thinking
107,15-1221.00,C
107,15-1221.00,Mathematics
107,15-1221.00,Active Learning
107,15-1221.00,Git
107,15-1221.00,Apache Hadoop
107,15-1221.00,Speaking
110,51-9195.05,Microsoft Excel
110,51-9195.05,Monitoring
112,51-9195.05,Critical Thinking
112,51-9195.05,Microsoft Excel
112,51-9195.05,Monitoring
113,41-4012.00,Critical Thinking
113,41-4012.00,Microsoft Office software
113,41-4012.00,Reading Comprehension
113,41-4012.00,Autodesk AutoCAD
113,41-4012.00,Adobe Illustrator
113,41-4012.00,Adobe InDesign
113,41-4012.00,Microsoft PowerPoint
113,41-4012.00,Monitoring
113,41-4012.00,Adobe Creative Cloud software
116,51-9083.00,Microsoft Excel
116,51-9083.00,Microsoft PowerPoint
116,51-9083.00,Microsoft Outlook
116,51-9083.00,SAP software
116,51-9083.00,Reading Comprehension
116,51-9083.00,Microsoft Office software
116,51-9083.00,Critical Thinking
116,51-9083.00,Monitoring
117,43-4051.00,Writing
117,43-4051.00,Adobe Acrobat
117,43-4051.00,Microsoft Office software
117,43-4051.00,Google Docs
117,43-4051.00,Adobe Illustrator
117,43-4051.00,Active Listening
117,43-4051.00,Adobe Photoshop
117,43-4051.00,Intuit QuickBooks
117,43-4051.00,Critical Thinking
117,43-4051.00,Monitoring
118,53-3031.00,Active Listening
118,53-3031.00,Speaking
118,53-3031.00,Critical Thinking
118,53-3031.00,Writing
118,53-3031.00,Microsoft Excel
119,43-4051.00,Critical Thinking
119,43-4051.00,Microsoft Office software
119,43-4051.00,Adobe Creative Cloud software
119,43-4051.00,Adobe Illustrator
119,43-4051.00,Kronos Workforce Timekeeper
119,43-4051.00,Microsoft Excel
119,43-4051.00,Microsoft Outlook
119,43-4051.00,Adobe Acrobat
119,43-4051.00,Apple macOS
119,43-4051.00,Active Listening
119,43-4051.00,Google Docs
119,43-4051.00,Adobe Photoshop
120,53-3031.00,Reading Comprehension
120,53-3031.00,Speaking
120,53-3031.00,Active Listening
120,53-3031.00,Critical Thinking
120,53-3031.00,Writing
121,53-3031.00,Microsoft Excel
121,53-3031.00,Active Listening
121,53-3031.00,Microsoft Office software
121,53-3031.00,Writing
121,53-3031.00,Reading Comprehension
124,43-4051.00,Facebook
124,43-4051.00,Adobe Acrobat
124,43-4051.00,Kronos Workforce Timekeeper
124,43-4051.00,Monitoring
124,43-4051.00,Adobe Photoshop
124,43-4051.00,Writing
124,43-4051.00,Microsoft Office software
124,43-4051.00,Intuit QuickBooks
124,43-4051.00,Google Docs
124,43-4051.00,Microsoft Outlook
124,43-4051.00,Microsoft Excel
125,53-3031.00,Microsoft Office software
125,53-3031.00,Reading Comprehension
125,53-3031.00,Active Listening
125,53-3031.00,Writing
126,27-2041.00,Speaking
126,27-2041.00,Microsoft Excel
126,27-2041.00,Reading Comprehension
126,27-2041.00,Microsoft Office software
126,27-2041.00,Critical Thinking
126,27-2041.00,Microsoft PowerPoint
126,27-2041.00,Microsoft Word
128,53-3031.00,Microsoft Office software
128,53-3031.00,Reading Comprehension
128,53-3031.00,Writing
128,53-3031.00,Microsoft Excel
129,53-3031.00,Microsoft Excel
129,53-3031.00,Speaking
129,53-3031.00,Critical Thinking
129,53-3031.00,Reading Comprehension
129,53-3031.00,Microsoft Office software
131,53-3031.00,Writing
131,53-3031.00,Active Listening
131,53-3031.00,Reading Comprehension
131,53-3031.00,Microsoft Excel
131,53-3031.00,Critical Thinking
131,53-3031.00,Speaking
132,51-9083.00,Reading Comprehension
132,51-9083.00,SAP software
132,51-9083.00,Microsoft Word
132,51-9083.00,Critical Thinking
132,51-9083.00,Microsoft PowerPoint
132,51-9083.00,Monitoring
132,51-9083.00,Microsoft Outlook
132,51-9083.00,Microsoft Office software
133,43-4161.00,Microsoft Excel
133,43-4161.00,Oracle HRIS
133,43-4161.00,Speaking
133,43-4161.00,Applicant tracking software
133,43-4161.00,Microsoft Access
133,43-4161.00,Reading Comprehension
133,43-4161.00,Active Learning
133,43-4161.00,Microsoft Outlook
133,43-4161.00,Microsoft Visio
133,43-4161.00,Microsoft PowerPoint
133,43-4161.00,Monitoring
133,43-4161.00,Microsoft SharePoint
134,15-1221.00,GitHub
134,15-1221.00,Amazon Web Services AWS software
134,15-1221.00,C++
134,15-1221.00,Apache Spark
134,15-1221.00,Active Listening
134,15-1221.00,Speaking
134,15-1221.00,Science
134,15-1221.00,Learning Strategies
134,15-1221.00,Mathematics
134,15-1221.00,Go
134,15-1221.00,Writing
137,51-9083.00,Reading Comprehension
137,51-9083.00,Microsoft Outlook
137,51-9083.00,Microsoft Word
137,51-9083.00,Microsoft PowerPoint
137,51-9083.00,Microsoft Office software
137,51-9083.00,SAP software
137,51-9083.00,Monitoring
137,51-9083.00,Critical Thinking
138,15-1221.00,Bash
138,15-1221.00,Critical Thinking
138,15-1221.00,Docker
138,15-1221.00,Apache Kafka
138,15-1221.00,Active Learning
138,15-1221.00,Go
138,15-1221.00,GitHub
138,15-1221.00,Monitoring
138,15-1221.00,C
138,15-1221.00,Git
138,15-1221.00,Apache Spark
138,15-1221.00,C++
138,15-1221.00,Learning Strategies
138,15-1221.00,Mathematics
138,15-1221.00,Active Listening
138,15-1221.00,Writing
138,15-1221.00,Reading Comprehension
138,15-1221.00,Apache Hadoop
138,15-1221.00,Amazon Web Services AWS software
139,43-4051.00,Writing
139,43-4051.00,Critical Thinking
139,43-4051.00,Google Docs
139,43-4051.00,Adobe Acrobat
139,43-4051.00,Adobe Illustrator
139,43-4051.00,Apple macOS
139,43-4051.00,Microsoft Excel
139,43-4051.00,Microsoft Outlook
139,43-4051.00,Active Listening
139,43-4051.00,Facebook
139,43-4051.00,Intuit QuickBooks
140,47-1011.03,Microsoft Outlook
140,47-1011.03,Microsoft PowerPoint
140,47-1011.03,Autodesk AutoCAD
140,47-1011.03,Active Learning
140,47-1011.03,Microsoft Excel
140,47-1011.03,Microsoft Office software
140,47-1011.03,Speaking
140,47-1011.03,Monitoring
140,47-1011.03,Autodesk Revit
140,47-1011.03,Microsoft Word
140,47-1011.03,Autodesk AutoCAD Civil 3D
140,47-1011.03,Active Listening
140,47-1011.03,Microsoft Visio
141,27-2041.00,Reading Comprehension
141,27-2041.00,Microsoft PowerPoint
141,27-2041.00,Writing
141,27-2041.00,Microsoft Office software
141,27-2041.00,Microsoft Excel
141,27-2041.00,Microsoft Word
141,27-2041.00,Critical Thinking
141,27-2041.00,Monitoring
141,27-2041.00,Speaking
142,53-3031.00,Speaking
142,53-3031.00,Microsoft Excel
142,53-3031.00,Microsoft Office software
142,53-3031.00,Reading Comprehension
143,15-1221.00,Reading Comprehension
143,15-1221.00,Apache Hadoop
143,15-1221.00,Mathematics
143,15-1221.00,Writing
143,15-1221.00,Active Listening
143,15-1221.00,C++
143,15-1221.00,GitHub
143,15-1221.00,Active Learning
143,15-1221.00,Apache Spark
143,15-1221.00,Amazon Web Services AWS software
144,51-9083.00,Critical Thinking
144,51-9083.00,Microsoft Outlook
144,51-9083.00,SAP software
144,51-9083.00,Monitoring
144,51-9083.00,Microsoft Word
144,51-9083.00,Microsoft Office software
144,51-9083.00,Microsoft PowerPoint
145,43-4051.00,Monitoring
145,43-4051.00,Microsoft Outlook
145,43-4051.00,Google Docs
145,43-4051.00,Microsoft Excel
145,43-4051.00,Microsoft Office software
145,43-4051.00,Adobe Photoshop
145,43-4051.00,Writing
145,43-4051.00,Critical Thinking
145,43-4051.00,Apple macOS
145,43-4051.00,Active Listening
145,43-4051.00,Adobe Illustrator
145,43-4051.00,Adobe Acrobat
145,43-4051.00,Reading Comprehension
145,43-4051.00,Facebook
147,51-9083.00,SAP software
147,51-9083.00,Reading Comprehension
147,51-9083.00,Critical Thinking
147,51-9083.00,Microsoft Word
147,51-9083.00,Microsoft Outlook
147,51-9083.00,Monitoring
148,47-1011.03,Active Learning
148,47-1011.03,Oracle Primavera Enterprise Project Portfolio Management
148,47-1011.03,Mathematics
148,47-1011.03,Microsoft Visio
148,47-1011.03,Microsoft Windows
148,47-1011.03,Monitoring
148,47-1011.03,Learning Strategies
148,47-1011.03,Reading Comprehension
148,47-1011.03,Microsoft Excel
148,47-1011.03,Microsoft Office software
148,47-1011.03,Active Listening
148,47-1011.03,Autodesk AutoCAD
148,47-1011.03,Autodesk Revit
148,47-1011.03,Microsoft Project
148,47-1011.03,Critical Thinking
150,51-9083.00,Microsoft Outlook
150,51-9083.00,Microsoft Excel
150,51-9083.00,Monitoring
150,51-9083.00,Critical Thinking
150,51-9083.00,Reading Comprehension
150,51-9083.00,Microsoft Office software
150,51-9083.00,SAP software
151,15-1221.00,Science
151,15-1221.00,Docker
151,15-1221.00,Apache Spark
151,15-1221.00,Writing
151,15-1221.00,GitHub
151,15-1221.00,Go
151,15-1221.00,Monitoring
151,15-1221.00,Apache Hadoop
151,15-1221.00,Active Listening
151,15-1221.00,Mathematics
151,15-1221.00,Speaking
151,15-1221.00,Apache Kafka
151,15-1221.00,Git
151,15-1221.00,C
151,15-1221.00,Reading Comprehension
151,15-1221.00,Critical Thinking
151,15-1221.00,Bash
151,15-1221.00,C++
152,53-3031.00,Microsoft Excel
152,53-3031.00,Speaking
152,53-3031.00,Active Listening
152,53-3031.00,Reading Comprehension
153,47-1011.03,Active Learning
153,47-1011.03,Microsoft Outlook
153,47-1011.03,Learning Strategies
153,47-1011.03,Monitoring
153,47-1011.03,Writing
153,47-1011.03,Autodesk Revit
153,47-1011.03,Microsoft PowerPoint
153,47-1011.03,Microsoft Office software
153,47-1011.03,Critical Thinking
153,47-1011.03,Microsoft Windows
153,47-1011.03,Speaking
153,47-1011.03,Microsoft Visio
153,47-1011.03,Microsoft Word
153,47-1011.03,Autodesk AutoCAD Civil 3D
153,47-1011.03,Mathematics
153,47-1011.03,Microsoft Excel
153,47-1011.03,Oracle Primavera Enterprise Project Portfolio Management
154,53-3031.00,Active Listening
154,53-3031.00,Speaking
154,53-3031.00,Writing
154,53-3031.00,Microsoft Excel
154,53-3031.00,Microsoft Office software
154,53-3031.00,Reading Comprehension
155,51-9083.00,Microsoft Outlook
155,51-9083.00,Monitoring
155,51-9083.00,Microsoft PowerPoint
155,51-9083.00,Microsoft Word
155,51-9083.00,SAP software
158,47-1011.03,Autodesk AutoCAD
158,47-1011.03,Oracle Primavera Enterprise Project Portfolio Management
158,47-1011.03,Microsoft PowerPoint
158,47-1011.03,Critical Thinking
158,47-1011.03,Microsoft Windows
158,47-1011.03,Monitoring
158,47-1011.03,Microsoft Visio
158,47-1011.03,Writing
158,47-1011.03,Microsoft Project
158,47-1011.03,Speaking
158,47-1011.03,Microsoft Excel
158,47-1011.03,Active Learning
158,47-1011.03,Reading Comprehension
158,47-1011.03,Microsoft Word
158,47-1011.03,Autodesk AutoCAD Civil 3D
158,47-1011.03,Microsoft Outlook
159,15-1221.00,Writing
159,15-1221.00,Reading Comprehension
159,15-1221.00,Speaking
159,15-1221.00,Docker
159,15-1221.00,Amazon Web Services AWS software
159,15-1221.00,C
159,15-1221.00,Apache Kafka
159,15-1221.00,Go
159,15-1221.00,Active Learning
159,15-1221.00,GitHub
159,15-1221.00,Bash
159,15-1221.00,Learning Strategies
159,15-1221.00,Critical Thinking
159,15-1221.00,C++
159,15-1221.00,Apache Spark
159,15-1221.00,Monitoring
159,15-1221.00,Apache Hadoop
160,53-3031.00,Speaking
160,53-3031.00,Microsoft Excel
160,53-3031.00,Writing
160,53-3031.00,Critical Thinking
160,53-3031.00,Active Listening
161,15-1221.00,Bash
161,15-1221.00,Go
161,15-1221.00,Active Learning
161,15-1221.00,Learning Strategies
161,15-1221.00,Reading Comprehension
161,15-1221.00,Apache Spark
161,15-1221.00,C
161,15-1221.00,GitHub
161,15-1221.00,Science
161,15-1221.00,Mathematics
161,15-1221.00,Docker
161,15-1221.00,Monitoring
161,15-1221.00,Git
161,15-1221.00,Active Listening
161,15-1221.00,C++
162,27-2041.00,Learning Strategies
162,27-2041.00,Microsoft Excel
162,27-2041.00,Critical Thinking
162,27-2041.00,Active Learning
162,27-2041.00,Microsoft Word
162,27-2041.00,Reading Comprehension
162,27-2041.00,Monitoring
162,27-2041.00,Microsoft PowerPoint
162,27-2041.00,Microsoft Office software
162,27-2041.00,Microsoft Outlook
163,53-3031.00,Microsoft Office software
163,53-3031.00,Writing
163,53-3031.00,Microsoft Excel
163,53-3031.00,Reading Comprehension
163,53-3031.00,Speaking
163,53-3031.00,Active Listening
164,15-1221.00,Git
164,15-1221.00,Apache Kafka
164,15-1221.00,Go
164,15-1221.00,Learning Strategies
164,15-1221.00,Amazon Web Services AWS software
164,15-1221.00,Ansible software
164,15-1221.00,Active Learning
164,15-1221.00,Critical Thinking
164,15-1221.00,Apache Hadoop
164,15-1221.00,Active Listening
164,15-1221.00,Science
164,15-1221.00,Speaking
164,15-1221.00,Reading Comprehension
164,15-1221.00,GitHub
165,43-4051.00,Adobe Creative Cloud software
165,43-4051.00,Facebook
165,43-4051.00,Critical Thinking
165,43-4051.00,Kronos Workforce Timekeeper
165,43-4051.00,Google Docs
165,43-4051.00,Microsoft Excel
165,43-4051.00,Monitoring
165,43-4051.00,Apple macOS
165,43-4051.00,Microsoft Office software
165,43-4051.00,Adobe Photoshop
167,41-4012.00,Adobe Photoshop
167,41-4012.00,Adobe Acrobat
167,41-4012.00,Active Listening
167,41-4012.00,Monitoring
167,41-4012.00,Salesforce software
167,41-4012.00,Reading Comprehension
167,41-4012.00,Autodesk AutoCAD
167,41-4012.00,Adobe Illustrator
167,41-4012.00,Apple macOS
167,41-4012.00,Speaking
169,51-9083.00,Microsoft Outlook
169,51-9083.00,Microsoft Word
169,51-9083.00,Microsoft PowerPoint
169,51-9083.00,Critical Thinking
169,51-9083.00,Reading Comprehension
169,51-9083.00,Monitoring
169,51-9083.00,Microsoft Excel
169,51-9083.00,SAP software
170,51-9195.05,Microsoft Excel
170,51-9195.05,Microsoft Outlook
170,51-9195.05,Monitoring
170,51-9195.05,Active Listening
171,15-1221.00,C++
171,15-1221.00,Speaking
171,15-1221.00,Git
171,15-1221.00,Docker
171,15-1221.00,Mathematics
171,15-1221.00,Ansible software
171,15-1221.00,Apache Spark
171,15-1221.00,Reading Comprehension
171,15-1221.00,Writing
171,15-1221.00,C
171,15-1221.00,Amazon Web Services AWS software
171,15-1221.00,Learning Strategies
171,15-1221.00,Apache Kafka
171,15-1221.00,Active Listening
171,15-1221.00,Critical Thinking
174,53-3031.00,Writing
174,53-3031.00,Speaking
174,53-3031.00,Reading Comprehension
174,53-3031.00,Critical Thinking
174,53-3031.00,Active Listening
174,53-3031.00,Microsoft Excel
175,53-3031.00,Writing
175,53-3031.00,Microsoft Excel
175,53-3031.00,Microsoft Office software
175,53-3031.00,Critical Thinking
175,53-3031.00,Active Listening
175,53-3031.00,Speaking
176,53-3031.00,Critical Thinking
176,53-3031.00,Microsoft Office software
176,53-3031.00,Speaking
177,43-4161.00,Active Learning
177,43-4161.00,Speaking
177,43-4161.00,Reading Comprehension
177,43-4161.00,Monitoring
177,43-4161.00,Microsoft Visio
177,43-4161.00,Oracle PeopleSoft
177,43-4161.00,Active Listening
177,43-4161.00,Microsoft Excel
177,43-4161.00,Microsoft Word
177,43-4161.00,Critical Thinking
178,51-9195.05,Monitoring
178,51-9195.05,Critical Thinking
178,51-9195.05,Microsoft Excel
178,51-9195.05,Active Listening
179,51-9195.05,Active Listening
179,51-9195.05,Critical Thinking
179,51-9195.05,Microsoft Outlook
182,53-3031.00,Reading Comprehension
182,53-3031.00,Microsoft Office software
182,53-3031.00,Active Listening
182,53-3031.00,Critical Thinking
182,53-3031.00,Writing
183,53-3031.00,Speaking
183,53-3031.00,Writing
183,53-3031.00,Active Listening
183,53-3031.00,Microsoft Office software
184,43-4161.00,Oracle PeopleSoft
184,43-4161.00,Applicant tracking software
184,43-4161.00,Microsoft Outlook
184,43-4161.00,Microsoft Word
184,43-4161.00,Microsoft Visio
184,43-4161.00,Microsoft SharePoint
184,43-4161.00,Microsoft PowerPoint
184,43-4161.00,Microsoft Excel
184,43-4161.00,Reading Comprehension
184,43-4161.00,Monitoring
184,43-4161.00,Critical Thinking
184,43-4161.00,Active Listening
184,43-4161.00,Microsoft Access
184,43-4161.00,Speaking
184,43-4161.00,Writing
184,43-4161.00,Microsoft Office software
190,51-9083.00,Critical Thinking
190,51-9083.00,Microsoft Outlook
190,51-9083.00,Microsoft PowerPoint
190,51-9083.00,Microsoft Excel
190,51-9083.00,Microsoft Office software
190,51-9083.00,Microsoft Word
192,15-1221.00,Speaking
192,15-1221.00,Writing
192,15-1221.00,Amazon Web Services AWS software
192,15-1221.00,Apache Hadoop
192,15-1221.00,GitHub
192,15-1221.00,Reading Comprehension
192,15-1221.00,Apache Kafka
192,15-1221.00,Mathematics
192,15-1221.00,Bash
192,15-1221.00,Active Listening
192,15-1221.00,Docker
192,15-1221.00,C
192,15-1221.00,Apache Spark
192,15-1221.00,Monitoring
193,15-1221.00,Active Learning
193,15-1221.00,Learning Strategies
193,15-1221.00,Speaking
193,15-1221.00,C
193,15-1221.00,Science
193,15-1221.00,C++
193,15-1221.00,Monitoring
193,15-1221.00,Reading Comprehension
193,15-1221.00,Apache Hadoop
193,15-1221.00,Git
193,15-1221.00,Ansible software
193,15-1221.00,Bash
193,15-1221.00,Apache Kafka
193,15-1221.00,Docker
193,15-1221.00,Go
193,15-1221.00,Apache Spark
193,15-1221.00,Writing
194,15-1221.00,Monitoring
194,15-1221.00,C
194,15-1221.00,Docker
194,15-1221.00,Apache Spark
194,15-1221.00,Git
194,15-1221.00,GitHub
194,15-1221.00,Writing
194,15-1221.00,Ansible software
194,15-1221.00,Speaking
194,15-1221.00,Bash
195,53-3031.00,Writing
195,53-3031.00,Reading Comprehension
195,53-3031.00,Active Listening
195,53-3031.00,Microsoft Excel
195,53-3031.00,Microsoft Office software
197,15-1221.00,Science
197,15-1221.00,Ansible software
197,15-1221.00,C
197,15-1221.00,Git
197,15-1221.00,Active Learning
197,15-1221.00,C++
197,15-1221.00,Learning Strategies
197,15-1221.00,Apache Spark
197,15-1221.00,Mathematics
197,15-1221.00,Apache Hadoop
197,15-1221.00,GitHub
197,15-1221.00,Apache Kafka
197,15-1221.00,Bash
197,15-1221.00,Docker
197,15-1221.00,Critical Thinking
197,15-1221.00,Go
197,15-1221.00,Speaking
197,15-1221.00,Amazon Web Services AWS software
198,51-9083.00,Microsoft Word
198,51-9083.00,Microsoft Outlook
198,51-9083.00,Microsoft Office software
198,51-9083.00,Monitoring
198,51-9083.00,Critical Thinking
198,51-9083.00,Microsoft PowerPoint
199,47-1011.03,Speaking
199,47-1011.03,Active Listening
199,47-1011.03,Microsoft PowerPoint
199,47-1011.03,Microsoft Outlook
199,47-1011.03,Microsoft Windows
199,47-1011.03,Mathematics
199,47-1011.03,Oracle Primavera Enterprise Project Portfolio Management
199,47-1011.03,Active Learning
199,47-1011.03,Learning Strategies
199,47-1011.03,Microsoft Excel
200,51-9083.00,Microsoft Office software
200,51-9083.00,Critical Thinking
200,51-9083.00,Microsoft PowerPoint
200,51-9083.00,Microsoft Excel
200,51-9083.00,Reading Comprehension
200,51-9083.00,Microsoft Outlook
200,51-9083.00,SAP software
201,51-9083.00,Monitoring
201,51-9083.00,Microsoft Office software
201,51-9083.00,Critical Thinking
201,51-9083.00,Microsoft Excel
202,15-1221.00,Active Listening
202,15-1221.00,C++
202,15-1221.00,Learning Strategies
202,15-1221.00,C
202,15-1221.00,Monitoring
202,15-1221.00,Science
202,15-1221.00,Mathematics
202,15-1221.00,Speaking
202,15-1221.00,GitHub
202,15-1221.00,Active Learning
204,53-3031.00,Microsoft Office software
204,53-3031.00,Active Listening
204,53-3031.00,Writing
204,53-3031.00,Reading Comprehension
204,53-3031.00,Microsoft Excel
205,41-4012.00,Writing
205,41-4012.00,Active Learning
205,41-4012.00,Critical Thinking
205,41-4012.00,Microsoft Office software
205,41-4012.00,Adobe InDesign
205,41-4012.00,Adobe Illustrator
205,41-4012.00,Speaking
205,41-4012.00,Salesforce software
205,41-4012.00,Autodesk AutoCAD
206,51-9083.00,Critical Thinking
206,51-9083.00,Microsoft Outlook
206,51-9083.00,Microsoft PowerPoint
206,51-9083.00,SAP software
206,51-9083.00,Monitoring
206,51-9083.00,Microsoft Office software
206,51-9083.00,Microsoft Excel
206,51-9083.00,Microsoft Word
207,53-3031.00,Reading Comprehension
207,53-3031.00,Active Listening
207,53-3031.00,Writing
207,53-3031.00,Microsoft Excel
207,53-3031.00,Critical Thinking
207,53-3031.00,Microsoft Office software
208,51-9195.05,Microsoft Excel
208,51-9195.05,Active Listening
211,51-9195.05,Critical Thinking
211,51-9195.05,Active Listening
211,51-9195.05,Monitoring
211,51-9195.05,Microsoft Outlook
214,15-1221.00,Bash
214,15-1221.00,Critical Thinking
214,15-1221.00,Mathematics
214,15-1221.00,Apache Kafka
214,15-1221.00,Monitoring
214,15-1221.00,Amazon Web Services AWS software
214,15-1221.00,Active Listening
214,15-1221.00,Ansible software
214,15-1221.00,Active Learning
214,15-1221.00,Go
214,15-1221.00,GitHub
215,53-3031.00,Active Listening
215,53-3031.00,Microsoft Excel
215,53-3031.00,Microsoft Office software
215,53-3031.00,Critical Thinking
216,41-4012.00,Microsoft PowerPoint
216,41-4012.00,Microsoft Office software
216,41-4012.00,Adobe Creative Cloud software
216,41-4012.00,Adobe Illustrator
216,41-4012.00,Microsoft Outlook
216,41-4012.00,Apple macOS
216,41-4012.00,Reading Comprehension
216,41-4012.00,Monitoring
216,41-4012.00,Active Learning
216,41-4012.00,Salesforce software
217,15-1221.00,Git
217,15-1221.00,C++
217,15-1221.00,Critical Thinking
217,15-1221.00,Monitoring
217,15-1221.00,Go
217,15-1221.00,Writing
217,15-1221.00,Learning Strategies
217,15-1221.00,Apache Spark
217,15-1221.00,Science
217,15-1221.00,C
217,15-1221.00,Reading Comprehension
217,15-1221.00,Apache Hadoop
217,15-1221.00,Mathematics
218,15-1221.00,Speaking
218,15-1221.00,Science
218,15-1221.00,Active Listening
218,15-1221.00,Git
218,15-1221.00,Apache Spark
218,15-1221.00,Ansible software
218,15-1221.00,Reading Comprehension
218,15-1221.00,Writing
218,15-1221.00,Amazon Web Services AWS software
218,15-1221.00,Go
218,15-1221.00,C
218,15-1221.00,Active Learning
218,15-1221.00,GitHub
218,15-1221.00,Apache Kafka
221,15-1221.00,Active Listening
221,15-1221.00,Learning Strategies
221,15-1221.00,Docker
221,15-1221.00,Science
221,15-1221.00,Writing
221,15-1221.00,Go
221,15-1221.00,Apache Spark
221,15-1221.00,Bash
221,15-1221.00,Active Learning
221,15-1221.00,Apache Kafka
221,15-1221.00,Ansible software
221,15-1221.00,Critical Thinking
221,15-1221.00,C
221,15-1221.00,Apache Hadoop
223,43-4051.00,Microsoft Excel
223,43-4051.00,Apple macOS
223,43-4051.00,Adobe Acrobat
223,43-4051.00,Active Listening
223,43-4051.00,Monitoring
223,43-4051.00,Microsoft Office software
223,43-4051.00,Microsoft Outlook
223,43-4051.00,Adobe Illustrator
223,43-4051.00,Kronos Workforce Timekeeper
223,43-4051.00,Writing
223,43-4051.00,Adobe Photoshop
224,15-1221.00,Docker
224,15-1221.00,Ansible software
224,15-1221.00,Reading Comprehension
224,15-1221.00,Go
224,15-1221.00,GitHub
224,15-1221.00,Amazon Web Services AWS software
224,15-1221.00,Critical Thinking
224,15-1221.00,Apache Hadoop
224,15-1221.00,Monitoring
224,15-1221.00,Apache Spark
224,15-1221.00,Apache Kafka
224,15-1221.00,Speaking
224,15-1221.00,Bash
224,15-1221.00,Active Listening
224,15-1221.00,Writing
224,15-1221.00,Mathematics
226,47-1011.03,Writing
226,47-1011.03,Mathematics
226,47-1011.03,Microsoft Visio
226,47-1011.03,Autodesk AutoCAD
226,47-1011.03,Microsoft Excel
226,47-1011.03,Monitoring
226,47-1011.03,Critical Thinking
226,47-1011.03,Microsoft Word
226,47-1011.03,Active Listening
226,47-1011.03,Microsoft Project
226,47-1011.03,Autodesk Revit
226,47-1011.03,Learning Strategies
227,15-1221.00,Ansible software
227,15-1221.00,GitHub
227,15-1221.00,Apache Spark
227,15-1221.00,C++
227,15-1221.00,Critical Thinking
227,15-1221.00,C
227,15-1221.00,Mathematics
227,15-1221.00,Writing
227,15-1221.00,Go
227,15-1221.00,Reading Comprehension
227,15-1221.00,Amazon Web Services AWS software
227,15-1221.00,Active Listening
227,15-1221.00,Speaking
228,53-3031.00,Speaking
228,53-3031.00,Reading Comprehension
228,53-3031.00,Critical Thinking
228,53-3031.00,Microsoft Excel
228,53-3031.00,Writing
228,53-3031.00,Active Listening
230,53-3031.00,Writing
230,53-3031.00,Critical Thinking
230,53-3031.00,Microsoft Office software
230,53-3031.00,Reading Comprehension
230,53-3031.00,Speaking
230,53-3031.00,Microsoft Excel
231,15-1221.00,Writing
231,15-1221.00,Amazon Web Services AWS software
231,15-1221.00,Monitoring
231,15-1221.00,Science
231,15-1221.00,Bash
231,15-1221.00,Apache Kafka
231,15-1221.00,GitHub
231,15-1221.00,Go
231,15-1221.00,Learning Strategies
231,15-1221.00,C++
231,15-1221.00,Apache Spark
231,15-1221.00,Mathematics
231,15-1221.00,Active Listening
231,15-1221.00,Git
233,15-1221.00,Monitoring
233,15-1221.00,Apache Kafka
233,15-1221.00,Git
233,15-1221.00,Ansible software
233,15-1221.00,Active Listening
233,15-1221.00,Speaking
233,15-1221.00,C
233,15-1221.00,Writing
233,15-1221.00,Science
233,15-1221.00,Amazon Web Services AWS software
233,15-1221.00,Critical Thinking
233,15-1221.00,Learning Strategies
235,41-4012.00,Autodesk AutoCAD
235,41-4012.00,Adobe Acrobat
235,41-4012.00,Adobe InDesign
235,41-4012.00,Monitoring
235,41-4012.00,Adobe Photoshop
235,41-4012.00,Salesforce software
235,41-4012.00,Writing
235,41-4012.00,Adobe Illustrator
235,41-4012.00,Reading Comprehension
235,41-4012.00,Microsoft Office software
238,51-9083.00,Critical Thinking
238,51-9083.00,Microsoft Outlook
238,51-9083.00,Reading Comprehension
238,51-9083.00,Microsoft Excel
238,51-9083.00,SAP software
238,51-9083.00,Monitoring
238,51-9083.00,Microsoft PowerPoint
238,51-9083.00,Microsoft Word
239,51-9083.00,SAP software
239,51-9083.00,Microsoft Office software
239,51-9083.00,Reading Comprehension
239,51-9083.00,Microsoft Word
239,51-9083.00,Microsoft Outlook
240,53-3031.00,Critical Thinking
240,53-3031.00,Writing
240,53-3031.00,Reading Comprehension
240,53-3031.00,Microsoft Excel
241,15-1221.00,Science
241,15-1221.00,Ansible software
241,15-1221.00,Apache Hadoop
241,15-1221.00,Speaking
241,15-1221.00,Bash
241,15-1221.00,Reading Comprehension
241,15-1221.00,Mathematics
241,15-1221.00,Learning Strategies
241,15-1221.00,C
241,15-1221.00,Go
241,15-1221.00,Monitoring
241,15-1221.00,Amazon Web Services AWS software
241,15-1221.00,GitHub
241,15-1221.00,Git
241,15-1221.00,Critical Thinking
241,15-1221.00,Apache Kafka
242,15-1221.00,Learning Strategies
242,15-1221.00,Monitoring
242,15-1221.00,Active Listening
242,15-1221.00,GitHub
242,15-1221.00,Speaking
242,15-1221.00,Critical Thinking
242,15-1221.00,C
242,15-1221.00,Mathematics
242,15-1221.00,Go
242,15-1221.00,Reading Comprehension
242,15-1221.00,Git
243,51-9083.00,Microsoft Office software
243,51-9083.00,Microsoft PowerPoint
243,51-9083.00,Reading Comprehension
243,51-9083.00,Critical Thinking
243,51-9083.00,Microsoft Excel
244,53-3031.00,Microsoft Excel
244,53-3031.00,Speaking
244,53-3031.00,Active Listening
244,53-3031.00,Microsoft Office software
245,51-9083.00,Microsoft Word
245,51-9083.00,Microsoft PowerPoint
245,51-9083.00,Microsoft Excel
245,51-9083.00,Microsoft Office software
245,51-9083.00,Monitoring
246,15-1221.00,Learning Strategies
246,15-1221.00,C++
246,15-1221.00,GitHub
246,15-1221.00,Reading Comprehension
246,15-1221.00,Active Listening
246,15-1221.00,Ansible software
246,15-1221.00,Amazon Web Services AWS software
246,15-1221.00,Mathematics
246,15-1221.00,Bash
246,15-1221.00,Apache Hadoop
247,15-1221.00,Ansible software
247,15-1221.00,Learning Strategies
247,15-1221.00,Science
247,15-1221.00,Monitoring
247,15-1221.00,Go
247,15-1221.00,Mathematics
247,15-1221.00,Active Listening
247,15-1221.00,Docker
247,15-1221.00,Speaking
247,15-1221.00,Active Learning
247,15-1221.00,C
247,15-1221.00,Git
247,15-1221.00,Amazon Web Services AWS software
247,15-1221.00,Apache Spark
247,15-1221.00,C++
248,41-4012.00,Active Listening
248,41-4012.00,Microsoft Office software
248,41-4012.00,Autodesk AutoCAD
248,41-4012.00,Monitoring
248,41-4012.00,Adobe Creative Cloud software
248,41-4012.00,Critical Thinking
248,41-4012.00,Adobe Illustrator
248,41-4012.00,Speaking
248,41-4012.00,Adobe InDesign
248,41-4012.00,Active Learning
248,41-4012.00,Adobe Acrobat
248,41-4012.00,Reading Comprehension
248,41-4012.00,Microsoft Outlook
248,41-4012.00,Microsoft PowerPoint
249,51-9083.00,Microsoft Office software
249,51-9083.00,Microsoft Outlook
249,51-9083.00,Microsoft Excel
249,51-9083.00,SAP software
249,51-9083.00,Microsoft Word
250,51-9195.05,Active Listening
250,51-9195.05,Critical Thinking
250,51-9195.05,Microsoft Excel
252,15-1221.00,Amazon Web Services AWS software
252,15-1221.00,Go
252,15-1221.00,Active Learning
252,15-1221.00,Learning Strategies
252,15-1221.00,Monitoring
252,15-1221.00,C++
252,15-1221.00,Mathematics
252,15-1221.00,Apache Hadoop
252,15-1221.00,C
252,15-1221.00,Science
252,15-1221.00,Git
252,15-1221.00,Active Listening
252,15-1221.00,Bash
252,15-1221.00,Reading Comprehension
252,15-1221.00,Docker
252,15-1221.00,Writing
253,47-1011.03,Microsoft Windows
253,47-1011.03,Active Learning
253,47-1011.03,Microsoft Visio
253,47-1011.03,Autodesk AutoCAD
253,47-1011.03,Writing
253,47-1011.03,Reading Comprehension
253,47-1011.03,Mathematics
253,47-1011.03,Monitoring
253,47-1011.03,Speaking
253,47-1011.03,Autodesk AutoCAD Civil 3D
253,47-1011.03,Microsoft Office software
253,47-1011.03,Active Listening
253,47-1011.03,Microsoft Excel
253,47-1011.03,Critical Thinking
253,47-1011.03,Microsoft Outlook
253,47-1011.03,Autodesk Revit
253,47-1011.03,Oracle Primavera Enterprise Project Portfolio Management
254,27-2041.00,Active Learning
254,27-2041.00,Active Listening
254,27-2041.00,Writing
254,27-2041.00,Microsoft PowerPoint
254,27-2041.00,Microsoft Office software
254,27-2041.00,Microsoft Excel
254,27-2041.00,Speaking
254,27-2041.00,Critical Thinking
254,27-2041.00,Reading Comprehension
254,27-2041.00,Monitoring
256,51-9195.05,Microsoft Excel
256,51-9195.05,Microsoft Outlook
256,51-9195.05,Critical Thinking
258,43-4051.00,Adobe Photoshop
258,43-4051.00,Google Docs
258,43-4051.00,Facebook
258,43-4051.00,Writing
258,43-4051.00,Active Listening
258,43-4051.00,Monitoring
258,43-4051.00,Kronos Workforce Timekeeper
258,43-4051.00,Intuit QuickBooks
258,43-4051.00,Microsoft Excel
258,43-4051.00,Adobe Creative Cloud software
258,43-4051.00,Apple macOS
258,43-4051.00,Adobe Acrobat
258,43-4051.00,Microsoft Outlook
258,43-4051.00,Adobe Illustrator
258,43-4051.00,Speaking
259,47-1011.03,Microsoft PowerPoint
259,47-1011.03,Autodesk AutoCAD Civil 3D
259,47-1011.03,Oracle Primavera Enterprise Project Portfolio Management
259,47-1011.03,Microsoft Visio
259,47-1011.03,Monitoring
259,47-1011.03,Critical Thinking
259,47-1011.03,Microsoft Office software
259,47-1011.03,Active Listening
259,47-1011.03,Autodesk AutoCAD
259,47-1011.03,Mathematics
259,47-1011.03,Microsoft Project
259,47-1011.03,Microsoft Outlook
259,47-1011.03,Learning Strategies
259,47-1011.03,Speaking
259,47-1011.03,Autodesk Revit
259,47-1011.03,Microsoft Word
260,15-1221.00,Apache Spark
260,15-1221.00,Bash
260,15-1221.00,Speaking
260,15-1221.00,Git
260,15-1221.00,Ansible software
260,15-1221.00,GitHub
260,15-1221.00,Apache Kafka
260,15-1221.00,C++
260,15-1221.00,Active Listening
260,15-1221.00,Monitoring
260,15-1221.00,Mathematics
260,15-1221.00,Apache Hadoop
260,15-1221.00,Go
260,15-1221.00,Learning Strategies
260,15-1221.00,Writing
261,51-9195.05,Microsoft Outlook
261,51-9195.05,Monitoring
261,51-9195.05,Microsoft Excel
262,15-1221.00,Amazon Web Services AWS software
262,15-1221.00,Apache Hadoop
262,15-1221.00,C
262,15-1221.00,Go
262,15-1221.00,GitHub
262,15-1221.00,C++
262,15-1221.00,Bash
262,15-1221.00,Active Learning
262,15-1221.00,Apache Spark
262,15-1221.00,Apache Kafka
262,15-1221.00,Learning Strategies
262,15-1221.00,Speaking
262,15-1221.00,Writing
262,15-1221.00,Docker
264,47-1011.03,Autodesk Revit
264,47-1011.03,Active Listening
264,47-1011.03,Microsoft Outlook
264,47-1011.03,Autodesk AutoCAD Civil 3D
264,47-1011.03,Oracle Primavera Enterprise Project Portfolio Management
264,47-1011.03,Autodesk AutoCAD
264,47-1011.03,Microsoft Visio
264,47-1011.03,Microsoft Office software
264,47-1011.03,Learning Strategies
264,47-1011.03,Mathematics
264,47-1011.03,Microsoft Project
264,47-1011.03,Active Learning
264,47-1011.03,Writing
264,47-1011.03,Critical Thinking
264,47-1011.03,Speaking
264,47-1011.03,Microsoft Windows
264,47-1011.03,Reading Comprehension
264,47-1011.03,Monitoring
267,15-1221.00,Learning Strategies
267,15-1221.00,Bash
267,15-1221.00,Apache Hadoop
267,15-1221.00,GitHub
267,15-1221.00,C
267,15-1221.00,Mathematics
267,15-1221.00,Monitoring
267,15-1221.00,Git
267,15-1221.00,Apache Kafka
267,15-1221.00,Go
267,15-1221.00,C++
267,15-1221.00,Ansible software
269,51-9083.00,Microsoft Word
269,51-9083.00,Reading Comprehension
269,51-9083.00,Microsoft Office software
269,51-9083.00,Microsoft Outlook
269,51-9083.00,Microsoft PowerPoint
269,51-9083.00,SAP software
269,51-9083.00,Critical Thinking
269,51-9083.00,Microsoft Excel
270,51-9195.05,Critical Thinking
270,51-9195.05,Microsoft Outlook
270,51-9195.05,Microsoft Excel
271,51-9195.05,Microsoft Excel
271,51-9195.05,Monitoring
271,51-9195.05,Microsoft Outlook
271,51-9195.05,Active Listening
273,51-9195.05,Active Listening
273,51-9195.05,Monitoring
273,51-9195.05,Critical Thinking
274,51-9195.05,Microsoft Outlook
274,51-9195.05,Monitoring
274,51-9195.05,Microsoft Excel
275,51-9195.05,Critical Thinking
275,51-9195.05,Microsoft Outlook
275,51-9195.05,Active Listening
277,15-1221.00,Mathematics
277,15-1221.00,Go
277,15-1221.00,Reading Comprehension
277,15-1221.00,Monitoring
277,15-1221.00,Critical Thinking
277,15-1221.00,Apache Spark
277,15-1221.00,Apache Hadoop
277,15-1221.00,Bash
277,15-1221.00,Writing
277,15-1221.00,Docker
277,15-1221.00,Active Learning
277,15-1221.00,C
277,15-1221.00,Science
277,15-1221.00,GitHub
281,51-9083.00,SAP software
281,51-9083.00,Microsoft Excel
281,51-9083.00,Critical Thinking
281,51-9083.00,Microsoft Office software
281,51-9083.00,Monitoring
281,51-9083.00,Reading Comprehension
282,43-4051.00,Adobe Illustrator
282,43-4051.00,Microsoft Outlook
282,43-4051.00,Microsoft Office software
282,43-4051.00,Microsoft Excel
282,43-4051.00,Adobe Photoshop
282,43-4051.00,Monitoring
282,43-4051.00,Critical Thinking
282,43-4051.00,Kronos Workforce Timekeeper
283,53-3031.00,Microsoft Excel
283,53-3031.00,Speaking
283,53-3031.00,Microsoft Office software
283,53-3031.00,Critical Thinking
283,53-3031.00,Writing
283,53-3031.00,Reading Comprehension
284,15-1221.00,Active Listening
284,15-1221.00,Docker
284,15-1221.00,Apache Spark
284,15-1221.00,Reading Comprehension
284,15-1221.00,Speaking
284,15-1221.00,Ansible software
284,15-1221.00,Learning Strategies
284,15-1221.00,GitHub
284,15-1221.00,Active Learning
284,15-1221.00,Monitoring
286,51-9083.00,Microsoft Outlook
286,51-9083.00,Microsoft Office software
286,51-9083.00,Microsoft Excel
286,51-9083.00,SAP software
286,51-9083.00,Critical Thinking
286,51-9083.00,Reading Comprehension
287,43-4051.00,Reading Comprehension
287,43-4051.00,Speaking
287,43-4051.00,Adobe Acrobat
287,43-4051.00,Adobe Photoshop
287,43-4051.00,Kronos Workforce Timekeeper
287,43-4051.00,Intuit QuickBooks
287,43-4051.00,Apple macOS
287,43-4051.00,Microsoft Excel
287,43-4051.00,Google Docs
287,43-4051.00,Adobe Creative Cloud software
287,43-4051.00,Active Listening
288,43-4051.00,Monitoring
288,43-4051.00,Microsoft Office software
288,43-4051.00,Facebook
288,43-4051.00,Microsoft Excel
288,43-4051.00,Kronos Workforce Timekeeper
288,43-4051.00,Intuit QuickBooks
288,43-4051.00,Writing
288,43-4051.00,Reading Comprehension
288,43-4051.00,Adobe Acrobat
288,43-4051.00,Microsoft Outlook
288,43-4051.00,Adobe Creative Cloud software
288,43-4051.00,Speaking
288,43-4051.00,Active Listening
288,43-4051.00,Adobe Illustrator
288,43-4051.00,Adobe Photoshop
291,53-3031.00,Active Listening
291,53-3031.00,Writing
291,53-3031.00,Reading Comprehension
291,53-3031.00,Speaking
291,53-3031.00,Microsoft Excel
292,51-9195.05,Critical Thinking
292,51-9195.05,Microsoft Outlook
292,51-9195.05,Monitoring
293,53-3031.00,Microsoft Excel
293,53-3031.00,Microsoft Office software
293,53-3031.00,Writing
293,53-3031.00,Active Listening
293,53-3031.00,Reading Comprehension
296,27-2041.00,Microsoft PowerPoint
296,27-2041.00,Microsoft Office software
296,27-2041.00,Microsoft Word
296,27-2041.00,Active Learning
296,27-2041.00,Learning Strategies
296,27-2041.00,Critical Thinking
296,27-2041.00,Active Listening
296,27-2041.00,Speaking
296,27-2041.00,Microsoft Excel
297,15-1221.00,Amazon Web Services AWS software
297,15-1221.00,Active Learning
297,15-1221.00,Science
297,15-1221.00,Speaking
297,15-1221.00,Go
297,15-1221.00,Mathematics
297,15-1221.00,C++
297,15-1221.00,Active Listening
297,15-1221.00,Docker
297,15-1221.00,Ansible software
297,15-1221.00,C
298,47-1011.03,Microsoft Visio
298,47-1011.03,Microsoft Office software
298,47-1011.03,Oracle Primavera Enterprise Project Portfolio Management
298,47-1011.03,Autodesk AutoCAD
298,47-1011.03,Critical Thinking
298,47-1011.03,Microsoft Windows
298,47-1011.03,Speaking
298,47-1011.03,Microsoft Outlook
298,47-1011.03,Microsoft Word
298,47-1011.03,Reading Comprehension
298,47-1011.03,Monitoring
298,47-1011.03,Microsoft Project
298,47-1011.03,Active Listening
298,47-1011.03,Autodesk Revit
298,47-1011.03,Learning Strategies
298,47-1011.03,Autodesk AutoCAD Civil 3D
298,47-1011.03,Microsoft PowerPoint
299,53-3031.00,Microsoft Office software
299,53-3031.00,Critical Thinking
299,53-3031.00,Speaking
300,15-1221.00,Apache Hadoop
300,15-1221.00,Apache Kafka
300,15-1221.00,Amazon Web Services AWS software
300,15-1221.00,Git
300,15-1221.00,Monitoring
300,15-1221.00,Go
300,15-1221.00,Reading Comprehension
300,15-1221.00,Science
300,15-1221.00,Critical Thinking
300,15-1221.00,Ansible software
300,15-1221.00,Learning Strategies
300,15-1221.00,Mathematics
300,15-1221.00,Writing
300,15-1221.00,C
300,15-1221.00,Bash
300,15-1221.00,Speaking
300,15-1221.00,Active Learning
302,53-3031.00,Active Listening
302,53-3031.00,Critical Thinking
302,53-3031.00,Speaking
302,53-3031.00,Microsoft Excel
302,53-3031.00,Reading Comprehension
302,53-3031.00,Microsoft Office software
303,53-3031.00,Writing
303,53-3031.00,Microsoft Excel
303,53-3031.00,Active Listening
303,53-3031.00,Critical Thinking
303,53-3031.00,Reading Comprehension
303,53-3031.00,Microsoft Office software
304,51-9083.00,Microsoft PowerPoint
304,51-9083.00,Microsoft Word
304,51-9083.00,Microsoft Office software
304,51-9083.00,Reading Comprehension
304,51-9083.00,Microsoft Excel
304,51-9083.00,Microsoft Outlook
304,51-9083.00,Critical Thinking
304,51-9083.00,SAP software
305,15-1221.00,Apache Kafka
305,15-1221.00,Git
305,15-1221.00,Learning Strategies
305,15-1221.00,Apache Hadoop
305,15-1221.00,GitHub
305,15-1221.00,Amazon Web Services AWS software
305,15-1221.00,Bash
305,15-1221.00,Mathematics
305,15-1221.00,Active Listening
305,15-1221.00,Monitoring
305,15-1221.00,Docker
305,15-1221.00,C
305,15-1221.00,Critical Thinking
305,15-1221.00,Writing
305,15-1221.00,C++
305,15-1221.00,Speaking
305,15-1221.00,Science
305,15-1221.00,Ansible software
306,27-2041.00,Monitoring
306,27-2041.00,Microsoft Word
306,27-2041.00,Microsoft Outlook
306,27-2041.00,Reading Comprehension
306,27-2041.00,Speaking
306,27-2041.00,Writing
306,27-2041.00,Microsoft Excel
307,53-3031.00,Speaking
307,53-3031.00,Active Listening
307,53-3031.00,Microsoft Excel
307,53-3031.00,Critical Thinking
307,53-3031.00,Reading Comprehension
307,53-3031.00,Microsoft Office software
308,51-9195.05,Microsoft Outlook
308,51-9195.05,Critical Thinking
308,51-9195.05,Active Listening
309,15-1221.00,Git
309,15-1221.00,Critical Thinking
309,15-1221.00,Amazon Web Services AWS software
309,15-1221.00,Bash
309,15-1221.00,C
309,15-1221.00,Learning Strategies
309,15-1221.00,Apache Kafka
309,15-1221.00,Ansible software
309,15-1221.00,Apache Spark
309,15-1221.00,GitHub
309,15-1221.00,Mathematics
311,41-4012.00,Speaking
311,41-4012.00,Adobe Creative Cloud software
311,41-4012.00,Apple macOS
311,41-4012.00,Active Listening
311,41-4012.00,Adobe Photoshop
311,41-4012.00,Salesforce software
311,41-4012.00,Monitoring
311,41-4012.00,Microsoft Outlook
311,41-4012.00,Writing
311,41-4012.00,Autodesk AutoCAD
312,53-3031.00,Microsoft Office software
312,53-3031.00,Speaking
312,53-3031.00,Critical Thinking
312,53-3031.00,Writing
314,53-3031.00,Active Listening
314,53-3031.00,Reading Comprehension
314,53-3031.00,Microsoft Office software
314,53-3031.00,Speaking
315,15-1221.00,Go
315,15-1221.00,Reading Comprehension
315,15-1221.00,Science
315,15-1221.00,Apache Kafka
315,15-1221.00,Apache Hadoop
315,15-1221.00,GitHub
315,15-1221.00,Active Learning
315,15-1221.00,Amazon Web Services AWS software
315,15-1221.00,Ansible software
315,15-1221.00,Docker
315,15-1221.00,Monitoring
315,15-1221.00,C++
315,15-1221.00,Critical Thinking
315,15-1221.00,Active Listening
315,15-1221.00,Apache Spark
315,15-1221.00,Git
315,15-1221.00,Bash
315,15-1221.00,C
315,15-1221.00,Writing
316,51-9083.00,Microsoft Office software
316,51-9083.00,Microsoft Word
316,51-9083.00,Microsoft Outlook
316,51-9083.00,SAP software
319,47-1011.03,Autodesk AutoCAD
319,47-1011.03,Reading Comprehension
319,47-1011.03,Active Learning
319,47-1011.03,Microsoft Excel
319,47-1011.03,Autodesk AutoCAD Civil 3D
319,47-1011.03,Oracle Primavera Enterprise Project Portfolio Management
319,47-1011.03,Microsoft Project
319,47-1011.03,Microsoft Outlook
319,47-1011.03,Learning Strategies
319,47-1011.03,Speaking
321,43-4161.00,Microsoft Office software
321,43-4161.00,Microsoft Excel
321,43-4161.00,Monitoring
321,43-4161.00,Critical Thinking
321,43-4161.00,Oracle PeopleSoft
321,43-4161.00,Writing
321,43-4161.00,Speaking
321,43-4161.00,Microsoft Visio
321,43-4161.00,Microsoft SharePoint
321,43-4161.00,Google Docs
321,43-4161.00,Active Learning
321,43-4161.00,Reading Comprehension
321,43-4161.00,Microsoft Word
321,43-4161.00,Applicant tracking software
321,43-4161.00,Microsoft Outlook
323,47-1011.03,Microsoft Project
323,47-1011.03,Microsoft PowerPoint
323,47-1011.03,Active Listening
323,47-1011.03,Microsoft Windows
323,47-1011.03,Critical Thinking
323,47-1011.03,Speaking
323,47-1011.03,Microsoft Word
323,47-1011.03,Microsoft Visio
323,47-1011.03,Learning Strategies
323,47-1011.03,Writing
323,47-1011.03,Mathematics
323,47-1011.03,Autodesk Revit
323,47-1011.03,Autodesk AutoCAD
323,47-1011.03,Microsoft Excel
323,47-1011.03,Active Learning
323,47-1011.03,Monitoring
325,51-9083.00,Microsoft Word
325,51-9083.00,Reading Comprehension
325,51-9083.00,Monitoring
325,51-9083.00,Microsoft Excel
325,51-9083.00,SAP software
327,47-1011.03,Learning Strategies
327,47-1011.03,Monitoring
327,47-1011.03,Microsoft Outlook
327,47-1011.03,Microsoft Windows
327,47-1011.03,Critical Thinking
327,47-1011.03,Microsoft Word
327,47-1011.03,Autodesk AutoCAD Civil 3D
327,47-1011.03,Microsoft PowerPoint
327,47-1011.03,Mathematics
327,47-1011.03,Microsoft Office software
327,47-1011.03,Active Listening
327,47-1011.03,Oracle Primavera Enterprise Project Portfolio Management
328,51-9083.00,SAP software
328,51-9083.00,Microsoft Outlook
328,51-9083.00,Microsoft Excel
328,51-9083.00,Microsoft PowerPoint
329,47-1011.03,Microsoft Office software
329,47-1011.03,Microsoft Windows
329,47-1011.03,Learning Strategies
329,47-1011.03,Microsoft Project
329,47-1011.03,Monitoring
329,47-1011.03,Autodesk Revit
329,47-1011.03,Active Listening
329,47-1011.03,Critical Thinking
329,47-1011.03,Microsoft Excel
329,47-1011.03,Microsoft Outlook
329,47-1011.03,Mathematics
329,47-1011.03,Speaking
329,47-1011.03,Microsoft PowerPoint
330,41-4012.00,Microsoft Excel
330,41-4012.00,Reading Comprehension
330,41-4012.00,Adobe Acrobat
330,41-4012.00,Microsoft PowerPoint
330,41-4012.00,Adobe Illustrator
330,41-4012.00,Adobe InDesign
330,41-4012.00,Writing
330,41-4012.00,Monitoring
330,41-4012.00,Speaking
330,41-4012.00,Active Learning
330,41-4012.00,Critical Thinking
330,41-4012.00,Autodesk AutoCAD
330,41-4012.00,Microsoft Office software
330,41-4012.00,Salesforce software
331,51-9083.00,Microsoft Excel
331,51-9083.00,Microsoft Word
331,51-9083.00,Microsoft PowerPoint
331,51-9083.00,Microsoft Office software
331,51-9083.00,Critical Thinking
332,51-9083.00,Reading Comprehension
332,51-9083.00,Critical Thinking
332,51-9083.00,Microsoft Outlook
332,51-9083.00,Microsoft Excel
332,51-9083.00,Monitoring
332,51-9083.00,SAP software
332,51-9083.00,Microsoft Office software
332,51-9083.00,Microsoft PowerPoint
333,53-3031.00,Microsoft Excel
333,53-3031.00,Reading Comprehension
333,53-3031.00,Critical Thinking
334,15-1221.00,Learning Strategies
334,15-1221.00,Ansible software
334,15-1221.00,C
334,15-1221.00,Bash
334,15-1221.00,Git
334,15-1221.00,Go
334,15-1221.00,Amazon Web Services AWS software
334,15-1221.00,Speaking
334,15-1221.00,Science
334,15-1221.00,Apache Hadoop
334,15-1221.00,Docker
334,15-1221.00,GitHub
334,15-1221.00,Monitoring
334,15-1221.00,Apache Spark
334,15-1221.00,Apache Kafka
334,15-1221.00,Critical Thinking
334,15-1221.00,Active Learning
335,15-1221.00,Writing
335,15-1221.00,Monitoring
335,15-1221.00,Reading Comprehension
335,15-1221.00,Critical Thinking
335,15-1221.00,Speaking
335,15-1221.00,Apache Hadoop
335,15-1221.00,GitHub
335,15-1221.00,Apache Kafka
335,15-1221.00,Ansible software
335,15-1221.00,C++
335,15-1221.00,Learning Strategies
335,15-1221.00,Active Listening
336,47-1011.03,Oracle Primavera Enterprise Project Portfolio Management
336,47-1011.03,Microsoft Outlook
336,47-1011.03,Speaking
336,47-1011.03,Microsoft Excel
336,47-1011.03,Microsoft PowerPoint
336,47-1011.03,Learning Strategies
336,47-1011.03,Microsoft Windows
336,47-1011.03,Critical Thinking
336,47-1011.03,Autodesk AutoCAD Civil 3D
336,47-1011.03,Mathematics
336,47-1011.03,Microsoft Word
336,47-1011.03,Microsoft Visio
336,47-1011.03,Autodesk Revit
336,47-1011.03,Microsoft Project
336,47-1011.03,Autodesk AutoCAD
336,47-1011.03,Reading Comprehension
337,27-2041.00,Microsoft Word
337,27-2041.00,Monitoring
337,27-2041.00,Critical Thinking
337,27-2041.00,Active Learning
337,27-2041.00,Microsoft PowerPoint
337,27-2041.00,Microsoft Outlook
337,27-2041.00,Speaking
338,15-1221.00,Reading Comprehension
338,15-1221.00,C
338,15-1221.00,Go
338,15-1221.00,Writing
338,15-1221.00,Apache Spark
338,15-1221.00,Git
338,15-1221.00,Learning Strategies
338,15-1221.00,Apache Hadoop
338,15-1221.00,Active Learning
338,15-1221.00,Speaking
339,51-9195.05,Microsoft Excel
339,51-9195.05,Microsoft Outlook
339,51-9195.05,Active Listening
340,15-1221.00,Speaking
340,15-1221.00,Ansible software
340,15-1221.00,Docker
340,15-1221.00,Mathematics
340,15-1221.00,Apache Hadoop
340,15-1221.00,Writing
340,15-1221.00,Go
340,15-1221.00,Apache Spark
340,15-1221.00,Learning Strategies
340,15-1221.00,Active Learning
340,15-1221.00,Amazon Web Services AWS software
340,15-1221.00,Critical Thinking
340,15-1221.00,Reading Comprehension
340,15-1221.00,Science
341,51-9195.05,Microsoft Outlook
341,51-9195.05,Critical Thinking
342,51-9195.05,Microsoft Excel
342,51-9195.05,Active Listening
342,51-9195.05,Critical Thinking
342,51-9195.05,Monitoring
343,43-4051.00,Apple macOS
343,43-4051.00,Monitoring
343,43-4051.00,Writing
343,43-4051.00,Google Docs
343,43-4051.00,Microsoft Outlook
343,43-4051.00,Adobe Creative Cloud software
343,43-4051.00,Speaking
343,43-4051.00,Kronos Workforce Timekeeper
343,43-4051.00,Intuit QuickBooks
343,43-4051.00,Adobe Photoshop
343,43-4051.00,Active Listening
343,43-4051.00,Adobe Illustrator
346,15-1221.00,Active Learning
346,15-1221.00,Bash
346,15-1221.00,C++
346,15-1221.00,C
346,15-1221.00,Speaking
346,15-1221.00,Git
346,15-1221.00,Critical Thinking
346,15-1221.00,Apache Kafka
346,15-1221.00,Active Listening
346,15-1221.00,Ansible software
346,15-1221.00,Monitoring
346,15-1221.00,Docker
346,15-1221.00,Writing
347,15-1221.00,Bash
347,15-1221.00,GitHub
347,15-1221.00,Active Learning
347,15-1221.00,Apache Kafka
347,15-1221.00,Monitoring
347,15-1221.00,Go
347,15-1221.00,Writing
347,15-1221.00,Git
347,15-1221.00,Mathematics
347,15-1221.00,Critical Thinking
347,15-1221.00,Reading Comprehension
349,53-3031.00,Speaking
349,53-3031.00,Reading Comprehension
349,53-3031.00,Microsoft Office software
350,51-9195.05,Critical Thinking
350,51-9195.05,Microsoft Outlook
350,51-9195.05,Monitoring
351,51-9083.00,SAP software
351,51-9083.00,Microsoft Excel
351,51-9083.00,Microsoft Outlook
351,51-9083.00,Reading Comprehension
351,51-9083.00,Microsoft Word
351,51-9083.00,Microsoft Office software
352,27-2041.00,Microsoft Outlook
352,27-2041.00,Writing
352,27-2041.00,Monitoring
352,27-2041.00,Active Learning
352,27-2041.00,Speaking
352,27-2041.00,Microsoft PowerPoint
352,27-2041.00,Microsoft Excel
353,15-1221.00,Mathematics
353,15-1221.00,GitHub
353,15-1221.00,Active Listening
353,15-1221.00,Apache Hadoop
353,15-1221.00,Apache Spark
353,15-1221.00,Critical Thinking
353,15-1221.00,Monitoring
353,15-1221.00,Bash
353,15-1221.00,C
353,15-1221.00,Git
353,15-1221.00,Reading Comprehension
353,15-1221.00,Go
353,15-1221.00,C++
353,15-1221.00,Docker
355,51-9083.00,SAP software
355,51-9083.00,Microsoft Word
355,51-9083.00,Critical Thinking
355,51-9083.00,Microsoft Office software
355,51-9083.00,Microsoft PowerPoint
355,51-9083.00,Reading Comprehension
355,51-9083.00,Microsoft Outlook
359,51-9083.00,Microsoft PowerPoint
359,51-9083.00,SAP software
359,51-9083.00,Reading Comprehension
359,51-9083.00,Microsoft Excel
359,51-9083.00,Microsoft Outlook
359,51-9083.00,Monitoring
361,53-3031.00,Critical Thinking
361,53-3031.00,Microsoft Excel
361,53-3031.00,Speaking
361,53-3031.00,Writing
361,53-3031.00,Active Listening
362,51-9083.00,Microsoft Excel
362,51-9083.00,Microsoft Word
362,51-9083.00,Microsoft Outlook
362,51-9083.00,Microsoft PowerPoint
362,51-9083.00,Microsoft Office software
362,51-9083.00,Monitoring
363,47-1011.03,Microsoft PowerPoint
363,47-1011.03,Autodesk AutoCAD Civil 3D
363,47-1011.03,Learning Strategies
363,47-1011.03,Microsoft Project
363,47-1011.03,Oracle Primavera Enterprise Project Portfolio Management
363,47-1011.03,Monitoring
363,47-1011.03,Speaking
363,47-1011.03,Microsoft Office software
363,47-1011.03,Critical Thinking
363,47-1011.03,Microsoft Visio
363,47-1011.03,Active Learning
363,47-1011.03,Microsoft Outlook
363,47-1011.03,Microsoft Excel
363,47-1011.03,Reading Comprehension
364,51-9083.00,Microsoft Outlook
364,51-9083.00,Microsoft Excel
364,51-9083.00,Reading Comprehension
364,51-9083.00,Monitoring
364,51-9083.00,Microsoft PowerPoint
366,53-3031.00,Microsoft Office software
366,53-3031.00,Speaking
366,53-3031.00,Writing
367,43-4051.00,Intuit QuickBooks
367,43-4051.00,Microsoft Outlook
367,43-4051.00,Microsoft Office software
367,43-4051.00,Reading Comprehension
367,43-4051.00,Speaking
367,43-4051.00,Adobe Illustrator
367,43-4051.00,Adobe Photoshop
367,43-4051.00,Apple macOS
367,43-4051.00,Monitoring
367,43-4051.00,Active Listening
367,43-4051.00,Google Docs
369,43-4051.00,Active Listening
369,43-4051.00,Adobe Photoshop
369,43-4051.00,Microsoft Office software
369,43-4051.00,Speaking
369,43-4051.00,Apple macOS
369,43-4051.00,Adobe Acrobat
369,43-4051.00,Adobe Creative Cloud software
369,43-4051.00,Google Docs
369,43-4051.00,Intuit QuickBooks
369,43-4051.00,Critical Thinking
369,43-4051.00,Monitoring
369,43-4051.00,Microsoft Outlook
369,43-4051.00,Adobe Illustrator
369,43-4051.00,Reading Comprehension
369,43-4051.00,Facebook
372,43-4051.00,Adobe Illustrator
372,43-4051.00,Google Docs
372,43-4051.00,Microsoft Excel
372,43-4051.00,Intuit QuickBooks
372,43-4051.00,Microsoft Outlook
372,43-4051.00,Active Listening
372,43-4051.00,Apple macOS
372,43-4051.00,Kronos Workforce Timekeeper
373,51-9083.00,Monitoring
373,51-9083.00,Critical Thinking
373,51-9083.00,Microsoft Outlook
373,51-9083.00,SAP software
373,51-9083.00,Reading Comprehension
374,47-1011.03,Autodesk Revit
374,47-1011.03,Writing
374,47-1011.03,Mathematics
374,47-1011.03,Autodesk AutoCAD
374,47-1011.03,Microsoft Excel
374,47-1011.03,Microsoft PowerPoint
374,47-1011.03,Microsoft Office software
374,47-1011.03,Speaking
374,47-1011.03,Microsoft Windows
374,47-1011.03,Microsoft Word
374,47-1011.03,Monitoring
376,47-1011.03,Microsoft Visio
376,47-1011.03,Learning Strategies
376,47-1011.03,Writing
376,47-1011.03,Microsoft Word
376,47-1011.03,Microsoft Project
376,47-1011.03,Mathematics
376,47-1011.03,Autodesk Revit
376,47-1011.03,Active Learning
376,47-1011.03,Active Listening
376,47-1011.03,Oracle Primavera Enterprise Project Portfolio Management
376,47-1011.03,Critical Thinking
376,47-1011.03,Microsoft Excel
376,47-1011.03,Reading Comprehension
376,47-1011.03,Microsoft Office software
376,47-1011.03,Microsoft Windows
377,15-1221.00,Apache Hadoop
377,15-1221.00,Active Listening
377,15-1221.00,Reading Comprehension
377,15-1221.00,Apache Kafka
377,15-1221.00,C++
377,15-1221.00,Amazon Web Services AWS software
377,15-1221.00,Ansible software
377,15-1221.00,Learning Strategies
377,15-1221.00,Science
377,15-1221.00,Critical Thinking
377,15-1221.00,GitHub
377,15-1221.00,Apache Spark
377,15-1221.00,Speaking
377,15-1221.00,Docker
377,15-1221.00,Writing
377,15-1221.00,Monitoring
377,15-1221.00,Mathematics
377,15-1221.00,Bash
378,53-3031.00,Microsoft Excel
378,53-3031.00,Active Listening
378,53-3031.00,Writing
378,53-3031.00,Critical Thinking
379,15-1221.00,Science
379,15-1221.00,Mathematics
379,15-1221.00,Go
379,15-1221.00,Apache Spark
379,15-1221.00,Active Learning
379,15-1221.00,Learning Strategies
379,15-1221.00,Monitoring
379,15-1221.00,C
379,15-1221.00,C++
379,15-1221.00,Speaking
379,15-1221.00,Critical Thinking
379,15-1221.00,Ansible software
379,15-1221.00,Git
379,15-1221.00,Docker
379,15-1221.00,Bash
379,15-1221.00,Writing
379,15-1221.00,Reading Comprehension
379,15-1221.00,Active Listening
379,15-1221.00,GitHub
380,27-2041.00,Active Learning
380,27-2041.00,Microsoft PowerPoint
380,27-2041.00,Learning Strategies
380,27-2041.00,Microsoft Office software
380,27-2041.00,Microsoft Excel
380,27-2041.00,Writing
380,27-2041.00,Microsoft Outlook
380,27-2041.00,Speaking
381,47-1011.03,Active Learning
381,47-1011.03,Microsoft Project
381,47-1011.03,Autodesk AutoCAD Civil 3D
381,47-1011.03,Oracle Primavera Enterprise Project Portfolio Management
381,47-1011.03,Autodesk Revit
381,47-1011.03,Microsoft Visio
381,47-1011.03,Microsoft Windows
381,47-1011.03,Microsoft Excel
381,47-1011.03,Microsoft Office software
381,47-1011.03,Writing
381,47-1011.03,Microsoft PowerPoint
381,47-1011.03,Autodesk AutoCAD
381,47-1011.03,Learning Strategies
382,53-3031.00,Speaking
382,53-3031.00,Writing
382,53-3031.00,Microsoft Excel
382,53-3031.00,Reading Comprehension
382,53-3031.00,Critical Thinking
384,51-9195.05,Active Listening
384,51-9195.05,Microsoft Excel
384,51-9195.05,Monitoring
385,27-2041.00,Speaking
385,27-2041.00,Microsoft Outlook
385,27-2041.00,Microsoft Excel
385,27-2041.00,Reading Comprehension
385,27-2041.00,Monitoring
385,27-2041.00,Active Learning
385,27-2041.00,Writing
385,27-2041.00,Microsoft Word
385,27-2041.00,Microsoft Office software
385,27-2041.00,Critical Thinking
386,27-2041.00,Microsoft Word
386,27-2041.00,Microsoft Outlook
386,27-2041.00,Microsoft Excel
386,27-2041.00,Reading Comprehension
386,27-2041.00,Microsoft Office software
386,27-2041.00,Active Learning
387,53-3031.00,Critical Thinking
387,53-3031.00,Writing
387,53-3031.00,Microsoft Excel
387,53-3031.00,Speaking
388,53-3031.00,Microsoft Office software
388,53-3031.00,Critical Thinking
388,53-3031.00,Speaking
388,53-3031.00,Microsoft Excel
388,53-3031.00,Reading Comprehension
389,51-9083.00,Monitoring
389,51-9083.00,Microsoft Word
389,51-9083.00,Microsoft Outlook
389,51-9083.00,Critical Thinking
389,51-9083.00,SAP software
389,51-9083.00,Microsoft Excel
389,51-9083.00,Reading Comprehension
390,43-4051.00,Adobe Photoshop
390,43-4051.00,Monitoring
390,43-4051.00,Adobe Illustrator
390,43-4051.00,Microsoft Office software
390,43-4051.00,Microsoft Outlook
390,43-4051.00,Google Docs
390,43-4051.00,Critical Thinking
390,43-4051.00,Speaking
390,43-4051.00,Writing
390,43-4051.00,Apple macOS
390,43-4051.00,Reading Comprehension
391,15-1221.00,Apache Hadoop
391,15-1221.00,Git
391,15-1221.00,C
391,15-1221.00,Speaking
391,15-1221.00,Critical Thinking
391,15-1221.00,C++
391,15-1221.00,Learning Strategies
391,15-1221.00,Amazon Web Services AWS software
391,15-1221.00,Science
391,15-1221.00,Writing
391,15-1221.00,Active Listening
391,15-1221.00,Monitoring
391,15-1221.00,Go
391,15-1221.00,Docker
391,15-1221.00,Bash
391,15-1221.00,Ansible software
391,15-1221.00,Active Learning
391,15-1221.00,Apache Kafka
392,51-9083.00,Microsoft Office software
392,51-9083.00,Monitoring
392,51-9083.00,Microsoft PowerPoint
392,51-9083.00,Microsoft Excel
392,51-9083.00,Critical Thinking
393,43-4051.00,Adobe Illustrator
393,43-4051.00,Intuit QuickBooks
393,43-4051.00,Speaking
393,43-4051.00,Adobe Creative Cloud software
393,43-4051.00,Active Listening
393,43-4051.00,Monitoring
393,43-4051.00,Critical Thinking
393,43-4051.00,Microsoft Office software
393,43-4051.00,Facebook
393,43-4051.00,Adobe Acrobat
393,43-4051.00,Adobe Photoshop
393,43-4051.00,Apple macOS
393,43-4051.00,Google Docs
393,43-4051.00,Microsoft Outlook
393,43-4051.00,Kronos Workforce Timekeeper
394,51-9083.00,Microsoft Office software
394,51-9083.00,Monitoring
394,51-9083.00,Critical Thinking
394,51-9083.00,Microsoft Word
394,51-9083.00,SAP software
394,51-9083.00,Microsoft PowerPoint
395,15-1221.00,Active Learning
395,15-1221.00,Learning Strategies
395,15-1221.00,Reading Comprehension
395,15-1221.00,Amazon Web Services AWS software
395,15-1221.00,Science
395,15-1221.00,Writing
395,15-1221.00,Critical Thinking
395,15-1221.00,Docker
395,15-1221.00,GitHub
395,15-1221.00,Bash
395,15-1221.00,Apache Hadoop
395,15-1221.00,Mathematics
396,27-2041.00,Speaking
396,27-2041.00,Writing
396,27-2041.00,Critical Thinking
396,27-2041.00,Microsoft PowerPoint
396,27-2041.00,Monitoring
396,27-2041.00,Microsoft Office software
396,27-2041.00,Learning Strategies
397,15-1221.00,Bash
397,15-1221.00,Ansible software
397,15-1221.00,Mathematics
397,15-1221.00,Git
397,15-1221.00,Active Listening
397,15-1221.00,Critical Thinking
397,15-1221.00,Apache Spark
397,15-1221.00,Apache Kafka
397,15-1221.00,C
397,15-1221.00,Reading Comprehension
397,15-1221.00,Monitoring
397,15-1221.00,Science
397,15-1221.00,Speaking
397,15-1221.00,Active Learning
397,15-1221.00,Apache Hadoop
399,41-4012.00,Microsoft Outlook
399,41-4012.00,Autodesk AutoCAD
399,41-4012.00,Critical Thinking
399,41-4012.00,Adobe Acrobat
399,41-4012.00,Active Listening
399,41-4012.00,Salesforce software
399,41-4012.00,Adobe InDesign
399,41-4012.00,Adobe Creative Cloud software
399,41-4012.00,Microsoft Excel
399,41-4012.00,Active Learning
401,53-3031.00,Writing
401,53-3031.00,Critical Thinking
401,53-3031.00,Reading Comprehension
401,53-3031.00,Microsoft Office software
401,53-3031.00,Microsoft Excel
403,15-1221.00,Reading Comprehension
403,15-1221.00,Apache Kafka
403,15-1221.00,Speaking
403,15-1221.00,Bash
403,15-1221.00,GitHub
403,15-1221.00,C
403,15-1221.00,Active Learning
403,15-1221.00,Amazon Web Services AWS software
403,15-1221.00,Ansible software
403,15-1221.00,Go
403,15-1221.00,C++
403,15-1221.00,Apache Hadoop
403,15-1221.00,Monitoring
404,53-3031.00,Active Listening
404,53-3031.00,Reading Comprehension
404,53-3031.00,Microsoft Office software
404,53-3031.00,Speaking
404,53-3031.00,Writing
405,51-9083.00,Reading Comprehension
405,51-9083.00,Microsoft Word
405,51-9083.00,SAP software
405,51-9083.00,Microsoft Outlook
405,51-9083.00,Microsoft PowerPoint
405,51-9083.00,Critical Thinking
406,53-3031.00,Writing
406,53-3031.00,Microsoft Excel
406,53-3031.00,Critical Thinking
406,53-3031.00,Reading Comprehension
407,51-9083.00,Microsoft PowerPoint
407,51-9083.00,Critical Thinking
407,51-9083.00,Reading Comprehension
407,51-9083.00,Monitoring
407,51-9083.00,Microsoft Office software
407,51-9083.00,Microsoft Word
407,51-9083.00,SAP software
407,51-9083.00,Microsoft Excel
408,51-9195.05,Active Listening
408,51-9195.05,Monitoring
410,47-1011.03,Autodesk AutoCAD
410,47-1011.03,Learning Strategies
410,47-1011.03,Microsoft Word
410,47-1011.03,Microsoft Project
410,47-1011.03,Critical Thinking
410,47-1011.03,Microsoft Windows
410,47-1011.03,Microsoft Outlook
410,47-1011.03,Microsoft Excel
410,47-1011.03,Oracle Primavera Enterprise Project Portfolio Management
410,47-1011.03,Speaking
411,41-4012.00,Microsoft Excel
411,41-4012.00,Reading Comprehension
411,41-4012.00,Critical Thinking
411,41-4012.00,Writing
411,41-4012.00,Apple macOS
411,41-4012.00,Monitoring
411,41-4012.00,Active Learning
411,41-4012.00,Autodesk AutoCAD
411,41-4012.00,Adobe Creative Cloud software
411,41-4012.00,Adobe Photoshop
411,41-4012.00,Adobe Acrobat
411,41-4012.00,Active Listening
411,41-4012.00,Speaking
412,43-4051.00,Microsoft Excel
412,43-4051.00,Facebook
412,43-4051.00,Monitoring
412,43-4051.00,Adobe Illustrator
412,43-4051.00,Intuit QuickBooks
412,43-4051.00,Writing
412,43-4051.00,Critical Thinking
412,43-4051.00,Microsoft Office software
412,43-4051.00,Speaking
412,43-4051.00,Adobe Creative Cloud software
412,43-4051.00,Active Listening
412,43-4051.00,Adobe Acrobat
412,43-4051.00,Adobe Photoshop
412,43-4051.00,Kronos Workforce Timekeeper
416,53-3031.00,Reading Comprehension
416,53-3031.00,Speaking
416,53-3031.00,Critical Thinking
416,53-3031.00,Microsoft Excel
417,43-4051.00,Apple macOS
417,43-4051.00,Active Listening
417,43-4051.00,Google Docs
417,43-4051.00,Microsoft Outlook
417,43-4051.00,Monitoring
417,43-4051.00,Kronos Workforce Timekeeper
417,43-4051.00,Adobe Illustrator
417,43-4051.00,Writing
417,43-4051.00,Microsoft Office software
419,51-9083.00,Reading Comprehension
419,51-9083.00,Microsoft Excel
419,51-9083.00,Monitoring
419,51-9083.00,SAP software
419,51-9083.00,Microsoft PowerPoint
419,51-9083.00,Microsoft Office software
420,53-3031.00,Microsoft Office software
420,53-3031.00,Microsoft Excel
420,53-3031.00,Critical Thinking
421,27-2041.00,Microsoft Office software
421,27-2041.00,Microsoft Outlook
421,27-2041.00,Active Learning
421,27-2041.00,Microsoft PowerPoint
421,27-2041.00,Active Listening
421,27-2041.00,Critical Thinking
421,27-2041.00,Learning Strategies
421,27-2041.00,Writing
421,27-2041.00,Speaking
422,43-4051.00,Kronos Workforce Timekeeper
422,43-4051.00,Intuit QuickBooks
422,43-4051.00,Speaking
422,43-4051.00,Writing
422,43-4051.00,Active Listening
422,43-4051.00,Facebook
422,43-4051.00,Critical Thinking
422,43-4051.00,Reading Comprehension
422,43-4051.00,Adobe Photoshop
422,43-4051.00,Microsoft Excel
423,15-1221.00,Reading Comprehension
423,15-1221.00,Bash
423,15-1221.00,Apache Spark
423,15-1221.00,Docker
423,15-1221.00,GitHub
423,15-1221.00,Active Learning
423,15-1221.00,Speaking
423,15-1221.00,C
423,15-1221.00,Monitoring
423,15-1221.00,Git
423,15-1221.00,Mathematics
423,15-1221.00,Science
423,15-1221.00,Ansible software
423,15-1221.00,Apache Hadoop
423,15-1221.00,C++
423,15-1221.00,Writing
423,15-1221.00,Amazon Web Services AWS software
423,15-1221.00,Learning Strategies
424,43-4161.00,Speaking
424,43-4161.00,Reading Comprehension
424,43-4161.00,Google Docs
424,43-4161.00,Microsoft Word
424,43-4161.00,Oracle PeopleSoft
424,43-4161.00,Microsoft Outlook
424,43-4161.00,Microsoft Access
424,43-4161.00,Monitoring
424,43-4161.00,Critical Thinking
424,43-4161.00,Microsoft Visio
424,43-4161.00,Oracle HRIS
424,43-4161.00,Microsoft Excel
424,43-4161.00,Applicant tracking software
425,51-9083.00,Microsoft Office software
425,51-9083.00,Microsoft Excel
425,51-9083.00,Microsoft Word
425,51-9083.00,Critical Thinking
425,51-9083.00,Microsoft Outlook
425,51-9083.00,Microsoft PowerPoint
425,51-9083.00,Reading Comprehension
426,15-1221.00,Active Listening
426,15-1221.00,C++
426,15-1221.00,GitHub
426,15-1221.00,Critical Thinking
426,15-1221.00,Go
426,15-1221.00,Speaking
426,15-1221.00,Git
426,15-1221.00,Ansible software
426,15-1221.00,Learning Strategies
426,15-1221.00,Bash
426,15-1221.00,Mathematics
426,15-1221.00,Apache Spark
426,15-1221.00,Amazon Web Services AWS software
426,15-1221.00,C
426,15-1221.00,Apache Kafka
426,15-1221.00,Docker
428,47-1011.03,Autodesk AutoCAD Civil 3D
428,47-1011.03,Speaking
428,47-1011.03,Oracle Primavera Enterprise Project Portfolio Management
428,47-1011.03,Active Listening
428,47-1011.03,Writing
428,47-1011.03,Active Learning
428,47-1011.03,Learning Strategies
428,47-1011.03,Mathematics
428,47-1011.03,Reading Comprehension
428,47-1011.03,Microsoft PowerPoint
428,47-1011.03,Autodesk AutoCAD
429,47-1011.03,Autodesk Revit
429,47-1011.03,Reading Comprehension
429,47-1011.03,Monitoring
429,47-1011.03,Active Listening
429,47-1011.03,Microsoft Project
429,47-1011.03,Microsoft Windows
429,47-1011.03,Autodesk AutoCAD Civil 3D
429,47-1011.03,Microsoft Outlook
429,47-1011.03,Active Learning
429,47-1011.03,Oracle Primavera Enterprise Project Portfolio Management
429,47-1011.03,Critical Thinking
429,47-1011.03,Microsoft PowerPoint
429,47-1011.03,Speaking
429,47-1011.03,Microsoft Office software
430,51-9083.00,Microsoft Excel
430,51-9083.00,Microsoft Outlook
430,51-9083.00,Microsoft Word
430,51-9083.00,Monitoring
430,51-9083.00,Critical Thinking
431,43-4051.00,Adobe Illustrator
431,43-4051.00,Intuit QuickBooks
431,43-4051.00,Adobe Photoshop
431,43-4051.00,Speaking
431,43-4051.00,Facebook
431,43-4051.00,Microsoft Excel
431,43-4051.00,Microsoft Office software
431,43-4051.00,Microsoft Outlook
431,43-4051.00,Critical Thinking
431,43-4051.00,Adobe Creative Cloud software
431,43-4051.00,Adobe Acrobat
431,43-4051.00,Google Docs
433,15-1221.00,Docker
433,15-1221.00,C
433,15-1221.00,Amazon Web Services AWS software
433,15-1221.00,Monitoring
433,15-1221.00,Mathematics
433,15-1221.00,Go
433,15-1221.00,Apache Hadoop
433,15-1221.00,Bash
433,15-1221.00,C++
433,15-1221.00,Reading Comprehension
433,15-1221.00,Learning Strategies
433,15-1221.00,Apache Kafka
433,15-1221.00,Writing
433,15-1221.00,Ansible software
433,15-1221.00,Active Learning
434,15-1221.00,Critical Thinking
434,15-1221.00,Writing
434,15-1221.00,Apache Hadoop
434,15-1221.00,Learning Strategies
434,15-1221.00,Reading Comprehension
434,15-1221.00,Amazon Web Services AWS software
434,15-1221.00,Ansible software
434,15-1221.00,Speaking
434,15-1221.00,Go
434,15-1221.00,Active Learning
434,15-1221.00,Docker
434,15-1221.00,Mathematics
436,53-3031.00,Microsoft Office software
436,53-3031.00,Active Listening
436,53-3031.00,Speaking
436,53-3031.00,Reading Comprehension
436,53-3031.00,Writing
437,53-3031.00,Microsoft Excel
437,53-3031.00,Microsoft Office software
437,53-3031.00,Reading Comprehension
437,53-3031.00,Speaking
438,53-3031.00,Microsoft Excel
438,53-3031.00,Writing
438,53-3031.00,Speaking
438,53-3031.00,Microsoft Office software
439,15-1221.00,Docker
439,15-1221.00,Speaking
439,15-1221.00,Ansible software
439,15-1221.00,Apache Spark
439,15-1221.00,Bash
439,15-1221.00,Critical Thinking
439,15-1221.00,C
439,15-1221.00,Writing
439,15-1221.00,Learning Strategies
439,15-1221.00,Active Learning
439,15-1221.00,Active Listening
439,15-1221.00,Git
439,15-1221.00,Mathematics
440,15-1221.00,Amazon Web Services AWS software
440,15-1221.00,Learning Strategies
440,15-1221.00,Apache Kafka
440,15-1221.00,Bash
440,15-1221.00,Writing
440,15-1221.00,Mathematics
440,15-1221.00,Apache Hadoop
440,15-1221.00,Docker
440,15-1221.00,Speaking
440,15-1221.00,Active Listening
440,15-1221.00,C++
440,15-1221.00,Critical Thinking
440,15-1221.00,Apache Spark
440,15-1221.00,GitHub
441,15-1221.00,Mathematics
441,15-1221.00,Apache Spark
441,15-1221.00,Learning Strategies
441,15-1221.00,Critical Thinking
441,15-1221.00,Monitoring
441,15-1221.00,C
441,15-1221.00,Git
441,15-1221.00,Amazon Web Services AWS software
441,15-1221.00,Go
441,15-1221.00,Active Listening
441,15-1221.00,Writing
442,51-9195.05,Monitoring
442,51-9195.05,Critical Thinking
442,51-9195.05,Active Listening
444,47-1011.03,Speaking
444,47-1011.03,Microsoft Outlook
444,47-1011.03,Microsoft Project
444,47-1011.03,Critical Thinking
444,47-1011.03,Microsoft Word
444,47-1011.03,Autodesk AutoCAD Civil 3D
444,47-1011.03,Reading Comprehension
444,47-1011.03,Autodesk AutoCAD
444,47-1011.03,Autodesk Revit
444,47-1011.03,Monitoring
444,47-1011.03,Microsoft Visio
444,47-1011.03,Microsoft Windows
444,47-1011.03,Microsoft Office software
444,47-1011.03,Oracle Primavera Enterprise Project Portfolio Management
444,47-1011.03,Writing
444,47-1011.03,Mathematics
445,53-3031.00,Microsoft Excel
445,53-3031.00,Reading Comprehension
445,53-3031.00,Speaking
445,53-3031.00,Active Listening
445,53-3031.00,Critical Thinking
445,53-3031.00,Microsoft Office software
446,53-3031.00,Speaking
446,53-3031.00,Critical Thinking
446,53-3031.00,Active Listening
447,27-2041.00,Speaking
447,27-2041.00,Active Listening
447,27-2041.00,Critical Thinking
447,27-2041.00,Microsoft Excel
447,27-2041.00,Learning Strategies
447,27-2041.00,Microsoft Word
447,27-2041.00,Microsoft Outlook
448,51-9083.00,Microsoft PowerPoint
448,51-9083.00,Critical Thinking
448,51-9083.00,Microsoft Excel
448,51-9083.00,Microsoft Outlook
448,51-9083.00,Reading Comprehension
449,53-3031.00,Critical Thinking
449,53-3031.00,Microsoft Excel
449,53-3031.00,Active Listening
449,53-3031.00,Microsoft Office software
449,53-3031.00,Reading Comprehension
450,15-1221.00,Critical Thinking
450,15-1221.00,Reading Comprehension
450,15-1221.00,Bash
450,15-1221.00,Ansible software
450,15-1221.00,Go
450,15-1221.00,Docker
450,15-1221.00,Learning Strategies
450,15-1221.00,Writing
450,15-1221.00,Apache Spark
450,15-1221.00,Apache Kafka
450,15-1221.00,C++
450,15-1221.00,Active Listening
450,15-1221.00,Mathematics
450,15-1221.00,Science
450,15-1221.00,Apache Hadoop
450,15-1221.00,Monitoring
451,43-4051.00,Monitoring
451,43-4051.00,Adobe Illustrator
451,43-4051.00,Kronos Workforce Timekeeper
451,43-4051.00,Google Docs
451,43-4051.00,Intuit QuickBooks
451,43-4051.00,Microsoft Outlook
451,43-4051.00,Reading Comprehension
451,43-4051.00,Apple macOS
451,43-4051.00,Active Listening
451,43-4051.00,Facebook
451,43-4051.00,Adobe Creative Cloud software
451,43-4051.00,Microsoft Excel
451,43-4051.00,Adobe Photoshop
452,15-1221.00,Amazon Web Services AWS software
452,15-1221.00,Active Listening
452,15-1221.00,Active Learning
452,15-1221.00,Science
452,15-1221.00,Git
452,15-1221.00,Monitoring
452,15-1221.00,Learning Strategies
452,15-1221.00,Apache Hadoop
452,15-1221.00,Mathematics
452,15-1221.00,Critical Thinking
452,15-1221.00,Apache Kafka
452,15-1221.00,Writing
452,15-1221.00,Go
452,15-1221.00,C++
452,15-1221.00,Speaking
452,15-1221.00,Reading Comprehension
453,53-3031.00,Reading Comprehension
453,53-3031.00,Speaking
453,53-3031.00,Active Listening
453,53-3031.00,Microsoft Office software
453,53-3031.00,Critical Thinking
454,51-9083.00,SAP software
454,51-9083.00,Critical Thinking
454,51-9083.00,Microsoft Excel
454,51-9083.00,Microsoft Office software
454,51-9083.00,Microsoft Word
454,51-9083.00,Microsoft PowerPoint
455,51-9083.00,SAP software
455,51-9083.00,Reading Comprehension
455,51-9083.00,Critical Thinking
455,51-9083.00,Monitoring
455,51-9083.00,Microsoft Office software
455,51-9083.00,Microsoft Word
455,51-9083.00,Microsoft PowerPoint
456,53-3031.00,Writing
456,53-3031.00,Active Listening
456,53-3031.00,Microsoft Excel
456,53-3031.00,Microsoft Office software
458,53-3031.00,Speaking
458,53-3031.00,Microsoft Office software
458,53-3031.00,Critical Thinking
458,53-3031.00,Reading Comprehension
460,51-9195.05,Active Listening
460,51-9195.05,Microsoft Outlook
460,51-9195.05,Monitoring
461,27-2041.00,Critical Thinking
461,27-2041.00,Microsoft Excel
461,27-2041.00,Monitoring
461,27-2041.00,Microsoft Office software
461,27-2041.00,Reading Comprehension
461,27-2041.00,Microsoft Outlook
461,27-2041.00,Writing
461,27-2041.00,Active Learning
461,27-2041.00,Active Listening
462,51-9195.05,Microsoft Excel
462,51-9195.05,Active Listening
462,51-9195.05,Critical Thinking
463,53-3031.00,Critical Thinking
463,53-3031.00,Reading Comprehension
463,53-3031.00,Active Listening
464,51-9195.05,Monitoring
464,51-9195.05,Active Listening
464,51-9195.05,Microsoft Excel
464,51-9195.05,Critical Thinking
465,15-1221.00,Active Learning
465,15-1221.00,Docker
465,15-1221.00,C++
465,15-1221.00,Writing
465,15-1221.00,Reading Comprehension
465,15-1221.00,Active Listening
465,15-1221.00,Ansible software
465,15-1221.00,Bash
465,15-1221.00,Apache Spark
465,15-1221.00,Amazon Web Services AWS software
466,51-9195.05,Active Listening
466,51-9195.05,Critical Thinking
466,51-9195.05,Monitoring
467,41-4012.00,Active Learning
467,41-4012.00,Writing
467,41-4012.00,Monitoring
467,41-4012.00,Autodesk AutoCAD
467,41-4012.00,Microsoft Office software
467,41-4012.00,Reading Comprehension
467,41-4012.00,Speaking
467,41-4012.00,Active Listening
467,41-4012.00,Adobe Illustrator
468,27-2041.00,Microsoft Word
468,27-2041.00,Learning Strategies
468,27-2041.00,Microsoft Outlook
468,27-2041.00,Speaking
468,27-2041.00,Microsoft PowerPoint
468,27-2041.00,Monitoring
468,27-2041.00,Critical Thinking
468,27-2041.00,Active Learning
468,27-2041.00,Microsoft Office software
468,27-2041.00,Reading Comprehension
468,27-2041.00,Writing
469,53-3031.00,Microsoft Excel
469,53-3031.00,Writing
469,53-3031.00,Microsoft Office software
469,53-3031.00,Critical Thinking
470,43-4161.00,Speaking
470,43-4161.00,Reading Comprehension
470,43-4161.00,Writing
470,43-4161.00,Microsoft Excel
470,43-4161.00,Active Listening
470,43-4161.00,Oracle PeopleSoft
470,43-4161.00,Microsoft Office software
470,43-4161.00,Applicant tracking software
470,43-4161.00,Microsoft SharePoint
471,51-9083.00,Monitoring
471,51-9083.00,SAP software
471,51-9083.00,Microsoft PowerPoint
471,51-9083.00,Critical Thinking
471,51-9083.00,Microsoft Outlook
473,47-1011.03,Active Learning
473,47-1011.03,Microsoft Office software
473,47-1011.03,Mathematics
473,47-1011.03,Learning Strategies
473,47-1011.03,Autodesk AutoCAD
473,47-1011.03,Microsoft Visio
473,47-1011.03,Microsoft Word
473,47-1011.03,Active Listening
473,47-1011.03,Monitoring
473,47-1011.03,Autodesk Revit
473,47-1011.03,Autodesk AutoCAD Civil 3D
473,47-1011.03,Microsoft Excel
473,47-1011.03,Writing
473,47-1011.03,Oracle Primavera Enterprise Project Portfolio Management
474,15-1221.00,Apache Hadoop
474,15-1221.00,Reading Comprehension
474,15-1221.00,Amazon Web Services AWS software
474,15-1221.00,C++
474,15-1221.00,Git
474,15-1221.00,Active Listening
474,15-1221.00,GitHub
474,15-1221.00,Go
474,15-1221.00,Bash
474,15-1221.00,Apache Spark
474,15-1221.00,Ansible software
474,15-1221.00,Apache Kafka
474,15-1221.00,Writing
474,15-1221.00,Speaking
474,15-1221.00,Active Learning
475,53-3031.00,Writing
475,53-3031.00,Microsoft Office software
475,53-3031.00,Microsoft Excel
475,53-3031.00,Speaking
476,53-3031.00,Active Listening
476,53-3031.00,Microsoft Office software
476,53-3031.00,Speaking
477,43-4051.00,Microsoft Outlook
477,43-4051.00,Kronos Workforce Timekeeper
477,43-4051.00,Google Docs
477,43-4051.00,Microsoft Office software
477,43-4051.00,Intuit QuickBooks
477,43-4051.00,Adobe Creative Cloud software
477,43-4051.00,Speaking
477,43-4051.00,Adobe Photoshop
477,43-4051.00,Adobe Acrobat
478,41-4012.00,Reading Comprehension
478,41-4012.00,Adobe Illustrator
478,41-4012.00,Critical Thinking
478,41-4012.00,Autodesk AutoCAD
478,41-4012.00,Active Learning
478,41-4012.00,Adobe Creative Cloud software
478,41-4012.00,Active Listening
478,41-4012.00,Salesforce software
478,41-4012.00,Microsoft Outlook
478,41-4012.00,Adobe Photoshop
478,41-4012.00,Microsoft PowerPoint
479,53-3031.00,Speaking
479,53-3031.00,Writing
479,53-3031.00,Microsoft Excel
479,53-3031.00,Active Listening
479,53-3031.00,Critical Thinking
479,53-3031.00,Reading Comprehension
481,53-3031.00,Microsoft Office software
481,53-3031.00,Speaking
481,53-3031.00,Critical Thinking
481,53-3031.00,Microsoft Excel
481,53-3031.00,Writing
481,53-3031.00,Reading Comprehension
482,43-4051.00,Microsoft Outlook
482,43-4051.00,Monitoring
482,43-4051.00,Apple macOS
482,43-4051.00,Google Docs
482,43-4051.00,Microsoft Excel
482,43-4051.00,Facebook
482,43-4051.00,Adobe Creative Cloud software
482,43-4051.00,Adobe Illustrator
482,43-4051.00,Critical Thinking
483,51-9083.00,Critical Thinking
483,51-9083.00,Reading Comprehension
483,51-9083.00,Monitoring
483,51-9083.00,SAP software
483,51-9083.00,Microsoft Excel
484,41-4012.00,Salesforce software
484,41-4012.00,Autodesk AutoCAD
484,41-4012.00,Critical Thinking
484,41-4012.00,Adobe InDesign
484,41-4012.00,Microsoft Outlook
484,41-4012.00,Speaking
484,41-4012.00,Apple macOS
484,41-4012.00,Monitoring
484,41-4012.00,Writing
484,41-4012.00,Active Learning
484,41-4012.00,Microsoft Excel
484,41-4012.00,Reading Comprehension
484,41-4012.00,Microsoft Office software
484,41-4012.00,Adobe Acrobat
485,41-4012.00,Autodesk AutoCAD
485,41-4012.00,Adobe Photoshop
485,41-4012.00,Adobe Illustrator
485,41-4012.00,Microsoft Outlook
485,41-4012.00,Active Listening
485,41-4012.00,Writing
485,41-4012.00,Microsoft Office software
485,41-4012.00,Salesforce software
485,41-4012.00,Monitoring
485,41-4012.00,Active Learning
486,51-9083.00,Microsoft Office software
486,51-9083.00,Monitoring
486,51-9083.00,Critical Thinking
486,51-9083.00,Microsoft Excel
486,51-9083.00,Microsoft Word
486,51-9083.00,SAP software
487,51-9195.05,Microsoft Excel
487,51-9195.05,Active Listening
487,51-9195.05,Critical Thinking
488,53-3031.00,Speaking
488,53-3031.00,Writing
488,53-3031.00,Microsoft Office software
491,43-4051.00,Intuit QuickBooks
491,43-4051.00,Adobe Creative Cloud software
491,43-4051.00,Microsoft Outlook
491,43-4051.00,Speaking
491,43-4051.00,Active Listening
491,43-4051.00,Adobe Photoshop
491,43-4051.00,Google Docs
491,43-4051.00,Adobe Acrobat
491,43-4051.00,Microsoft Excel
492,53-3031.00,Microsoft Office software
492,53-3031.00,Writing
492,53-3031.00,Reading Comprehension
492,53-3031.00,Microsoft Excel
492,53-3031.00,Speaking
493,15-1221.00,C++
493,15-1221.00,Speaking
493,15-1221.00,Critical Thinking
493,15-1221.00,Apache Spark
493,15-1221.00,Writing
493,15-1221.00,Amazon Web Services AWS software
493,15-1221.00,Reading Comprehension
493,15-1221.00,Go
493,15-1221.00,Active Learning
493,15-1221.00,GitHub
493,15-1221.00,Learning Strategies
493,15-1221.00,Docker
493,15-1221.00,Ansible software
493,15-1221.00,Git
494,41-4012.00,Monitoring
494,41-4012.00,Adobe Acrobat
494,41-4012.00,Microsoft Outlook
494,41-4012.00,Critical Thinking
494,41-4012.00,Microsoft PowerPoint
494,41-4012.00,Microsoft Office software
494,41-4012.00,Adobe Photoshop
494,41-4012.00,Apple macOS
494,41-4012.00,Adobe Creative Cloud software
495,15-1221.00,Apache Spark
495,15-1221.00,C
495,15-1221.00,Science
495,15-1221.00,Learning Strategies
495,15-1221.00,Apache Hadoop
495,15-1221.00,Go
495,15-1221.00,Writing
495,15-1221.00,Critical Thinking
495,15-1221.00,Git
495,15-1221.00,C++
495,15-1221.00,Active Listening
495,15-1221.00,Active Learning
495,15-1221.00,GitHub
496,43-4051.00,Microsoft Outlook
496,43-4051.00,Adobe Acrobat
496,43-4051.00,Apple macOS
496,43-4051.00,Writing
496,43-4051.00,Adobe Creative Cloud software
496,43-4051.00,Critical Thinking
496,43-4051.00,Microsoft Office software
496,43-4051.00,Kronos Workforce Timekeeper
496,43-4051.00,Adobe Illustrator
496,43-4051.00,Facebook
496,43-4051.00,Intuit QuickBooks
496,43-4051.00,Active Listening
496,43-4051.00,Adobe Photoshop
496,43-4051.00,Monitoring
497,51-9083.00,Microsoft Word
497,51-9083.00,Reading Comprehension
497,51-9083.00,Microsoft Office software
497,51-9083.00,Microsoft PowerPoint
497,51-9083.00,Monitoring
497,51-9083.00,Microsoft Excel
497,51-9083.00,Microsoft Outlook
498,53-3031.00,Reading Comprehension
498,53-3031.00,Microsoft Excel
498,53-3031.00,Microsoft Office software
498,53-3031.00,Critical Thinking
499,43-4051.00,Adobe Creative Cloud software
499,43-4051.00,Writing
499,43-4051.00,Google Docs
499,43-4051.00,Critical Thinking
499,43-4051.00,Speaking
499,43-4051.00,Microsoft Outlook
499,43-4051.00,Facebook
499,43-4051.00,Adobe Acrobat
499,43-4051.00,Monitoring
499,43-4051.00,Intuit QuickBooks
499,43-4051.00,Microsoft Excel
499,43-4051.00,Adobe Photoshop
499,43-4051.00,Kronos Workforce Timekeeper
499,43-4051.00,Reading Comprehension
500,53-3031.00,Writing
500,53-3031.00,Reading Comprehension
500,53-3031.00,Critical Thinking
500,53-3031.00,Active Listening
500,53-3031.00,Microsoft Excel
501,15-1221.00,GitHub
501,15-1221.00,Science
501,15-1221.00,Git
501,15-1221.00,Apache Hadoop
501,15-1221.00,Speaking
501,15-1221.00,Monitoring
501,15-1221.00,Critical Thinking
501,15-1221.00,Active Learning
501,15-1221.00,Go
501,15-1221.00,Apache Spark
501,15-1221.00,Active Listening
501,15-1221.00,Ansible software
501,15-1221.00,Bash
501,15-1221.00,Apache Kafka
501,15-1221.00,Writing
501,15-1221.00,C++
502,53-3031.00,Critical Thinking
502,53-3031.00,Speaking
502,53-3031.00,Active Listening
502,53-3031.00,Microsoft Excel
502,53-3031.00,Writing
502,53-3031.00,Microsoft Office software
505,47-1011.03,Writing
505,47-1011.03,Microsoft PowerPoint
505,47-1011.03,Active Learning
505,47-1011.03,Learning Strategies
505,47-1011.03,Monitoring
505,47-1011.03,Microsoft Word
505,47-1011.03,Mathematics
505,47-1011.03,Autodesk Revit
505,47-1011.03,Microsoft Office software
505,47-1011.03,Speaking
505,47-1011.03,Microsoft Excel
505,47-1011.03,Active Listening
505,47-1011.03,Microsoft Visio
505,47-1011.03,Microsoft Project
505,47-1011.03,Autodesk AutoCAD
505,47-1011.03,Critical Thinking
507,53-3031.00,Active Listening
507,53-3031.00,Reading Comprehension
507,53-3031.00,Microsoft Excel
507,53-3031.00,Microsoft Office software
507,53-3031.00,Speaking
508,41-4012.00,Microsoft Office software
508,41-4012.00,Speaking
508,41-4012.00,Monitoring
508,41-4012.00,Adobe Creative Cloud software
508,41-4012.00,Apple macOS
508,41-4012.00,Microsoft Outlook
508,41-4012.00,Adobe InDesign
508,41-4012.00,Adobe Acrobat
508,41-4012.00,Reading Comprehension
508,41-4012.00,Adobe Illustrator
508,41-4012.00,Autodesk AutoCAD
508,41-4012.00,Writing
508,41-4012.00,Microsoft Excel
510,15-1221.00,Amazon Web Services AWS software
510,15-1221.00,Speaking
510,15-1221.00,Apache Hadoop
510,15-1221.00,GitHub
510,15-1221.00,Learning Strategies
510,15-1221.00,C
510,15-1221.00,Science
510,15-1221.00,Bash
510,15-1221.00,Docker
510,15-1221.00,Active Learning
510,15-1221.00,Apache Spark
510,15-1221.00,Ansible software
511,15-1221.00,GitHub
511,15-1221.00,Docker
511,15-1221.00,Active Listening
511,15-1221.00,Ansible software
511,15-1221.00,Monitoring
511,15-1221.00,C++
511,15-1221.00,Apache Kafka
511,15-1221.00,Science
511,15-1221.00,Mathematics
511,15-1221.00,C
511,15-1221.00,Writing
511,15-1221.00,Speaking
511,15-1221.00,Bash
511,15-1221.00,Critical Thinking
513,53-3031.00,Speaking
513,53-3031.00,Reading Comprehension
513,53-3031.00,Critical Thinking
513,53-3031.00,Writing
513,53-3031.00,Microsoft Office software
514,15-1221.00,Active Listening
514,15-1221.00,Go
514,15-1221.00,C++
514,15-1221.00,Apache Hadoop
514,15-1221.00,Monitoring
514,15-1221.00,Speaking
514,15-1221.00,Learning Strategies
514,15-1221.00,Active Learning
514,15-1221.00,Bash
514,15-1221.00,Writing
514,15-1221.00,Reading Comprehension
514,15-1221.00,Science
514,15-1221.00,Apache Spark
514,15-1221.00,Critical Thinking
515,51-9083.00,Microsoft PowerPoint
515,51-9083.00,Microsoft Excel
515,51-9083.00,Reading Comprehension
515,51-9083.00,Critical Thinking
515,51-9083.00,SAP software
516,53-3031.00,Microsoft Office software
516,53-3031.00,Speaking
516,53-3031.00,Reading Comprehension
516,53-3031.00,Active Listening
517,51-9083.00,Microsoft Excel
517,51-9083.00,Monitoring
517,51-9083.00,SAP software
517,51-9083.00,Reading Comprehension
517,51-9083.00,Microsoft Word
518,51-9195.05,Microsoft Outlook
518,51-9195.05,Microsoft Excel
518,51-9195.05,Active Listening
520,27-2041.00,Active Learning
520,27-2041.00,Critical Thinking
520,27-2041.00,Microsoft Word
520,27-2041.00,Microsoft Excel
520,27-2041.00,Monitoring
520,27-2041.00,Writing
520,27-2041.00,Microsoft PowerPoint
520,27-2041.00,Reading Comprehension
520,27-2041.00,Microsoft Office software
521,51-9083.00,Microsoft Outlook
521,51-9083.00,Critical Thinking
521,51-9083.00,Microsoft Office software
521,51-9083.00,Microsoft Word
522,27-2041.00,Active Learning
522,27-2041.00,Microsoft Outlook
522,27-2041.00,Monitoring
522,27-2041.00,Microsoft Office software
522,27-2041.00,Critical Thinking
522,27-2041.00,Microsoft Word
522,27-2041.00,Active Listening
522,27-2041.00,Speaking
522,27-2041.00,Microsoft Excel
523,53-3031.00,Writing
523,53-3031.00,Microsoft Excel
523,53-3031.00,Active Listening
524,51-9195.05,Critical Thinking
524,51-9195.05,Microsoft Excel
524,51-9195.05,Monitoring
525,51-9083.00,SAP software
525,51-9083.00,Critical Thinking
525,51-9083.00,Monitoring
525,51-9083.00,Microsoft Outlook
525,51-9083.00,Microsoft Office software
526,43-4051.00,Microsoft Office software
526,43-4051.00,Adobe Illustrator
526,43-4051.00,Microsoft Outlook
526,43-4051.00,Active Listening
526,43-4051.00,Intuit QuickBooks
526,43-4051.00,Writing
526,43-4051.00,Reading Comprehension
526,43-4051.00,Adobe Photoshop
526,43-4051.00,Kronos Workforce Timekeeper
527,53-3031.00,Active Listening
527,53-3031.00,Microsoft Office software
527,53-3031.00,Speaking
527,53-3031.00,Writing
529,15-1221.00,Active Learning
529,15-1221.00,Ansible software
529,15-1221.00,Speaking
529,15-1221.00,Monitoring
529,15-1221.00,Apache Spark
529,15-1221.00,Go
529,15-1221.00,Writing
529,15-1221.00,C
529,15-1221.00,Learning Strategies
529,15-1221.00,C++
529,15-1221.00,GitHub
529,15-1221.00,Critical Thinking
529,15-1221.00,Apache Kafka
530,51-9083.00,Monitoring
530,51-9083.00,Reading Comprehension
530,51-9083.00,Microsoft Excel
530,51-9083.00,Microsoft Word
530,51-9083.00,Microsoft Office software
531,47-1011.03,Reading Comprehension
531,47-1011.03,Active Listening
531,47-1011.03,Autodesk Revit
531,47-1011.03,Microsoft Word
531,47-1011.03,Monitoring
531,47-1011.03,Microsoft Office software
531,47-1011.03,Writing
531,47-1011.03,Critical Thinking
531,47-1011.03,Microsoft Windows
531,47-1011.03,Learning Strategies
531,47-1011.03,Active Learning
531,47-1011.03,Microsoft PowerPoint
531,47-1011.03,Mathematics
532,53-3031.00,Active Listening
532,53-3031.00,Microsoft Office software
532,53-3031.00,Speaking
532,53-3031.00,Critical Thinking
532,53-3031.00,Microsoft Excel
533,53-3031.00,Microsoft Office software
533,53-3031.00,Writing
533,53-3031.00,Microsoft Excel
533,53-3031.00,Reading Comprehension
534,53-3031.00,Critical Thinking
534,53-3031.00,Microsoft Excel
534,53-3031.00,Microsoft Office software
534,53-3031.00,Writing
534,53-3031.00,Reading Comprehension
536,51-9083.00,SAP software
536,51-9083.00,Microsoft Excel
536,51-9083.00,Microsoft Outlook
536,51-9083.00,Microsoft PowerPoint
536,51-9083.00,Reading Comprehension
536,51-9083.00,Critical Thinking
536,51-9083.00,Microsoft Office software
538,51-9083.00,Critical Thinking
538,51-9083.00,Microsoft Office software
538,51-9083.00,Microsoft Word
538,51-9083.00,Microsoft Outlook
538,51-9083.00,Reading Comprehension
538,51-9083.00,Microsoft PowerPoint
538,51-9083.00,Monitoring
538,51-9083.00,SAP software
543,51-9195.05,Microsoft Excel
543,51-9195.05,Active Listening
543,51-9195.05,Monitoring
544,15-1221.00,Apache Kafka
544,15-1221.00,Reading Comprehension
544,15-1221.00,Writing
544,15-1221.00,Learning Strategies
544,15-1221.00,Bash
544,15-1221.00,GitHub
544,15-1221.00,Amazon Web Services AWS software
544,15-1221.00,Docker
544,15-1221.00,Ansible software
544,15-1221.00,Active Listening
544,15-1221.00,Apache Hadoop
544,15-1221.00,Critical Thinking
544,15-1221.00,Active Learning
544,15-1221.00,Mathematics
544,15-1221.00,C
544,15-1221.00,Go
544,15-1221.00,Apache Spark
546,47-1011.03,Microsoft Office software
546,47-1011.03,Microsoft Project
546,47-1011.03,Active Listening
546,47-1011.03,Active Learning
546,47-1011.03,Microsoft Windows
546,47-1011.03,Microsoft Visio
546,47-1011.03,Autodesk AutoCAD
546,47-1011.03,Microsoft PowerPoint
546,47-1011.03,Speaking
546,47-1011.03,Microsoft Excel
546,47-1011.03,Critical Thinking
546,47-1011.03,Reading Comprehension
547,15-1221.00,Writing
547,15-1221.00,Apache Kafka
547,15-1221.00,Amazon Web Services AWS software
547,15-1221.00,Apache Hadoop
547,15-1221.00,Docker
547,15-1221.00,Apache Spark
547,15-1221.00,Speaking
547,15-1221.00,Mathematics
547,15-1221.00,Active Listening
547,15-1221.00,Go
547,15-1221.00,Git
547,15-1221.00,GitHub
547,15-1221.00,C
547,15-1221.00,Monitoring
547,15-1221.00,Bash
547,15-1221.00,Learning Strategies
548,51-9195.05,Monitoring
548,51-9195.05,Microsoft Excel
548,51-9195.05,Critical Thinking
549,47-1011.03,Microsoft Project
549,47-1011.03,Learning Strategies
549,47-1011.03,Monitoring
549,47-1011.03,Microsoft Word
549,47-1011.03,Microsoft PowerPoint
549,47-1011.03,Microsoft Visio
549,47-1011.03,Reading Comprehension
549,47-1011.03,Autodesk AutoCAD Civil 3D
549,47-1011.03,Speaking
549,47-1011.03,Active Listening
549,47-1011.03,Active Learning
549,47-1011.03,Writing
550,51-9195.05,Microsoft Outlook
550,51-9195.05,Active Listening
551,43-4051.00,Google Docs
551,43-4051.00,Reading Comprehension
551,43-4051.00,Adobe Photoshop
551,43-4051.00,Active Listening
551,43-4051.00,Adobe Illustrator
551,43-4051.00,Critical Thinking
551,43-4051.00,Adobe Creative Cloud software
551,43-4051.00,Apple macOS
551,43-4051.00,Microsoft Excel
554,41-4012.00,Active Listening
554,41-4012.00,Adobe InDesign
554,41-4012.00,Autodesk AutoCAD
554,41-4012.00,Monitoring
554,41-4012.00,Apple macOS
554,41-4012.00,Adobe Acrobat
554,41-4012.00,Writing
554,41-4012.00,Speaking
554,41-4012.00,Salesforce software
554,41-4012.00,Critical Thinking
554,41-4012.00,Adobe Illustrator
554,41-4012.00,Active Learning
554,41-4012.00,Reading Comprehension
555,41-4012.00,Microsoft Excel
555,41-4012.00,Adobe InDesign
555,41-4012.00,Critical Thinking
555,41-4012.00,Salesforce software
555,41-4012.00,Writing
555,41-4012.00,Adobe Illustrator
555,41-4012.00,Speaking
555,41-4012.00,Microsoft Outlook
555,41-4012.00,Microsoft Office software
555,41-4012.00,Adobe Acrobat
555,41-4012.00,Adobe Photoshop
556,51-9083.00,Microsoft Office software
556,51-9083.00,Monitoring
556,51-9083.00,Microsoft Excel
556,51-9083.00,Microsoft Outlook
558,47-1011.03,Monitoring
558,47-1011.03,Writing
558,47-1011.03,Autodesk AutoCAD Civil 3D
558,47-1011.03,Critical Thinking
558,47-1011.03,Reading Comprehension
558,47-1011.03,Microsoft Windows
558,47-1011.03,Microsoft Outlook
558,47-1011.03,Microsoft PowerPoint
558,47-1011.03,Oracle Primavera Enterprise Project Portfolio Management
558,47-1011.03,Microsoft Visio
558,47-1011.03,Microsoft Project
558,47-1011.03,Autodesk AutoCAD
558,47-1011.03,Active Learning
558,47-1011.03,Autodesk Revit
558,47-1011.03,Microsoft Office software
560,15-1221.00,Git
560,15-1221.00,Apache Kafka
560,15-1221.00,Go
560,15-1221.00,C++
560,15-1221.00,C
560,15-1221.00,Docker
560,15-1221.00,GitHub
560,15-1221.00,Monitoring
560,15-1221.00,Active Listening
560,15-1221.00,Speaking
560,15-1221.00,Apache Spark
560,15-1221.00,Active Learning
560,15-1221.00,Apache Hadoop
560,15-1221.00,Bash
562,51-9083.00,Reading Comprehension
562,51-9083.00,Critical Thinking
562,51-9083.00,Microsoft Outlook
562,51-9083.00,SAP software
564,27-2041.00,Microsoft Excel
564,27-2041.00,Critical Thinking
564,27-2041.00,Microsoft PowerPoint
564,27-2041.00,Writing
564,27-2041.00,Active Listening
564,27-2041.00,Microsoft Office software
565,15-1221.00,Go
565,15-1221.00,Speaking
565,15-1221.00,Ansible software
565,15-1221.00,Amazon Web Services AWS software
565,15-1221.00,Git
565,15-1221.00,C
565,15-1221.00,C++
565,15-1221.00,Active Learning
565,15-1221.00,Apache Spark
565,15-1221.00,Writing
565,15-1221.00,Learning Strategies
565,15-1221.00,Reading Comprehension
565,15-1221.00,Docker
565,15-1221.00,Mathematics
566,43-4161.00,Google Docs
566,43-4161.00,Speaking
566,43-4161.00,Oracle PeopleSoft
566,43-4161.00,Microsoft Access
566,43-4161.00,Critical Thinking
566,43-4161.00,Monitoring
566,43-4161.00,Microsoft SharePoint
566,43-4161.00,Active Learning
566,43-4161.00,Microsoft PowerPoint
566,43-4161.00,Applicant tracking software
566,43-4161.00,Microsoft Word
566,43-4161.00,Active Listening
567,53-3031.00,Writing
567,53-3031.00,Critical Thinking
567,53-3031.00,Microsoft Excel
567,53-3031.00,Microsoft Office software
567,53-3031.00,Active Listening
568,47-1011.03,Microsoft Visio
568,47-1011.03,Microsoft Office software
568,47-1011.03,Autodesk AutoCAD
568,47-1011.03,Microsoft Project
568,47-1011.03,Microsoft Windows
568,47-1011.03,Microsoft Excel
568,47-1011.03,Writing
568,47-1011.03,Critical Thinking
568,47-1011.03,Learning Strategies
568,47-1011.03,Oracle Primavera Enterprise Project Portfolio Management
568,47-1011.03,Mathematics
568,47-1011.03,Autodesk Revit
569,47-1011.03,Reading Comprehension
569,47-1011.03,Microsoft Windows
569,47-1011.03,Microsoft Outlook
569,47-1011.03,Microsoft Excel
569,47-1011.03,Monitoring
569,47-1011.03,Critical Thinking
569,47-1011.03,Microsoft Office software
569,47-1011.03,Autodesk Revit
569,47-1011.03,Autodesk AutoCAD
569,47-1011.03,Mathematics
569,47-1011.03,Microsoft Project
571,51-9083.00,Reading Comprehension
571,51-9083.00,Microsoft Word
571,51-9083.00,Monitoring
571,51-9083.00,Critical Thinking
573,53-3031.00,Speaking
573,53-3031.00,Microsoft Office software
573,53-3031.00,Microsoft Excel
573,53-3031.00,Critical Thinking
574,51-9195.05,Active Listening
574,51-9195.05,Monitoring
574,51-9195.05,Microsoft Excel
574,51-9195.05,Critical Thinking
575,27-2041.00,Reading Comprehension
575,27-2041.00,Critical Thinking
575,27-2041.00,Microsoft Outlook
575,27-2041.00,Microsoft PowerPoint
575,27-2041.00,Microsoft Office software
575,27-2041.00,Microsoft Excel
575,27-2041.00,Writing
575,27-2041.00,Active Learning
575,27-2041.00,Monitoring
575,27-2041.00,Active Listening
577,51-9083.00,Monitoring
577,51-9083.00,Reading Comprehension
577,51-9083.00,Microsoft Office software
577,51-9083.00,Microsoft Excel
577,51-9083.00,Microsoft PowerPoint
578,51-9083.00,Microsoft Excel
578,51-9083.00,Monitoring
578,51-9083.00,Microsoft Office software
578,51-9083.00,Microsoft PowerPoint
578,51-9083.00,Critical Thinking
579,15-1221.00,Apache Hadoop
579,15-1221.00,Git
579,15-1221.00,C++
579,15-1221.00,Science
579,15-1221.00,Apache Kafka
579,15-1221.00,Mathematics
579,15-1221.00,Amazon Web Services AWS software
579,15-1221.00,Learning Strategies
579,15-1221.00,Active Learning
579,15-1221.00,C
579,15-1221.00,Monitoring
580,53-3031.00,Active Listening
580,53-3031.00,Critical Thinking
580,53-3031.00,Writing
580,53-3031.00,Microsoft Office software
581,51-9195.05,Monitoring
581,51-9195.05,Microsoft Excel
581,51-9195.05,Active Listening
581,51-9195.05,Critical Thinking
582,47-1011.03,Mathematics
582,47-1011.03,Learning Strategies
582,47-1011.03,Microsoft Excel
582,47-1011.03,Active Listening
582,47-1011.03,Microsoft Office software
582,47-1011.03,Microsoft Project
582,47-1011.03,Active Learning
582,47-1011.03,Speaking
582,47-1011.03,Monitoring
582,47-1011.03,Microsoft Windows
584,51-9083.00,Microsoft Outlook
584,51-9083.00,Critical Thinking
584,51-9083.00,Monitoring
584,51-9083.00,Microsoft Excel
584,51-9083.00,Reading Comprehension
585,41-4012.00,Active Listening
585,41-4012.00,Monitoring
585,41-4012.00,Apple macOS
585,41-4012.00,Adobe Acrobat
585,41-4012.00,Microsoft PowerPoint
585,41-4012.00,Reading Comprehension
585,41-4012.00,Microsoft Outlook
585,41-4012.00,Microsoft Excel
585,41-4012.00,Writing
585,41-4012.00,Salesforce software
586,43-4051.00,Reading Comprehension
586,43-4051.00,Writing
586,43-4051.00,Intuit QuickBooks
586,43-4051.00,Google Docs
586,43-4051.00,Monitoring
586,43-4051.00,Adobe Illustrator
586,43-4051.00,Adobe Creative Cloud software
586,43-4051.00,Microsoft Office software
586,43-4051.00,Facebook
587,43-4051.00,Speaking
587,43-4051.00,Adobe Acrobat
587,43-4051.00,Active Listening
587,43-4051.00,Microsoft Excel
587,43-4051.00,Adobe Creative Cloud software
587,43-4051.00,Monitoring
587,43-4051.00,Writing
587,43-4051.00,Critical Thinking
587,43-4051.00,Adobe Illustrator
587,43-4051.00,Google Docs
587,43-4051.00,Intuit QuickBooks
590,43-4161.00,Microsoft PowerPoint
590,43-4161.00,Microsoft Visio
590,43-4161.00,Microsoft Access
590,43-4161.00,Critical Thinking
590,43-4161.00,Microsoft Excel
590,43-4161.00,Microsoft Outlook
590,43-4161.00,Writing
590,43-4161.00,Active Learning
590,43-4161.00,Monitoring
590,43-4161.00,Applicant tracking software
591,51-9083.00,Microsoft Word
591,51-9083.00,Microsoft Office software
591,51-9083.00,Monitoring
591,51-9083.00,Microsoft PowerPoint
591,51-9083.00,Critical Thinking
591,51-9083.00,Microsoft Excel
592,53-3031.00,Writing
592,53-3031.00,Microsoft Office software
592,53-3031.00,Microsoft Excel
592,53-3031.00,Reading Comprehension
592,53-3031.00,Speaking
593,51-9083.00,Reading Comprehension
593,51-9083.00,Critical Thinking
593,51-9083.00,Microsoft PowerPoint
593,51-9083.00,Microsoft Word
593,51-9083.00,Microsoft Office software
593,51-9083.00,Monitoring
593,51-9083.00,SAP software
595,53-3031.00,Microsoft Excel
595,53-3031.00,Reading Comprehension
595,53-3031.00,Active Listening
595,53-3031.00,Microsoft Office software
597,47-1011.03,Monitoring
597,47-1011.03,Autodesk AutoCAD
597,47-1011.03,Microsoft Office software
597,47-1011.03,Microsoft Project
597,47-1011.03,Microsoft Visio
597,47-1011.03,Critical Thinking
597,47-1011.03,Reading Comprehension
597,47-1011.03,Autodesk Revit
597,47-1011.03,Writing
597,47-1011.03,Active Listening
597,47-1011.03,Autodesk AutoCAD Civil 3D
597,47-1011.03,Active Learning
597,47-1011.03,Microsoft Windows
597,47-1011.03,Microsoft Outlook
599,53-3031.00,Microsoft Office software
599,53-3031.00,Critical Thinking
599,53-3031.00,Microsoft Excel
599,53-3031.00,Speaking
599,53-3031.00,Reading Comprehension
600,53-3031.00,Speaking
600,53-3031.00,Microsoft Office software
600,53-3031.00,Microsoft Excel
600,53-3031.00,Reading Comprehension
600,53-3031.00,Writing
601,51-9195.05,Active Listening
601,51-9195.05,Microsoft Excel
601,51-9195.05,Microsoft Outlook
602,51-9083.00,Reading Comprehension
602,51-9083.00,Microsoft Word
602,51-9083.00,SAP software
602,51-9083.00,Microsoft PowerPoint
602,51-9083.00,Microsoft Outlook
602,51-9083.00,Microsoft Excel
602,51-9083.00,Microsoft Office software
604,53-3031.00,Speaking
604,53-3031.00,Microsoft Excel
604,53-3031.00,Microsoft Office software
604,53-3031.00,Reading Comprehension
604,53-3031.00,Writing
605,51-9195.05,Critical Thinking
605,51-9195.05,Microsoft Outlook
605,51-9195.05,Monitoring
606,53-3031.00,Microsoft Office software
606,53-3031.00,Microsoft Excel
606,53-3031.00,Speaking
606,53-3031.00,Writing
606,53-3031.00,Reading Comprehension
606,53-3031.00,Active Listening
608,43-4161.00,Google Docs
608,43-4161.00,Active Learning
608,43-4161.00,Microsoft Office software
608,43-4161.00,Critical Thinking
608,43-4161.00,Microsoft Visio
608,43-4161.00,Microsoft SharePoint
608,43-4161.00,Writing
608,43-4161.00,Microsoft Excel
608,43-4161.00,Reading Comprehension
608,43-4161.00,Active Listening
608,43-4161.00,Microsoft Outlook
608,43-4161.00,Applicant tracking software
608,43-4161.00,Speaking
608,43-4161.00,Microsoft Access
608,43-4161.00,Monitoring
611,51-9195.05,Microsoft Excel
611,51-9195.05,Critical Thinking
611,51-9195.05,Active Listening
612,27-2041.00,Active Listening
612,27-2041.00,Speaking
612,27-2041.00,Reading Comprehension
612,27-2041.00,Writing
612,27-2041.00,Active Learning
612,27-2041.00,Monitoring
612,27-2041.00,Microsoft Word
612,27-2041.00,Microsoft Excel
613,47-1011.03,Learning Strategies
613,47-1011.03,Microsoft Windows
613,47-1011.03,Critical Thinking
613,47-1011.03,Microsoft Outlook
613,47-1011.03,Speaking
613,47-1011.03,Writing
613,47-1011.03,Microsoft Office software
613,47-1011.03,Active Learning
613,47-1011.03,Microsoft Excel
613,47-1011.03,Mathematics
613,47-1011.03,Microsoft Project
613,47-1011.03,Oracle Primavera Enterprise Project Portfolio Management
613,47-1011.03,Autodesk AutoCAD
613,47-1011.03,Microsoft Visio
613,47-1011.03,Reading Comprehension
613,47-1011.03,Microsoft PowerPoint
613,47-1011.03,Active Listening
614,41-4012.00,Active Listening
614,41-4012.00,Critical Thinking
614,41-4012.00,Reading Comprehension
614,41-4012.00,Adobe Illustrator
614,41-4012.00,Salesforce software
614,41-4012.00,Speaking
614,41-4012.00,Adobe Acrobat
614,41-4012.00,Microsoft PowerPoint
614,41-4012.00,Microsoft Office software
614,41-4012.00,Autodesk AutoCAD
614,41-4012.00,Adobe InDesign
614,41-4012.00,Microsoft Outlook
614,41-4012.00,Active Learning
614,41-4012.00,Adobe Creative Cloud software
614,41-4012.00,Apple macOS
615,53-3031.00,Active Listening
615,53-3031.00,Reading Comprehension
615,53-3031.00,Writing
615,53-3031.00,Microsoft Office software
615,53-3031.00,Critical Thinking
616,43-4051.00,Reading Comprehension
616,43-4051.00,Microsoft Outlook
616,43-4051.00,Critical Thinking
616,43-4051.00,Active Listening
616,43-4051.00,Adobe Illustrator
616,43-4051.00,Adobe Photoshop
616,43-4051.00,Facebook
616,43-4051.00,Adobe Acrobat
616,43-4051.00,Speaking
616,43-4051.00,Microsoft Office software
616,43-4051.00,Kronos Workforce Timekeeper
616,43-4051.00,Adobe Creative Cloud software
618,53-3031.00,Microsoft Office software
618,53-3031.00,Microsoft Excel
618,53-3031.00,Critical Thinking
620,53-3031.00,Speaking
620,53-3031.00,Microsoft Excel
620,53-3031.00,Active Listening
620,53-3031.00,Critical Thinking
621,53-3031.00,Reading Comprehension
621,53-3031.00,Microsoft Office software
621,53-3031.00,Critical Thinking
621,53-3031.00,Active Listening
622,51-9083.00,Critical Thinking
622,51-9083.00,Microsoft Outlook
622,51-9083.00,SAP software
622,51-9083.00,Microsoft Excel
622,51-9083.00,Reading Comprehension
623,51-9195.05,Microsoft Excel
623,51-9195.05,Active Listening
623,51-9195.05,Monitoring
623,51-9195.05,Critical Thinking
624,43-4051.00,Adobe Photoshop
624,43-4051.00,Microsoft Excel
624,43-4051.00,Reading Comprehension
624,43-4051.00,Monitoring
624,43-4051.00,Microsoft Outlook
624,43-4051.00,Active Listening
624,43-4051.00,Speaking
624,43-4051.00,Critical Thinking
624,43-4051.00,Google Docs
624,43-4051.00,Facebook
624,43-4051.00,Kronos Workforce Timekeeper
624,43-4051.00,Apple macOS
624,43-4051.00,Adobe Illustrator
624,43-4051.00,Adobe Creative Cloud software
624,43-4051.00,Microsoft Office software
625,47-1011.03,Writing
625,47-1011.03,Oracle Primavera Enterprise Project Portfolio Management
625,47-1011.03,Microsoft PowerPoint
625,47-1011.03,Reading Comprehension
625,47-1011.03,Microsoft Project
625,47-1011.03,Microsoft Visio
625,47-1011.03,Active Listening
625,47-1011.03,Critical Thinking
625,47-1011.03,Active Learning
625,47-1011.03,Microsoft Office software
625,47-1011.03,Speaking
625,47-1011.03,Autodesk AutoCAD
626,53-3031.00,Active Listening
626,53-3031.00,Microsoft Excel
626,53-3031.00,Writing
626,53-3031.00,Critical Thinking
626,53-3031.00,Speaking
626,53-3031.00,Microsoft Office software
630,15-1221.00,Go
630,15-1221.00,Writing
630,15-1221.00,Active Learning
630,15-1221.00,GitHub
630,15-1221.00,Git
630,15-1221.00,Apache Hadoop
630,15-1221.00,Bash
630,15-1221.00,Apache Kafka
630,15-1221.00,Science
630,15-1221.00,Ansible software
630,15-1221.00,Active Listening
630,15-1221.00,Learning Strategies
630,15-1221.00,Mathematics
630,15-1221.00,Monitoring
630,15-1221.00,Docker
630,15-1221.00,C++
631,53-3031.00,Reading Comprehension
631,53-3031.00,Writing
631,53-3031.00,Microsoft Excel
631,53-3031.00,Active Listening
632,41-4012.00,Adobe Photoshop
632,41-4012.00,Adobe InDesign
632,41-4012.00,Reading Comprehension
632,41-4012.00,Adobe Illustrator
632,41-4012.00,Speaking
632,41-4012.00,Microsoft Office software
632,41-4012.00,Critical Thinking
632,41-4012.00,Microsoft PowerPoint
632,41-4012.00,Microsoft Outlook
632,41-4012.00,Salesforce software
634,43-4051.00,Adobe Creative Cloud software
634,43-4051.00,Facebook
634,43-4051.00,Microsoft Excel
634,43-4051.00,Adobe Acrobat
634,43-4051.00,Speaking
634,43-4051.00,Reading Comprehension
634,43-4051.00,Adobe Photoshop
634,43-4051.00,Microsoft Office software
634,43-4051.00,Kronos Workforce Timekeeper
634,43-4051.00,Writing
634,43-4051.00,Monitoring
635,51-9195.05,Critical Thinking
635,51-9195.05,Monitoring
635,51-9195.05,Microsoft Excel
638,27-2041.00,Microsoft PowerPoint
638,27-2041.00,Writing
638,27-2041.00,Learning Strategies
638,27-2041.00,Critical Thinking
638,27-2041.00,Active Learning
638,27-2041.00,Microsoft Excel
638,27-2041.00,Speaking
638,27-2041.00,Active Listening
638,27-2041.00,Reading Comprehension
638,27-2041.00,Microsoft Word
639,15-1221.00,Monitoring
639,15-1221.00,Apache Hadoop
639,15-1221.00,Mathematics
639,15-1221.00,Speaking
639,15-1221.00,Science
639,15-1221.00,Bash
639,15-1221.00,C
639,15-1221.00,Apache Spark
639,15-1221.00,Active Learning
639,15-1221.00,Amazon Web Services AWS software
639,15-1221.00,C++
639,15-1221.00,Learning Strategies
639,15-1221.00,Writing
639,15-1221.00,Go
639,15-1221.00,GitHub
641,53-3031.00,Active Listening
641,53-3031.00,Reading Comprehension
641,53-3031.00,Writing
643,51-9083.00,SAP software
643,51-9083.00,Reading Comprehension
643,51-9083.00,Microsoft Word
643,51-9083.00,Microsoft Office software
643,51-9083.00,Microsoft Outlook
644,47-1011.03,Monitoring
644,47-1011.03,Speaking
644,47-1011.03,Mathematics
644,47-1011.03,Writing
644,47-1011.03,Microsoft Excel
644,47-1011.03,Active Listening
644,47-1011.03,Autodesk AutoCAD
644,47-1011.03,Microsoft Windows
644,47-1011.03,Autodesk Revit
644,47-1011.03,Autodesk AutoCAD Civil 3D
644,47-1011.03,Critical Thinking
644,47-1011.03,Microsoft Visio
644,47-1011.03,Microsoft Project
644,47-1011.03,Microsoft Outlook
644,47-1011.03,Active Learning
644,47-1011.03,Microsoft Word
645,41-4012.00,Writing
645,41-4012.00,Microsoft PowerPoint
645,41-4012.00,Apple macOS
645,41-4012.00,Adobe Acrobat
645,41-4012.00,Microsoft Excel
645,41-4012.00,Speaking
645,41-4012.00,Reading Comprehension
645,41-4012.00,Autodesk AutoCAD
645,41-4012.00,Adobe Illustrator
645,41-4012.00,Microsoft Outlook
645,41-4012.00,Monitoring
645,41-4012.00,Adobe InDesign
645,41-4012.00,Microsoft Office software
645,41-4012.00,Active Learning
647,51-9083.00,Microsoft Office software
647,51-9083.00,Microsoft Excel
647,51-9083.00,Critical Thinking
647,51-9083.00,Microsoft PowerPoint
647,51-9083.00,Reading Comprehension
648,41-4012.00,Autodesk AutoCAD
648,41-4012.00,Adobe Creative Cloud software
648,41-4012.00,Speaking
648,41-4012.00,Reading Comprehension
648,41-4012.00,Adobe Photoshop
648,41-4012.00,Microsoft PowerPoint
648,41-4012.00,Microsoft Excel
648,41-4012.00,Active Learning
648,41-4012.00,Microsoft Office software
648,41-4012.00,Microsoft Outlook
649,15-1221.00,Apache Kafka
649,15-1221.00,Apache Spark
649,15-1221.00,Mathematics
649,15-1221.00,Active Learning
649,15-1221.00,Learning Strategies
649,15-1221.00,Monitoring
649,15-1221.00,Go
649,15-1221.00,Bash
649,15-1221.00,C
649,15-1221.00,Active Listening
649,15-1221.00,Ansible software
649,15-1221.00,Writing
649,15-1221.00,GitHub
649,15-1221.00,Critical Thinking
649,15-1221.00,Speaking
649,15-1221.00,C++
650,53-3031.00,Writing
650,53-3031.00,Speaking
650,53-3031.00,Active Listening
650,53-3031.00,Reading Comprehension
652,51-9083.00,Microsoft Outlook
652,51-9083.00,Microsoft PowerPoint
652,51-9083.00,Microsoft Word
652,51-9083.00,Reading Comprehension
652,51-9083.00,Microsoft Office software
653,53-3031.00,Speaking
653,53-3031.00,Reading Comprehension
653,53-3031.00,Microsoft Office software
653,53-3031.00,Active Listening
653,53-3031.00,Microsoft Excel
655,15-1221.00,Mathematics
655,15-1221.00,Active Learning
655,15-1221.00,Git
655,15-1221.00,Apache Spark
655,15-1221.00,Active Listening
655,15-1221.00,C
655,15-1221.00,Writing
655,15-1221.00,Reading Comprehension
655,15-1221.00,Critical Thinking
655,15-1221.00,Monitoring
655,15-1221.00,Amazon Web Services AWS software
655,15-1221.00,Docker
655,15-1221.00,Speaking
656,53-3031.00,Active Listening
656,53-3031.00,Critical Thinking
656,53-3031.00,Speaking
656,53-3031.00,Writing
657,15-1221.00,Apache Kafka
657,15-1221.00,Speaking
657,15-1221.00,Apache Hadoop
657,15-1221.00,GitHub
657,15-1221.00,C
657,15-1221.00,Active Listening
657,15-1221.00,Active Learning
657,15-1221.00,Go
657,15-1221.00,Amazon Web Services AWS software
657,15-1221.00,Critical Thinking
657,15-1221.00,Mathematics
657,15-1221.00,Docker
657,15-1221.00,Monitoring
657,15-1221.00,Writing
657,15-1221.00,Learning Strategies
657,15-1221.00,Apache Spark
657,15-1221.00,Git
657,15-1221.00,Ansible software
659,43-4051.00,Apple macOS
659,43-4051.00,Adobe Acrobat
659,43-4051.00,Adobe Photoshop
659,43-4051.00,Adobe Creative Cloud software
659,43-4051.00,Microsoft Office software
659,43-4051.00,Critical Thinking
659,43-4051.00,Microsoft Outlook
659,43-4051.00,Microsoft Excel
659,43-4051.00,Google Docs
659,43-4051.00,Intuit QuickBooks
659,43-4051.00,Facebook
661,27-2041.00,Microsoft Word
661,27-2041.00,Reading Comprehension
661,27-2041.00,Microsoft Excel
661,27-2041.00,Writing
661,27-2041.00,Learning Strategies
661,27-2041.00,Critical Thinking
662,15-1221.00,Go
662,15-1221.00,Science
662,15-1221.00,Learning Strategies
662,15-1221.00,Monitoring
662,15-1221.00,Amazon Web Services AWS software
662,15-1221.00,GitHub
662,15-1221.00,Writing
662,15-1221.00,Apache Hadoop
662,15-1221.00,Mathematics
662,15-1221.00,Critical Thinking
662,15-1221.00,Apache Spark
662,15-1221.00,Speaking
662,15-1221.00,Active Listening
662,15-1221.00,C
662,15-1221.00,Ansible software
662,15-1221.00,Git
662,15-1221.00,Apache Kafka
662,15-1221.00,C++
663,51-9083.00,Microsoft PowerPoint
663,51-9083.00,Microsoft Excel
663,51-9083.00,Critical Thinking
663,51-9083.00,Reading Comprehension
663,51-9083.00,Microsoft Office software
663,51-9083.00,Monitoring
663,51-9083.00,Microsoft Outlook
664,47-1011.03,Writing
664,47-1011.03,Microsoft PowerPoint
664,47-1011.03,Mathematics
664,47-1011.03,Microsoft Visio
664,47-1011.03,Monitoring
664,47-1011.03,Active Listening
664,47-1011.03,Autodesk AutoCAD
664,47-1011.03,Microsoft Excel
664,47-1011.03,Microsoft Outlook
664,47-1011.03,Autodesk AutoCAD Civil 3D
664,47-1011.03,Critical Thinking
664,47-1011.03,Microsoft Windows
664,47-1011.03,Microsoft Word
665,43-4161.00,Microsoft Office software
665,43-4161.00,Microsoft Access
665,43-4161.00,Applicant tracking software
665,43-4161.00,Active Listening
665,43-4161.00,Google Docs
665,43-4161.00,Oracle PeopleSoft
665,43-4161.00,Microsoft Visio
665,43-4161.00,Monitoring
665,43-4161.00,Microsoft Excel
665,43-4161.00,Microsoft SharePoint
666,41-4012.00,Active Listening
666,41-4012.00,Salesforce software
666,41-4012.00,Critical Thinking
666,41-4012.00,Microsoft PowerPoint
666,41-4012.00,Speaking
666,41-4012.00,Apple macOS
666,41-4012.00,Active Learning
666,41-4012.00,Writing
666,41-4012.00,Monitoring
666,41-4012.00,Adobe Creative Cloud software
666,41-4012.00,Microsoft Office software
666,41-4012.00,Microsoft Excel
666,41-4012.00,Adobe Illustrator
667,41-4012.00,Microsoft Office software
667,41-4012.00,Adobe Illustrator
667,41-4012.00,Adobe Creative Cloud software
667,41-4012.00,Writing
667,41-4012.00,Apple macOS
667,41-4012.00,Reading Comprehension
667,41-4012.00,Speaking
667,41-4012.00,Microsoft Outlook
667,41-4012.00,Salesforce software
667,41-4012.00,Microsoft Excel
667,41-4012.00,Critical Thinking
667,41-4012.00,Active Learning
669,41-4012.00,Critical Thinking
669,41-4012.00,Microsoft Office software
669,41-4012.00,Salesforce software
669,41-4012.00,Writing
669,41-4012.00,Active Learning
669,41-4012.00,Autodesk AutoCAD
669,41-4012.00,Adobe Creative Cloud software
669,41-4012.00,Microsoft Outlook
669,41-4012.00,Adobe Illustrator
669,41-4012.00,Active Listening
669,41-4012.00,Adobe Photoshop
669,41-4012.00,Monitoring
669,41-4012.00,Adobe InDesign
669,41-4012.00,Apple macOS
671,47-1011.03,Microsoft Outlook
671,47-1011.03,Microsoft PowerPoint
671,47-1011.03,Reading Comprehension
671,47-1011.03,Autodesk AutoCAD Civil 3D
671,47-1011.03,Microsoft Visio
671,47-1011.03,Active Learning
671,47-1011.03,Active Listening
671,47-1011.03,Microsoft Excel
671,47-1011.03,Mathematics
671,47-1011.03,Writing
671,47-1011.03,Speaking
671,47-1011.03,Microsoft Windows
675,15-1221.00,Amazon Web Services AWS software
675,15-1221.00,C++
675,15-1221.00,C
675,15-1221.00,Apache Hadoop
675,15-1221.00,Docker
675,15-1221.00,Apache Spark
675,15-1221.00,Learning Strategies
675,15-1221.00,Active Learning
675,15-1221.00,Git
675,15-1221.00,Speaking
675,15-1221.00,Critical Thinking
675,15-1221.00,Science
675,15-1221.00,Writing
675,15-1221.00,Active Listening
675,15-1221.00,Reading Comprehension
675,15-1221.00,GitHub
675,15-1221.00,Apache Kafka
677,53-3031.00,Speaking
677,53-3031.00,Microsoft Excel
677,53-3031.00,Microsoft Office software
677,53-3031.00,Writing
677,53-3031.00,Reading Comprehension
679,15-1221.00,C
679,15-1221.00,Bash
679,15-1221.00,Learning Strategies
679,15-1221.00,Amazon Web Services AWS software
679,15-1221.00,Science
679,15-1221.00,Mathematics
679,15-1221.00,Docker
679,15-1221.00,Apache Kafka
679,15-1221.00,Ansible software
679,15-1221.00,Speaking
679,15-1221.00,Reading Comprehension
679,15-1221.00,Go
679,15-1221.00,C++
680,15-1221.00,Science
680,15-1221.00,Apache Hadoop
680,15-1221.00,GitHub
680,15-1221.00,Docker
680,15-1221.00,Active Listening
680,15-1221.00,Bash
680,15-1221.00,Apache Spark
680,15-1221.00,Amazon Web Services AWS software
680,15-1221.00,C++
680,15-1221.00,Mathematics
680,15-1221.00,Apache Kafka
680,15-1221.00,Monitoring
680,15-1221.00,Speaking
680,15-1221.00,Git
682,53-3031.00,Microsoft Excel
682,53-3031.00,Critical Thinking
682,53-3031.00,Reading Comprehension
682,53-3031.00,Active Listening
683,15-1221.00,Apache Hadoop
683,15-1221.00,Go
683,15-1221.00,GitHub
683,15-1221.00,Active Learning
683,15-1221.00,Learning Strategies
683,15-1221.00,Science
683,15-1221.00,Bash
683,15-1221.00,Docker
683,15-1221.00,Mathematics
683,15-1221.00,Critical Thinking
683,15-1221.00,Apache Spark
684,53-3031.00,Reading Comprehension
684,53-3031.00,Microsoft Excel
684,53-3031.00,Active Listening
684,53-3031.00,Writing
686,51-9083.00,Monitoring
686,51-9083.00,SAP software
686,51-9083.00,Microsoft Excel
686,51-9083.00,Microsoft Outlook
686,51-9083.00,Microsoft Word
686,51-9083.00,Reading Comprehension
689,51-9195.05,Monitoring
689,51-9195.05,Microsoft Excel
689,51-9195.05,Microsoft Outlook
689,51-9195.05,Active Listening
690,53-3031.00,Critical Thinking
690,53-3031.00,Writing
690,53-3031.00,Microsoft Office software
690,53-3031.00,Reading Comprehension
691,15-1221.00,C
691,15-1221.00,Docker
691,15-1221.00,Active Listening
691,15-1221.00,Writing
691,15-1221.00,C++
691,15-1221.00,Apache Kafka
691,15-1221.00,Critical Thinking
691,15-1221.00,Active Learning
691,15-1221.00,GitHub
691,15-1221.00,Apache Spark
691,15-1221.00,Reading Comprehension
691,15-1221.00,Monitoring
692,43-4051.00,Intuit QuickBooks
692,43-4051.00,Microsoft Outlook
692,43-4051.00,Kronos Workforce Timekeeper
692,43-4051.00,Critical Thinking
692,43-4051.00,Apple macOS
692,43-4051.00,Adobe Creative Cloud software
692,43-4051.00,Adobe Illustrator
692,43-4051.00,Google Docs
692,43-4051.00,Microsoft Excel
692,43-4051.00,Monitoring
692,43-4051.00,Adobe Photoshop
692,43-4051.00,Reading Comprehension
692,43-4051.00,Active Listening
692,43-4051.00,Facebook
698,43-4161.00,Monitoring
698,43-4161.00,Applicant tracking software
698,43-4161.00,Microsoft Access
698,43-4161.00,Google Docs
698,43-4161.00,Active Listening
698,43-4161.00,Oracle PeopleSoft
698,43-4161.00,Microsoft Excel
698,43-4161.00,Active Learning
698,43-4161.00,Critical Thinking
698,43-4161.00,Speaking
698,43-4161.00,Microsoft PowerPoint
698,43-4161.00,Oracle HRIS
699,51-9195.05,Microsoft Excel
699,51-9195.05,Critical Thinking
699,51-9195.05,Active Listening
700,15-1221.00,Science
700,15-1221.00,Git
700,15-1221.00,Speaking
700,15-1221.00,Reading Comprehension
700,15-1221.00,Learning Strategies
700,15-1221.00,Active Learning
700,15-1221.00,Critical Thinking
700,15-1221.00,Go
700,15-1221.00,Mathematics
700,15-1221.00,Amazon Web Services AWS software
700,15-1221.00,GitHub
700,15-1221.00,Bash
700,15-1221.00,Writing
700,15-1221.00,Active Listening
700,15-1221.00,Ansible software
701,15-1221.00,C++
701,15-1221.00,Bash
701,15-1221.00,Apache Spark
701,15-1221.00,Apache Hadoop
701,15-1221.00,Go
701,15-1221.00,Monitoring
701,15-1221.00,Critical Thinking
701,15-1221.00,Writing
701,15-1221.00,Docker
701,15-1221.00,Speaking
701,15-1221.00,Reading Comprehension
701,15-1221.00,Mathematics
701,15-1221.00,Active Listening
701,15-1221.00,Amazon Web Services AWS software
701,15-1221.00,C
702,15-1221.00,Bash
702,15-1221.00,Ansible software
702,15-1221.00,Docker
702,15-1221.00,Apache Kafka
702,15-1221.00,Science
702,15-1221.00,Active Learning
702,15-1221.00,C++
702,15-1221.00,Speaking
702,15-1221.00,Monitoring
702,15-1221.00,Git
702,15-1221.00,Mathematics
702,15-1221.00,Go
704,51-9083.00,Monitoring
704,51-9083.00,Reading Comprehension
704,51-9083.00,Microsoft PowerPoint
704,51-9083.00,Microsoft Outlook
704,51-9083.00,Microsoft Excel
704,51-9083.00,SAP software
705,15-1221.00,Active Learning
705,15-1221.00,Reading Comprehension
705,15-1221.00,Mathematics
705,15-1221.00,Ansible software
705,15-1221.00,Critical Thinking
705,15-1221.00,Learning Strategies
705,15-1221.00,Apache Spark
705,15-1221.00,Apache Hadoop
705,15-1221.00,Monitoring
705,15-1221.00,Speaking
705,15-1221.00,Science
705,15-1221.00,Apache Kafka
705,15-1221.00,Git
705,15-1221.00,C++
705,15-1221.00,Writing
705,15-1221.00,GitHub
705,15-1221.00,Active Listening
705,15-1221.00,Bash
707,53-3031.00,Critical Thinking
707,53-3031.00,Reading Comprehension
707,53-3031.00,Active Listening
707,53-3031.00,Speaking
707,53-3031.00,Microsoft Excel
707,53-3031.00,Microsoft Office software
709,53-3031.00,Reading Comprehension
709,53-3031.00,Active Listening
709,53-3031.00,Speaking
709,53-3031.00,Microsoft Excel
709,53-3031.00,Writing
710,15-1221.00,C++
710,15-1221.00,Critical Thinking
710,15-1221.00,Apache Hadoop
710,15-1221.00,Docker
710,15-1221.00,Active Listening
710,15-1221.00,Mathematics
710,15-1221.00,Monitoring
710,15-1221.00,Apache Kafka
710,15-1221.00,Amazon Web Services AWS software
710,15-1221.00,Learning Strategies
710,15-1221.00,Go
710,15-1221.00,Speaking
710,15-1221.00,C
710,15-1221.00,Bash
710,15-1221.00,Git
710,15-1221.00,Writing
710,15-1221.00,Science
710,15-1221.00,Reading Comprehension
712,53-3031.00,Reading Comprehension
712,53-3031.00,Writing
712,53-3031.00,Microsoft Excel
712,53-3031.00,Critical Thinking
712,53-3031.00,Speaking
714,53-3031.00,Microsoft Excel
714,53-3031.00,Active Listening
714,53-3031.00,Microsoft Office software
714,53-3031.00,Critical Thinking
714,53-3031.00,Reading Comprehension
715,15-1221.00,C
715,15-1221.00,Active Listening
715,15-1221.00,GitHub
715,15-1221.00,Speaking
715,15-1221.00,Git
715,15-1221.00,Amazon Web Services AWS software
715,15-1221.00,C++
715,15-1221.00,Ansible software
715,15-1221.00,Learning Strategies
715,15-1221.00,Go
715,15-1221.00,Docker
715,15-1221.00,Apache Kafka
715,15-1221.00,Apache Spark
715,15-1221.00,Mathematics
715,15-1221.00,Critical Thinking
715,15-1221.00,Writing
716,51-9083.00,SAP software
716,51-9083.00,Reading Comprehension
716,51-9083.00,Microsoft PowerPoint
716,51-9083.00,Microsoft Outlook
716,51-9083.00,Microsoft Excel
717,43-4051.00,Google Docs
717,43-4051.00,Kronos Workforce Timekeeper
717,43-4051.00,Adobe Illustrator
717,43-4051.00,Intuit QuickBooks
717,43-4051.00,Facebook
717,43-4051.00,Critical Thinking
717,43-4051.00,Microsoft Outlook
717,43-4051.00,Active Listening
717,43-4051.00,Apple macOS
717,43-4051.00,Speaking
717,43-4051.00,Monitoring
720,53-3031.00,Microsoft Excel
720,53-3031.00,Microsoft Office software
720,53-3031.00,Writing
720,53-3031.00,Reading Comprehension
721,43-4051.00,Facebook
721,43-4051.00,Microsoft Office software
721,43-4051.00,Active Listening
721,43-4051.00,Adobe Photoshop
721,43-4051.00,Adobe Illustrator
721,43-4051.00,Speaking
721,43-4051.00,Monitoring
721,43-4051.00,Apple macOS
721,43-4051.00,Adobe Acrobat
721,43-4051.00,Intuit QuickBooks
721,43-4051.00,Critical Thinking
721,43-4051.00,Adobe Creative Cloud software
722,53-3031.00,Microsoft Office software
722,53-3031.00,Writing
722,53-3031.00,Reading Comprehension
722,53-3031.00,Critical Thinking
722,53-3031.00,Speaking
723,53-3031.00,Reading Comprehension
723,53-3031.00,Microsoft Excel
723,53-3031.00,Speaking
723,53-3031.00,Microsoft Office software
724,43-4051.00,Adobe Creative Cloud software
724,43-4051.00,Writing
724,43-4051.00,Speaking
724,43-4051.00,Adobe Photoshop
724,43-4051.00,Adobe Illustrator
724,43-4051.00,Microsoft Office software
724,43-4051.00,Apple macOS
724,43-4051.00,Microsoft Excel
724,43-4051.00,Microsoft Outlook
724,43-4051.00,Intuit QuickBooks
724,43-4051.00,Facebook
725,51-9195.05,Critical Thinking
725,51-9195.05,Microsoft Excel
725,51-9195.05,Active Listening
725,51-9195.05,Microsoft Outlook
727,27-2041.00,Microsoft Word
727,27-2041.00,Reading Comprehension
727,27-2041.00,Active Learning
727,27-2041.00,Monitoring
727,27-2041.00,Critical Thinking
727,27-2041.00,Microsoft Excel
727,27-2041.00,Speaking
727,27-2041.00,Learning Strategies
727,27-2041.00,Microsoft Outlook
727,27-2041.00,Microsoft Office software
728,53-3031.00,Microsoft Office software
728,53-3031.00,Speaking
728,53-3031.00,Active Listening
728,53-3031.00,Reading Comprehension
729,53-3031.00,Critical Thinking
729,53-3031.00,Active Listening
729,53-3031.00,Reading Comprehension
729,53-3031.00,Writing
730,27-2041.00,Microsoft Word
730,27-2041.00,Active Listening
730,27-2041.00,Active Learning
730,27-2041.00,Microsoft Office software
730,27-2041.00,Reading Comprehension
730,27-2041.00,Microsoft Outlook
730,27-2041.00,Microsoft PowerPoint
730,27-2041.00,Microsoft Excel
730,27-2041.00,Speaking
730,27-2041.00,Critical Thinking
730,27-2041.00,Learning Strategies
731,47-1011.03,Autodesk AutoCAD
731,47-1011.03,Learning Strategies
731,47-1011.03,Active Learning
731,47-1011.03,Microsoft Office software
731,47-1011.03,Speaking
731,47-1011.03,Microsoft Visio
731,47-1011.03,Microsoft Outlook
731,47-1011.03,Microsoft Project
731,47-1011.03,Microsoft Windows
731,47-1011.03,Monitoring
731,47-1011.03,Mathematics
731,47-1011.03,Oracle Primavera Enterprise Project Portfolio Management
731,47-1011.03,Active Listening
731,47-1011.03,Writing
731,47-1011.03,Microsoft Excel
731,47-1011.03,Microsoft PowerPoint
732,53-3031.00,Reading Comprehension
732,53-3031.00,Microsoft Office software
732,53-3031.00,Speaking
732,53-3031.00,Writing
732,53-3031.00,Microsoft Excel
733,51-9195.05,Microsoft Outlook
733,51-9195.05,Monitoring
733,51-9195.05,Microsoft Excel
734,47-1011.03,Speaking
734,47-1011.03,Active Learning
734,47-1011.03,Microsoft Word
734,47-1011.03,Microsoft Excel
734,47-1011.03,Writing
734,47-1011.03,Autodesk Revit
734,47-1011.03,Microsoft Outlook
734,47-1011.03,Microsoft Windows
734,47-1011.03,Monitoring
734,47-1011.03,Critical Thinking
734,47-1011.03,Autodesk AutoCAD Civil 3D
738,41-4012.00,Adobe Creative Cloud software
738,41-4012.00,Monitoring
738,41-4012.00,Microsoft Excel
738,41-4012.00,Active Learning
738,41-4012.00,Critical Thinking
738,41-4012.00,Microsoft Outlook
738,41-4012.00,Active Listening
738,41-4012.00,Microsoft Office software
738,41-4012.00,Apple macOS
738,41-4012.00,Speaking
738,41-4012.00,Adobe Acrobat
741,15-1221.00,Apache Spark
741,15-1221.00,Critical Thinking
741,15-1221.00,Ansible software
741,15-1221.00,Writing
741,15-1221.00,C++
741,15-1221.00,Apache Kafka
741,15-1221.00,Monitoring
741,15-1221.00,Active Learning
741,15-1221.00,Active Listening
741,15-1221.00,Apache Hadoop
741,15-1221.00,Reading Comprehension
741,15-1221.00,Mathematics
741,15-1221.00,Speaking
741,15-1221.00,GitHub
741,15-1221.00,Docker
741,15-1221.00,Go
741,15-1221.00,Learning Strategies
742,27-2041.00,Microsoft Office software
742,27-2041.00,Active Learning
742,27-2041.00,Critical Thinking
742,27-2041.00,Monitoring
742,27-2041.00,Microsoft Word
742,27-2041.00,Learning Strategies
742,27-2041.00,Reading Comprehension
743,51-9195.05,Monitoring
743,51-9195.05,Microsoft Excel
743,51-9195.05,Critical Thinking
744,51-9083.00,Critical Thinking
744,51-9083.00,Microsoft Word
744,51-9083.00,Microsoft Excel
744,51-9083.00,Microsoft Outlook
744,51-9083.00,Microsoft PowerPoint
744,51-9083.00,Microsoft Office software
746,53-3031.00,Microsoft Excel
746,53-3031.00,Critical Thinking
746,53-3031.00,Active Listening
746,53-3031.00,Speaking
746,53-3031.00,Writing
747,53-3031.00,Critical Thinking
747,53-3031.00,Microsoft Excel
747,53-3031.00,Writing
747,53-3031.00,Microsoft Office software
749,41-4012.00,Salesforce software
749,41-4012.00,Microsoft Office software
749,41-4012.00,Microsoft PowerPoint
749,41-4012.00,Adobe Illustrator
749,41-4012.00,Writing
749,41-4012.00,Active Learning
749,41-4012.00,Monitoring
749,41-4012.00,Adobe Acrobat
749,41-4012.00,Active Listening
749,41-4012.00,Autodesk AutoCAD
749,41-4012.00,Microsoft Outlook
749,41-4012.00,Adobe Photoshop
749,41-4012.00,Reading Comprehension
752,15-1221.00,Mathematics
752,15-1221.00,Science
752,15-1221.00,Git
752,15-1221.00,Apache Kafka
752,15-1221.00,Active Listening
752,15-1221.00,Docker
752,15-1221.00,GitHub
752,15-1221.00,Critical Thinking
752,15-1221.00,Speaking
752,15-1221.00,Ansible software
752,15-1221.00,Apache Hadoop
752,15-1221.00,Apache Spark
754,53-3031.00,Microsoft Office software
754,53-3031.00,Active Listening
754,53-3031.00,Critical Thinking
754,53-3031.00,Reading Comprehension
754,53-3031.00,Speaking
754,53-3031.00,Microsoft Excel
757,43-4051.00,Active Listening
757,43-4051.00,Adobe Illustrator
757,43-4051.00,Speaking
757,43-4051.00,Writing
757,43-4051.00,Intuit QuickBooks
757,43-4051.00,Kronos Workforce Timekeeper
757,43-4051.00,Critical Thinking
757,43-4051.00,Microsoft Office software
757,43-4051.00,Google Docs
757,43-4051.00,Monitoring
757,43-4051.00,Microsoft Excel
757,43-4051.00,Adobe Acrobat
758,51-9083.00,Microsoft Word
758,51-9083.00,Monitoring
758,51-9083.00,SAP software
758,51-9083.00,Critical Thinking
758,51-9083.00,Microsoft Excel
760,43-4161.00,Writing
760,43-4161.00,Oracle HRIS
760,43-4161.00,Microsoft Visio
760,43-4161.00,Microsoft Word
760,43-4161.00,Active Learning
760,43-4161.00,Active Listening
760,43-4161.00,Microsoft PowerPoint
760,43-4161.00,Microsoft Office software
760,43-4161.00,Applicant tracking software
760,43-4161.00,Microsoft Excel
760,43-4161.00,Microsoft SharePoint
760,43-4161.00,Microsoft Access
760,43-4161.00,Google Docs
760,43-4161.00,Speaking
760,43-4161.00,Critical Thinking
760,43-4161.00,Microsoft Outlook
762,43-4051.00,Reading Comprehension
762,43-4051.00,Microsoft Outlook
762,43-4051.00,Microsoft Excel
762,43-4051.00,Active Listening
762,43-4051.00,Kronos Workforce Timekeeper
762,43-4051.00,Speaking
762,43-4051.00,Google Docs
762,43-4051.00,Monitoring
762,43-4051.00,Writing
762,43-4051.00,Adobe Acrobat
762,43-4051.00,Facebook
763,15-1221.00,Ansible software
763,15-1221.00,Docker
763,15-1221.00,Learning Strategies
763,15-1221.00,Critical Thinking
763,15-1221.00,Apache Hadoop
763,15-1221.00,GitHub
763,15-1221.00,Git
763,15-1221.00,Apache Spark
763,15-1221.00,C++
763,15-1221.00,Science
764,43-4051.00,Google Docs
764,43-4051.00,Kronos Workforce Timekeeper
764,43-4051.00,Speaking
764,43-4051.00,Adobe Acrobat
764,43-4051.00,Adobe Illustrator
764,43-4051.00,Microsoft Outlook
764,43-4051.00,Microsoft Excel
764,43-4051.00,Active Listening
764,43-4051.00,Facebook
764,43-4051.00,Monitoring
764,43-4051.00,Microsoft Office software
764,43-4051.00,Adobe Creative Cloud software
764,43-4051.00,Adobe Photoshop
764,43-4051.00,Apple macOS
766,41-4012.00,Adobe Photoshop
766,41-4012.00,Writing
766,41-4012.00,Microsoft Office software
766,41-4012.00,Adobe InDesign
766,41-4012.00,Adobe Creative Cloud software
766,41-4012.00,Reading Comprehension
766,41-4012.00,Critical Thinking
766,41-4012.00,Monitoring
766,41-4012.00,Adobe Acrobat
766,41-4012.00,Salesforce software
769,51-9083.00,Microsoft Word
769,51-9083.00,Microsoft Outlook
769,51-9083.00,Critical Thinking
769,51-9083.00,Monitoring
771,43-4051.00,Adobe Photoshop
771,43-4051.00,Reading Comprehension
771,43-4051.00,Kronos Workforce Timekeeper
771,43-4051.00,Adobe Creative Cloud software
771,43-4051.00,Monitoring
771,43-4051.00,Microsoft Office software
771,43-4051.00,Google Docs
771,43-4051.00,Speaking
771,43-4051.00,Apple macOS
771,43-4051.00,Writing
772,51-9083.00,Microsoft PowerPoint
772,51-9083.00,Monitoring
772,51-9083.00,Microsoft Word
772,51-9083.00,SAP software
772,51-9083.00,Critical Thinking
772,51-9083.00,Reading Comprehension
773,15-1221.00,Docker
773,15-1221.00,Monitoring
773,15-1221.00,GitHub
773,15-1221.00,C++
773,15-1221.00,Apache Hadoop
773,15-1221.00,Amazon Web Services AWS software
773,15-1221.00,C
773,15-1221.00,Active Listening
773,15-1221.00,Ansible software
773,15-1221.00,Apache Spark
773,15-1221.00,Speaking
773,15-1221.00,Apache Kafka
773,15-1221.00,Mathematics
775,51-9195.05,Critical Thinking
775,51-9195.05,Monitoring
775,51-9195.05,Active Listening
775,51-9195.05,Microsoft Outlook
776,47-1011.03,Mathematics
776,47-1011.03,Oracle Primavera Enterprise Project Portfolio Management
776,47-1011.03,Microsoft PowerPoint
776,47-1011.03,Autodesk Revit
776,47-1011.03,Microsoft Excel
776,47-1011.03,Learning Strategies
776,47-1011.03,Reading Comprehension
776,47-1011.03,Active Listening
776,47-1011.03,Microsoft Visio
780,15-1221.00,Apache Spark
780,15-1221.00,Go
780,15-1221.00,Speaking
780,15-1221.00,Amazon Web Services AWS software
780,15-1221.00,Docker
780,15-1221.00,Science
780,15-1221.00,Writing
780,15-1221.00,Active Listening
780,15-1221.00,Monitoring
780,15-1221.00,Apache Hadoop
781,53-3031.00,Reading Comprehension
781,53-3031.00,Speaking
781,53-3031.00,Microsoft Office software
781,53-3031.00,Writing
783,41-4012.00,Reading Comprehension
783,41-4012.00,Critical Thinking
783,41-4012.00,Active Listening
783,41-4012.00,Autodesk AutoCAD
783,41-4012.00,Microsoft PowerPoint
783,41-4012.00,Adobe Creative Cloud software
783,41-4012.00,Microsoft Office software
783,41-4012.00,Speaking
783,41-4012.00,Apple macOS
783,41-4012.00,Active Learning
784,15-1221.00,Learning Strategies
784,15-1221.00,Speaking
784,15-1221.00,Mathematics
784,15-1221.00,Bash
784,15-1221.00,Ansible software
784,15-1221.00,GitHub
784,15-1221.00,Reading Comprehension
784,15-1221.00,C++
784,15-1221.00,Monitoring
784,15-1221.00,Critical Thinking
784,15-1221.00,Apache Hadoop
784,15-1221.00,C
784,15-1221.00,Writing
784,15-1221.00,Science
784,15-1221.00,Amazon Web Services AWS software
784,15-1221.00,Active Listening
784,15-1221.00,Docker
784,15-1221.00,Active Learning
785,53-3031.00,Active Listening
785,53-3031.00,Reading Comprehension
785,53-3031.00,Microsoft Office software
785,53-3031.00,Critical Thinking
785,53-3031.00,Speaking
786,53-3031.00,Critical Thinking
786,53-3031.00,Active Listening
786,53-3031.00,Writing
786,53-3031.00,Speaking
787,47-1011.03,Critical Thinking
787,47-1011.03,Monitoring
787,47-1011.03,Microsoft Windows
787,47-1011.03,Microsoft Project
787,47-1011.03,Reading Comprehension
787,47-1011.03,Learning Strategies
787,47-1011.03,Autodesk AutoCAD Civil 3D
787,47-1011.03,Microsoft Word
787,47-1011.03,Speaking
787,47-1011.03,Microsoft Office software
787,47-1011.03,Microsoft PowerPoint
789,53-3031.00,Active Listening
789,53-3031.00,Microsoft Excel
789,53-3031.00,Writing
789,53-3031.00,Reading Comprehension
791,15-1221.00,Go
791,15-1221.00,Monitoring
791,15-1221.00,Speaking
791,15-1221.00,C
791,15-1221.00,Learning Strategies
791,15-1221.00,C++
791,15-1221.00,Apache Kafka
791,15-1221.00,Critical Thinking
791,15-1221.00,Science
791,15-1221.00,Docker
791,15-1221.00,GitHub
791,15-1221.00,Writing
791,15-1221.00,Mathematics
791,15-1221.00,Active Listening
791,15-1221.00,Apache Hadoop
792,51-9083.00,Microsoft Excel
792,51-9083.00,Monitoring
792,51-9083.00,Microsoft Word
792,51-9083.00,Microsoft Office software
792,51-9083.00,Microsoft PowerPoint
792,51-9083.00,Microsoft Outlook
792,51-9083.00,SAP software
793,43-4051.00,Writing
793,43-4051.00,Microsoft Outlook
793,43-4051.00,Adobe Creative Cloud software
793,43-4051.00,Facebook
793,43-4051.00,Microsoft Excel
793,43-4051.00,Reading Comprehension
793,43-4051.00,Speaking
793,43-4051.00,Adobe Acrobat
793,43-4051.00,Critical Thinking
793,43-4051.00,Apple macOS
793,43-4051.00,Adobe Illustrator
793,43-4051.00,Adobe Photoshop
793,43-4051.00,Google Docs
796,53-3031.00,Writing
796,53-3031.00,Critical Thinking
796,53-3031.00,Microsoft Office software
796,53-3031.00,Microsoft Excel
796,53-3031.00,Reading Comprehension
797,15-1221.00,Reading Comprehension
797,15-1221.00,Critical Thinking
797,15-1221.00,Apache Kafka
797,15-1221.00,Monitoring
797,15-1221.00,Speaking
797,15-1221.00,Bash
797,15-1221.00,Apache Hadoop
797,15-1221.00,Active Learning
797,15-1221.00,Amazon Web Services AWS software
797,15-1221.00,Science
797,15-1221.00,C
797,15-1221.00,Apache Spark
799,51-9195.05,Microsoft Outlook
799,51-9195.05,Microsoft Excel
799,51-9195.05,Active Listening
800,53-3031.00,Speaking
800,53-3031.00,Microsoft Office software
800,53-3031.00,Reading Comprehension
800,53-3031.00,Active Listening
802,15-1221.00,Learning Strategies
802,15-1221.00,Active Learning
802,15-1221.00,Active Listening
802,15-1221.00,Critical Thinking
802,15-1221.00,Apache Hadoop
802,15-1221.00,Mathematics
802,15-1221.00,Writing
802,15-1221.00,Amazon Web Services AWS software
802,15-1221.00,Apache Kafka
802,15-1221.00,Speaking
802,15-1221.00,Reading Comprehension
802,15-1221.00,C
802,15-1221.00,Ansible software
803,51-9195.05,Monitoring
803,51-9195.05,Active Listening
803,51-9195.05,Critical Thinking
804,15-1221.00,Git
804,15-1221.00,Docker
804,15-1221.00,Critical Thinking
804,15-1221.00,Mathematics
804,15-1221.00,Learning Strategies
804,15-1221.00,Active Learning
804,15-1221.00,C
804,15-1221.00,GitHub
804,15-1221.00,Monitoring
804,15-1221.00,Apache Hadoop
804,15-1221.00,C++
804,15-1221.00,Apache Spark
804,15-1221.00,Bash
804,15-1221.00,Writing
804,15-1221.00,Ansible software
804,15-1221.00,Science
805,41-4012.00,Microsoft Office software
805,41-4012.00,Adobe InDesign
805,41-4012.00,Autodesk AutoCAD
805,41-4012.00,Adobe Illustrator
805,41-4012.00,Reading Comprehension
805,41-4012.00,Monitoring
805,41-4012.00,Adobe Acrobat
805,41-4012.00,Microsoft Excel
805,41-4012.00,Writing
805,41-4012.00,Active Learning
805,41-4012.00,Adobe Photoshop
805,41-4012.00,Critical Thinking
805,41-4012.00,Adobe Creative Cloud software
805,41-4012.00,Microsoft PowerPoint
806,51-9083.00,SAP software
806,51-9083.00,Microsoft Office software
806,51-9083.00,Reading Comprehension
806,51-9083.00,Critical Thinking
806,51-9083.00,Monitoring
806,51-9083.00,Microsoft Word
806,51-9083.00,Microsoft Outlook
807,43-4051.00,Speaking
807,43-4051.00,Microsoft Office software
807,43-4051.00,Adobe Creative Cloud software
807,43-4051.00,Adobe Photoshop
807,43-4051.00,Microsoft Outlook
807,43-4051.00,Reading Comprehension
807,43-4051.00,Intuit QuickBooks
807,43-4051.00,Critical Thinking
807,43-4051.00,Writing
807,43-4051.00,Kronos Workforce Timekeeper
807,43-4051.00,Apple macOS
807,43-4051.00,Google Docs
807,43-4051.00,Facebook
808,53-3031.00,Microsoft Office software
808,53-3031.00,Active Listening
808,53-3031.00,Speaking
808,53-3031.00,Microsoft Excel
809,47-1011.03,Reading Comprehension
809,47-1011.03,Microsoft Excel
809,47-1011.03,Microsoft Office software
809,47-1011.03,Microsoft Visio
809,47-1011.03,Microsoft Word
809,47-1011.03,Microsoft Windows
809,47-1011.03,Monitoring
809,47-1011.03,Microsoft Project
809,47-1011.03,Speaking
809,47-1011.03,Learning Strategies
809,47-1011.03,Autodesk Revit
809,47-1011.03,Critical Thinking
809,47-1011.03,Autodesk AutoCAD Civil 3D
809,47-1011.03,Active Listening
809,47-1011.03,Writing
809,47-1011.03,Oracle Primavera Enterprise Project Portfolio Management
809,47-1011.03,Autodesk AutoCAD
809,47-1011.03,Microsoft Outlook
811,51-9083.00,Microsoft Outlook
811,51-9083.00,Microsoft PowerPoint
811,51-9083.00,Microsoft Excel
811,51-9083.00,Reading Comprehension
811,51-9083.00,Monitoring
811,51-9083.00,SAP software
811,51-9083.00,Critical Thinking
812,51-9083.00,Monitoring
812,51-9083.00,Reading Comprehension
812,51-9083.00,SAP software
812,51-9083.00,Microsoft Excel
812,51-9083.00,Microsoft PowerPoint
813,51-9083.00,Microsoft Excel
813,51-9083.00,Microsoft Outlook
813,51-9083.00,Microsoft Word
813,51-9083.00,Microsoft Office software
813,51-9083.00,Reading Comprehension
813,51-9083.00,Monitoring
813,51-9083.00,Microsoft PowerPoint
815,27-2041.00,Monitoring
815,27-2041.00,Critical Thinking
815,27-2041.00,Microsoft PowerPoint
815,27-2041.00,Reading Comprehension
815,27-2041.00,Active Learning
815,27-2041.00,Speaking
815,27-2041.00,Microsoft Excel
815,27-2041.00,Microsoft Office software
816,51-9083.00,Critical Thinking
816,51-9083.00,Monitoring
816,51-9083.00,Microsoft Word
816,51-9083.00,Microsoft Outlook
816,51-9083.00,Reading Comprehension
817,27-2041.00,Microsoft Word
817,27-2041.00,Monitoring
817,27-2041.00,Active Learning
817,27-2041.00,Microsoft Excel
817,27-2041.00,Microsoft PowerPoint
817,27-2041.00,Critical Thinking
817,27-2041.00,Microsoft Office software
819,53-3031.00,Writing
819,53-3031.00,Microsoft Office software
819,53-3031.00,Critical Thinking
819,53-3031.00,Microsoft Excel
820,47-1011.03,Microsoft Outlook
820,47-1011.03,Active Learning
820,47-1011.03,Microsoft Excel
820,47-1011.03,Microsoft Office software
820,47-1011.03,Reading Comprehension
820,47-1011.03,Microsoft Word
820,47-1011.03,Speaking
820,47-1011.03,Microsoft Visio
820,47-1011.03,Mathematics
820,47-1011.03,Microsoft PowerPoint
820,47-1011.03,Monitoring
820,47-1011.03,Autodesk Revit
820,47-1011.03,Microsoft Project
820,47-1011.03,Learning Strategies
820,47-1011.03,Writing
823,51-9195.05,Microsoft Excel
823,51-9195.05,Microsoft Outlook
823,51-9195.05,Monitoring
824,15-1221.00,Docker
824,15-1221.00,Writing
824,15-1221.00,Git
824,15-1221.00,Learning Strategies
824,15-1221.00,Bash
824,15-1221.00,GitHub
824,15-1221.00,Apache Hadoop
824,15-1221.00,Speaking
824,15-1221.00,Active Learning
824,15-1221.00,Reading Comprehension
824,15-1221.00,Science
824,15-1221.00,Monitoring
825,27-2041.00,Microsoft Word
825,27-2041.00,Microsoft Outlook
825,27-2041.00,Critical Thinking
825,27-2041.00,Learning Strategies
825,27-2041.00,Speaking
825,27-2041.00,Microsoft Excel
825,27-2041.00,Microsoft Office software
825,27-2041.00,Writing
825,27-2041.00,Active Learning
825,27-2041.00,Monitoring
826,15-1221.00,C++
826,15-1221.00,Speaking
826,15-1221.00,Ansible software
826,15-1221.00,GitHub
826,15-1221.00,Learning Strategies
826,15-1221.00,Go
826,15-1221.00,Reading Comprehension
826,15-1221.00,C
826,15-1221.00,Monitoring
826,15-1221.00,Apache Spark
826,15-1221.00,Mathematics
826,15-1221.00,Science
827,51-9195.05,Microsoft Outlook
827,51-9195.05,Active Listening
827,51-9195.05,Monitoring
828,15-1221.00,Speaking
828,15-1221.00,Mathematics
828,15-1221.00,C
828,15-1221.00,Apache Hadoop
828,15-1221.00,C++
828,15-1221.00,Critical Thinking
828,15-1221.00,Go
828,15-1221.00,Apache Spark
828,15-1221.00,Reading Comprehension
828,15-1221.00,Amazon Web Services AWS software
828,15-1221.00,Monitoring
828,15-1221.00,Active Listening
828,15-1221.00,Bash
828,15-1221.00,Active Learning
828,15-1221.00,Docker
828,15-1221.00,Writing
828,15-1221.00,Learning Strategies
828,15-1221.00,Git
828,15-1221.00,GitHub
829,43-4161.00,Critical Thinking
829,43-4161.00,Writing
829,43-4161.00,Active Learning
829,43-4161.00,Microsoft Word
829,43-4161.00,Active Listening
829,43-4161.00,Oracle PeopleSoft
829,43-4161.00,Microsoft Access
829,43-4161.00,Speaking
829,43-4161.00,Google Docs
829,43-4161.00,Microsoft Visio
829,43-4161.00,Monitoring
829,43-4161.00,Microsoft Outlook
829,43-4161.00,Microsoft PowerPoint
829,43-4161.00,Reading Comprehension
830,51-9195.05,Active Listening
830,51-9195.05,Microsoft Outlook
830,51-9195.05,Monitoring
832,51-9083.00,Microsoft Office software
832,51-9083.00,Critical Thinking
832,51-9083.00,Monitoring
832,51-9083.00,Microsoft Outlook
832,51-9083.00,Microsoft Word
833,51-9195.05,Critical Thinking
833,51-9195.05,Active Listening
833,51-9195.05,Microsoft Outlook
833,51-9195.05,Monitoring
834,15-1221.00,Active Listening
834,15-1221.00,Critical Thinking
834,15-1221.00,C
834,15-1221.00,Apache Kafka
834,15-1221.00,Ansible software
834,15-1221.00,Bash
834,15-1221.00,Amazon Web Services AWS software
834,15-1221.00,Apache Hadoop
834,15-1221.00,Reading Comprehension
834,15-1221.00,Git
834,15-1221.00,C++
836,51-9195.05,Critical Thinking
836,51-9195.05,Microsoft Excel
836,51-9195.05,Microsoft Outlook
837,43-4051.00,Facebook
837,43-4051.00,Microsoft Excel
837,43-4051.00,Adobe Photoshop
837,43-4051.00,Writing
837,43-4051.00,Apple macOS
837,43-4051.00,Adobe Illustrator
837,43-4051.00,Google Docs
837,43-4051.00,Microsoft Office software
837,43-4051.00,Adobe Acrobat
837,43-4051.00,Intuit QuickBooks
837,43-4051.00,Reading Comprehension
837,43-4051.00,Adobe Creative Cloud software
837,43-4051.00,Monitoring
837,43-4051.00,Microsoft Outlook
838,15-1221.00,Active Learning
838,15-1221.00,Go
838,15-1221.00,Apache Kafka
838,15-1221.00,Git
838,15-1221.00,GitHub
838,15-1221.00,Science
838,15-1221.00,Amazon Web Services AWS software
838,15-1221.00,Critical Thinking
838,15-1221.00,Bash
838,15-1221.00,Mathematics
838,15-1221.00,Monitoring
838,15-1221.00,Speaking
838,15-1221.00,Active Listening
838,15-1221.00,Learning Strategies
838,15-1221.00,Apache Spark
840,53-3031.00,Microsoft Office software
840,53-3031.00,Writing
840,53-3031.00,Speaking
840,53-3031.00,Critical Thinking
842,53-3031.00,Writing
842,53-3031.00,Critical Thinking
842,53-3031.00,Reading Comprehension
842,53-3031.00,Microsoft Office software
843,27-2041.00,Writing
843,27-2041.00,Active Learning
843,27-2041.00,Microsoft PowerPoint
843,27-2041.00,Monitoring
843,27-2041.00,Microsoft Outlook
843,27-2041.00,Critical Thinking
843,27-2041.00,Learning Strategies
843,27-2041.00,Active Listening
843,27-2041.00,Reading Comprehension
843,27-2041.00,Microsoft Office software
844,27-2041.00,Writing
844,27-2041.00,Critical Thinking
844,27-2041.00,Microsoft Outlook
844,27-2041.00,Microsoft Excel
844,27-2041.00,Speaking
844,27-2041.00,Monitoring
844,27-2041.00,Microsoft PowerPoint
844,27-2041.00,Learning Strategies
844,27-2041.00,Active Listening
844,27-2041.00,Reading Comprehension
845,51-9195.05,Monitoring
845,51-9195.05,Critical Thinking
846,53-3031.00,Microsoft Excel
846,53-3031.00,Microsoft Office software
846,53-3031.00,Reading Comprehension
846,53-3031.00,Active Listening
847,43-4161.00,Microsoft Word
847,43-4161.00,Active Listening
847,43-4161.00,Microsoft Access
847,43-4161.00,Oracle PeopleSoft
847,43-4161.00,Active Learning
847,43-4161.00,Critical Thinking
847,43-4161.00,Google Docs
847,43-4161.00,Microsoft PowerPoint
847,43-4161.00,Microsoft Office software
847,43-4161.00,Writing
848,15-1221.00,Apache Hadoop
848,15-1221.00,Apache Kafka
848,15-1221.00,C++
848,15-1221.00,Mathematics
848,15-1221.00,Active Learning
848,15-1221.00,GitHub
848,15-1221.00,Apache Spark
848,15-1221.00,Monitoring
848,15-1221.00,Learning Strategies
848,15-1221.00,Amazon Web Services AWS software
848,15-1221.00,Bash
848,15-1221.00,Ansible software
850,15-1221.00,Git
850,15-1221.00,Writing
850,15-1221.00,Ansible software
850,15-1221.00,Speaking
850,15-1221.00,C
850,15-1221.00,Go
850,15-1221.00,Active Listening
850,15-1221.00,Apache Hadoop
850,15-1221.00,Apache Kafka
850,15-1221.00,Docker
850,15-1221.00,Amazon Web Services AWS software
850,15-1221.00,Bash
850,15-1221.00,Science
850,15-1221.00,Apache Spark
850,15-1221.00,GitHub
850,15-1221.00,Monitoring
851,47-1011.03,Autodesk AutoCAD Civil 3D
851,47-1011.03,Microsoft Excel
851,47-1011.03,Autodesk Revit
851,47-1011.03,Microsoft Outlook
851,47-1011.03,Monitoring
851,47-1011.03,Mathematics
851,47-1011.03,Microsoft Project
851,47-1011.03,Oracle Primavera Enterprise Project Portfolio Management
851,47-1011.03,Microsoft PowerPoint
851,47-1011.03,Critical Thinking
851,47-1011.03,Active Listening
851,47-1011.03,Learning Strategies
851,47-1011.03,Reading Comprehension
852,43-4051.00,Adobe Creative Cloud software
852,43-4051.00,Reading Comprehension
852,43-4051.00,Apple macOS
852,43-4051.00,Kronos Workforce Timekeeper
852,43-4051.00,Active Listening
852,43-4051.00,Critical Thinking
852,43-4051.00,Google Docs
852,43-4051.00,Writing
852,43-4051.00,Speaking
852,43-4051.00,Adobe Photoshop
852,43-4051.00,Microsoft Office software
852,43-4051.00,Intuit QuickBooks
852,43-4051.00,Adobe Illustrator
852,43-4051.00,Adobe Acrobat
854,15-1221.00,Mathematics
854,15-1221.00,Monitoring
854,15-1221.00,C
854,15-1221.00,Critical Thinking
854,15-1221.00,Reading Comprehension
854,15-1221.00,Go
854,15-1221.00,Science
854,15-1221.00,Active Learning
854,15-1221.00,Writing
854,15-1221.00,C++
854,15-1221.00,Amazon Web Services AWS software
854,15-1221.00,Apache Hadoop
854,15-1221.00,Apache Spark
854,15-1221.00,Apache Kafka
854,15-1221.00,GitHub
854,15-1221.00,Speaking
854,15-1221.00,Docker
854,15-1221.00,Bash
854,15-1221.00,Active Listening
855,53-3031.00,Critical Thinking
855,53-3031.00,Reading Comprehension
855,53-3031.00,Speaking
855,53-3031.00,Microsoft Excel
855,53-3031.00,Writing
856,15-1221.00,Critical Thinking
856,15-1221.00,Apache Hadoop
856,15-1221.00,Amazon Web Services AWS software
856,15-1221.00,Learning Strategies
856,15-1221.00,Apache Kafka
856,15-1221.00,C
856,15-1221.00,Bash
856,15-1221.00,Monitoring
856,15-1221.00,Apache Spark
856,15-1221.00,Go
856,15-1221.00,Writing
856,15-1221.00,Mathematics
856,15-1221.00,Speaking
856,15-1221.00,Git
856,15-1221.00,Reading Comprehension
856,15-1221.00,Active Learning
857,53-3031.00,Speaking
857,53-3031.00,Writing
857,53-3031.00,Reading Comprehension
859,53-3031.00,Active Listening
859,53-3031.00,Microsoft Excel
859,53-3031.00,Writing
859,53-3031.00,Microsoft Office software
859,53-3031.00,Speaking
861,15-1221.00,C++
861,15-1221.00,Git
861,15-1221.00,Active Listening
861,15-1221.00,Bash
861,15-1221.00,Science
861,15-1221.00,Apache Kafka
861,15-1221.00,Speaking
861,15-1221.00,C
861,15-1221.00,Amazon Web Services AWS software
861,15-1221.00,Apache Spark
861,15-1221.00,Ansible software
861,15-1221.00,Critical Thinking
861,15-1221.00,Docker
861,15-1221.00,Writing
861,15-1221.00,Go
861,15-1221.00,Apache Hadoop
861,15-1221.00,GitHub
861,15-1221.00,Learning Strategies
862,53-3031.00,Microsoft Office software
862,53-3031.00,Speaking
862,53-3031.00,Reading Comprehension
862,53-3031.00,Microsoft Excel
862,53-3031.00,Writing
862,53-3031.00,Active Listening
864,53-3031.00,Microsoft Excel
864,53-3031.00,Microsoft Office software
864,53-3031.00,Reading Comprehension
864,53-3031.00,Writing
864,53-3031.00,Critical Thinking
865,15-1221.00,Amazon Web Services AWS software
865,15-1221.00,Learning Strategies
865,15-1221.00,Apache Hadoop
865,15-1221.00,Reading Comprehension
865,15-1221.00,Apache Kafka
865,15-1221.00,Docker
865,15-1221.00,Go
865,15-1221.00,C++
865,15-1221.00,Science
865,15-1221.00,Git
865,15-1221.00,Bash
867,51-9195.05,Microsoft Excel
867,51-9195.05,Active Listening
867,51-9195.05,Monitoring
867,51-9195.05,Microsoft Outlook
868,53-3031.00,Reading Comprehension
868,53-3031.00,Critical Thinking
868,53-3031.00,Microsoft Office software
868,53-3031.00,Writing
868,53-3031.00,Active Listening
869,43-4161.00,Speaking
869,43-4161.00,Writing
869,43-4161.00,Monitoring
869,43-4161.00,Microsoft Visio
869,43-4161.00,Microsoft PowerPoint
869,43-4161.00,Microsoft Excel
869,43-4161.00,Microsoft Word
869,43-4161.00,Google Docs
869,43-4161.00,Critical Thinking
869,43-4161.00,Oracle HRIS
869,43-4161.00,Microsoft SharePoint
869,43-4161.00,Microsoft Office software
869,43-4161.00,Microsoft Outlook
869,43-4161.00,Active Learning
869,43-4161.00,Active Listening
872,51-9195.05,Active Listening
872,51-9195.05,Microsoft Excel
872,51-9195.05,Microsoft Outlook
872,51-9195.05,Critical Thinking
874,51-9083.00,Microsoft PowerPoint
874,51-9083.00,Microsoft Excel
874,51-9083.00,SAP software
874,51-9083.00,Microsoft Word
875,15-1221.00,Amazon Web Services AWS software
875,15-1221.00,Git
875,15-1221.00,Science
875,15-1221.00,Apache Hadoop
875,15-1221.00,Apache Kafka
875,15-1221.00,C++
875,15-1221.00,Mathematics
875,15-1221.00,Bash
875,15-1221.00,Active Listening
875,15-1221.00,Go
875,15-1221.00,GitHub
875,15-1221.00,Docker
878,43-4161.00,Microsoft Outlook
878,43-4161.00,Writing
878,43-4161.00,Oracle PeopleSoft
878,43-4161.00,Microsoft Word
878,43-4161.00,Microsoft Visio
878,43-4161.00,Oracle HRIS
878,43-4161.00,Monitoring
878,43-4161.00,Reading Comprehension
878,43-4161.00,Microsoft Access
879,53-3031.00,Speaking
879,53-3031.00,Reading Comprehension
879,53-3031.00,Writing
880,51-9195.05,Monitoring
880,51-9195.05,Microsoft Outlook
880,51-9195.05,Active Listening
881,15-1221.00,Science
881,15-1221.00,Critical Thinking
881,15-1221.00,Active Listening
881,15-1221.00,Amazon Web Services AWS software
881,15-1221.00,Mathematics
881,15-1221.00,Learning Strategies
881,15-1221.00,Docker
881,15-1221.00,Git
881,15-1221.00,Bash
881,15-1221.00,Reading Comprehension
881,15-1221.00,Apache Hadoop
882,51-9083.00,Microsoft PowerPoint
882,51-9083.00,Critical Thinking
882,51-9083.00,Microsoft Outlook
882,51-9083.00,Microsoft Word
882,51-9083.00,Microsoft Excel
885,53-3031.00,Reading Comprehension
885,53-3031.00,Microsoft Excel
885,53-3031.00,Speaking
887,15-1221.00,Reading Comprehension
887,15-1221.00,C++
887,15-1221.00,Apache Hadoop
887,15-1221.00,Science
887,15-1221.00,C
887,15-1221.00,Writing
887,15-1221.00,Ansible software
887,15-1221.00,Amazon Web Services AWS software
887,15-1221.00,Apache Kafka
887,15-1221.00,Active Learning
887,15-1221.00,Docker
888,51-9083.00,SAP software
888,51-9083.00,Critical Thinking
888,51-9083.00,Microsoft Word
888,51-9083.00,Microsoft Excel
888,51-9083.00,Microsoft PowerPoint
888,51-9083.00,Reading Comprehension
888,51-9083.00,Microsoft Outlook
889,53-3031.00,Active Listening
889,53-3031.00,Critical Thinking
889,53-3031.00,Reading Comprehension
889,53-3031.00,Microsoft Excel
893,41-4012.00,Active Learning
893,41-4012.00,Adobe Creative Cloud software
893,41-4012.00,Writing
893,41-4012.00,Adobe InDesign
893,41-4012.00,Adobe Acrobat
893,41-4012.00,Monitoring
893,41-4012.00,Adobe Photoshop
893,41-4012.00,Reading Comprehension
893,41-4012.00,Critical Thinking
893,41-4012.00,Salesforce software
893,41-4012.00,Microsoft Excel
893,41-4012.00,Microsoft Office software
893,41-4012.00,Microsoft Outlook
894,51-9083.00,Monitoring
894,51-9083.00,Microsoft PowerPoint
894,51-9083.00,Microsoft Office software
894,51-9083.00,SAP software
894,51-9083.00,Microsoft Excel
894,51-9083.00,Critical Thinking
894,51-9083.00,Reading Comprehension
895,15-1221.00,GitHub
895,15-1221.00,Apache Hadoop
895,15-1221.00,Reading Comprehension
895,15-1221.00,Monitoring
895,15-1221.00,Active Learning
895,15-1221.00,Docker
895,15-1221.00,Critical Thinking
895,15-1221.00,Apache Kafka
895,15-1221.00,Bash
895,15-1221.00,Science
895,15-1221.00,C++
895,15-1221.00,Mathematics
896,41-4012.00,Adobe Acrobat
896,41-4012.00,Salesforce software
896,41-4012.00,Monitoring
896,41-4012.00,Reading Comprehension
896,41-4012.00,Active Learning
896,41-4012.00,Autodesk AutoCAD
896,41-4012.00,Adobe Photoshop
896,41-4012.00,Microsoft Excel
896,41-4012.00,Microsoft Office software
897,53-3031.00,Active Listening
897,53-3031.00,Microsoft Office software
897,53-3031.00,Critical Thinking
897,53-3031.00,Reading Comprehension
897,53-3031.00,Microsoft Excel
899,51-9195.05,Microsoft Excel
899,51-9195.05,Monitoring
899,51-9195.05,Critical Thinking
900,41-4012.00,Speaking
900,41-4012.00,Active Listening
900,41-4012.00,Adobe Acrobat
900,41-4012.00,Apple macOS
900,41-4012.00,Microsoft Office software
900,41-4012.00,Microsoft Outlook
900,41-4012.00,Salesforce software
900,41-4012.00,Adobe Photoshop
900,41-4012.00,Adobe Creative Cloud software
900,41-4012.00,Monitoring
900,41-4012.00,Autodesk AutoCAD
900,41-4012.00,Critical Thinking
900,41-4012.00,Writing
900,41-4012.00,Adobe InDesign
901,27-2041.00,Microsoft Office software
901,27-2041.00,Critical Thinking
901,27-2041.00,Writing
901,27-2041.00,Active Listening
901,27-2041.00,Learning Strategies
901,27-2041.00,Monitoring
901,27-2041.00,Reading Comprehension
901,27-2041.00,Microsoft Word
901,27-2041.00,Speaking
902,43-4051.00,Kronos Workforce Timekeeper
902,43-4051.00,Adobe Acrobat
902,43-4051.00,Critical Thinking
902,43-4051.00,Monitoring
902,43-4051.00,Microsoft Excel
902,43-4051.00,Microsoft Outlook
902,43-4051.00,Speaking
902,43-4051.00,Microsoft Office software
902,43-4051.00,Adobe Creative Cloud software
902,43-4051.00,Active Listening
902,43-4051.00,Adobe Photoshop
902,43-4051.00,Reading Comprehension
902,43-4051.00,Apple macOS
902,43-4051.00,Intuit QuickBooks
902,43-4051.00,Adobe Illustrator
903,53-3031.00,Active Listening
903,53-3031.00,Reading Comprehension
903,53-3031.00,Microsoft Excel
904,53-3031.00,Critical Thinking
904,53-3031.00,Reading Comprehension
904,53-3031.00,Active Listening
904,53-3031.00,Microsoft Excel
904,53-3031.00,Writing
904,53-3031.00,Microsoft Office software
905,47-1011.03,Microsoft Word
905,47-1011.03,Reading Comprehension
905,47-1011.03,Autodesk AutoCAD
905,47-1011.03,Mathematics
905,47-1011.03,Microsoft Visio
905,47-1011.03,Microsoft Project
905,47-1011.03,Microsoft Outlook
905,47-1011.03,Microsoft Windows
905,47-1011.03,Active Listening
905,47-1011.03,Oracle Primavera Enterprise Project Portfolio Management
909,43-4161.00,Speaking
909,43-4161.00,Microsoft Office software
909,43-4161.00,Microsoft SharePoint
909,43-4161.00,Active Learning
909,43-4161.00,Microsoft Outlook
909,43-4161.00,Critical Thinking
909,43-4161.00,Microsoft PowerPoint
909,43-4161.00,Oracle HRIS
909,43-4161.00,Microsoft Word
909,43-4161.00,Microsoft Visio
909,43-4161.00,Microsoft Access
909,43-4161.00,Google Docs
909,43-4161.00,Reading Comprehension
909,43-4161.00,Active Listening
909,43-4161.00,Monitoring
910,43-4161.00,Microsoft Word
910,43-4161.00,Oracle PeopleSoft
910,43-4161.00,Microsoft SharePoint
910,43-4161.00,Microsoft Excel
910,43-4161.00,Microsoft PowerPoint
910,43-4161.00,Active Learning
910,43-4161.00,Microsoft Office software
910,43-4161.00,Microsoft Access
910,43-4161.00,Reading Comprehension
910,43-4161.00,Writing
910,43-4161.00,Oracle HRIS
910,43-4161.00,Microsoft Outlook
911,51-9083.00,Reading Comprehension
911,51-9083.00,Microsoft Word
911,51-9083.00,Microsoft PowerPoint
911,51-9083.00,SAP software
911,51-9083.00,Critical Thinking
911,51-9083.00,Microsoft Outlook
911,51-9083.00,Monitoring
912,51-9083.00,Microsoft Excel
912,51-9083.00,Critical Thinking
912,51-9083.00,SAP software
912,51-9083.00,Microsoft Office software
912,51-9083.00,Microsoft Word
912,51-9083.00,Monitoring
913,15-1221.00,Git
913,15-1221.00,Critical Thinking
913,15-1221.00,Writing
913,15-1221.00,Apache Hadoop
913,15-1221.00,Monitoring
913,15-1221.00,C++
913,15-1221.00,Active Learning
913,15-1221.00,C
913,15-1221.00,GitHub
913,15-1221.00,Apache Spark
913,15-1221.00,Reading Comprehension
913,15-1221.00,Active Listening
913,15-1221.00,Learning Strategies
913,15-1221.00,Mathematics
916,53-3031.00,Writing
916,53-3031.00,Active Listening
916,53-3031.00,Microsoft Excel
918,51-9083.00,Microsoft Word
918,51-9083.00,Microsoft Outlook
918,51-9083.00,SAP software
918,51-9083.00,Microsoft Office software
920,51-9195.05,Microsoft Excel
920,51-9195.05,Monitoring
920,51-9195.05,Microsoft Outlook
920,51-9195.05,Critical Thinking
922,41-4012.00,Microsoft Excel
922,41-4012.00,Speaking
922,41-4012.00,Adobe Acrobat
922,41-4012.00,Critical Thinking
922,41-4012.00,Reading Comprehension
922,41-4012.00,Writing
922,41-4012.00,Microsoft PowerPoint
922,41-4012.00,Adobe Photoshop
922,41-4012.00,Autodesk AutoCAD
922,41-4012.00,Active Listening
922,41-4012.00,Monitoring
922,41-4012.00,Adobe Illustrator
922,41-4012.00,Adobe Creative Cloud software
923,15-1221.00,Docker
923,15-1221.00,Reading Comprehension
923,15-1221.00,Monitoring
923,15-1221.00,Active Learning
923,15-1221.00,Go
923,15-1221.00,Science
923,15-1221.00,Ansible software
923,15-1221.00,Apache Spark
923,15-1221.00,Amazon Web Services AWS software
923,15-1221.00,GitHub
923,15-1221.00,Writing
924,43-4051.00,Speaking
924,43-4051.00,Reading Comprehension
924,43-4051.00,Intuit QuickBooks
924,43-4051.00,Adobe Photoshop
924,43-4051.00,Active Listening
924,43-4051.00,Adobe Creative Cloud software
924,43-4051.00,Monitoring
924,43-4051.00,Facebook
924,43-4051.00,Writing
924,43-4051.00,Apple macOS
924,43-4051.00,Critical Thinking
924,43-4051.00,Google Docs
924,43-4051.00,Microsoft Office software
924,43-4051.00,Microsoft Outlook
925,41-4012.00,Apple macOS
925,41-4012.00,Critical Thinking
925,41-4012.00,Adobe InDesign
925,41-4012.00,Adobe Photoshop
925,41-4012.00,Microsoft PowerPoint
925,41-4012.00,Monitoring
925,41-4012.00,Adobe Creative Cloud software
925,41-4012.00,Autodesk AutoCAD
925,41-4012.00,Adobe Illustrator
925,41-4012.00,Adobe Acrobat
925,41-4012.00,Reading Comprehension
926,51-9195.05,Monitoring
926,51-9195.05,Microsoft Excel
926,51-9195.05,Active Listening
927,51-9083.00,Microsoft Outlook
927,51-9083.00,Reading Comprehension
927,51-9083.00,Monitoring
927,51-9083.00,SAP software
927,51-9083.00,Microsoft PowerPoint
927,51-9083.00,Microsoft Office software
927,51-9083.00,Microsoft Excel
930,15-1221.00,Speaking
930,15-1221.00,Monitoring
930,15-1221.00,C
930,15-1221.00,Go
930,15-1221.00,Active Listening
930,15-1221.00,Docker
930,15-1221.00,Critical Thinking
930,15-1221.00,Writing
930,15-1221.00,Active Learning
930,15-1221.00,Apache Spark
930,15-1221.00,C++
932,51-9083.00,Microsoft Outlook
932,51-9083.00,Monitoring
932,51-9083.00,Reading Comprehension
932,51-9083.00,Microsoft Word
932,51-9083.00,Microsoft Office software
932,51-9083.00,SAP software
933,15-1221.00,C++
933,15-1221.00,Git
933,15-1221.00,Mathematics
933,15-1221.00,Writing
933,15-1221.00,Ansible software
933,15-1221.00,Monitoring
933,15-1221.00,Active Listening
933,15-1221.00,Docker
933,15-1221.00,Science
933,15-1221.00,Active Learning
933,15-1221.00,C
933,15-1221.00,Speaking
933,15-1221.00,Learning Strategies
933,15-1221.00,Go
934,51-9083.00,Microsoft Outlook
934,51-9083.00,Reading Comprehension
934,51-9083.00,Microsoft Excel
934,51-9083.00,SAP software
934,51-9083.00,Microsoft PowerPoint
934,51-9083.00,Critical Thinking
936,53-3031.00,Active Listening
936,53-3031.00,Critical Thinking
936,53-3031.00,Reading Comprehension
939,15-1221.00,Active Learning
939,15-1221.00,Git
939,15-1221.00,Monitoring
939,15-1221.00,Active Listening
939,15-1221.00,Docker
939,15-1221.00,GitHub
939,15-1221.00,Science
939,15-1221.00,Critical Thinking
939,15-1221.00,C
939,15-1221.00,Amazon Web Services AWS software
939,15-1221.00,Reading Comprehension
939,15-1221.00,Speaking
939,15-1221.00,Writing
939,15-1221.00,Learning Strategies
940,43-4051.00,Microsoft Excel
940,43-4051.00,Monitoring
940,43-4051.00,Apple macOS
940,43-4051.00,Reading Comprehension
940,43-4051.00,Microsoft Outlook
940,43-4051.00,Adobe Illustrator
940,43-4051.00,Facebook
940,43-4051.00,Google Docs
940,43-4051.00,Critical Thinking
940,43-4051.00,Adobe Photoshop
940,43-4051.00,Adobe Acrobat
941,41-4012.00,Microsoft PowerPoint
941,41-4012.00,Adobe Photoshop
941,41-4012.00,Speaking
941,41-4012.00,Critical Thinking
941,41-4012.00,Microsoft Outlook
941,41-4012.00,Active Learning
941,41-4012.00,Reading Comprehension
941,41-4012.00,Writing
941,41-4012.00,Microsoft Excel
941,41-4012.00,Salesforce software
941,41-4012.00,Microsoft Office software
941,41-4012.00,Apple macOS
942,43-4051.00,Monitoring
942,43-4051.00,Microsoft Office software
942,43-4051.00,Active Listening
942,43-4051.00,Apple macOS
942,43-4051.00,Kronos Workforce Timekeeper
942,43-4051.00,Adobe Acrobat
942,43-4051.00,Google Docs
942,43-4051.00,Reading Comprehension
942,43-4051.00,Facebook
942,43-4051.00,Microsoft Outlook
942,43-4051.00,Microsoft Excel
944,51-9083.00,Microsoft PowerPoint
944,51-9083.00,Microsoft Word
944,51-9083.00,Microsoft Excel
944,51-9083.00,SAP software
944,51-9083.00,Monitoring
944,51-9083.00,Critical Thinking
945,15-1221.00,Git
945,15-1221.00,GitHub
945,15-1221.00,Monitoring
945,15-1221.00,Amazon Web Services AWS software
945,15-1221.00,C++
945,15-1221.00,Critical Thinking
945,15-1221.00,Apache Spark
945,15-1221.00,Bash
945,15-1221.00,Apache Hadoop
945,15-1221.00,Learning Strategies
945,15-1221.00,Science
945,15-1221.00,Writing
945,15-1221.00,Mathematics
945,15-1221.00,Speaking
945,15-1221.00,Go
945,15-1221.00,Reading Comprehension
945,15-1221.00,Ansible software
945,15-1221.00,C
947,53-3031.00,Critical Thinking
947,53-3031.00,Microsoft Office software
947,53-3031.00,Active Listening
949,15-1221.00,Docker
949,15-1221.00,C
949,15-1221.00,Learning Strategies
949,15-1221.00,Bash
949,15-1221.00,Mathematics
949,15-1221.00,Speaking
949,15-1221.00,Amazon Web Services AWS software
949,15-1221.00,Ansible software
949,15-1221.00,Apache Kafka
949,15-1221.00,Writing
949,15-1221.00,Monitoring
949,15-1221.00,Active Learning
950,27-2041.00,Microsoft PowerPoint
950,27-2041.00,Critical Thinking
950,27-2041.00,Active Learning
950,27-2041.00,Microsoft Outlook
950,27-2041.00,Microsoft Excel
950,27-2041.00,Learning Strategies
950,27-2041.00,Reading Comprehension
950,27-2041.00,Microsoft Office software
950,27-2041.00,Microsoft Word
950,27-2041.00,Speaking
951,51-9083.00,Reading Comprehension
951,51-9083.00,Monitoring
951,51-9083.00,SAP software
951,51-9083.00,Microsoft Outlook
951,51-9083.00,Critical Thinking
951,51-9083.00,Microsoft Office software
951,51-9083.00,Microsoft PowerPoint
951,51-9083.00,Microsoft Excel
952,41-4012.00,Adobe InDesign
952,41-4012.00,Apple macOS
952,41-4012.00,Writing
952,41-4012.00,Microsoft PowerPoint
952,41-4012.00,Autodesk AutoCAD
952,41-4012.00,Salesforce software
952,41-4012.00,Adobe Photoshop
952,41-4012.00,Reading Comprehension
952,41-4012.00,Microsoft Excel
952,41-4012.00,Adobe Acrobat
952,41-4012.00,Active Listening
954,53-3031.00,Speaking
954,53-3031.00,Microsoft Excel
954,53-3031.00,Critical Thinking
954,53-3031.00,Active Listening
954,53-3031.00,Microsoft Office software
956,53-3031.00,Writing
956,53-3031.00,Microsoft Office software
956,53-3031.00,Critical Thinking
956,53-3031.00,Microsoft Excel
957,51-9083.00,Monitoring
957,51-9083.00,SAP software
957,51-9083.00,Microsoft Word
957,51-9083.00,Microsoft Outlook
957,51-9083.00,Reading Comprehension
958,51-9083.00,Microsoft Office software
958,51-9083.00,SAP software
958,51-9083.00,Critical Thinking
958,51-9083.00,Microsoft Excel
958,51-9083.00,Monitoring
959,41-4012.00,Critical Thinking
959,41-4012.00,Active Learning
959,41-4012.00,Autodesk AutoCAD
959,41-4012.00,Microsoft Excel
959,41-4012.00,Microsoft Office software
959,41-4012.00,Active Listening
959,41-4012.00,Microsoft Outlook
959,41-4012.00,Writing
959,41-4012.00,Adobe InDesign
959,41-4012.00,Microsoft PowerPoint
959,41-4012.00,Adobe Photoshop
959,41-4012.00,Adobe Creative Cloud software
959,41-4012.00,Adobe Acrobat
959,41-4012.00,Adobe Illustrator
959,41-4012.00,Salesforce software
960,51-9083.00,Microsoft PowerPoint
960,51-9083.00,Monitoring
960,51-9083.00,Reading Comprehension
960,51-9083.00,Microsoft Outlook
960,51-9083.00,Microsoft Office software
961,43-4051.00,Adobe Illustrator
961,43-4051.00,Speaking
961,43-4051.00,Microsoft Outlook
961,43-4051.00,Adobe Creative Cloud software
961,43-4051.00,Microsoft Excel
961,43-4051.00,Intuit QuickBooks
961,43-4051.00,Monitoring
961,43-4051.00,Microsoft Office software
961,43-4051.00,Google Docs
961,43-4051.00,Adobe Acrobat
961,43-4051.00,Kronos Workforce Timekeeper
961,43-4051.00,Reading Comprehension
961,43-4051.00,Writing
964,15-1221.00,Apache Hadoop
964,15-1221.00,Apache Spark
964,15-1221.00,Bash
964,15-1221.00,Learning Strategies
964,15-1221.00,Critical Thinking
964,15-1221.00,Active Listening
964,15-1221.00,Go
964,15-1221.00,Amazon Web Services AWS software
964,15-1221.00,Science
964,15-1221.00,C
964,15-1221.00,Apache Kafka
964,15-1221.00,GitHub
966,51-9195.05,Microsoft Excel
966,51-9195.05,Active Listening
966,51-9195.05,Monitoring
967,53-3031.00,Microsoft Excel
967,53-3031.00,Microsoft Office software
967,53-3031.00,Active Listening
967,53-3031.00,Speaking
967,53-3031.00,Reading Comprehension
969,43-4051.00,Apple macOS
969,43-4051.00,Adobe Acrobat
969,43-4051.00,Microsoft Outlook
969,43-4051.00,Facebook
969,43-4051.00,Writing
969,43-4051.00,Intuit QuickBooks
969,43-4051.00,Google Docs
969,43-4051.00,Critical Thinking
969,43-4051.00,Adobe Photoshop
969,43-4051.00,Adobe Creative Cloud software
969,43-4051.00,Speaking
969,43-4051.00,Active Listening
969,43-4051.00,Kronos Workforce Timekeeper
969,43-4051.00,Microsoft Excel
970,53-3031.00,Critical Thinking
970,53-3031.00,Active Listening
970,53-3031.00,Microsoft Excel
970,53-3031.00,Microsoft Office software
970,53-3031.00,Writing
972,51-9083.00,SAP software
972,51-9083.00,Microsoft PowerPoint
972,51-9083.00,Microsoft Word
972,51-9083.00,Reading Comprehension
972,51-9083.00,Microsoft Office software
972,51-9083.00,Critical Thinking
974,41-4012.00,Active Listening
974,41-4012.00,Microsoft Outlook
974,41-4012.00,Writing
974,41-4012.00,Adobe Illustrator
974,41-4012.00,Active Learning
974,41-4012.00,Salesforce software
974,41-4012.00,Microsoft Excel
974,41-4012.00,Reading Comprehension
974,41-4012.00,Adobe InDesign
974,41-4012.00,Speaking
974,41-4012.00,Microsoft Office software
974,41-4012.00,Apple macOS
974,41-4012.00,Adobe Acrobat
974,41-4012.00,Critical Thinking
975,53-3031.00,Reading Comprehension
975,53-3031.00,Microsoft Office software
975,53-3031.00,Writing
975,53-3031.00,Speaking
976,47-1011.03,Autodesk AutoCAD
976,47-1011.03,Speaking
976,47-1011.03,Microsoft Word
976,47-1011.03,Active Learning
976,47-1011.03,Microsoft Windows
976,47-1011.03,Microsoft PowerPoint
976,47-1011.03,Monitoring
976,47-1011.03,Microsoft Project
976,47-1011.03,Microsoft Outlook
976,47-1011.03,Mathematics
976,47-1011.03,Oracle Primavera Enterprise Project Portfolio Management
976,47-1011.03,Reading Comprehension
976,47-1011.03,Microsoft Excel
976,47-1011.03,Learning Strategies
976,47-1011.03,Writing
976,47-1011.03,Active Listening
977,15-1221.00,Learning Strategies
977,15-1221.00,Go
977,15-1221.00,Monitoring
977,15-1221.00,Active Learning
977,15-1221.00,Amazon Web Services AWS software
977,15-1221.00,Apache Hadoop
977,15-1221.00,Ansible software
977,15-1221.00,C++
977,15-1221.00,Git
977,15-1221.00,Active Listening
977,15-1221.00,C
977,15-1221.00,Docker
977,15-1221.00,Mathematics
977,15-1221.00,Apache Kafka
981,47-1011.03,Microsoft Word
981,47-1011.03,Microsoft Office software
981,47-1011.03,Monitoring
981,47-1011.03,Autodesk Revit
981,47-1011.03,Reading Comprehension
981,47-1011.03,Learning Strategies
981,47-1011.03,Mathematics
981,47-1011.03,Microsoft Windows
981,47-1011.03,Speaking
981,47-1011.03,Active Learning
981,47-1011.03,Microsoft Outlook
981,47-1011.03,Microsoft Excel
981,47-1011.03,Writing
981,47-1011.03,Critical Thinking
982,53-3031.00,Microsoft Excel
982,53-3031.00,Speaking
982,53-3031.00,Critical Thinking
982,53-3031.00,Writing
982,53-3031.00,Active Listening
983,53-3031.00,Microsoft Excel
983,53-3031.00,Active Listening
983,53-3031.00,Speaking
983,53-3031.00,Reading Comprehension
984,53-3031.00,Speaking
984,53-3031.00,Active Listening
984,53-3031.00,Writing
984,53-3031.00,Microsoft Excel
985,53-3031.00,Microsoft Excel
985,53-3031.00,Critical Thinking
985,53-3031.00,Writing
985,53-3031.00,Microsoft Office software
985,53-3031.00,Active Listening
986,53-3031.00,Reading Comprehension
986,53-3031.00,Microsoft Office software
986,53-3031.00,Microsoft Excel
987,51-9195.05,Critical Thinking
987,51-9195.05,Microsoft Excel
987,51-9195.05,Monitoring
990,53-3031.00,Active Listening
990,53-3031.00,Reading Comprehension
990,53-3031.00,Critical Thinking
990,53-3031.00,Microsoft Excel
991,15-1221.00,Writing
991,15-1221.00,Git
991,15-1221.00,GitHub
991,15-1221.00,C
991,15-1221.00,Bash
991,15-1221.00,C++
991,15-1221.00,Active Learning
991,15-1221.00,Speaking
991,15-1221.00,Reading Comprehension
991,15-1221.00,Mathematics
991,15-1221.00,Go
991,15-1221.00,Critical Thinking
991,15-1221.00,Ansible software
992,47-1011.03,Active Learning
992,47-1011.03,Oracle Primavera Enterprise Project Portfolio Management
992,47-1011.03,Microsoft PowerPoint
992,47-1011.03,Microsoft Windows
992,47-1011.03,Microsoft Outlook
992,47-1011.03,Writing
992,47-1011.03,Microsoft Visio
992,47-1011.03,Active Listening
992,47-1011.03,Autodesk AutoCAD Civil 3D
992,47-1011.03,Monitoring
992,47-1011.03,Microsoft Project
992,47-1011.03,Reading Comprehension
992,47-1011.03,Autodesk AutoCAD
992,47-1011.03,Critical Thinking
992,47-1011.03,Microsoft Word
994,15-1221.00,Apache Hadoop
994,15-1221.00,Active Listening
994,15-1221.00,Apache Spark
994,15-1221.00,Amazon Web Services AWS software
994,15-1221.00,Critical Thinking
994,15-1221.00,Bash
994,15-1221.00,C++
994,15-1221.00,Science
994,15-1221.00,Monitoring
994,15-1221.00,Go
994,15-1221.00,Docker
994,15-1221.00,Learning Strategies
994,15-1221.00,Reading Comprehension
994,15-1221.00,Mathematics
994,15-1221.00,C
994,15-1221.00,Git
995,15-1221.00,Apache Kafka
995,15-1221.00,Learning Strategies
995,15-1221.00,Writing
995,15-1221.00,Go
995,15-1221.00,Monitoring
995,15-1221.00,Bash
995,15-1221.00,Science
995,15-1221.00,Speaking
995,15-1221.00,C
995,15-1221.00,Git
995,15-1221.00,Apache Spark
995,15-1221.00,Ansible software
995,15-1221.00,Apache Hadoop
995,15-1221.00,Active Learning
996,51-9083.00,Microsoft PowerPoint
996,51-9083.00,Critical Thinking
996,51-9083.00,Microsoft Outlook
996,51-9083.00,SAP software
996,51-9083.00,Microsoft Office software
996,51-9083.00,Microsoft Word
996,51-9083.00,Microsoft Excel
996,51-9083.00,Monitoring
997,27-2041.00,Learning Strategies
997,27-2041.00,Microsoft Office software
997,27-2041.00,Speaking
997,27-2041.00,Writing
997,27-2041.00,Monitoring
997,27-2041.00,Reading Comprehension
997,27-2041.00,Critical Thinking
997,27-2041.00,Active Learning
997,27-2041.00,Microsoft Word
997,27-2041.00,Microsoft PowerPoint
997,27-2041.00,Microsoft Outlook
998,43-4051.00,Critical Thinking
998,43-4051.00,Speaking
998,43-4051.00,Adobe Creative Cloud software
998,43-4051.00,Monitoring
998,43-4051.00,Adobe Acrobat
998,43-4051.00,Facebook
998,43-4051.00,Apple macOS
998,43-4051.00,Reading Comprehension
998,43-4051.00,Adobe Photoshop
998,43-4051.00,Writing
998,43-4051.00,Active Listening
999,27-2041.00,Speaking
999,27-2041.00,Learning Strategies
999,27-2041.00,Microsoft PowerPoint
999,27-2041.00,Critical Thinking
999,27-2041.00,Microsoft Outlook
999,27-2041.00,Microsoft Office software
999,27-2041.00,Microsoft Excel
999,27-2041.00,Reading Comprehension
999,27-2041.00,Microsoft Word
999,27-2041.00,Monitoring
1001,51-9083.00,Reading Comprehension
1001,51-9083.00,Critical Thinking
1001,51-9083.00,Microsoft Excel
1001,51-9083.00,Microsoft Office software
1001,51-9083.00,Microsoft Word
1002,51-9083.00,Microsoft Excel
1002,51-9083.00,Microsoft Office software
1002,51-9083.00,Monitoring
1002,51-9083.00,Microsoft Outlook
1002,51-9083.00,Microsoft PowerPoint
1002,51-9083.00,Critical Thinking
1003,53-3031.00,Microsoft Excel
1003,53-3031.00,Active Listening
1003,53-3031.00,Speaking
1003,53-3031.00,Critical Thinking
1003,53-3031.00,Reading Comprehension
1004,15-1221.00,Speaking
1004,15-1221.00,Ansible software
1004,15-1221.00,Bash
1004,15-1221.00,Mathematics
1004,15-1221.00,Git
1004,15-1221.00,Learning Strategies
1004,15-1221.00,Reading Comprehension
1004,15-1221.00,Apache Spark
1004,15-1221.00,C
1004,15-1221.00,Science
1004,15-1221.00,Apache Hadoop
1004,15-1221.00,Amazon Web Services AWS software
1004,15-1221.00,Monitoring
1004,15-1221.00,Writing
1004,15-1221.00,Docker
1004,15-1221.00,GitHub
1004,15-1221.00,Active Learning
1005,51-9195.05,Active Listening
1005,51-9195.05,Microsoft Outlook
1005,51-9195.05,Microsoft Excel
1006,15-1221.00,Amazon Web Services AWS software
1006,15-1221.00,C++
1006,15-1221.00,Active Listening
1006,15-1221.00,C
1006,15-1221.00,Reading Comprehension
1006,15-1221.00,Science
1006,15-1221.00,Docker
1006,15-1221.00,Apache Spark
1006,15-1221.00,Apache Kafka
1006,15-1221.00,Bash
1006,15-1221.00,Monitoring
1006,15-1221.00,Critical Thinking
1006,15-1221.00,Apache Hadoop
1006,15-1221.00,Go
1007,51-9195.05,Critical Thinking
1007,51-9195.05,Active Listening
1007,51-9195.05,Microsoft Excel
1007,51-9195.05,Monitoring
1009,51-9195.05,Critical Thinking
1009,51-9195.05,Monitoring
1010,51-9083.00,Microsoft Outlook
1010,51-9083.00,Microsoft Excel
1010,51-9083.00,Microsoft Office software
1010,51-9083.00,Reading Comprehension
1010,51-9083.00,Critical Thinking
1010,51-9083.00,SAP software
1010,51-9083.00,Monitoring
1011,51-9195.05,Active Listening
1011,51-9195.05,Monitoring
1011,51-9195.05,Microsoft Excel
1012,15-1221.00,Go
1012,15-1221.00,Docker
1012,15-1221.00,Learning Strategies
1012,15-1221.00,Reading Comprehension
1012,15-1221.00,Speaking
1012,15-1221.00,Critical Thinking
1012,15-1221.00,GitHub
1012,15-1221.00,Amazon Web Services AWS software
1012,15-1221.00,Mathematics
1012,15-1221.00,C
1012,15-1221.00,Apache Kafka
1012,15-1221.00,Science
1012,15-1221.00,Active Listening
1012,15-1221.00,Writing
1012,15-1221.00,Active Learning
1012,15-1221.00,Git
1012,15-1221.00,Apache Hadoop
1012,15-1221.00,Monitoring
1013,51-9195.05,Microsoft Excel
1013,51-9195.05,Microsoft Outlook
1013,51-9195.05,Active Listening
1014,43-4051.00,Monitoring
1014,43-4051.00,Writing
1014,43-4051.00,Facebook
1014,43-4051.00,Adobe Photoshop
1014,43-4051.00,Microsoft Outlook
1014,43-4051.00,Adobe Creative Cloud software
1014,43-4051.00,Microsoft Excel
1014,43-4051.00,Critical Thinking
1014,43-4051.00,Kronos Workforce Timekeeper
1014,43-4051.00,Google Docs
1014,43-4051.00,Intuit QuickBooks
1014,43-4051.00,Microsoft Office software
1014,43-4051.00,Reading Comprehension
1015,27-2041.00,Active Learning
1015,27-2041.00,Microsoft Word
1015,27-2041.00,Active Listening
1015,27-2041.00,Critical Thinking
1015,27-2041.00,Microsoft Office software
1015,27-2041.00,Learning Strategies
1015,27-2041.00,Writing
1016,15-1221.00,Apache Kafka
1016,15-1221.00,Monitoring
1016,15-1221.00,Active Listening
1016,15-1221.00,Bash
1016,15-1221.00,Speaking
1016,15-1221.00,Active Learning
1016,15-1221.00,Apache Spark
1016,15-1221.00,Reading Comprehension
1016,15-1221.00,C
1016,15-1221.00,Learning Strategies
1016,15-1221.00,C++
1016,15-1221.00,GitHub
1016,15-1221.00,Git
1016,15-1221.00,Apache Hadoop
1016,15-1221.00,Mathematics
1016,15-1221.00,Go
1016,15-1221.00,Amazon Web Services AWS software
1016,15-1221.00,Writing
1017,51-9083.00,Monitoring
1017,51-9083.00,Microsoft PowerPoint
1017,51-9083.00,Critical Thinking
1017,51-9083.00,Reading Comprehension
1017,51-9083.00,Microsoft Office software
1017,51-9083.00,Microsoft Excel
1017,51-9083.00,SAP software
1018,51-9195.05,Critical Thinking
1018,51-9195.05,Monitoring
1018,51-9195.05,Microsoft Outlook
1019,51-9083.00,Microsoft PowerPoint
1019,51-9083.00,Microsoft Office software
1019,51-9083.00,SAP software
1019,51-9083.00,Microsoft Excel
1019,51-9083.00,Reading Comprehension
1022,43-4051.00,Apple macOS
1022,43-4051.00,Microsoft Excel
1022,43-4051.00,Microsoft Outlook
1022,43-4051.00,Facebook
1022,43-4051.00,Adobe Photoshop
1022,43-4051.00,Monitoring
1022,43-4051.00,Active Listening
1022,43-4051.00,Adobe Illustrator
1022,43-4051.00,Reading Comprehension
1022,43-4051.00,Adobe Acrobat
1022,43-4051.00,Intuit QuickBooks
1024,43-4051.00,Microsoft Excel
1024,43-4051.00,Google Docs
1024,43-4051.00,Writing
1024,43-4051.00,Active Listening
1024,43-4051.00,Intuit QuickBooks
1024,43-4051.00,Critical Thinking
1024,43-4051.00,Microsoft Outlook
1024,43-4051.00,Monitoring
1024,43-4051.00,Speaking
1024,43-4051.00,Adobe Illustrator
1024,43-4051.00,Microsoft Office software
1025,51-9195.05,Microsoft Excel
1025,51-9195.05,Critical Thinking
1025,51-9195.05,Monitoring
1026,51-9195.05,Critical Thinking
1026,51-9195.05,Microsoft Excel
1026,51-9195.05,Active Listening
1026,51-9195.05,Monitoring
1027,51-9195.05,Active Listening
1027,51-9195.05,Microsoft Outlook
1027,51-9195.05,Critical Thinking
1027,51-9195.05,Monitoring
1028,51-9083.00,Microsoft Excel
1028,51-9083.00,Microsoft Outlook
1028,51-9083.00,SAP software
1028,51-9083.00,Reading Comprehension
1028,51-9083.00,Monitoring
1028,51-9083.00,Microsoft Office software
1028,51-9083.00,Microsoft Word
1029,47-1011.03,Active Listening
1029,47-1011.03,Autodesk Revit
1029,47-1011.03,Microsoft Word
1029,47-1011.03,Microsoft Office software
1029,47-1011.03,Speaking
1029,47-1011.03,Writing
1029,47-1011.03,Mathematics
1029,47-1011.03,Microsoft Windows
1029,47-1011.03,Critical Thinking
1029,47-1011.03,Autodesk AutoCAD
1030,51-9083.00,Microsoft Outlook
1030,51-9083.00,Microsoft PowerPoint
1030,51-9083.00,Microsoft Office software
1030,51-9083.00,Monitoring
1032,51-9195.05,Critical Thinking
1032,51-9195.05,Monitoring
1032,51-9195.05,Microsoft Excel
1033,43-4051.00,Microsoft Excel
1033,43-4051.00,Intuit QuickBooks
1033,43-4051.00,Speaking
1033,43-4051.00,Writing
1033,43-4051.00,Microsoft Outlook
1033,43-4051.00,Active Listening
1033,43-4051.00,Reading Comprehension
1033,43-4051.00,Critical Thinking
1033,43-4051.00,Adobe Creative Cloud software
1033,43-4051.00,Adobe Photoshop
1033,43-4051.00,Facebook
1033,43-4051.00,Google Docs
1033,43-4051.00,Kronos Workforce Timekeeper
1034,43-4051.00,Kronos Workforce Timekeeper
1034,43-4051.00,Microsoft Excel
1034,43-4051.00,Adobe Creative Cloud software
1034,43-4051.00,Monitoring
1034,43-4051.00,Reading Comprehension
1034,43-4051.00,Critical Thinking
1034,43-4051.00,Microsoft Outlook
1034,43-4051.00,Intuit QuickBooks
1034,43-4051.00,Speaking
1035,27-2041.00,Learning Strategies
1035,27-2041.00,Microsoft Office software
1035,27-2041.00,Critical Thinking
1035,27-2041.00,Monitoring
1035,27-2041.00,Active Listening
1035,27-2041.00,Microsoft Word
1035,27-2041.00,Speaking
1036,53-3031.00,Writing
1036,53-3031.00,Critical Thinking
1036,53-3031.00,Active Listening
1037,53-3031.00,Speaking
1037,53-3031.00,Writing
1037,53-3031.00,Active Listening
1037,53-3031.00,Critical Thinking
1038,47-1011.03,Critical Thinking
1038,47-1011.03,Microsoft Project
1038,47-1011.03,Microsoft Outlook
1038,47-1011.03,Microsoft Excel
1038,47-1011.03,Microsoft Visio
1038,47-1011.03,Writing
1038,47-1011.03,Autodesk AutoCAD
1038,47-1011.03,Monitoring
1038,47-1011.03,Microsoft Office software
1038,47-1011.03,Speaking
1038,47-1011.03,Oracle Primavera Enterprise Project Portfolio Management
1038,47-1011.03,Mathematics
1038,47-1011.03,Reading Comprehension
1038,47-1011.03,Active Learning
1038,47-1011.03,Learning Strategies
1039,53-3031.00,Microsoft Office software
1039,53-3031.00,Speaking
1039,53-3031.00,Microsoft Excel
1039,53-3031.00,Critical Thinking
1039,53-3031.00,Writing
1039,53-3031.00,Reading Comprehension
1040,53-3031.00,Writing
1040,53-3031.00,Microsoft Office software
1040,53-3031.00,Speaking
1042,51-9083.00,Microsoft Office software
1042,51-9083.00,Microsoft Word
1042,51-9083.00,Microsoft PowerPoint
1042,51-9083.00,Reading Comprehension
1043,51-9195.05,Monitoring
1043,51-9195.05,Microsoft Excel
1043,51-9195.05,Microsoft Outlook
1044,41-4012.00,Adobe Creative Cloud software
1044,41-4012.00,Active Listening
1044,41-4012.00,Microsoft Excel
1044,41-4012.00,Adobe InDesign
1044,41-4012.00,Microsoft PowerPoint
1044,41-4012.00,Microsoft Outlook
1044,41-4012.00,Apple macOS
1044,41-4012.00,Writing
1044,41-4012.00,Adobe Acrobat
1044,41-4012.00,Autodesk AutoCAD
1044,41-4012.00,Critical Thinking
1045,47-1011.03,Microsoft Project
1045,47-1011.03,Autodesk Revit
1045,47-1011.03,Writing
1045,47-1011.03,Autodesk AutoCAD Civil 3D
1045,47-1011.03,Microsoft PowerPoint
1045,47-1011.03,Microsoft Outlook
1045,47-1011.03,Mathematics
1045,47-1011.03,Microsoft Visio
1045,47-1011.03,Speaking
1045,47-1011.03,Oracle Primavera Enterprise Project Portfolio Management
1045,47-1011.03,Microsoft Word
1045,47-1011.03,Microsoft Windows
1045,47-1011.03,Learning Strategies
1045,47-1011.03,Active Listening
1045,47-1011.03,Reading Comprehension
1045,47-1011.03,Autodesk AutoCAD
1045,47-1011.03,Microsoft Office software
1046,51-9083.00,SAP software
1046,51-9083.00,Microsoft Office software
1046,51-9083.00,Microsoft Excel
1046,51-9083.00,Microsoft PowerPoint
1046,51-9083.00,Reading Comprehension
1046,51-9083.00,Critical Thinking
1047,53-3031.00,Active Listening
1047,53-3031.00,Writing
1047,53-3031.00,Microsoft Office software
1047,53-3031.00,Speaking
1048,47-1011.03,Microsoft Windows
1048,47-1011.03,Microsoft Outlook
1048,47-1011.03,Microsoft Office software
1048,47-1011.03,Microsoft Visio
1048,47-1011.03,Autodesk AutoCAD
1048,47-1011.03,Mathematics
1048,47-1011.03,Oracle Primavera Enterprise Project Portfolio Management
1048,47-1011.03,Learning Strategies
1048,47-1011.03,Microsoft Excel
1048,47-1011.03,Microsoft PowerPoint
1048,47-1011.03,Speaking
1048,47-1011.03,Autodesk AutoCAD Civil 3D
1048,47-1011.03,Microsoft Word
1048,47-1011.03,Microsoft Project
1049,43-4161.00,Oracle HRIS
1049,43-4161.00,Microsoft PowerPoint
1049,43-4161.00,Google Docs
1049,43-4161.00,Microsoft Excel
1049,43-4161.00,Oracle PeopleSoft
1049,43-4161.00,Writing
1049,43-4161.00,Speaking
1049,43-4161.00,Applicant tracking software
1049,43-4161.00,Microsoft Outlook
1049,43-4161.00,Critical Thinking
1049,43-4161.00,Microsoft Access
1050,53-3031.00,Microsoft Office software
1050,53-3031.00,Critical Thinking
1050,53-3031.00,Writing
1050,53-3031.00,Microsoft Excel
1050,53-3031.00,Reading Comprehension
1052,51-9083.00,Microsoft Word
1052,51-9083.00,Microsoft Office software
1052,51-9083.00,Microsoft PowerPoint
1052,51-9083.00,Microsoft Excel
1053,15-1221.00,Critical Thinking
1053,15-1221.00,Bash
1053,15-1221.00,Speaking
1053,15-1221.00,Science
1053,15-1221.00,Apache Spark
1053,15-1221.00,C
1053,15-1221.00,Git
1053,15-1221.00,Writing
1053,15-1221.00,Active Learning
1053,15-1221.00,Docker
1053,15-1221.00,Reading Comprehension
1053,15-1221.00,Ansible software
1053,15-1221.00,GitHub
1053,15-1221.00,Amazon Web Services AWS software
1053,15-1221.00,Active Listening
1053,15-1221.00,Monitoring
1055,41-4012.00,Microsoft Office software
1055,41-4012.00,Microsoft Excel
1055,41-4012.00,Speaking
1055,41-4012.00,Microsoft PowerPoint
1055,41-4012.00,Critical Thinking
1055,41-4012.00,Adobe Photoshop
1055,41-4012.00,Apple macOS
1055,41-4012.00,Salesforce software
1055,41-4012.00,Autodesk AutoCAD
1055,41-4012.00,Microsoft Outlook
1055,41-4012.00,Adobe Creative Cloud software
1055,41-4012.00,Adobe Illustrator
1055,41-4012.00,Active Learning
1055,41-4012.00,Adobe Acrobat
1056,41-4012.00,Salesforce software
1056,41-4012.00,Adobe InDesign
1056,41-4012.00,Writing
1056,41-4012.00,Adobe Acrobat
1056,41-4012.00,Microsoft PowerPoint
1056,41-4012.00,Active Listening
1056,41-4012.00,Microsoft Excel
1056,41-4012.00,Active Learning
1056,41-4012.00,Autodesk AutoCAD
1060,15-1221.00,Go
1060,15-1221.00,Science
1060,15-1221.00,Amazon Web Services AWS software
1060,15-1221.00,C
1060,15-1221.00,Reading Comprehension
1060,15-1221.00,GitHub
1060,15-1221.00,Apache Hadoop
1060,15-1221.00,Git
1060,15-1221.00,C++
1060,15-1221.00,Apache Spark
1060,15-1221.00,Bash
1060,15-1221.00,Active Listening
1060,15-1221.00,Learning Strategies
1060,15-1221.00,Writing
1060,15-1221.00,Monitoring
1060,15-1221.00,Speaking
1060,15-1221.00,Apache Kafka
1060,15-1221.00,Mathematics
1060,15-1221.00,Docker
1061,27-2041.00,Active Learning
1061,27-2041.00,Microsoft Outlook
1061,27-2041.00,Active Listening
1061,27-2041.00,Microsoft PowerPoint
1061,27-2041.00,Learning Strategies
1061,27-2041.00,Microsoft Excel
1061,27-2041.00,Microsoft Office software
1061,27-2041.00,Reading Comprehension
1061,27-2041.00,Critical Thinking
1061,27-2041.00,Speaking
1061,27-2041.00,Microsoft Word
1062,43-4051.00,Writing
1062,43-4051.00,Microsoft Outlook
1062,43-4051.00,Active Listening
1062,43-4051.00,Adobe Photoshop
1062,43-4051.00,Google Docs
1062,43-4051.00,Adobe Illustrator
1062,43-4051.00,Speaking
1062,43-4051.00,Monitoring
1062,43-4051.00,Kronos Workforce Timekeeper
1062,43-4051.00,Microsoft Excel
1066,53-3031.00,Speaking
1066,53-3031.00,Microsoft Office software
1066,53-3031.00,Active Listening
1068,15-1221.00,C
1068,15-1221.00,Docker
1068,15-1221.00,Active Learning
1068,15-1221.00,Learning Strategies
1068,15-1221.00,Apache Kafka
1068,15-1221.00,Git
1068,15-1221.00,Speaking
1068,15-1221.00,Mathematics
1068,15-1221.00,Active Listening
1068,15-1221.00,Reading Comprehension
1068,15-1221.00,Go
1068,15-1221.00,Writing
1068,15-1221.00,Amazon Web Services AWS software
1068,15-1221.00,Ansible software
1068,15-1221.00,Critical Thinking
1068,15-1221.00,C++
1068,15-1221.00,Science
1069,27-2041.00,Monitoring
1069,27-2041.00,Reading Comprehension
1069,27-2041.00,Speaking
1069,27-2041.00,Learning Strategies
1069,27-2041.00,Active Learning
1069,27-2041.00,Microsoft Office software
1069,27-2041.00,Writing
1069,27-2041.00,Microsoft Excel
1069,27-2041.00,Microsoft Word
1069,27-2041.00,Critical Thinking
1070,53-3031.00,Speaking
1070,53-3031.00,Writing
1070,53-3031.00,Critical Thinking
1070,53-3031.00,Reading Comprehension
1070,53-3031.00,Active Listening
1071,15-1221.00,Amazon Web Services AWS software
1071,15-1221.00,Apache Spark
1071,15-1221.00,C
1071,15-1221.00,Writing
1071,15-1221.00,Active Learning
1071,15-1221.00,GitHub
1071,15-1221.00,Active Listening
1071,15-1221.00,C++
1071,15-1221.00,Bash
1071,15-1221.00,Reading Comprehension
1071,15-1221.00,Learning Strategies
1071,15-1221.00,Apache Hadoop
1073,51-9195.05,Microsoft Outlook
1073,51-9195.05,Microsoft Excel
1073,51-9195.05,Monitoring
1074,47-1011.03,Oracle Primavera Enterprise Project Portfolio Management
1074,47-1011.03,Active Listening
1074,47-1011.03,Speaking
1074,47-1011.03,Active Learning
1074,47-1011.03,Autodesk AutoCAD
1074,47-1011.03,Mathematics
1074,47-1011.03,Autodesk Revit
1074,47-1011.03,Autodesk AutoCAD Civil 3D
1074,47-1011.03,Critical Thinking
1074,47-1011.03,Microsoft Office software
1074,47-1011.03,Microsoft Excel
1074,47-1011.03,Microsoft Project
1074,47-1011.03,Writing
1074,47-1011.03,Learning Strategies
1074,47-1011.03,Reading Comprehension
1074,47-1011.03,Microsoft Outlook
1076,53-3031.00,Critical Thinking
1076,53-3031.00,Active Listening
1076,53-3031.00,Microsoft Excel
1076,53-3031.00,Reading Comprehension
1076,53-3031.00,Speaking
1077,41-4012.00,Reading Comprehension
1077,41-4012.00,Monitoring
1077,41-4012.00,Microsoft Excel
1077,41-4012.00,Adobe Creative Cloud software
1077,41-4012.00,Adobe Illustrator
1077,41-4012.00,Salesforce software
1077,41-4012.00,Writing
1077,41-4012.00,Microsoft Outlook
1077,41-4012.00,Adobe InDesign
1077,41-4012.00,Critical Thinking
1079,51-9083.00,Microsoft Word
1079,51-9083.00,Microsoft Excel
1079,51-9083.00,Microsoft Office software
1079,51-9083.00,Microsoft Outlook
1079,51-9083.00,SAP software
1079,51-9083.00,Microsoft PowerPoint
1079,51-9083.00,Critical Thinking
1080,15-1221.00,Speaking
1080,15-1221.00,Apache Spark
1080,15-1221.00,Reading Comprehension
1080,15-1221.00,Science
1080,15-1221.00,Git
1080,15-1221.00,Critical Thinking
1080,15-1221.00,Bash
1080,15-1221.00,Monitoring
1080,15-1221.00,Writing
1080,15-1221.00,Ansible software
1080,15-1221.00,Mathematics
1080,15-1221.00,Learning Strategies
1080,15-1221.00,Amazon Web Services AWS software
1080,15-1221.00,GitHub
1080,15-1221.00,Go
1080,15-1221.00,Active Learning
1080,15-1221.00,Docker
1081,15-1221.00,Speaking
1081,15-1221.00,Git
1081,15-1221.00,Bash
1081,15-1221.00,Reading Comprehension
1081,15-1221.00,C
1081,15-1221.00,C++
1081,15-1221.00,Apache Kafka
1081,15-1221.00,Critical Thinking
1081,15-1221.00,Writing
1081,15-1221.00,Learning Strategies
1081,15-1221.00,Science
1081,15-1221.00,Apache Spark
1081,15-1221.00,Ansible software
1081,15-1221.00,Active Learning
1081,15-1221.00,Docker
1081,15-1221.00,Amazon Web Services AWS software
1082,43-4051.00,Adobe Illustrator
1082,43-4051.00,Adobe Acrobat
1082,43-4051.00,Monitoring
1082,43-4051.00,Writing
1082,43-4051.00,Speaking
1082,43-4051.00,Microsoft Office software
1082,43-4051.00,Facebook
1082,43-4051.00,Microsoft Excel
1082,43-4051.00,Apple macOS
1083,51-9083.00,Microsoft Word
1083,51-9083.00,Microsoft Excel
1083,51-9083.00,Microsoft PowerPoint
1083,51-9083.00,Reading Comprehension
1083,51-9083.00,Microsoft Office software
1083,51-9083.00,Monitoring
1083,51-9083.00,SAP software
1084,51-9195.05,Critical Thinking
1084,51-9195.05,Monitoring
1084,51-9195.05,Active Listening
1085,15-1221.00,Apache Hadoop
1085,15-1221.00,Ansible software
1085,15-1221.00,Apache Kafka
1085,15-1221.00,Bash
1085,15-1221.00,Reading Comprehension
1085,15-1221.00,Apache Spark
1085,15-1221.00,Docker
1085,15-1221.00,C
1085,15-1221.00,Go
1085,15-1221.00,Writing
1085,15-1221.00,Science
1085,15-1221.00,Amazon Web Services AWS software
1085,15-1221.00,Git
1085,15-1221.00,C++
1085,15-1221.00,GitHub
1088,43-4051.00,Writing
1088,43-4051.00,Google Docs
1088,43-4051.00,Active Listening
1088,43-4051.00,Adobe Photoshop
1088,43-4051.00,Reading Comprehension
1088,43-4051.00,Apple macOS
1088,43-4051.00,Critical Thinking
1088,43-4051.00,Intuit QuickBooks
1088,43-4051.00,Microsoft Outlook
1088,43-4051.00,Adobe Creative Cloud software
1088,43-4051.00,Speaking
1088,43-4051.00,Facebook
1088,43-4051.00,Monitoring
1092,43-4051.00,Reading Comprehension
1092,43-4051.00,Active Listening
1092,43-4051.00,Microsoft Office software
1092,43-4051.00,Adobe Acrobat
1092,43-4051.00,Microsoft Excel
1092,43-4051.00,Adobe Creative Cloud software
1092,43-4051.00,Writing
1092,43-4051.00,Intuit QuickBooks
1092,43-4051.00,Critical Thinking
1092,43-4051.00,Google Docs
1092,43-4051.00,Apple macOS
1092,43-4051.00,Speaking
1094,51-9083.00,Microsoft Office software
1094,51-9083.00,Microsoft Outlook
1094,51-9083.00,Monitoring
1094,51-9083.00,SAP software
1094,51-9083.00,Critical Thinking
1094,51-9083.00,Microsoft Word
1096,51-9195.05,Active Listening
1096,51-9195.05,Monitoring
1096,51-9195.05,Microsoft Excel
1096,51-9195.05,Critical Thinking
1097,15-1221.00,GitHub
1097,15-1221.00,Amazon Web Services AWS software
1097,15-1221.00,Active Learning
1097,15-1221.00,Go
1097,15-1221.00,Apache Hadoop
1097,15-1221.00,C++
1097,15-1221.00,Speaking
1097,15-1221.00,Critical Thinking
1097,15-1221.00,Ansible software
1097,15-1221.00,Apache Kafka
1097,15-1221.00,Reading Comprehension
1097,15-1221.00,Bash
1097,15-1221.00,Writing
1097,15-1221.00,Monitoring
1097,15-1221.00,Docker
1097,15-1221.00,Active Listening
1097,15-1221.00,Git
1098,43-4161.00,Speaking
1098,43-4161.00,Google Docs
1098,43-4161.00,Writing
1098,43-4161.00,Microsoft Outlook
1098,43-4161.00,Microsoft Word
1098,43-4161.00,Monitoring
1098,43-4161.00,Oracle HRIS
1098,43-4161.00,Active Learning
1098,43-4161.00,Microsoft PowerPoint
1098,43-4161.00,Microsoft Excel
1098,43-4161.00,Reading Comprehension
1098,43-4161.00,Active Listening
1098,43-4161.00,Microsoft Visio
1098,43-4161.00,Microsoft SharePoint
1099,43-4051.00,Active Listening
1099,43-4051.00,Monitoring
1099,43-4051.00,Adobe Creative Cloud software
1099,43-4051.00,Speaking
1099,43-4051.00,Adobe Illustrator
1099,43-4051.00,Microsoft Office software
1099,43-4051.00,Microsoft Outlook
1099,43-4051.00,Adobe Photoshop
1099,43-4051.00,Kronos Workforce Timekeeper
1100,53-3031.00,Microsoft Office software
1100,53-3031.00,Microsoft Excel
1100,53-3031.00,Reading Comprehension
1100,53-3031.00,Speaking
1101,15-1221.00,Speaking
1101,15-1221.00,Mathematics
1101,15-1221.00,Apache Hadoop
1101,15-1221.00,Ansible software
1101,15-1221.00,Active Learning
1101,15-1221.00,Apache Spark
1101,15-1221.00,C
1101,15-1221.00,Writing
1101,15-1221.00,Docker
1101,15-1221.00,Reading Comprehension
1101,15-1221.00,Critical Thinking
1101,15-1221.00,Apache Kafka
1101,15-1221.00,Amazon Web Services AWS software
1101,15-1221.00,GitHub
1101,15-1221.00,Go
1101,15-1221.00,Active Listening
1101,15-1221.00,Git
1102,51-9083.00,Microsoft PowerPoint
1102,51-9083.00,SAP software
1102,51-9083.00,Microsoft Word
1102,51-9083.00,Reading Comprehension
1102,51-9083.00,Microsoft Excel
1103,43-4051.00,Intuit QuickBooks
1103,43-4051.00,Reading Comprehension
1103,43-4051.00,Facebook
1103,43-4051.00,Writing
1103,43-4051.00,Google Docs
1103,43-4051.00,Active Listening
1103,43-4051.00,Adobe Illustrator
1103,43-4051.00,Microsoft Excel
1103,43-4051.00,Adobe Acrobat
1103,43-4051.00,Microsoft Outlook
1105,53-3031.00,Microsoft Excel
1105,53-3031.00,Speaking
1105,53-3031.00,Reading Comprehension
1105,53-3031.00,Critical Thinking
1106,51-9083.00,Microsoft Office software
1106,51-9083.00,Monitoring
1106,51-9083.00,Microsoft Excel
1106,51-9083.00,Microsoft Word
1106,51-9083.00,Reading Comprehension
1106,51-9083.00,Critical Thinking
1107,51-9083.00,SAP software
1107,51-9083.00,Microsoft Office software
1107,51-9083.00,Microsoft Outlook
1107,51-9083.00,Reading Comprehension
1107,51-9083.00,Monitoring
1107,51-9083.00,Microsoft Excel
1107,51-9083.00,Microsoft Word
1108,15-1221.00,Reading Comprehension
1108,15-1221.00,Speaking
1108,15-1221.00,Apache Spark
1108,15-1221.00,Critical Thinking
1108,15-1221.00,Amazon Web Services AWS software
1108,15-1221.00,Mathematics
1108,15-1221.00,C
1108,15-1221.00,Apache Hadoop
1108,15-1221.00,Go
1108,15-1221.00,Active Listening
1108,15-1221.00,Monitoring
1108,15-1221.00,Ansible software
1108,15-1221.00,C++
1108,15-1221.00,Docker
1108,15-1221.00,Git
1108,15-1221.00,Apache Kafka
1109,47-1011.03,Microsoft PowerPoint
1109,47-1011.03,Microsoft Visio
1109,47-1011.03,Oracle Primavera Enterprise Project Portfolio Management
1109,47-1011.03,Mathematics
1109,47-1011.03,Microsoft Office software
1109,47-1011.03,Monitoring
1109,47-1011.03,Microsoft Excel
1109,47-1011.03,Autodesk AutoCAD Civil 3D
1109,47-1011.03,Microsoft Project
1109,47-1011.03,Active Learning
1111,51-9083.00,Microsoft Word
1111,51-9083.00,Monitoring
1111,51-9083.00,Microsoft PowerPoint
1111,51-9083.00,Microsoft Excel
1111,51-9083.00,Reading Comprehension
1111,51-9083.00,SAP software
1113,53-3031.00,Microsoft Office software
1113,53-3031.00,Active Listening
1113,53-3031.00,Microsoft Excel
1113,53-3031.00,Reading Comprehension
1113,53-3031.00,Writing
1114,53-3031.00,Writing
1114,53-3031.00,Active Listening
1114,53-3031.00,Microsoft Excel
1114,53-3031.00,Reading Comprehension
1114,53-3031.00,Speaking
1114,53-3031.00,Critical Thinking
1115,15-1221.00,Science
1115,15-1221.00,Ansible software
1115,15-1221.00,Active Learning
1115,15-1221.00,Active Listening
1115,15-1221.00,Docker
1115,15-1221.00,Monitoring
1115,15-1221.00,C++
1115,15-1221.00,C
1115,15-1221.00,Apache Spark
1115,15-1221.00,Amazon Web Services AWS software
1116,47-1011.03,Active Listening
1116,47-1011.03,Microsoft Word
1116,47-1011.03,Microsoft Excel
1116,47-1011.03,Mathematics
1116,47-1011.03,Microsoft Windows
1116,47-1011.03,Microsoft Outlook
1116,47-1011.03,Autodesk AutoCAD
1116,47-1011.03,Microsoft Visio
1116,47-1011.03,Monitoring
1116,47-1011.03,Writing
1116,47-1011.03,Learning Strategies
1116,47-1011.03,Microsoft Office software
1116,47-1011.03,Autodesk AutoCAD Civil 3D
1116,47-1011.03,Autodesk Revit
1116,47-1011.03,Speaking
1116,47-1011.03,Reading Comprehension
1117,53-3031.00,Microsoft Excel
1117,53-3031.00,Speaking
1117,53-3031.00,Microsoft Office software
1117,53-3031.00,Critical Thinking
1117,53-3031.00,Active Listening
1118,43-4051.00,Google Docs
1118,43-4051.00,Writing
1118,43-4051.00,Intuit QuickBooks
1118,43-4051.00,Kronos Workforce Timekeeper
1118,43-4051.00,Adobe Creative Cloud software
1118,43-4051.00,Apple macOS
1118,43-4051.00,Adobe Illustrator
1118,43-4051.00,Adobe Photoshop
1118,43-4051.00,Active Listening
1118,43-4051.00,Facebook
1118,43-4051.00,Critical Thinking
1119,53-3031.00,Writing
1119,53-3031.00,Reading Comprehension
1119,53-3031.00,Speaking
1119,53-3031.00,Microsoft Office software
1119,53-3031.00,Critical Thinking
1120,15-1221.00,Git
1120,15-1221.00,Amazon Web Services AWS software
1120,15-1221.00,Active Learning
1120,15-1221.00,Writing
1120,15-1221.00,Monitoring
1120,15-1221.00,Active Listening
1120,15-1221.00,Learning Strategies
1120,15-1221.00,Mathematics
1120,15-1221.00,Ansible software
1120,15-1221.00,C++
1120,15-1221.00,Critical Thinking
1120,15-1221.00,Docker
1120,15-1221.00,Speaking
1120,15-1221.00,Apache Kafka
1120,15-1221.00,Reading Comprehension
1120,15-1221.00,Science
1120,15-1221.00,Apache Hadoop
1120,15-1221.00,Apache Spark
1121,51-9195.05,Active Listening
1121,51-9195.05,Microsoft Outlook
1121,51-9195.05,Microsoft Excel
1124,47-1011.03,Microsoft Project
1124,47-1011.03,Autodesk AutoCAD Civil 3D
1124,47-1011.03,Autodesk Revit
1124,47-1011.03,Mathematics
1124,47-1011.03,Oracle Primavera Enterprise Project Portfolio Management
1124,47-1011.03,Microsoft Excel
1124,47-1011.03,Active Listening
1124,47-1011.03,Reading Comprehension
1124,47-1011.03,Learning Strategies
1124,47-1011.03,Speaking
1124,47-1011.03,Writing
1124,47-1011.03,Critical Thinking
1124,47-1011.03,Microsoft Visio
1125,53-3031.00,Microsoft Excel
1125,53-3031.00,Speaking
1125,53-3031.00,Reading Comprehension
1125,53-3031.00,Writing
1125,53-3031.00,Microsoft Office software
1125,53-3031.00,Active Listening
1126,51-9195.05,Microsoft Outlook
1126,51-9195.05,Monitoring
1126,51-9195.05,Microsoft Excel
1127,43-4051.00,Intuit QuickBooks
1127,43-4051.00,Writing
1127,43-4051.00,Adobe Illustrator
1127,43-4051.00,Microsoft Excel
1127,43-4051.00,Adobe Creative Cloud software
1127,43-4051.00,Monitoring
1127,43-4051.00,Active Listening
1127,43-4051.00,Critical Thinking
1127,43-4051.00,Adobe Photoshop
1127,43-4051.00,Microsoft Office software
1127,43-4051.00,Apple macOS
1127,43-4051.00,Kronos Workforce Timekeeper
1128,27-2041.00,Microsoft Word
1128,27-2041.00,Learning Strategies
1128,27-2041.00,Reading Comprehension
1128,27-2041.00,Active Learning
1128,27-2041.00,Microsoft Office software
1128,27-2041.00,Writing
1131,15-1221.00,Git
1131,15-1221.00,Active Listening
1131,15-1221.00,Active Learning
1131,15-1221.00,C++
1131,15-1221.00,Learning Strategies
1131,15-1221.00,Docker
1131,15-1221.00,Writing
1131,15-1221.00,Critical Thinking
1131,15-1221.00,Speaking
1131,15-1221.00,Apache Hadoop
1132,51-9083.00,Critical Thinking
1132,51-9083.00,Microsoft Word
1132,51-9083.00,Microsoft Excel
1132,51-9083.00,Microsoft Outlook
1132,51-9083.00,Reading Comprehension
1133,51-9195.05,Active Listening
1133,51-9195.05,Monitoring
1133,51-9195.05,Critical Thinking
1133,51-9195.05,Microsoft Outlook
1135,41-4012.00,Adobe Creative Cloud software
1135,41-4012.00,Autodesk AutoCAD
1135,41-4012.00,Microsoft Office software
1135,41-4012.00,Adobe InDesign
1135,41-4012.00,Critical Thinking
1135,41-4012.00,Microsoft Outlook
1135,41-4012.00,Writing
1135,41-4012.00,Microsoft Excel
1135,41-4012.00,Apple macOS
1135,41-4012.00,Reading Comprehension
1135,41-4012.00,Salesforce software
1136,15-1221.00,Monitoring
1136,15-1221.00,Learning Strategies
1136,15-1221.00,Mathematics
1136,15-1221.00,Apache Hadoop
1136,15-1221.00,Amazon Web Services AWS software
1136,15-1221.00,Active Learning
1136,15-1221.00,Apache Kafka
1136,15-1221.00,C++
1136,15-1221.00,Go
1136,15-1221.00,C
1136,15-1221.00,Writing
1136,15-1221.00,Science
1136,15-1221.00,Speaking
1136,15-1221.00,Docker
1136,15-1221.00,Git
1136,15-1221.00,GitHub
1137,53-3031.00,Microsoft Office software
1137,53-3031.00,Reading Comprehension
1137,53-3031.00,Critical Thinking
1137,53-3031.00,Active Listening
1137,53-3031.00,Microsoft Excel
1138,53-3031.00,Active Listening
1138,53-3031.00,Microsoft Excel
1138,53-3031.00,Writing
1138,53-3031.00,Microsoft Office software
1140,51-9195.05,Monitoring
1140,51-9195.05,Critical Thinking
1143,15-1221.00,C++
1143,15-1221.00,Apache Spark
1143,15-1221.00,Monitoring
1143,15-1221.00,Active Learning
1143,15-1221.00,Active Listening
1143,15-1221.00,Amazon Web Services AWS software
1143,15-1221.00,Ansible software
1143,15-1221.00,Mathematics
1143,15-1221.00,GitHub
1143,15-1221.00,Git
1143,15-1221.00,Apache Kafka
1143,15-1221.00,Learning Strategies
1148,51-9083.00,Microsoft PowerPoint
1148,51-9083.00,Reading Comprehension
1148,51-9083.00,Microsoft Excel
1148,51-9083.00,SAP software
1148,51-9083.00,Microsoft Word
1148,51-9083.00,Microsoft Outlook
1148,51-9083.00,Critical Thinking
1150,51-9195.05,Active Listening
1150,51-9195.05,Microsoft Outlook
1150,51-9195.05,Critical Thinking
1150,51-9195.05,Microsoft Excel
1152,43-4161.00,Oracle PeopleSoft
1152,43-4161.00,Monitoring
1152,43-4161.00,Microsoft PowerPoint
1152,43-4161.00,Reading Comprehension
1152,43-4161.00,Microsoft SharePoint
1152,43-4161.00,Microsoft Access
1152,43-4161.00,Oracle HRIS
1152,43-4161.00,Critical Thinking
1152,43-4161.00,Writing
1152,43-4161.00,Applicant tracking software
1152,43-4161.00,Active Listening
1152,43-4161.00,Active Learning
1152,43-4161.00,Microsoft Visio
1152,43-4161.00,Microsoft Outlook
1152,43-4161.00,Google Docs
1154,15-1221.00,Speaking
1154,15-1221.00,Critical Thinking
1154,15-1221.00,Amazon Web Services AWS software
1154,15-1221.00,Reading Comprehension
1154,15-1221.00,Ansible software
1154,15-1221.00,C
1154,15-1221.00,Monitoring
1154,15-1221.00,Go
1154,15-1221.00,Writing
1154,15-1221.00,Learning Strategies
1154,15-1221.00,GitHub
1154,15-1221.00,Git
1154,15-1221.00,Mathematics
1156,51-9083.00,Microsoft PowerPoint
1156,51-9083.00,Critical Thinking
1156,51-9083.00,Reading Comprehension
1156,51-9083.00,Microsoft Office software
1156,51-9083.00,SAP software
1156,51-9083.00,Microsoft Outlook
1157,53-3031.00,Writing
1157,53-3031.00,Microsoft Office software
1157,53-3031.00,Speaking
1158,51-9083.00,Monitoring
1158,51-9083.00,Microsoft PowerPoint
1158,51-9083.00,SAP software
1158,51-9083.00,Critical Thinking
1158,51-9083.00,Microsoft Excel
1158,51-9083.00,Microsoft Word
1158,51-9083.00,Reading Comprehension
1160,51-9083.00,Reading Comprehension
1160,51-9083.00,Monitoring
1160,51-9083.00,Microsoft Word
1160,51-9083.00,Microsoft Office software
1160,51-9083.00,Microsoft Excel
1161,43-4051.00,Writing
1161,43-4051.00,Facebook
1161,43-4051.00,Intuit QuickBooks
1161,43-4051.00,Adobe Acrobat
1161,43-4051.00,Apple macOS
1161,43-4051.00,Critical Thinking
1161,43-4051.00,Speaking
1161,43-4051.00,Microsoft Office software
1161,43-4051.00,Kronos Workforce Timekeeper
1161,43-4051.00,Adobe Creative Cloud software
1161,43-4051.00,Reading Comprehension
1161,43-4051.00,Adobe Illustrator
1161,43-4051.00,Monitoring
1161,43-4051.00,Microsoft Outlook
1162,15-1221.00,Ansible software
1162,15-1221.00,Apache Kafka
1162,15-1221.00,Speaking
1162,15-1221.00,Go
1162,15-1221.00,Git
1162,15-1221.00,Writing
1162,15-1221.00,Science
1162,15-1221.00,Active Learning
1162,15-1221.00,Amazon Web Services AWS software
1162,15-1221.00,GitHub
1162,15-1221.00,Learning Strategies
1163,53-3031.00,Critical Thinking
1163,53-3031.00,Writing
1163,53-3031.00,Active Listening
1163,53-3031.00,Microsoft Excel
1164,43-4161.00,Microsoft Outlook
1164,43-4161.00,Reading Comprehension
1164,43-4161.00,Google Docs
1164,43-4161.00,Microsoft Excel
1164,43-4161.00,Microsoft SharePoint
1164,43-4161.00,Speaking
1164,43-4161.00,Critical Thinking
1164,43-4161.00,Monitoring
1164,43-4161.00,Microsoft Word
1164,43-4161.00,Active Learning
1164,43-4161.00,Microsoft Visio
1164,43-4161.00,Active Listening
1164,43-4161.00,Oracle PeopleSoft
1164,43-4161.00,Writing
1165,53-3031.00,Active Listening
1165,53-3031.00,Critical Thinking
1165,53-3031.00,Reading Comprehension
1165,53-3031.00,Microsoft Excel
1165,53-3031.00,Writing
1166,27-2041.00,Active Learning
1166,27-2041.00,Microsoft Word
1166,27-2041.00,Monitoring
1166,27-2041.00,Critical Thinking
1166,27-2041.00,Reading Comprehension
1166,27-2041.00,Speaking
1166,27-2041.00,Active Listening
1166,27-2041.00,Writing
1167,53-3031.00,Active Listening
1167,53-3031.00,Reading Comprehension
1167,53-3031.00,Speaking
1171,53-3031.00,Critical Thinking
1171,53-3031.00,Speaking
1171,53-3031.00,Reading Comprehension
1171,53-3031.00,Microsoft Office software
1172,51-9083.00,Microsoft PowerPoint
1172,51-9083.00,Microsoft Word
1172,51-9083.00,SAP software
1172,51-9083.00,Microsoft Outlook
1172,51-9083.00,Microsoft Excel
1173,51-9083.00,Microsoft PowerPoint
1173,51-9083.00,SAP software
1173,51-9083.00,Microsoft Word
1173,51-9083.00,Microsoft Office software
1173,51-9083.00,Microsoft Excel
1175,51-9083.00,Microsoft Word
1175,51-9083.00,Microsoft Office software
1175,51-9083.00,Microsoft Excel
1175,51-9083.00,Reading Comprehension
1175,51-9083.00,Monitoring
1175,51-9083.00,SAP software
1175,51-9083.00,Critical Thinking
1177,51-9083.00,Monitoring
1177,51-9083.00,Microsoft Word
1177,51-9083.00,SAP software
1177,51-9083.00,Microsoft Office software
1177,51-9083.00,Microsoft PowerPoint
1177,51-9083.00,Microsoft Outlook
1177,51-9083.00,Critical Thinking
1179,53-3031.00,Speaking
1179,53-3031.00,Reading Comprehension
1179,53-3031.00,Microsoft Excel
1179,53-3031.00,Writing
1179,53-3031.00,Microsoft Office software
1180,15-1221.00,Go
1180,15-1221.00,Amazon Web Services AWS software
1180,15-1221.00,Apache Kafka
1180,15-1221.00,Writing
1180,15-1221.00,Docker
1180,15-1221.00,Git
1180,15-1221.00,Active Listening
1180,15-1221.00,Science
1180,15-1221.00,Monitoring
1180,15-1221.00,Ansible software
1180,15-1221.00,Active Learning
1180,15-1221.00,GitHub
1180,15-1221.00,Critical Thinking
1180,15-1221.00,Apache Spark
1180,15-1221.00,C
1180,15-1221.00,Mathematics
1180,15-1221.00,Learning Strategies
1180,15-1221.00,Bash
1182,51-9195.05,Microsoft Outlook
1182,51-9195.05,Microsoft Excel
1182,51-9195.05,Critical Thinking
1182,51-9195.05,Monitoring
1184,43-4051.00,Microsoft Office software
1184,43-4051.00,Monitoring
1184,43-4051.00,Microsoft Excel
1184,43-4051.00,Adobe Acrobat
1184,43-4051.00,Microsoft Outlook
1184,43-4051.00,Critical Thinking
1184,43-4051.00,Writing
1184,43-4051.00,Active Listening
1184,43-4051.00,Intuit QuickBooks
1184,43-4051.00,Adobe Creative Cloud software
1185,51-9083.00,Reading Comprehension
1185,51-9083.00,Monitoring
1185,51-9083.00,Critical Thinking
1185,51-9083.00,Microsoft Office software
1185,51-9083.00,Microsoft Excel
1185,51-9083.00,SAP software
1188,53-3031.00,Microsoft Excel
1188,53-3031.00,Writing
1188,53-3031.00,Microsoft Office software
1188,53-3031.00,Active Listening
1188,53-3031.00,Speaking
1190,41-4012.00,Speaking
1190,41-4012.00,Adobe Creative Cloud software
1190,41-4012.00,Monitoring
1190,41-4012.00,Writing
1190,41-4012.00,Microsoft Outlook
1190,41-4012.00,Microsoft Office software
1190,41-4012.00,Microsoft PowerPoint
1190,41-4012.00,Autodesk AutoCAD
1190,41-4012.00,Critical Thinking
1190,41-4012.00,Microsoft Excel
1191,47-1011.03,Monitoring
1191,47-1011.03,Autodesk AutoCAD
1191,47-1011.03,Autodesk AutoCAD Civil 3D
1191,47-1011.03,Microsoft Word
1191,47-1011.03,Mathematics
1191,47-1011.03,Active Learning
1191,47-1011.03,Reading Comprehension
1191,47-1011.03,Speaking
1191,47-1011.03,Microsoft Windows
1191,47-1011.03,Microsoft Office software
1191,47-1011.03,Learning Strategies
1191,47-1011.03,Microsoft Excel
1191,47-1011.03,Writing
1191,47-1011.03,Oracle Primavera Enterprise Project Portfolio Management
1192,51-9083.00,Microsoft Outlook
1192,51-9083.00,Critical Thinking
1192,51-9083.00,Microsoft Office software
1192,51-9083.00,Microsoft Excel
1192,51-9083.00,SAP software
1193,15-1221.00,Active Learning
1193,15-1221.00,C++
1193,15-1221.00,Apache Hadoop
1193,15-1221.00,Mathematics
1193,15-1221.00,GitHub
1193,15-1221.00,Bash
1193,15-1221.00,C
1193,15-1221.00,Writing
1193,15-1221.00,Monitoring
1193,15-1221.00,Speaking
1193,15-1221.00,Apache Kafka
1193,15-1221.00,Active Listening
1193,15-1221.00,Go
1193,15-1221.00,Docker
1193,15-1221.00,Git
1193,15-1221.00,Ansible software
1195,15-1221.00,Critical Thinking
1195,15-1221.00,Amazon Web Services AWS software
1195,15-1221.00,Science
1195,15-1221.00,Docker
1195,15-1221.00,Learning Strategies
1195,15-1221.00,Ansible software
1195,15-1221.00,Mathematics
1195,15-1221.00,GitHub
1195,15-1221.00,Git
1195,15-1221.00,Bash
1195,15-1221.00,Active Learning
1195,15-1221.00,Active Listening
1196,51-9195.05,Microsoft Excel
1196,51-9195.05,Monitoring
1196,51-9195.05,Critical Thinking
1198,51-9083.00,Monitoring
1198,51-9083.00,Microsoft Office software
1198,51-9083.00,Microsoft Excel
1198,51-9083.00,Microsoft PowerPoint
1198,51-9083.00,Reading Comprehension
1198,51-9083.00,SAP software
1200,15-1221.00,Git
1200,15-1221.00,Active Learning
1200,15-1221.00,GitHub
1200,15-1221.00,Bash
1200,15-1221.00,Reading Comprehension
1200,15-1221.00,Active Listening
1200,15-1221.00,Ansible software
1200,15-1221.00,C++
1200,15-1221.00,Science
1200,15-1221.00,Apache Kafka
1201,47-1011.03,Microsoft Project
1201,47-1011.03,Microsoft Outlook
1201,47-1011.03,Autodesk Revit
1201,47-1011.03,Reading Comprehension
1201,47-1011.03,Active Learning
1201,47-1011.03,Critical Thinking
1201,47-1011.03,Oracle Primavera Enterprise Project Portfolio Management
1201,47-1011.03,Microsoft Excel
1201,47-1011.03,Microsoft PowerPoint
1201,47-1011.03,Microsoft Word
1201,47-1011.03,Monitoring
1201,47-1011.03,Autodesk AutoCAD Civil 3D
1202,15-1221.00,Reading Comprehension
1202,15-1221.00,Critical Thinking
1202,15-1221.00,Ansible software
1202,15-1221.00,C++
1202,15-1221.00,Monitoring
1202,15-1221.00,Git
1202,15-1221.00,Amazon Web Services AWS software
1202,15-1221.00,Writing
1202,15-1221.00,Go
1202,15-1221.00,Apache Spark
1202,15-1221.00,C
1203,15-1221.00,C++
1203,15-1221.00,Learning Strategies
1203,15-1221.00,Writing
1203,15-1221.00,Go
1203,15-1221.00,Science
1203,15-1221.00,Active Listening
1203,15-1221.00,Speaking
1203,15-1221.00,Mathematics
1203,15-1221.00,Apache Kafka
1203,15-1221.00,Apache Hadoop
1203,15-1221.00,Reading Comprehension
1203,15-1221.00,Active Learning
1203,15-1221.00,Bash
1203,15-1221.00,Apache Spark
1203,15-1221.00,Docker
1203,15-1221.00,C
1203,15-1221.00,Git
1203,15-1221.00,GitHub
1204,47-1011.03,Speaking
1204,47-1011.03,Learning Strategies
1204,47-1011.03,Oracle Primavera Enterprise Project Portfolio Management
1204,47-1011.03,Critical Thinking
1204,47-1011.03,Microsoft Project
1204,47-1011.03,Autodesk AutoCAD Civil 3D
1204,47-1011.03,Microsoft Visio
1204,47-1011.03,Reading Comprehension
1204,47-1011.03,Microsoft Outlook
1204,47-1011.03,Microsoft Word
1204,47-1011.03,Mathematics
1204,47-1011.03,Microsoft Office software
1204,47-1011.03,Active Learning
1204,47-1011.03,Active Listening
1206,15-1221.00,Apache Kafka
1206,15-1221.00,Apache Spark
1206,15-1221.00,Speaking
1206,15-1221.00,Learning Strategies
1206,15-1221.00,Docker
1206,15-1221.00,Active Learning
1206,15-1221.00,Active Listening
1206,15-1221.00,Bash
1206,15-1221.00,Reading Comprehension
1206,15-1221.00,Mathematics
1206,15-1221.00,Ansible software
1206,15-1221.00,Apache Hadoop
1207,43-4161.00,Monitoring
1207,43-4161.00,Microsoft Office software
1207,43-4161.00,Microsoft PowerPoint
1207,43-4161.00,Oracle HRIS
1207,43-4161.00,Microsoft Visio
1207,43-4161.00,Applicant tracking software
1207,43-4161.00,Microsoft Excel
1207,43-4161.00,Active Learning
1207,43-4161.00,Microsoft Word
1207,43-4161.00,Google Docs
1207,43-4161.00,Oracle PeopleSoft
1207,43-4161.00,Critical Thinking
1207,43-4161.00,Reading Comprehension
1207,43-4161.00,Speaking
1210,15-1221.00,C++
1210,15-1221.00,Git
1210,15-1221.00,Active Learning
1210,15-1221.00,Apache Spark
1210,15-1221.00,Reading Comprehension
1210,15-1221.00,Bash
1210,15-1221.00,Learning Strategies
1210,15-1221.00,Monitoring
1210,15-1221.00,Amazon Web Services AWS software
1210,15-1221.00,Science
1210,15-1221.00,Docker
1211,53-3031.00,Microsoft Excel
1211,53-3031.00,Critical Thinking
1211,53-3031.00,Writing
1211,53-3031.00,Microsoft Office software
1211,53-3031.00,Reading Comprehension
1212,53-3031.00,Active Listening
1212,53-3031.00,Microsoft Excel
1212,53-3031.00,Speaking
1212,53-3031.00,Writing
1212,53-3031.00,Critical Thinking
1212,53-3031.00,Reading Comprehension
1215,47-1011.03,Active Listening
1215,47-1011.03,Autodesk AutoCAD Civil 3D
1215,47-1011.03,Writing
1215,47-1011.03,Microsoft Outlook
1215,47-1011.03,Active Learning
1215,47-1011.03,Monitoring
1215,47-1011.03,Microsoft Windows
1215,47-1011.03,Microsoft Office software
1215,47-1011.03,Microsoft Visio
1215,47-1011.03,Microsoft Project
1215,47-1011.03,Mathematics
1215,47-1011.03,Oracle Primavera Enterprise Project Portfolio Management
1215,47-1011.03,Microsoft Excel
1215,47-1011.03,Speaking
1215,47-1011.03,Autodesk AutoCAD
1216,51-9083.00,Reading Comprehension
1216,51-9083.00,Microsoft Office software
1216,51-9083.00,Microsoft PowerPoint
1216,51-9083.00,Microsoft Outlook
1217,27-2041.00,Microsoft Office software
1217,27-2041.00,Microsoft Excel
1217,27-2041.00,Microsoft Outlook
1217,27-2041.00,Critical Thinking
1217,27-2041.00,Microsoft PowerPoint
1217,27-2041.00,Active Listening
1217,27-2041.00,Learning Strategies
1217,27-2041.00,Monitoring
1217,27-2041.00,Writing
1217,27-2041.00,Speaking
1218,53-3031.00,Reading Comprehension
1218,53-3031.00,Speaking
1218,53-3031.00,Critical Thinking
1218,53-3031.00,Microsoft Excel
1219,51-9083.00,Microsoft Outlook
1219,51-9083.00,Monitoring
1219,51-9083.00,Microsoft Excel
1219,51-9083.00,Microsoft PowerPoint
1219,51-9083.00,Microsoft Word
1219,51-9083.00,Critical Thinking
1220,53-3031.00,Critical Thinking
1220,53-3031.00,Speaking
1220,53-3031.00,Active Listening
1220,53-3031.00,Microsoft Excel
1220,53-3031.00,Reading Comprehension
1221,51-9083.00,SAP software
1221,51-9083.00,Microsoft PowerPoint
1221,51-9083.00,Microsoft Outlook
1221,51-9083.00,Reading Comprehension
1221,51-9083.00,Monitoring
1221,51-9083.00,Microsoft Word
1221,51-9083.00,Microsoft Excel
1224,51-9083.00,Microsoft Office software
1224,51-9083.00,Monitoring
1224,51-9083.00,Microsoft Outlook
1224,51-9083.00,SAP software
1224,51-9083.00,Microsoft PowerPoint
1224,51-9083.00,Critical Thinking
1224,51-9083.00,Microsoft Word
1225,15-1221.00,Science
1225,15-1221.00,Active Listening
1225,15-1221.00,C++
1225,15-1221.00,Apache Kafka
1225,15-1221.00,Bash
1225,15-1221.00,GitHub
1225,15-1221.00,Speaking
1225,15-1221.00,Git
1225,15-1221.00,Go
1225,15-1221.00,C
1225,15-1221.00,Active Learning
1225,15-1221.00,Apache Hadoop
1225,15-1221.00,Ansible software
1226,41-4012.00,Salesforce software
1226,41-4012.00,Monitoring
1226,41-4012.00,Microsoft PowerPoint
1226,41-4012.00,Adobe Illustrator
1226,41-4012.00,Writing
1226,41-4012.00,Reading Comprehension
1226,41-4012.00,Adobe Acrobat
1226,41-4012.00,Apple macOS
1226,41-4012.00,Active Listening
1226,41-4012.00,Speaking
1226,41-4012.00,Microsoft Office software
1226,41-4012.00,Adobe Photoshop
1226,41-4012.00,Active Learning
1226,41-4012.00,Microsoft Excel
1228,51-9195.05,Microsoft Outlook
1228,51-9195.05,Active Listening
1228,51-9195.05,Microsoft Excel
1228,51-9195.05,Critical Thinking
1231,43-4161.00,Microsoft Access
1231,43-4161.00,Microsoft PowerPoint
1231,43-4161.00,Oracle HRIS
1231,43-4161.00,Microsoft SharePoint
1231,43-4161.00,Microsoft Excel
1231,43-4161.00,Critical Thinking
1231,43-4161.00,Active Listening
1231,43-4161.00,Microsoft Office software
1231,43-4161.00,Active Learning
1233,53-3031.00,Microsoft Excel
1233,53-3031.00,Writing
1233,53-3031.00,Reading Comprehension
1233,53-3031.00,Active Listening
1234,51-9083.00,Microsoft Office software
1234,51-9083.00,Microsoft Excel
1234,51-9083.00,Monitoring
1234,51-9083.00,Microsoft Outlook
1235,15-1221.00,Science
1235,15-1221.00,Mathematics
1235,15-1221.00,Critical Thinking
1235,15-1221.00,Bash
1235,15-1221.00,Apache Hadoop
1235,15-1221.00,Active Learning
1235,15-1221.00,Amazon Web Services AWS software
1235,15-1221.00,Ansible software
1235,15-1221.00,Writing
1235,15-1221.00,Git
1235,15-1221.00,Go
1237,51-9195.05,Monitoring
1237,51-9195.05,Critical Thinking
1237,51-9195.05,Microsoft Outlook
1237,51-9195.05,Microsoft Excel
1238,15-1221.00,Speaking
1238,15-1221.00,Git
1238,15-1221.00,C
1238,15-1221.00,Active Listening
1238,15-1221.00,Mathematics
1238,15-1221.00,Amazon Web Services AWS software
1238,15-1221.00,Apache Spark
1238,15-1221.00,C++
1238,15-1221.00,Docker
1238,15-1221.00,Apache Hadoop
1238,15-1221.00,Writing
1238,15-1221.00,GitHub
1238,15-1221.00,Go
1239,53-3031.00,Reading Comprehension
1239,53-3031.00,Active Listening
1239,53-3031.00,Critical Thinking
1239,53-3031.00,Writing
1239,53-3031.00,Speaking
1240,53-3031.00,Critical Thinking
1240,53-3031.00,Writing
1240,53-3031.00,Speaking
1240,53-3031.00,Microsoft Excel
1240,53-3031.00,Active Listening
1241,15-1221.00,GitHub
1241,15-1221.00,Amazon Web Services AWS software
1241,15-1221.00,Science
1241,15-1221.00,C++
1241,15-1221.00,Learning Strategies
1241,15-1221.00,Go
1241,15-1221.00,Active Listening
1241,15-1221.00,Apache Spark
1241,15-1221.00,Critical Thinking
1241,15-1221.00,Docker
1241,15-1221.00,Writing
1241,15-1221.00,Ansible software
1242,27-2041.00,Critical Thinking
1242,27-2041.00,Speaking
1242,27-2041.00,Reading Comprehension
1242,27-2041.00,Microsoft Outlook
1242,27-2041.00,Microsoft Office software
1242,27-2041.00,Microsoft PowerPoint
1242,27-2041.00,Learning Strategies
1242,27-2041.00,Monitoring
1242,27-2041.00,Active Learning
1243,53-3031.00,Reading Comprehension
1243,53-3031.00,Speaking
1243,53-3031.00,Critical Thinking
1243,53-3031.00,Writing
1244,15-1221.00,Critical Thinking
1244,15-1221.00,Apache Spark
1244,15-1221.00,Go
1244,15-1221.00,Writing
1244,15-1221.00,Active Listening
1244,15-1221.00,Ansible software
1244,15-1221.00,Reading Comprehension
1244,15-1221.00,Bash
1244,15-1221.00,C
1244,15-1221.00,Docker
1244,15-1221.00,GitHub
1244,15-1221.00,Amazon Web Services AWS software
1245,51-9195.05,Microsoft Outlook
1245,51-9195.05,Monitoring
1245,51-9195.05,Microsoft Excel
1246,15-1221.00,Writing
1246,15-1221.00,Monitoring
1246,15-1221.00,Apache Hadoop
1246,15-1221.00,Ansible software
1246,15-1221.00,Critical Thinking
1246,15-1221.00,Speaking
1246,15-1221.00,C++
1246,15-1221.00,Learning Strategies
1246,15-1221.00,Amazon Web Services AWS software
1246,15-1221.00,Reading Comprehension
1246,15-1221.00,Active Learning
1246,15-1221.00,C
1246,15-1221.00,Apache Spark
1248,15-1221.00,C
1248,15-1221.00,Writing
1248,15-1221.00,C++
1248,15-1221.00,Docker
1248,15-1221.00,Ansible software
1248,15-1221.00,Active Listening
1248,15-1221.00,Apache Hadoop
1248,15-1221.00,Active Learning
1248,15-1221.00,Apache Kafka
1248,15-1221.00,Git
1248,15-1221.00,Mathematics
1248,15-1221.00,Apache Spark
1249,15-1221.00,Critical Thinking
1249,15-1221.00,Science
1249,15-1221.00,Learning Strategies
1249,15-1221.00,Ansible software
1249,15-1221.00,GitHub
1249,15-1221.00,Git
1249,15-1221.00,Apache Spark
1249,15-1221.00,Amazon Web Services AWS software
1249,15-1221.00,C++
1249,15-1221.00,Docker
1249,15-1221.00,Go
1249,15-1221.00,Apache Hadoop
1249,15-1221.00,Reading Comprehension
1249,15-1221.00,Active Listening
1250,27-2041.00,Microsoft PowerPoint
1250,27-2041.00,Critical Thinking
1250,27-2041.00,Microsoft Outlook
1250,27-2041.00,Speaking
1250,27-2041.00,Active Learning
1250,27-2041.00,Learning Strategies
1250,27-2041.00,Active Listening
1251,43-4051.00,Adobe Creative Cloud software
1251,43-4051.00,Microsoft Excel
1251,43-4051.00,Microsoft Office software
1251,43-4051.00,Adobe Acrobat
1251,43-4051.00,Apple macOS
1251,43-4051.00,Microsoft Outlook
1251,43-4051.00,Google Docs
1251,43-4051.00,Adobe Illustrator
1251,43-4051.00,Reading Comprehension
1251,43-4051.00,Writing
1251,43-4051.00,Speaking
1251,43-4051.00,Facebook
1251,43-4051.00,Kronos Workforce Timekeeper
1251,43-4051.00,Active Listening
1251,43-4051.00,Adobe Photoshop
1252,43-4051.00,Active Listening
1252,43-4051.00,Adobe Creative Cloud software
1252,43-4051.00,Facebook
1252,43-4051.00,Intuit QuickBooks
1252,43-4051.00,Adobe Photoshop
1252,43-4051.00,Writing
1252,43-4051.00,Monitoring
1252,43-4051.00,Microsoft Office software
1252,43-4051.00,Critical Thinking
1254,53-3031.00,Active Listening
1254,53-3031.00,Reading Comprehension
1254,53-3031.00,Writing
1254,53-3031.00,Microsoft Excel
1255,27-2041.00,Active Learning
1255,27-2041.00,Learning Strategies
1255,27-2041.00,Microsoft Excel
1255,27-2041.00,Reading Comprehension
1255,27-2041.00,Microsoft PowerPoint
1255,27-2041.00,Microsoft Outlook
1256,47-1011.03,Microsoft Word
1256,47-1011.03,Autodesk AutoCAD Civil 3D
1256,47-1011.03,Oracle Primavera Enterprise Project Portfolio Management
1256,47-1011.03,Writing
1256,47-1011.03,Active Listening
1256,47-1011.03,Microsoft Excel
1256,47-1011.03,Monitoring
1256,47-1011.03,Microsoft Outlook
1256,47-1011.03,Critical Thinking
1256,47-1011.03,Mathematics
1256,47-1011.03,Microsoft Office software
1256,47-1011.03,Microsoft Project
1256,47-1011.03,Microsoft Windows
1256,47-1011.03,Microsoft PowerPoint
1256,47-1011.03,Microsoft Visio
1256,47-1011.03,Autodesk Revit
1257,15-1221.00,C
1257,15-1221.00,Reading Comprehension
1257,15-1221.00,Apache Kafka
1257,15-1221.00,Mathematics
1257,15-1221.00,Docker
1257,15-1221.00,Bash
1257,15-1221.00,Speaking
1257,15-1221.00,Monitoring
1257,15-1221.00,Go
1257,15-1221.00,Writing
1257,15-1221.00,Apache Spark
1258,51-9083.00,Reading Comprehension
1258,51-9083.00,Microsoft PowerPoint
1258,51-9083.00,Critical Thinking
1258,51-9083.00,SAP software
1258,51-9083.00,Microsoft Word
1258,51-9083.00,Microsoft Outlook
1259,15-1221.00,Monitoring
1259,15-1221.00,Reading Comprehension
1259,15-1221.00,Amazon Web Services AWS software
1259,15-1221.00,Apache Hadoop
1259,15-1221.00,Speaking
1259,15-1221.00,Learning Strategies
1259,15-1221.00,C++
1259,15-1221.00,Science
1259,15-1221.00,Apache Kafka
1259,15-1221.00,Docker
1259,15-1221.00,GitHub
1259,15-1221.00,Writing
1260,43-4051.00,Adobe Acrobat
1260,43-4051.00,Critical Thinking
1260,43-4051.00,Microsoft Outlook
1260,43-4051.00,Google Docs
1260,43-4051.00,Kronos Workforce Timekeeper
1260,43-4051.00,Adobe Illustrator
1260,43-4051.00,Active Listening
1260,43-4051.00,Microsoft Excel
1260,43-4051.00,Adobe Creative Cloud software
1260,43-4051.00,Speaking
1260,43-4051.00,Intuit QuickBooks
1260,43-4051.00,Reading Comprehension
1263,27-2041.00,Learning Strategies
1263,27-2041.00,Microsoft Word
1263,27-2041.00,Writing
1263,27-2041.00,Active Listening
1263,27-2041.00,Microsoft PowerPoint
1263,27-2041.00,Reading Comprehension
1263,27-2041.00,Speaking
1263,27-2041.00,Critical Thinking
1263,27-2041.00,Monitoring
1264,27-2041.00,Microsoft Word
1264,27-2041.00,Microsoft Outlook
1264,27-2041.00,Microsoft Excel
1264,27-2041.00,Reading Comprehension
1264,27-2041.00,Active Listening
1264,27-2041.00,Active Learning
1265,15-1221.00,Ansible software
1265,15-1221.00,Writing
1265,15-1221.00,Critical Thinking
1265,15-1221.00,Bash
1265,15-1221.00,Mathematics
1265,15-1221.00,Speaking
1265,15-1221.00,Science
1265,15-1221.00,Apache Spark
1265,15-1221.00,Git
1265,15-1221.00,C
1265,15-1221.00,Active Learning
1265,15-1221.00,Active Listening
1265,15-1221.00,Reading Comprehension
1267,47-1011.03,Writing
1267,47-1011.03,Learning Strategies
1267,47-1011.03,Speaking
1267,47-1011.03,Microsoft Office software
1267,47-1011.03,Autodesk AutoCAD Civil 3D
1267,47-1011.03,Microsoft Word
1267,47-1011.03,Microsoft Windows
1267,47-1011.03,Microsoft Excel
1267,47-1011.03,Reading Comprehension
1267,47-1011.03,Active Listening
1268,53-3031.00,Critical Thinking
1268,53-3031.00,Speaking
1268,53-3031.00,Active Listening
1268,53-3031.00,Reading Comprehension
1268,53-3031.00,Writing
1269,15-1221.00,Learning Strategies
1269,15-1221.00,Apache Hadoop
1269,15-1221.00,Ansible software
1269,15-1221.00,C
1269,15-1221.00,Science
1269,15-1221.00,Git
1269,15-1221.00,Docker
1269,15-1221.00,Mathematics
1269,15-1221.00,Monitoring
1269,15-1221.00,GitHub
1269,15-1221.00,Amazon Web Services AWS software
1269,15-1221.00,Critical Thinking
1269,15-1221.00,Bash
1270,15-1221.00,Reading Comprehension
1270,15-1221.00,Active Learning
1270,15-1221.00,Monitoring
1270,15-1221.00,Science
1270,15-1221.00,Speaking
1270,15-1221.00,Learning Strategies
1270,15-1221.00,Critical Thinking
1270,15-1221.00,Docker
1270,15-1221.00,GitHub
1270,15-1221.00,Writing
1270,15-1221.00,Apache Hadoop
1270,15-1221.00,Apache Spark
1270,15-1221.00,C++
1270,15-1221.00,C
1270,15-1221.00,Git
1270,15-1221.00,Ansible software
1270,15-1221.00,Apache Kafka
1270,15-1221.00,Bash
1273,41-4012.00,Adobe Illustrator
1273,41-4012.00,Monitoring
1273,41-4012.00,Apple macOS
1273,41-4012.00,Adobe InDesign
1273,41-4012.00,Writing
1273,41-4012.00,Autodesk AutoCAD
1273,41-4012.00,Microsoft PowerPoint
1273,41-4012.00,Salesforce software
1273,41-4012.00,Microsoft Outlook
1273,41-4012.00,Adobe Acrobat
1273,41-4012.00,Adobe Photoshop
1273,41-4012.00,Speaking
1273,41-4012.00,Reading Comprehension
1273,41-4012.00,Microsoft Office software
1273,41-4012.00,Adobe Creative Cloud software
1275,15-1221.00,Ansible software
1275,15-1221.00,GitHub
1275,15-1221.00,Science
1275,15-1221.00,Go
1275,15-1221.00,Active Learning
1275,15-1221.00,Amazon Web Services AWS software
1275,15-1221.00,C++
1275,15-1221.00,Apache Spark
1275,15-1221.00,Writing
1275,15-1221.00,Bash
1275,15-1221.00,Speaking
1275,15-1221.00,Mathematics
1277,47-1011.03,Microsoft PowerPoint
1277,47-1011.03,Learning Strategies
1277,47-1011.03,Microsoft Visio
1277,47-1011.03,Mathematics
1277,47-1011.03,Microsoft Office software
1277,47-1011.03,Microsoft Windows
1277,47-1011.03,Oracle Primavera Enterprise Project Portfolio Management
1277,47-1011.03,Writing
1277,47-1011.03,Autodesk Revit
1277,47-1011.03,Microsoft Outlook
1277,47-1011.03,Speaking
1277,47-1011.03,Autodesk AutoCAD
1277,47-1011.03,Active Learning
1277,47-1011.03,Autodesk AutoCAD Civil 3D
1277,47-1011.03,Microsoft Project
1278,43-4051.00,Speaking
1278,43-4051.00,Critical Thinking
1278,43-4051.00,Adobe Illustrator
1278,43-4051.00,Google Docs
1278,43-4051.00,Reading Comprehension
1278,43-4051.00,Adobe Photoshop
1278,43-4051.00,Microsoft Outlook
1278,43-4051.00,Apple macOS
1278,43-4051.00,Writing
1279,51-9083.00,Microsoft Excel
1279,51-9083.00,SAP software
1279,51-9083.00,Microsoft Office software
1279,51-9083.00,Microsoft Word
1279,51-9083.00,Microsoft Outlook
1279,51-9083.00,Reading Comprehension
1280,47-1011.03,Microsoft Office software
1280,47-1011.03,Microsoft Word
1280,47-1011.03,Writing
1280,47-1011.03,Microsoft Windows
1280,47-1011.03,Oracle Primavera Enterprise Project Portfolio Management
1280,47-1011.03,Autodesk Revit
1280,47-1011.03,Active Learning
1280,47-1011.03,Autodesk AutoCAD Civil 3D
1280,47-1011.03,Reading Comprehension
1280,47-1011.03,Microsoft Project
1280,47-1011.03,Speaking
1280,47-1011.03,Mathematics
1280,47-1011.03,Critical Thinking
1280,47-1011.03,Microsoft Visio
1280,47-1011.03,Learning Strategies
1281,53-3031.00,Writing
1281,53-3031.00,Speaking
1281,53-3031.00,Microsoft Excel
1282,47-1011.03,Active Learning
1282,47-1011.03,Microsoft Office software
1282,47-1011.03,Microsoft Excel
1282,47-1011.03,Microsoft Project
1282,47-1011.03,Autodesk AutoCAD
1282,47-1011.03,Autodesk AutoCAD Civil 3D
1282,47-1011.03,Microsoft Windows
1282,47-1011.03,Critical Thinking
1282,47-1011.03,Oracle Primavera Enterprise Project Portfolio Management
1282,47-1011.03,Speaking
1282,47-1011.03,Autodesk Revit
1282,47-1011.03,Active Listening
1282,47-1011.03,Microsoft Word
1282,47-1011.03,Reading Comprehension
1283,51-9195.05,Active Listening
1283,51-9195.05,Monitoring
1283,51-9195.05,Critical Thinking
1285,51-9083.00,Microsoft Outlook
1285,51-9083.00,Microsoft Excel
1285,51-9083.00,Monitoring
1285,51-9083.00,Microsoft PowerPoint
1285,51-9083.00,Microsoft Office software
1285,51-9083.00,SAP software
1285,51-9083.00,Reading Comprehension
1286,51-9083.00,Microsoft Excel
1286,51-9083.00,Microsoft Outlook
1286,51-9083.00,Monitoring
1286,51-9083.00,Critical Thinking
1286,51-9083.00,SAP software
1286,51-9083.00,Microsoft PowerPoint
1286,51-9083.00,Microsoft Office software
1288,47-1011.03,Autodesk AutoCAD
1288,47-1011.03,Reading Comprehension
1288,47-1011.03,Writing
1288,47-1011.03,Microsoft Visio
1288,47-1011.03,Active Listening
1288,47-1011.03,Autodesk Revit
1288,47-1011.03,Oracle Primavera Enterprise Project Portfolio Management
1288,47-1011.03,Learning Strategies
1288,47-1011.03,Active Learning
1288,47-1011.03,Mathematics
1288,47-1011.03,Speaking
1288,47-1011.03,Microsoft PowerPoint
1288,47-1011.03,Microsoft Office software
1288,47-1011.03,Critical Thinking
1288,47-1011.03,Microsoft Project
1288,47-1011.03,Monitoring
1288,47-1011.03,Microsoft Windows
1289,43-4161.00,Microsoft PowerPoint
1289,43-4161.00,Critical Thinking
1289,43-4161.00,Speaking
1289,43-4161.00,Oracle HRIS
1289,43-4161.00,Microsoft Outlook
1289,43-4161.00,Microsoft Word
1289,43-4161.00,Microsoft SharePoint
1289,43-4161.00,Active Listening
1289,43-4161.00,Applicant tracking software
1289,43-4161.00,Google Docs
1289,43-4161.00,Microsoft Access
1289,43-4161.00,Writing
1289,43-4161.00,Microsoft Excel
1289,43-4161.00,Monitoring
1291,15-1221.00,GitHub
1291,15-1221.00,Go
1291,15-1221.00,Apache Kafka
1291,15-1221.00,Writing
1291,15-1221.00,Amazon Web Services AWS software
1291,15-1221.00,Ansible software
1291,15-1221.00,Monitoring
1291,15-1221.00,Docker
1291,15-1221.00,Critical Thinking
1291,15-1221.00,Learning Strategies
1291,15-1221.00,Bash
1291,15-1221.00,C
1291,15-1221.00,Speaking
1291,15-1221.00,Apache Hadoop
1291,15-1221.00,Apache Spark
1291,15-1221.00,Mathematics
1292,15-1221.00,Amazon Web Services AWS software
1292,15-1221.00,GitHub
1292,15-1221.00,Bash
1292,15-1221.00,Active Listening
1292,15-1221.00,Git
1292,15-1221.00,Apache Spark
1292,15-1221.00,Monitoring
1292,15-1221.00,Critical Thinking
1292,15-1221.00,Ansible software
1292,15-1221.00,Speaking
1292,15-1221.00,Apache Hadoop
1292,15-1221.00,Docker
1292,15-1221.00,Go
1293,53-3031.00,Critical Thinking
1293,53-3031.00,Active Listening
1293,53-3031.00,Microsoft Excel
1293,53-3031.00,Microsoft Office software
1293,53-3031.00,Reading Comprehension
1294,51-9195.05,Active Listening
1294,51-9195.05,Microsoft Excel
1294,51-9195.05,Monitoring
1294,51-9195.05,Critical Thinking
1295,43-4051.00,Reading Comprehension
1295,43-4051.00,Apple macOS
1295,43-4051.00,Monitoring
1295,43-4051.00,Microsoft Excel
1295,43-4051.00,Active Listening
1295,43-4051.00,Speaking
1295,43-4051.00,Adobe Creative Cloud software
1295,43-4051.00,Adobe Photoshop
1295,43-4051.00,Adobe Illustrator
1295,43-4051.00,Microsoft Office software
1295,43-4051.00,Facebook
1295,43-4051.00,Adobe Acrobat
1296,51-9083.00,Microsoft Excel
1296,51-9083.00,Monitoring
1296,51-9083.00,Critical Thinking
1296,51-9083.00,SAP software
1297,51-9083.00,Microsoft Outlook
1297,51-9083.00,Reading Comprehension
1297,51-9083.00,Microsoft Word
1297,51-9083.00,Critical Thinking
1297,51-9083.00,Microsoft Excel
1297,51-9083.00,Monitoring
1298,51-9195.05,Microsoft Excel
1298,51-9195.05,Monitoring
1298,51-9195.05,Critical Thinking
1298,51-9195.05,Active Listening
1299,51-9083.00,Microsoft Outlook
1299,51-9083.00,Microsoft PowerPoint
1299,51-9083.00,Microsoft Excel
1299,51-9083.00,SAP software
1299,51-9083.00,Microsoft Word
1299,51-9083.00,Critical Thinking
1301,15-1221.00,Critical Thinking
1301,15-1221.00,Apache Hadoop
1301,15-1221.00,Monitoring
1301,15-1221.00,Speaking
1301,15-1221.00,C++
1301,15-1221.00,Active Listening
1301,15-1221.00,Active Learning
1301,15-1221.00,Learning Strategies
1301,15-1221.00,Git
1301,15-1221.00,Writing
1301,15-1221.00,GitHub
1301,15-1221.00,Apache Kafka
1301,15-1221.00,C
1301,15-1221.00,Reading Comprehension
1301,15-1221.00,Amazon Web Services AWS software
1301,15-1221.00,Apache Spark
1303,15-1221.00,Monitoring
1303,15-1221.00,Speaking
1303,15-1221.00,Active Listening
1303,15-1221.00,Docker
1303,15-1221.00,Critical Thinking
1303,15-1221.00,Reading Comprehension
1303,15-1221.00,C
1303,15-1221.00,C++
1303,15-1221.00,Bash
1303,15-1221.00,Go
1304,53-3031.00,Microsoft Excel
1304,53-3031.00,Critical Thinking
1304,53-3031.00,Reading Comprehension
1304,53-3031.00,Microsoft Office software
1306,47-1011.03,Microsoft Project
1306,47-1011.03,Writing
1306,47-1011.03,Active Learning
1306,47-1011.03,Active Listening
1306,47-1011.03,Speaking
1306,47-1011.03,Mathematics
1306,47-1011.03,Reading Comprehension
1306,47-1011.03,Monitoring
1306,47-1011.03,Microsoft PowerPoint
1306,47-1011.03,Learning Strategies
1306,47-1011.03,Microsoft Excel
1306,47-1011.03,Autodesk AutoCAD
1307,47-1011.03,Autodesk AutoCAD
1307,47-1011.03,Mathematics
1307,47-1011.03,Active Listening
1307,47-1011.03,Monitoring
1307,47-1011.03,Microsoft Windows
1307,47-1011.03,Microsoft Outlook
1307,47-1011.03,Autodesk AutoCAD Civil 3D
1307,47-1011.03,Learning Strategies
1307,47-1011.03,Oracle Primavera Enterprise Project Portfolio Management
1307,47-1011.03,Reading Comprehension
1307,47-1011.03,Writing
1307,47-1011.03,Microsoft PowerPoint
1307,47-1011.03,Speaking
1307,47-1011.03,Microsoft Project
1307,47-1011.03,Microsoft Office software
1308,15-1221.00,Bash
1308,15-1221.00,GitHub
1308,15-1221.00,C++
1308,15-1221.00,Docker
1308,15-1221.00,Active Listening
1308,15-1221.00,Critical Thinking
1308,15-1221.00,Apache Hadoop
1308,15-1221.00,Active Learning
1308,15-1221.00,Monitoring
1308,15-1221.00,Go
1308,15-1221.00,Apache Kafka
1308,15-1221.00,Speaking
1308,15-1221.00,Git
1308,15-1221.00,Apache Spark
1308,15-1221.00,Reading Comprehension
1308,15-1221.00,Mathematics
1308,15-1221.00,Amazon Web Services AWS software
1309,51-9083.00,Microsoft Excel
1309,51-9083.00,Reading Comprehension
1309,51-9083.00,SAP software
1309,51-9083.00,Critical Thinking
1309,51-9083.00,Microsoft Word
1310,15-1221.00,Apache Kafka
1310,15-1221.00,Bash
1310,15-1221.00,GitHub
1310,15-1221.00,Git
1310,15-1221.00,Amazon Web Services AWS software
1310,15-1221.00,Active Learning
1310,15-1221.00,C++
1310,15-1221.00,Speaking
1310,15-1221.00,Learning Strategies
1310,15-1221.00,Mathematics
1310,15-1221.00,Writing
1310,15-1221.00,Monitoring
1310,15-1221.00,Apache Hadoop
1310,15-1221.00,Reading Comprehension
1311,51-9083.00,Reading Comprehension
1311,51-9083.00,Critical Thinking
1311,51-9083.00,SAP software
1311,51-9083.00,Microsoft Word
1311,51-9083.00,Monitoring
1311,51-9083.00,Microsoft Outlook
1311,51-9083.00,Microsoft PowerPoint
1312,43-4051.00,Kronos Workforce Timekeeper
1312,43-4051.00,Microsoft Office software
1312,43-4051.00,Google Docs
1312,43-4051.00,Reading Comprehension
1312,43-4051.00,Adobe Acrobat
1312,43-4051.00,Adobe Illustrator
1312,43-4051.00,Speaking
1312,43-4051.00,Active Listening
1312,43-4051.00,Apple macOS
1312,43-4051.00,Microsoft Excel
1312,43-4051.00,Critical Thinking
1314,43-4161.00,Oracle HRIS
1314,43-4161.00,Oracle PeopleSoft
1314,43-4161.00,Writing
1314,43-4161.00,Microsoft PowerPoint
1314,43-4161.00,Reading Comprehension
1314,43-4161.00,Microsoft Excel
1314,43-4161.00,Microsoft Office software
1314,43-4161.00,Speaking
1314,43-4161.00,Monitoring
1314,43-4161.00,Microsoft Outlook
1314,43-4161.00,Microsoft Visio
1314,43-4161.00,Google Docs
1314,43-4161.00,Microsoft Access
1315,51-9083.00,Microsoft Word
1315,51-9083.00,Microsoft Outlook
1315,51-9083.00,SAP software
1315,51-9083.00,Microsoft PowerPoint
1315,51-9083.00,Reading Comprehension
1315,51-9083.00,Critical Thinking
1315,51-9083.00,Microsoft Excel
1317,27-2041.00,Active Learning
1317,27-2041.00,Writing
1317,27-2041.00,Microsoft Word
1317,27-2041.00,Microsoft PowerPoint
1317,27-2041.00,Critical Thinking
1317,27-2041.00,Speaking
1317,27-2041.00,Active Listening
1317,27-2041.00,Learning Strategies
1317,27-2041.00,Microsoft Outlook
1318,53-3031.00,Writing
1318,53-3031.00,Active Listening
1318,53-3031.00,Speaking
1319,53-3031.00,Speaking
1319,53-3031.00,Microsoft Excel
1319,53-3031.00,Critical Thinking
1319,53-3031.00,Active Listening
1319,53-3031.00,Reading Comprehension
1321,47-1011.03,Microsoft Windows
1321,47-1011.03,Reading Comprehension
1321,47-1011.03,Microsoft Excel
1321,47-1011.03,Microsoft Word
1321,47-1011.03,Autodesk AutoCAD
1321,47-1011.03,Critical Thinking
1321,47-1011.03,Microsoft Visio
1321,47-1011.03,Monitoring
1321,47-1011.03,Autodesk Revit
1321,47-1011.03,Active Listening
1321,47-1011.03,Oracle Primavera Enterprise Project Portfolio Management
1321,47-1011.03,Microsoft Office software
1321,47-1011.03,Mathematics
1321,47-1011.03,Microsoft Project
1321,47-1011.03,Speaking
1321,47-1011.03,Active Learning
1321,47-1011.03,Microsoft PowerPoint
1322,51-9195.05,Monitoring
1322,51-9195.05,Microsoft Excel
1322,51-9195.05,Active Listening
1324,53-3031.00,Speaking
1324,53-3031.00,Writing
1324,53-3031.00,Active Listening
1324,53-3031.00,Microsoft Excel
1329,53-3031.00,Critical Thinking
1329,53-3031.00,Reading Comprehension
1329,53-3031.00,Microsoft Office software
1329,53-3031.00,Writing
1329,53-3031.00,Active Listening
1331,41-4012.00,Salesforce software
1331,41-4012.00,Active Learning
1331,41-4012.00,Active Listening
1331,41-4012.00,Microsoft Outlook
1331,41-4012.00,Microsoft PowerPoint
1331,41-4012.00,Critical Thinking
1331,41-4012.00,Reading Comprehension
1331,41-4012.00,Microsoft Office software
1331,41-4012.00,Apple macOS
1331,41-4012.00,Writing
1331,41-4012.00,Adobe Creative Cloud software
1331,41-4012.00,Adobe Acrobat
1331,41-4012.00,Adobe Illustrator
1331,41-4012.00,Microsoft Excel
1331,41-4012.00,Adobe InDesign
1333,51-9083.00,Microsoft Outlook
1333,51-9083.00,Microsoft Excel
1333,51-9083.00,Reading Comprehension
1333,51-9083.00,Microsoft PowerPoint
1333,51-9083.00,Monitoring
1333,51-9083.00,Critical Thinking
1333,51-9083.00,Microsoft Office software
1334,47-1011.03,Writing
1334,47-1011.03,Autodesk Revit
1334,47-1011.03,Autodesk AutoCAD Civil 3D
1334,47-1011.03,Microsoft Word
1334,47-1011.03,Monitoring
1334,47-1011.03,Active Learning
1334,47-1011.03,Microsoft Excel
1334,47-1011.03,Microsoft PowerPoint
1334,47-1011.03,Mathematics
1334,47-1011.03,Oracle Primavera Enterprise Project Portfolio Management
1336,47-1011.03,Autodesk AutoCAD
1336,47-1011.03,Microsoft Project
1336,47-1011.03,Speaking
1336,47-1011.03,Monitoring
1336,47-1011.03,Writing
1336,47-1011.03,Reading Comprehension
1336,47-1011.03,Microsoft Outlook
1336,47-1011.03,Autodesk Revit
1336,47-1011.03,Microsoft Office software
1336,47-1011.03,Microsoft Windows
1336,47-1011.03,Microsoft Word
1336,47-1011.03,Active Listening
1336,47-1011.03,Mathematics
1336,47-1011.03,Learning Strategies
1338,47-1011.03,Microsoft PowerPoint
1338,47-1011.03,Mathematics
1338,47-1011.03,Active Listening
1338,47-1011.03,Microsoft Excel
1338,47-1011.03,Critical Thinking
1338,47-1011.03,Microsoft Office software
1338,47-1011.03,Microsoft Word
1338,47-1011.03,Oracle Primavera Enterprise Project Portfolio Management
1338,47-1011.03,Writing
1338,47-1011.03,Active Learning
1338,47-1011.03,Autodesk Revit
1338,47-1011.03,Reading Comprehension
1338,47-1011.03,Autodesk AutoCAD
1338,47-1011.03,Microsoft Windows
1338,47-1011.03,Learning Strategies
1338,47-1011.03,Microsoft Visio
1338,47-1011.03,Monitoring
1340,15-1221.00,Ansible software
1340,15-1221.00,Learning Strategies
1340,15-1221.00,Science
1340,15-1221.00,Mathematics
1340,15-1221.00,GitHub
1340,15-1221.00,Docker
1340,15-1221.00,Apache Spark
1340,15-1221.00,Apache Hadoop
1340,15-1221.00,Go
1340,15-1221.00,Active Learning
1340,15-1221.00,Amazon Web Services AWS software
1340,15-1221.00,Writing
1340,15-1221.00,Git
1344,43-4051.00,Facebook
1344,43-4051.00,Microsoft Outlook
1344,43-4051.00,Adobe Photoshop
1344,43-4051.00,Kronos Workforce Timekeeper
1344,43-4051.00,Adobe Acrobat
1344,43-4051.00,Critical Thinking
1344,43-4051.00,Active Listening
1344,43-4051.00,Google Docs
1344,43-4051.00,Microsoft Excel
1344,43-4051.00,Reading Comprehension
1344,43-4051.00,Intuit QuickBooks
1344,43-4051.00,Adobe Creative Cloud software
1344,43-4051.00,Microsoft Office software
1344,43-4051.00,Adobe Illustrator
1346,15-1221.00,Reading Comprehension
1346,15-1221.00,Monitoring
1346,15-1221.00,Speaking
1346,15-1221.00,Critical Thinking
1346,15-1221.00,Science
1346,15-1221.00,C++
1346,15-1221.00,C
1346,15-1221.00,Writing
1346,15-1221.00,Learning Strategies
1346,15-1221.00,Apache Spark
1346,15-1221.00,Ansible software
1346,15-1221.00,Apache Kafka
1346,15-1221.00,GitHub
1349,53-3031.00,Critical Thinking
1349,53-3031.00,Writing
1349,53-3031.00,Microsoft Office software
1349,53-3031.00,Active Listening
1349,53-3031.00,Microsoft Excel
1350,15-1221.00,Reading Comprehension
1350,15-1221.00,Science
1350,15-1221.00,Bash
1350,15-1221.00,Ansible software
1350,15-1221.00,Learning Strategies
1350,15-1221.00,Writing
1350,15-1221.00,Monitoring
1350,15-1221.00,Amazon Web Services AWS software
1350,15-1221.00,Git
1350,15-1221.00,Go
1352,47-1011.03,Reading Comprehension
1352,47-1011.03,Learning Strategies
1352,47-1011.03,Microsoft Excel
1352,47-1011.03,Autodesk Revit
1352,47-1011.03,Speaking
1352,47-1011.03,Microsoft Project
1352,47-1011.03,Writing
1352,47-1011.03,Microsoft PowerPoint
1352,47-1011.03,Microsoft Windows
1352,47-1011.03,Microsoft Office software
1352,47-1011.03,Mathematics
1355,53-3031.00,Microsoft Excel
1355,53-3031.00,Critical Thinking
1355,53-3031.00,Speaking
1355,53-3031.00,Reading Comprehension
1355,53-3031.00,Active Listening
1356,53-3031.00,Reading Comprehension
1356,53-3031.00,Microsoft Excel
1356,53-3031.00,Active Listening
1356,53-3031.00,Speaking
1358,51-9083.00,Microsoft PowerPoint
1358,51-9083.00,Microsoft Outlook
1358,51-9083.00,Microsoft Office software
1358,51-9083.00,Microsoft Excel
1358,51-9083.00,Monitoring
1358,51-9083.00,Critical Thinking
1360,51-9195.05,Active Listening
1360,51-9195.05,Monitoring
1360,51-9195.05,Microsoft Outlook
1361,51-9083.00,Monitoring
1361,51-9083.00,Microsoft Word
1361,51-9083.00,Microsoft Office software
1361,51-9083.00,Reading Comprehension
1361,51-9083.00,Critical Thinking
1362,53-3031.00,Reading Comprehension
1362,53-3031.00,Writing
1362,53-3031.00,Speaking
1362,53-3031.00,Critical Thinking
1362,53-3031.00,Microsoft Office software
1363,51-9195.05,Critical Thinking
1363,51-9195.05,Active Listening
1364,41-4012.00,Speaking
1364,41-4012.00,Microsoft PowerPoint
1364,41-4012.00,Apple macOS
1364,41-4012.00,Autodesk AutoCAD
1364,41-4012.00,Adobe Creative Cloud software
1364,41-4012.00,Microsoft Office software
1364,41-4012.00,Microsoft Outlook
1364,41-4012.00,Adobe Acrobat
1364,41-4012.00,Writing
1364,41-4012.00,Critical Thinking
1364,41-4012.00,Adobe Illustrator
1364,41-4012.00,Reading Comprehension
1364,41-4012.00,Adobe Photoshop
1364,41-4012.00,Microsoft Excel
1364,41-4012.00,Monitoring
1364,41-4012.00,Salesforce software
1367,51-9195.05,Microsoft Outlook
1367,51-9195.05,Microsoft Excel
1367,51-9195.05,Active Listening
1368,51-9083.00,Microsoft Outlook
1368,51-9083.00,Microsoft PowerPoint
1368,51-9083.00,Microsoft Word
1368,51-9083.00,SAP software
1368,51-9083.00,Microsoft Office software
1368,51-9083.00,Reading Comprehension
1369,51-9083.00,SAP software
1369,51-9083.00,Microsoft Outlook
1369,51-9083.00,Microsoft Word
1369,51-9083.00,Reading Comprehension
1371,53-3031.00,Active Listening
1371,53-3031.00,Microsoft Excel
1371,53-3031.00,Reading Comprehension
1371,53-3031.00,Speaking
1371,53-3031.00,Critical Thinking
1372,53-3031.00,Active Listening
1372,53-3031.00,Critical Thinking
1372,53-3031.00,Microsoft Excel
1372,53-3031.00,Microsoft Office software
1372,53-3031.00,Speaking
1372,53-3031.00,Reading Comprehension
1373,51-9195.05,Microsoft Excel
1373,51-9195.05,Critical Thinking
1373,51-9195.05,Microsoft Outlook
1374,15-1221.00,Speaking
1374,15-1221.00,Go
1374,15-1221.00,Critical Thinking
1374,15-1221.00,C
1374,15-1221.00,Apache Spark
1374,15-1221.00,Mathematics
1374,15-1221.00,Bash
1374,15-1221.00,Apache Kafka
1374,15-1221.00,Git
1374,15-1221.00,Active Listening
1374,15-1221.00,GitHub
1374,15-1221.00,Active Learning
1374,15-1221.00,Learning Strategies
1374,15-1221.00,Docker
1374,15-1221.00,Reading Comprehension
1374,15-1221.00,Amazon Web Services AWS software
1375,43-4051.00,Facebook
1375,43-4051.00,Monitoring
1375,43-4051.00,Adobe Acrobat
1375,43-4051.00,Active Listening
1375,43-4051.00,Microsoft Outlook
1375,43-4051.00,Kronos Workforce Timekeeper
1375,43-4051.00,Speaking
1375,43-4051.00,Writing
1375,43-4051.00,Critical Thinking
1377,51-9083.00,Monitoring
1377,51-9083.00,Microsoft Office software
1377,51-9083.00,Microsoft PowerPoint
1377,51-9083.00,Reading Comprehension
1379,41-4012.00,Adobe Acrobat
1379,41-4012.00,Speaking
1379,41-4012.00,Salesforce software
1379,41-4012.00,Microsoft Office software
1379,41-4012.00,Reading Comprehension
1379,41-4012.00,Active Learning
1379,41-4012.00,Autodesk AutoCAD
1379,41-4012.00,Adobe Photoshop
1379,41-4012.00,Microsoft Outlook
1379,41-4012.00,Adobe InDesign
1379,41-4012.00,Apple macOS
1379,41-4012.00,Microsoft Excel
1379,41-4012.00,Adobe Creative Cloud software
1379,41-4012.00,Critical Thinking
1379,41-4012.00,Active Listening
1380,53-3031.00,Writing
1380,53-3031.00,Active Listening
1380,53-3031.00,Speaking
1380,53-3031.00,Microsoft Excel
1382,15-1221.00,Apache Hadoop
1382,15-1221.00,Mathematics
1382,15-1221.00,C
1382,15-1221.00,Active Learning
1382,15-1221.00,Apache Kafka
1382,15-1221.00,C++
1382,15-1221.00,Writing
1382,15-1221.00,Active Listening
1382,15-1221.00,Learning Strategies
1382,15-1221.00,Ansible software
1382,15-1221.00,Reading Comprehension
1382,15-1221.00,Monitoring
1382,15-1221.00,Critical Thinking
1382,15-1221.00,Amazon Web Services AWS software
1382,15-1221.00,Science
1382,15-1221.00,GitHub
1383,43-4051.00,Google Docs
1383,43-4051.00,Adobe Acrobat
1383,43-4051.00,Writing
1383,43-4051.00,Adobe Photoshop
1383,43-4051.00,Kronos Workforce Timekeeper
1383,43-4051.00,Reading Comprehension
1383,43-4051.00,Microsoft Outlook
1383,43-4051.00,Apple macOS
1383,43-4051.00,Microsoft Office software
1383,43-4051.00,Adobe Illustrator
1383,43-4051.00,Speaking
1383,43-4051.00,Critical Thinking
1387,53-3031.00,Microsoft Excel
1387,53-3031.00,Speaking
1387,53-3031.00,Microsoft Office software
1387,53-3031.00,Writing
1387,53-3031.00,Critical Thinking
1389,51-9195.05,Microsoft Excel
1389,51-9195.05,Microsoft Outlook
1389,51-9195.05,Monitoring
1390,53-3031.00,Speaking
1390,53-3031.00,Active Listening
1390,53-3031.00,Microsoft Excel
1390,53-3031.00,Critical Thinking
1390,53-3031.00,Microsoft Office software
1391,53-3031.00,Speaking
1391,53-3031.00,Microsoft Office software
1391,53-3031.00,Writing
1391,53-3031.00,Microsoft Excel
1391,53-3031.00,Reading Comprehension
1392,15-1221.00,Active Listening
1392,15-1221.00,Bash
1392,15-1221.00,Writing
1392,15-1221.00,Active Learning
1392,15-1221.00,Critical Thinking
1392,15-1221.00,Amazon Web Services AWS software
1392,15-1221.00,Apache Kafka
1392,15-1221.00,Docker
1392,15-1221.00,Apache Hadoop
1392,15-1221.00,GitHub
1392,15-1221.00,Monitoring
1392,15-1221.00,Reading Comprehension
1392,15-1221.00,Science
1394,15-1221.00,Active Learning
1394,15-1221.00,Ansible software
1394,15-1221.00,Amazon Web Services AWS software
1394,15-1221.00,Git
1394,15-1221.00,Monitoring
1394,15-1221.00,Bash
1394,15-1221.00,Speaking
1394,15-1221.00,GitHub
1394,15-1221.00,Critical Thinking
1394,15-1221.00,Reading Comprehension
1394,15-1221.00,Docker
1394,15-1221.00,Science
1394,15-1221.00,Apache Kafka
1394,15-1221.00,Active Listening
1394,15-1221.00,Go
1395,53-3031.00,Critical Thinking
1395,53-3031.00,Active Listening
1395,53-3031.00,Reading Comprehension
1395,53-3031.00,Writing
1395,53-3031.00,Microsoft Office software
1396,53-3031.00,Active Listening
1396,53-3031.00,Microsoft Office software
1396,53-3031.00,Critical Thinking
1396,53-3031.00,Speaking
1397,43-4051.00,Critical Thinking
1397,43-4051.00,Microsoft Office software
1397,43-4051.00,Reading Comprehension
1397,43-4051.00,Adobe Creative Cloud software
1397,43-4051.00,Microsoft Excel
1397,43-4051.00,Facebook
1397,43-4051.00,Monitoring
1397,43-4051.00,Speaking
1397,43-4051.00,Adobe Illustrator
1397,43-4051.00,Intuit QuickBooks
1397,43-4051.00,Writing
1397,43-4051.00,Adobe Photoshop
1397,43-4051.00,Microsoft Outlook
1399,53-3031.00,Writing
1399,53-3031.00,Reading Comprehension
1399,53-3031.00,Microsoft Excel
1399,53-3031.00,Critical Thinking
1399,53-3031.00,Active Listening
1401,51-9195.05,Monitoring
1401,51-9195.05,Microsoft Outlook
1402,15-1221.00,Amazon Web Services AWS software
1402,15-1221.00,Writing
1402,15-1221.00,Git
1402,15-1221.00,Apache Spark
1402,15-1221.00,Active Listening
1402,15-1221.00,Mathematics
1402,15-1221.00,Apache Hadoop
1402,15-1221.00,C
1402,15-1221.00,C++
1402,15-1221.00,Learning Strategies
1402,15-1221.00,GitHub
1402,15-1221.00,Active Learning
1402,15-1221.00,Monitoring
1402,15-1221.00,Ansible software
1402,15-1221.00,Go
1402,15-1221.00,Science
1402,15-1221.00,Bash
1403,53-3031.00,Speaking
1403,53-3031.00,Reading Comprehension
1403,53-3031.00,Critical Thinking
1403,53-3031.00,Writing
1403,53-3031.00,Microsoft Office software
1403,53-3031.00,Active Listening
1405,15-1221.00,Mathematics
1405,15-1221.00,Apache Spark
1405,15-1221.00,Science
1405,15-1221.00,Active Learning
1405,15-1221.00,Go
1405,15-1221.00,Apache Hadoop
1405,15-1221.00,Speaking
1405,15-1221.00,Learning Strategies
1405,15-1221.00,GitHub
1405,15-1221.00,C++
1405,15-1221.00,Docker
1405,15-1221.00,Active Listening
1407,15-1221.00,Monitoring
1407,15-1221.00,Speaking
1407,15-1221.00,Science
1407,15-1221.00,Critical Thinking
1407,15-1221.00,Mathematics
1407,15-1221.00,Writing
1407,15-1221.00,Amazon Web Services AWS software
1407,15-1221.00,C++
1407,15-1221.00,Docker
1407,15-1221.00,Active Learning
1407,15-1221.00,GitHub
1407,15-1221.00,Apache Hadoop
1407,15-1221.00,Learning Strategies
1407,15-1221.00,Apache Kafka
1407,15-1221.00,Ansible software
1407,15-1221.00,Bash
1407,15-1221.00,C
1407,15-1221.00,Apache Spark
1407,15-1221.00,Reading Comprehension
1408,47-1011.03,Oracle Primavera Enterprise Project Portfolio Management
1408,47-1011.03,Writing
1408,47-1011.03,Active Learning
1408,47-1011.03,Autodesk AutoCAD
1408,47-1011.03,Critical Thinking
1408,47-1011.03,Microsoft Project
1408,47-1011.03,Autodesk AutoCAD Civil 3D
1408,47-1011.03,Reading Comprehension
1408,47-1011.03,Speaking
1408,47-1011.03,Mathematics
1408,47-1011.03,Microsoft Word
1408,47-1011.03,Autodesk Revit
1409,51-9083.00,Monitoring
1409,51-9083.00,Critical Thinking
1409,51-9083.00,SAP software
1409,51-9083.00,Microsoft Word
1409,51-9083.00,Microsoft PowerPoint
1409,51-9083.00,Microsoft Excel
1409,51-9083.00,Microsoft Office software
1411,51-9083.00,Reading Comprehension
1411,51-9083.00,Microsoft Office software
1411,51-9083.00,Microsoft Excel
1411,51-9083.00,Microsoft PowerPoint
1411,51-9083.00,Microsoft Word
1411,51-9083.00,Microsoft Outlook
1411,51-9083.00,SAP software
1411,51-9083.00,Critical Thinking
1412,51-9195.05,Critical Thinking
1412,51-9195.05,Monitoring
1412,51-9195.05,Microsoft Outlook
1412,51-9195.05,Active Listening
1415,51-9083.00,Microsoft Outlook
1415,51-9083.00,Reading Comprehension
1415,51-9083.00,Microsoft Office software
1415,51-9083.00,Microsoft Word
1415,51-9083.00,Microsoft Excel
1415,51-9083.00,Microsoft PowerPoint
1417,51-9083.00,Microsoft PowerPoint
1417,51-9083.00,Microsoft Word
1417,51-9083.00,Microsoft Outlook
1417,51-9083.00,Critical Thinking
1417,51-9083.00,Microsoft Office software
1417,51-9083.00,Reading Comprehension
1417,51-9083.00,Microsoft Excel
1419,43-4161.00,Microsoft Access
1419,43-4161.00,Reading Comprehension
1419,43-4161.00,Microsoft Visio
1419,43-4161.00,Oracle PeopleSoft
1419,43-4161.00,Oracle HRIS
1419,43-4161.00,Applicant tracking software
1419,43-4161.00,Microsoft SharePoint
1419,43-4161.00,Active Learning
1419,43-4161.00,Monitoring
1419,43-4161.00,Active Listening
1419,43-4161.00,Microsoft Word
1419,43-4161.00,Microsoft Excel
1419,43-4161.00,Writing
1420,51-9083.00,Microsoft Excel
1420,51-9083.00,Critical Thinking
1420,51-9083.00,Microsoft Outlook
1420,51-9083.00,Microsoft Office software
1420,51-9083.00,Reading Comprehension
1420,51-9083.00,Microsoft PowerPoint
1420,51-9083.00,Monitoring
1421,43-4051.00,Microsoft Office software
1421,43-4051.00,Adobe Creative Cloud software
1421,43-4051.00,Apple macOS
1421,43-4051.00,Kronos Workforce Timekeeper
1421,43-4051.00,Critical Thinking
1421,43-4051.00,Adobe Photoshop
1421,43-4051.00,Microsoft Excel
1421,43-4051.00,Speaking
1421,43-4051.00,Google Docs
1421,43-4051.00,Microsoft Outlook
1421,43-4051.00,Writing
1422,27-2041.00,Critical Thinking
1422,27-2041.00,Microsoft Office software
1422,27-2041.00,Microsoft Word
1422,27-2041.00,Writing
1422,27-2041.00,Monitoring
1422,27-2041.00,Active Learning
1423,27-2041.00,Microsoft Excel
1423,27-2041.00,Microsoft Word
1423,27-2041.00,Writing
1423,27-2041.00,Microsoft Office software
1423,27-2041.00,Microsoft PowerPoint
1423,27-2041.00,Active Listening
1423,27-2041.00,Active Learning
1423,27-2041.00,Speaking
1423,27-2041.00,Reading Comprehension
1424,27-2041.00,Monitoring
1424,27-2041.00,Microsoft Word
1424,27-2041.00,Microsoft Outlook
1424,27-2041.00,Active Learning
1424,27-2041.00,Speaking
1424,27-2041.00,Reading Comprehension
1424,27-2041.00,Writing
1424,27-2041.00,Active Listening
1424,27-2041.00,Critical Thinking
1424,27-2041.00,Microsoft PowerPoint
1425,53-3031.00,Speaking
1425,53-3031.00,Critical Thinking
1425,53-3031.00,Microsoft Office software
1425,53-3031.00,Microsoft Excel
1427,41-4012.00,Monitoring
1427,41-4012.00,Microsoft Excel
1427,41-4012.00,Adobe Photoshop
1427,41-4012.00,Adobe Creative Cloud software
1427,41-4012.00,Salesforce software
1427,41-4012.00,Adobe InDesign
1427,41-4012.00,Microsoft Office software
1427,41-4012.00,Critical Thinking
1427,41-4012.00,Active Learning
1427,41-4012.00,Speaking
1427,41-4012.00,Reading Comprehension
1427,41-4012.00,Writing
1427,41-4012.00,Autodesk AutoCAD
1427,41-4012.00,Adobe Acrobat
1428,53-3031.00,Reading Comprehension
1428,53-3031.00,Speaking
1428,53-3031.00,Writing
1428,53-3031.00,Critical Thinking
1430,27-2041.00,Writing
1430,27-2041.00,Active Learning
1430,27-2041.00,Microsoft Word
1430,27-2041.00,Microsoft Outlook
1430,27-2041.00,Microsoft Excel
1430,27-2041.00,Active Listening
1430,27-2041.00,Critical Thinking
1430,27-2041.00,Learning Strategies
1430,27-2041.00,Reading Comprehension
1430,27-2041.00,Microsoft PowerPoint
1431,15-1221.00,Speaking
1431,15-1221.00,Learning Strategies
1431,15-1221.00,C++
1431,15-1221.00,Apache Spark
1431,15-1221.00,Critical Thinking
1431,15-1221.00,Active Learning
1431,15-1221.00,Monitoring
1431,15-1221.00,Apache Kafka
1431,15-1221.00,Docker
1431,15-1221.00,Reading Comprehension
1431,15-1221.00,Science
1431,15-1221.00,Active Listening
1431,15-1221.00,Ansible software
1431,15-1221.00,Git
1433,15-1221.00,Git
1433,15-1221.00,Apache Hadoop
1433,15-1221.00,Writing
1433,15-1221.00,Apache Spark
1433,15-1221.00,C++
1433,15-1221.00,Critical Thinking
1433,15-1221.00,Reading Comprehension
1433,15-1221.00,Ansible software
1433,15-1221.00,Amazon Web Services AWS software
1433,15-1221.00,Apache Kafka
1433,15-1221.00,GitHub
1433,15-1221.00,Science
1433,15-1221.00,Bash
1433,15-1221.00,Go
1433,15-1221.00,Active Learning
1433,15-1221.00,C
1434,51-9083.00,Critical Thinking
1434,51-9083.00,Reading Comprehension
1434,51-9083.00,SAP software
1434,51-9083.00,Microsoft Office software
1434,51-9083.00,Microsoft PowerPoint
1435,51-9083.00,Microsoft Office software
1435,51-9083.00,Microsoft PowerPoint
1435,51-9083.00,Microsoft Word
1435,51-9083.00,Monitoring
1435,51-9083.00,Microsoft Excel
1436,53-3031.00,Writing
1436,53-3031.00,Active Listening
1436,53-3031.00,Speaking
1436,53-3031.00,Microsoft Excel
1436,53-3031.00,Microsoft Office software
1438,15-1221.00,Git
1438,15-1221.00,C++
1438,15-1221.00,Speaking
1438,15-1221.00,Critical Thinking
1438,15-1221.00,Mathematics
1438,15-1221.00,Apache Hadoop
1438,15-1221.00,Science
1438,15-1221.00,C
1438,15-1221.00,Apache Spark
1438,15-1221.00,Apache Kafka
1438,15-1221.00,Amazon Web Services AWS software
1438,15-1221.00,Docker
1438,15-1221.00,Bash
1438,15-1221.00,Active Listening
1439,41-4012.00,Reading Comprehension
1439,41-4012.00,Speaking
1439,41-4012.00,Adobe Creative Cloud software
1439,41-4012.00,Adobe Illustrator
1439,41-4012.00,Active Learning
1439,41-4012.00,Autodesk AutoCAD
1439,41-4012.00,Microsoft Office software
1439,41-4012.00,Critical Thinking
1439,41-4012.00,Microsoft PowerPoint
1439,41-4012.00,Apple macOS
1439,41-4012.00,Writing
1439,41-4012.00,Adobe Photoshop
1439,41-4012.00,Microsoft Excel
1439,41-4012.00,Microsoft Outlook
1440,51-9083.00,Microsoft Office software
1440,51-9083.00,Reading Comprehension
1440,51-9083.00,Microsoft Outlook
1440,51-9083.00,Critical Thinking
1440,51-9083.00,Microsoft Excel
1441,15-1221.00,Mathematics
1441,15-1221.00,Writing
1441,15-1221.00,C
1441,15-1221.00,Apache Spark
1441,15-1221.00,C++
1441,15-1221.00,Active Learning
1441,15-1221.00,Apache Kafka
1441,15-1221.00,Docker
1441,15-1221.00,Critical Thinking
1441,15-1221.00,Apache Hadoop
1441,15-1221.00,GitHub
1441,15-1221.00,Active Listening
1443,27-2041.00,Critical Thinking
1443,27-2041.00,Reading Comprehension
1443,27-2041.00,Active Learning
1443,27-2041.00,Writing
1443,27-2041.00,Microsoft Excel
1443,27-2041.00,Learning Strategies
1443,27-2041.00,Microsoft Outlook
1443,27-2041.00,Microsoft Word
1445,53-3031.00,Microsoft Excel
1445,53-3031.00,Reading Comprehension
1445,53-3031.00,Critical Thinking
1445,53-3031.00,Writing
1445,53-3031.00,Speaking
1446,53-3031.00,Microsoft Office software
1446,53-3031.00,Reading Comprehension
1446,53-3031.00,Writing
1446,53-3031.00,Critical Thinking
1446,53-3031.00,Microsoft Excel
1446,53-3031.00,Speaking
1447,51-9083.00,Microsoft PowerPoint
1447,51-9083.00,Reading Comprehension
1447,51-9083.00,Microsoft Office software
1447,51-9083.00,SAP software
1447,51-9083.00,Microsoft Word
1448,15-1221.00,C
1448,15-1221.00,Amazon Web Services AWS software
1448,15-1221.00,Speaking
1448,15-1221.00,Apache Hadoop
1448,15-1221.00,Docker
1448,15-1221.00,Apache Spark
1448,15-1221.00,Ansible software
1448,15-1221.00,Writing
1448,15-1221.00,C++
1448,15-1221.00,Science
1448,15-1221.00,Mathematics
1448,15-1221.00,Critical Thinking
1448,15-1221.00,Apache Kafka
1448,15-1221.00,Learning Strategies
1448,15-1221.00,Bash
1448,15-1221.00,Monitoring
1449,51-9083.00,Microsoft Office software
1449,51-9083.00,Critical Thinking
1449,51-9083.00,Monitoring
1449,51-9083.00,Microsoft Word
1449,51-9083.00,SAP software
1453,53-3031.00,Microsoft Office software
1453,53-3031.00,Reading Comprehension
1453,53-3031.00,Writing
1457,53-3031.00,Microsoft Excel
1457,53-3031.00,Writing
1457,53-3031.00,Reading Comprehension
1457,53-3031.00,Active Listening
1457,53-3031.00,Speaking
1458,51-9083.00,Microsoft Excel
1458,51-9083.00,Critical Thinking
1458,51-9083.00,Microsoft Outlook
1458,51-9083.00,Reading Comprehension
1458,51-9083.00,Microsoft Office software
1458,51-9083.00,SAP software
1459,51-9195.05,Critical Thinking
1459,51-9195.05,Monitoring
1459,51-9195.05,Microsoft Excel
1459,51-9195.05,Microsoft Outlook
1460,43-4051.00,Active Listening
1460,43-4051.00,Microsoft Excel
1460,43-4051.00,Intuit QuickBooks
1460,43-4051.00,Adobe Illustrator
1460,43-4051.00,Reading Comprehension
1460,43-4051.00,Facebook
1460,43-4051.00,Apple macOS
1460,43-4051.00,Adobe Creative Cloud software
1460,43-4051.00,Writing
1460,43-4051.00,Microsoft Office software
1460,43-4051.00,Adobe Photoshop
1461,43-4161.00,Microsoft Outlook
1461,43-4161.00,Monitoring
1461,43-4161.00,Oracle PeopleSoft
1461,43-4161.00,Speaking
1461,43-4161.00,Microsoft Word
1461,43-4161.00,Active Listening
1461,43-4161.00,Reading Comprehension
1461,43-4161.00,Microsoft Visio
1461,43-4161.00,Critical Thinking
1461,43-4161.00,Microsoft PowerPoint
1464,51-9083.00,Critical Thinking
1464,51-9083.00,Microsoft Outlook
1464,51-9083.00,SAP software
1464,51-9083.00,Microsoft Word
1464,51-9083.00,Microsoft Excel
1464,51-9083.00,Monitoring
1465,51-9195.05,Active Listening
1465,51-9195.05,Critical Thinking
1465,51-9195.05,Microsoft Outlook
1465,51-9195.05,Microsoft Excel
1466,53-3031.00,Active Listening
1466,53-3031.00,Microsoft Excel
1466,53-3031.00,Reading Comprehension
1466,53-3031.00,Writing
1466,53-3031.00,Speaking
1467,43-4161.00,Microsoft SharePoint
1467,43-4161.00,Oracle PeopleSoft
1467,43-4161.00,Active Learning
1467,43-4161.00,Microsoft Access
1467,43-4161.00,Applicant tracking software
1467,43-4161.00,Oracle HRIS
1467,43-4161.00,Microsoft Word
1467,43-4161.00,Speaking
1467,43-4161.00,Microsoft Excel
1468,27-2041.00,Microsoft Excel
1468,27-2041.00,Critical Thinking
1468,27-2041.00,Microsoft PowerPoint
1468,27-2041.00,Microsoft Outlook
1468,27-2041.00,Active Learning
1468,27-2041.00,Speaking
1468,27-2041.00,Microsoft Word
1468,27-2041.00,Microsoft Office software
1468,27-2041.00,Active Listening
1468,27-2041.00,Writing
1469,53-3031.00,Microsoft Office software
1469,53-3031.00,Critical Thinking
1469,53-3031.00,Writing
1469,53-3031.00,Speaking
1471,51-9083.00,Microsoft Word
1471,51-9083.00,Monitoring
1471,51-9083.00,SAP software
1471,51-9083.00,Critical Thinking
1471,51-9083.00,Microsoft Office software
1471,51-9083.00,Microsoft Excel
1471,51-9083.00,Reading Comprehension
1472,27-2041.00,Microsoft Word
1472,27-2041.00,Speaking
1472,27-2041.00,Critical Thinking
1472,27-2041.00,Active Listening
1472,27-2041.00,Microsoft PowerPoint
1472,27-2041.00,Reading Comprehension
1472,27-2041.00,Microsoft Outlook
1473,43-4051.00,Adobe Photoshop
1473,43-4051.00,Adobe Illustrator
1473,43-4051.00,Writing
1473,43-4051.00,Apple macOS
1473,43-4051.00,Critical Thinking
1473,43-4051.00,Microsoft Office software
1473,43-4051.00,Microsoft Outlook
1473,43-4051.00,Intuit QuickBooks
1473,43-4051.00,Google Docs
1474,15-1221.00,Git
1474,15-1221.00,Active Listening
1474,15-1221.00,Apache Kafka
1474,15-1221.00,C
1474,15-1221.00,Speaking
1474,15-1221.00,Amazon Web Services AWS software
1474,15-1221.00,Ansible software
1474,15-1221.00,Critical Thinking
1474,15-1221.00,Go
1474,15-1221.00,Science
1474,15-1221.00,Apache Spark
1474,15-1221.00,Writing
1474,15-1221.00,Monitoring
1474,15-1221.00,Active Learning
1474,15-1221.00,C++
1474,15-1221.00,Mathematics
1474,15-1221.00,Apache Hadoop
1475,15-1221.00,Bash
1475,15-1221.00,C
1475,15-1221.00,C++
1475,15-1221.00,Active Learning
1475,15-1221.00,Science
1475,15-1221.00,Writing
1475,15-1221.00,Go
1475,15-1221.00,Ansible software
1475,15-1221.00,Git
1475,15-1221.00,GitHub
1475,15-1221.00,Apache Hadoop
1475,15-1221.00,Mathematics
1475,15-1221.00,Docker
1475,15-1221.00,Apache Kafka
1477,53-3031.00,Microsoft Office software
1477,53-3031.00,Critical Thinking
1477,53-3031.00,Microsoft Excel
1477,53-3031.00,Reading Comprehension
1478,53-3031.00,Microsoft Office software
1478,53-3031.00,Microsoft Excel
1478,53-3031.00,Reading Comprehension
1478,53-3031.00,Speaking
1478,53-3031.00,Critical Thinking
1478,53-3031.00,Writing
1479,53-3031.00,Reading Comprehension
1479,53-3031.00,Active Listening
1479,53-3031.00,Microsoft Office software
1479,53-3031.00,Writing
1479,53-3031.00,Critical Thinking
1480,51-9083.00,Microsoft Excel
1480,51-9083.00,Monitoring
1480,51-9083.00,Reading Comprehension
1480,51-9083.00,Microsoft Office software
1480,51-9083.00,Microsoft Word
1480,51-9083.00,SAP software
1481,53-3031.00,Active Listening
1481,53-3031.00,Critical Thinking
1481,53-3031.00,Microsoft Excel
1482,15-1221.00,Critical Thinking
1482,15-1221.00,Bash
1482,15-1221.00,Docker
1482,15-1221.00,Active Learning
1482,15-1221.00,Apache Kafka
1482,15-1221.00,Reading Comprehension
1482,15-1221.00,Git
1482,15-1221.00,Go
1482,15-1221.00,GitHub
1482,15-1221.00,Speaking
1482,15-1221.00,Monitoring
1483,15-1221.00,Mathematics
1483,15-1221.00,Reading Comprehension
1483,15-1221.00,Monitoring
1483,15-1221.00,Amazon Web Services AWS software
1483,15-1221.00,Speaking
1483,15-1221.00,Active Learning
1483,15-1221.00,C
1483,15-1221.00,Writing
1483,15-1221.00,Critical Thinking
1483,15-1221.00,Learning Strategies
1484,43-4051.00,Reading Comprehension
1484,43-4051.00,Microsoft Excel
1484,43-4051.00,Intuit QuickBooks
1484,43-4051.00,Microsoft Office software
1484,43-4051.00,Active Listening
1484,43-4051.00,Apple macOS
1484,43-4051.00,Adobe Illustrator
1484,43-4051.00,Speaking
1484,43-4051.00,Adobe Creative Cloud software
1484,43-4051.00,Facebook
1484,43-4051.00,Critical Thinking
1484,43-4051.00,Monitoring
1484,43-4051.00,Writing
1484,43-4051.00,Microsoft Outlook
1485,27-2041.00,Learning Strategies
1485,27-2041.00,Microsoft Word
1485,27-2041.00,Microsoft Excel
1485,27-2041.00,Speaking
1485,27-2041.00,Microsoft PowerPoint
1485,27-2041.00,Microsoft Office software
1485,27-2041.00,Monitoring
1485,27-2041.00,Active Learning
1485,27-2041.00,Active Listening
1485,27-2041.00,Critical Thinking
1486,41-4012.00,Adobe Acrobat
1486,41-4012.00,Adobe Illustrator
1486,41-4012.00,Critical Thinking
1486,41-4012.00,Microsoft PowerPoint
1486,41-4012.00,Speaking
1486,41-4012.00,Active Listening
1486,41-4012.00,Microsoft Excel
1486,41-4012.00,Writing
1486,41-4012.00,Microsoft Office software
1486,41-4012.00,Adobe Photoshop
1486,41-4012.00,Reading Comprehension
1486,41-4012.00,Monitoring
1486,41-4012.00,Microsoft Outlook
1487,53-3031.00,Microsoft Excel
1487,53-3031.00,Reading Comprehension
1487,53-3031.00,Speaking
1487,53-3031.00,Microsoft Office software
1489,53-3031.00,Writing
1489,53-3031.00,Microsoft Office software
1489,53-3031.00,Reading Comprehension
1492,41-4012.00,Adobe InDesign
1492,41-4012.00,Adobe Photoshop
1492,41-4012.00,Reading Comprehension
1492,41-4012.00,Adobe Creative Cloud software
1492,41-4012.00,Monitoring
1492,41-4012.00,Microsoft Excel
1492,41-4012.00,Adobe Acrobat
1492,41-4012.00,Active Listening
1492,41-4012.00,Adobe Illustrator
1492,41-4012.00,Apple macOS
1492,41-4012.00,Active Learning
1492,41-4012.00,Salesforce software
1492,41-4012.00,Autodesk AutoCAD
1494,51-9083.00,Microsoft Outlook
1494,51-9083.00,Monitoring
1494,51-9083.00,Microsoft Excel
1494,51-9083.00,Microsoft Office software
1494,51-9083.00,Reading Comprehension
1495,41-4012.00,Critical Thinking
1495,41-4012.00,Reading Comprehension
1495,41-4012.00,Microsoft Excel
1495,41-4012.00,Speaking
1495,41-4012.00,Active Learning
1495,41-4012.00,Salesforce software
1495,41-4012.00,Microsoft Office software
1495,41-4012.00,Microsoft PowerPoint
1495,41-4012.00,Adobe Creative Cloud software
1496,51-9195.05,Microsoft Excel
1496,51-9195.05,Active Listening
1496,51-9195.05,Critical Thinking
1496,51-9195.05,Monitoring
1497,53-3031.00,Writing
1497,53-3031.00,Critical Thinking
1497,53-3031.00,Active Listening
1497,53-3031.00,Reading Comprehension
1499,43-4161.00,Critical Thinking
1499,43-4161.00,Microsoft Access
1499,43-4161.00,Microsoft Outlook
1499,43-4161.00,Writing
1499,43-4161.00,Microsoft Excel
1499,43-4161.00,Active Learning
1499,43-4161.00,Microsoft SharePoint
1499,43-4161.00,Oracle HRIS
1499,43-4161.00,Speaking
1499,43-4161.00,Reading Comprehension
1501,43-4051.00,Writing
1501,43-4051.00,Active Listening
1501,43-4051.00,Adobe Creative Cloud software
1501,43-4051.00,Adobe Acrobat
1501,43-4051.00,Intuit QuickBooks
1501,43-4051.00,Microsoft Excel
1501,43-4051.00,Adobe Illustrator
1501,43-4051.00,Reading Comprehension
1501,43-4051.00,Facebook
1501,43-4051.00,Apple macOS
1501,43-4051.00,Microsoft Office software
1501,43-4051.00,Speaking
1501,43-4051.00,Kronos Workforce Timekeeper
1501,43-4051.00,Adobe Photoshop
1502,51-9083.00,Microsoft Office software
1502,51-9083.00,SAP software
1502,51-9083.00,Monitoring
1502,51-9083.00,Microsoft PowerPoint
1502,51-9083.00,Microsoft Word
1502,51-9083.00,Microsoft Excel
1502,51-9083.00,Microsoft Outlook
1503,53-3031.00,Microsoft Office software
1503,53-3031.00,Writing
1503,53-3031.00,Critical Thinking
1503,53-3031.00,Microsoft Excel
1503,53-3031.00,Reading Comprehension
1504,51-9083.00,Microsoft Outlook
1504,51-9083.00,SAP software
1504,51-9083.00,Microsoft PowerPoint
1504,51-9083.00,Monitoring
1504,51-9083.00,Microsoft Word
1504,51-9083.00,Reading Comprehension
1504,51-9083.00,Microsoft Excel
1506,15-1221.00,Apache Spark
1506,15-1221.00,Apache Kafka
1506,15-1221.00,Learning Strategies
1506,15-1221.00,Docker
1506,15-1221.00,C++
1506,15-1221.00,C
1506,15-1221.00,Ansible software
1506,15-1221.00,Amazon Web Services AWS software
1506,15-1221.00,Science
1506,15-1221.00,Mathematics
1506,15-1221.00,Critical Thinking
1506,15-1221.00,Git
1506,15-1221.00,Monitoring
1506,15-1221.00,Go
1506,15-1221.00,Apache Hadoop
1507,53-3031.00,Speaking
1507,53-3031.00,Writing
1507,53-3031.00,Reading Comprehension
1509,51-9083.00,Reading Comprehension
1509,51-9083.00,SAP software
1509,51-9083.00,Microsoft Word
1509,51-9083.00,Microsoft Office software
1509,51-9083.00,Microsoft Outlook
1509,51-9083.00,Monitoring
1513,51-9083.00,Critical Thinking
1513,51-9083.00,Reading Comprehension
1513,51-9083.00,SAP software
1513,51-9083.00,Microsoft Outlook
1513,51-9083.00,Microsoft Word
1513,51-9083.00,Monitoring
1514,51-9195.05,Microsoft Excel
1514,51-9195.05,Microsoft Outlook
1514,51-9195.05,Critical Thinking
1514,51-9195.05,Active Listening
1515,43-4051.00,Monitoring
1515,43-4051.00,Speaking
1515,43-4051.00,Facebook
1515,43-4051.00,Adobe Photoshop
1515,43-4051.00,Reading Comprehension
1515,43-4051.00,Google Docs
1515,43-4051.00,Adobe Acrobat
1515,43-4051.00,Kronos Workforce Timekeeper
1515,43-4051.00,Adobe Creative Cloud software
1515,43-4051.00,Microsoft Office software
1515,43-4051.00,Apple macOS
1515,43-4051.00,Adobe Illustrator
1515,43-4051.00,Microsoft Excel
1515,43-4051.00,Critical Thinking
1516,47-1011.03,Critical Thinking
1516,47-1011.03,Microsoft PowerPoint
1516,47-1011.03,Microsoft Outlook
1516,47-1011.03,Learning Strategies
1516,47-1011.03,Microsoft Excel
1516,47-1011.03,Microsoft Office software
1516,47-1011.03,Microsoft Word
1516,47-1011.03,Autodesk Revit
1516,47-1011.03,Mathematics
1516,47-1011.03,Autodesk AutoCAD
1516,47-1011.03,Reading Comprehension
1516,47-1011.03,Microsoft Windows
1516,47-1011.03,Autodesk AutoCAD Civil 3D
1516,47-1011.03,Microsoft Project
1520,47-1011.03,Critical Thinking
1520,47-1011.03,Microsoft Visio
1520,47-1011.03,Microsoft Outlook
1520,47-1011.03,Monitoring
1520,47-1011.03,Reading Comprehension
1520,47-1011.03,Autodesk AutoCAD Civil 3D
1520,47-1011.03,Microsoft Excel
1520,47-1011.03,Learning Strategies
1520,47-1011.03,Autodesk Revit
1520,47-1011.03,Autodesk AutoCAD
1520,47-1011.03,Oracle Primavera Enterprise Project Portfolio Management
1520,47-1011.03,Speaking
1520,47-1011.03,Writing
1520,47-1011.03,Microsoft Word
1520,47-1011.03,Mathematics
1522,15-1221.00,Active Learning
1522,15-1221.00,Writing
1522,15-1221.00,Git
1522,15-1221.00,GitHub
1522,15-1221.00,Apache Hadoop
1522,15-1221.00,Active Listening
1522,15-1221.00,Docker
1522,15-1221.00,Ansible software
1522,15-1221.00,Monitoring
1522,15-1221.00,C++
1522,15-1221.00,Bash
1522,15-1221.00,Reading Comprehension
1522,15-1221.00,C
1522,15-1221.00,Mathematics
1522,15-1221.00,Apache Kafka
1523,27-2041.00,Microsoft Excel
1523,27-2041.00,Active Listening
1523,27-2041.00,Learning Strategies
1523,27-2041.00,Active Learning
1523,27-2041.00,Speaking
1523,27-2041.00,Reading Comprehension
1523,27-2041.00,Microsoft Word
1525,51-9195.05,Active Listening
1525,51-9195.05,Critical Thinking
1525,51-9195.05,Microsoft Outlook
1527,47-1011.03,Oracle Primavera Enterprise Project Portfolio Management
1527,47-1011.03,Active Listening
1527,47-1011.03,Microsoft Visio
1527,47-1011.03,Reading Comprehension
1527,47-1011.03,Active Learning
1527,47-1011.03,Mathematics
1527,47-1011.03,Microsoft Project
1527,47-1011.03,Microsoft Outlook
1527,47-1011.03,Autodesk AutoCAD
1527,47-1011.03,Microsoft Office software
1527,47-1011.03,Microsoft PowerPoint
1529,43-4051.00,Speaking
1529,43-4051.00,Critical Thinking
1529,43-4051.00,Active Listening
1529,43-4051.00,Google Docs
1529,43-4051.00,Microsoft Office software
1529,43-4051.00,Microsoft Outlook
1529,43-4051.00,Monitoring
1529,43-4051.00,Writing
1529,43-4051.00,Adobe Creative Cloud software
1529,43-4051.00,Reading Comprehension
1529,43-4051.00,Apple macOS
1533,51-9083.00,Reading Comprehension
1533,51-9083.00,SAP software
1533,51-9083.00,Microsoft Outlook
1533,51-9083.00,Microsoft Office software
1533,51-9083.00,Monitoring
1533,51-9083.00,Microsoft Word
1533,51-9083.00,Microsoft PowerPoint
1534,51-9083.00,Microsoft Excel
1534,51-9083.00,Microsoft Outlook
1534,51-9083.00,Critical Thinking
1534,51-9083.00,Microsoft PowerPoint
1535,53-3031.00,Active Listening
1535,53-3031.00,Speaking
1535,53-3031.00,Microsoft Office software
1535,53-3031.00,Reading Comprehension
1535,53-3031.00,Microsoft Excel
1535,53-3031.00,Writing
1537,15-1221.00,GitHub
1537,15-1221.00,Git
1537,15-1221.00,Apache Kafka
1537,15-1221.00,Science
1537,15-1221.00,Go
1537,15-1221.00,Writing
1537,15-1221.00,Learning Strategies
1537,15-1221.00,Ansible software
1537,15-1221.00,Monitoring
1537,15-1221.00,Active Listening
1537,15-1221.00,Mathematics
1537,15-1221.00,Speaking
1537,15-1221.00,Critical Thinking
1539,27-2041.00,Microsoft Word
1539,27-2041.00,Microsoft Office software
1539,27-2041.00,Monitoring
1539,27-2041.00,Critical Thinking
1539,27-2041.00,Reading Comprehension
1539,27-2041.00,Active Listening
1539,27-2041.00,Active Learning
1541,41-4012.00,Writing
1541,41-4012.00,Autodesk AutoCAD
1541,41-4012.00,Speaking
1541,41-4012.00,Adobe InDesign
1541,41-4012.00,Microsoft Outlook
1541,41-4012.00,Adobe Illustrator
1541,41-4012.00,Adobe Creative Cloud software
1541,41-4012.00,Active Listening
1541,41-4012.00,Apple macOS
1541,41-4012.00,Adobe Acrobat
1541,41-4012.00,Microsoft PowerPoint
1541,41-4012.00,Microsoft Office software
1541,41-4012.00,Salesforce software
1541,41-4012.00,Adobe Photoshop
1542,51-9083.00,Microsoft Outlook
1542,51-9083.00,SAP software
1542,51-9083.00,Critical Thinking
1542,51-9083.00,Microsoft Word
1542,51-9083.00,Reading Comprehension
1543,15-1221.00,Git
1543,15-1221.00,Ansible software
1543,15-1221.00,C
1543,15-1221.00,Speaking
1543,15-1221.00,Bash
1543,15-1221.00,GitHub
1543,15-1221.00,Monitoring
1543,15-1221.00,Science
1543,15-1221.00,Mathematics
1543,15-1221.00,Writing
1543,15-1221.00,Apache Kafka
1543,15-1221.00,Reading Comprehension
1543,15-1221.00,Learning Strategies
1543,15-1221.00,Apache Spark
1543,15-1221.00,C++
1544,43-4051.00,Adobe Creative Cloud software
1544,43-4051.00,Intuit QuickBooks
1544,43-4051.00,Kronos Workforce Timekeeper
1544,43-4051.00,Microsoft Outlook
1544,43-4051.00,Adobe Photoshop
1544,43-4051.00,Adobe Illustrator
1544,43-4051.00,Reading Comprehension
1544,43-4051.00,Microsoft Office software
1544,43-4051.00,Active Listening
1544,43-4051.00,Writing
1544,43-4051.00,Monitoring
1545,51-9195.05,Critical Thinking
1545,51-9195.05,Microsoft Outlook
1545,51-9195.05,Microsoft Excel
1546,15-1221.00,Docker
1546,15-1221.00,Monitoring
1546,15-1221.00,Active Learning
1546,15-1221.00,Go
1546,15-1221.00,Speaking
1546,15-1221.00,Reading Comprehension
1546,15-1221.00,Ansible software
1546,15-1221.00,Apache Hadoop
1546,15-1221.00,Mathematics
1546,15-1221.00,Science
1546,15-1221.00,Git
1546,15-1221.00,C
1546,15-1221.00,Active Listening
1546,15-1221.00,Critical Thinking
1546,15-1221.00,C++
1546,15-1221.00,GitHub
1546,15-1221.00,Learning Strategies
1546,15-1221.00,Bash
1547,43-4051.00,Google Docs
1547,43-4051.00,Writing
1547,43-4051.00,Adobe Acrobat
1547,43-4051.00,Adobe Creative Cloud software
1547,43-4051.00,Microsoft Outlook
1547,43-4051.00,Microsoft Office software
1547,43-4051.00,Kronos Workforce Timekeeper
1547,43-4051.00,Critical Thinking
1547,43-4051.00,Speaking
1547,43-4051.00,Intuit QuickBooks
1547,43-4051.00,Facebook
1547,43-4051.00,Apple macOS
1547,43-4051.00,Active Listening
1548,53-3031.00,Critical Thinking
1548,53-3031.00,Active Listening
1548,53-3031.00,Microsoft Office software
1548,53-3031.00,Reading Comprehension
1549,51-9083.00,Reading Comprehension
1549,51-9083.00,Monitoring
1549,51-9083.00,SAP software
1549,51-9083.00,Critical Thinking
1549,51-9083.00,Microsoft Outlook
1549,51-9083.00,Microsoft PowerPoint
1549,51-9083.00,Microsoft Excel
1549,51-9083.00,Microsoft Word
1550,47-1011.03,Speaking
1550,47-1011.03,Microsoft Outlook
1550,47-1011.03,Microsoft Visio
1550,47-1011.03,Oracle Primavera Enterprise Project Portfolio Management
1550,47-1011.03,Active Listening
1550,47-1011.03,Critical Thinking
1550,47-1011.03,Mathematics
1550,47-1011.03,Learning Strategies
1550,47-1011.03,Microsoft Project
1550,47-1011.03,Active Learning
1550,47-1011.03,Microsoft Excel
1550,47-1011.03,Microsoft Windows
1551,51-9083.00,Microsoft Word
1551,51-9083.00,Critical Thinking
1551,51-9083.00,Reading Comprehension
1551,51-9083.00,Monitoring
1551,51-9083.00,SAP software
1551,51-9083.00,Microsoft Office software
1552,43-4051.00,Facebook
1552,43-4051.00,Adobe Illustrator
1552,43-4051.00,Monitoring
1552,43-4051.00,Reading Comprehension
1552,43-4051.00,Critical Thinking
1552,43-4051.00,Speaking
1552,43-4051.00,Adobe Creative Cloud software
1552,43-4051.00,Intuit QuickBooks
1552,43-4051.00,Active Listening
1553,43-4051.00,Active Listening
1553,43-4051.00,Critical Thinking
1553,43-4051.00,Adobe Illustrator
1553,43-4051.00,Adobe Acrobat
1553,43-4051.00,Reading Comprehension
1553,43-4051.00,Intuit QuickBooks
1553,43-4051.00,Google Docs
1553,43-4051.00,Speaking
1553,43-4051.00,Adobe Photoshop
1553,43-4051.00,Facebook
1553,43-4051.00,Microsoft Outlook
1553,43-4051.00,Monitoring
1554,41-4012.00,Microsoft Office software
1554,41-4012.00,Adobe InDesign
1554,41-4012.00,Adobe Creative Cloud software
1554,41-4012.00,Microsoft PowerPoint
1554,41-4012.00,Salesforce software
1554,41-4012.00,Adobe Photoshop
1554,41-4012.00,Active Listening
1554,41-4012.00,Active Learning
1554,41-4012.00,Adobe Illustrator
1555,15-1221.00,Monitoring
1555,15-1221.00,Learning Strategies
1555,15-1221.00,GitHub
1555,15-1221.00,Ansible software
1555,15-1221.00,Apache Hadoop
1555,15-1221.00,Active Listening
1555,15-1221.00,Writing
1555,15-1221.00,Amazon Web Services AWS software
1555,15-1221.00,Go
1555,15-1221.00,C++
1555,15-1221.00,C
1555,15-1221.00,Active Learning
1555,15-1221.00,Critical Thinking
1555,15-1221.00,Mathematics
1556,41-4012.00,Microsoft Excel
1556,41-4012.00,Apple macOS
1556,41-4012.00,Adobe Acrobat
1556,41-4012.00,Reading Comprehension
1556,41-4012.00,Speaking
1556,41-4012.00,Microsoft Outlook
1556,41-4012.00,Adobe Illustrator
1556,41-4012.00,Adobe Photoshop
1556,41-4012.00,Microsoft Office software
1556,41-4012.00,Salesforce software
1556,41-4012.00,Adobe InDesign
1556,41-4012.00,Critical Thinking
1557,53-3031.00,Critical Thinking
1557,53-3031.00,Speaking
1557,53-3031.00,Active Listening
1558,15-1221.00,Apache Hadoop
1558,15-1221.00,Science
1558,15-1221.00,Ansible software
1558,15-1221.00,Mathematics
1558,15-1221.00,Amazon Web Services AWS software
1558,15-1221.00,C++
1558,15-1221.00,C
1558,15-1221.00,Apache Spark
1558,15-1221.00,Reading Comprehension
1558,15-1221.00,Git
1558,15-1221.00,Critical Thinking
1558,15-1221.00,GitHub
1558,15-1221.00,Writing
1558,15-1221.00,Speaking
1558,15-1221.00,Monitoring
1560,53-3031.00,Writing
1560,53-3031.00,Critical Thinking
1560,53-3031.00,Reading Comprehension
1560,53-3031.00,Microsoft Excel
1562,53-3031.00,Microsoft Office software
1562,53-3031.00,Writing
1562,53-3031.00,Speaking
1562,53-3031.00,Microsoft Excel
1562,53-3031.00,Active Listening
1563,43-4161.00,Oracle HRIS
1563,43-4161.00,Speaking
1563,43-4161.00,Microsoft Outlook
1563,43-4161.00,Microsoft Excel
1563,43-4161.00,Microsoft Access
1563,43-4161.00,Microsoft Visio
1563,43-4161.00,Reading Comprehension
1563,43-4161.00,Critical Thinking
1563,43-4161.00,Microsoft PowerPoint
1564,51-9083.00,Monitoring
1564,51-9083.00,Microsoft PowerPoint
1564,51-9083.00,Critical Thinking
1564,51-9083.00,Microsoft Office software
1564,51-9083.00,Microsoft Outlook
1564,51-9083.00,SAP software
1564,51-9083.00,Microsoft Word
1568,53-3031.00,Reading Comprehension
1568,53-3031.00,Active Listening
1568,53-3031.00,Critical Thinking
1568,53-3031.00,Microsoft Office software
1569,51-9083.00,Microsoft PowerPoint
1569,51-9083.00,Microsoft Outlook
1569,51-9083.00,Critical Thinking
1569,51-9083.00,Microsoft Office software
1569,51-9083.00,SAP software
1572,51-9195.05,Microsoft Outlook
1572,51-9195.05,Active Listening
1572,51-9195.05,Microsoft Excel
1573,51-9195.05,Microsoft Outlook
1573,51-9195.05,Active Listening
1573,51-9195.05,Monitoring
1574,15-1221.00,C++
1574,15-1221.00,Apache Hadoop
1574,15-1221.00,Amazon Web Services AWS software
1574,15-1221.00,Active Learning
1574,15-1221.00,Writing
1574,15-1221.00,Ansible software
1574,15-1221.00,C
1574,15-1221.00,Git
1574,15-1221.00,Docker
1574,15-1221.00,Mathematics
1576,15-1221.00,Active Learning
1576,15-1221.00,Reading Comprehension
1576,15-1221.00,Docker
1576,15-1221.00,Apache Kafka
1576,15-1221.00,Git
1576,15-1221.00,C
1576,15-1221.00,Science
1576,15-1221.00,Go
1576,15-1221.00,Speaking
1576,15-1221.00,Bash
1576,15-1221.00,Critical Thinking
1576,15-1221.00,Active Listening
1576,15-1221.00,Apache Spark
1576,15-1221.00,Amazon Web Services AWS software
1576,15-1221.00,Learning Strategies
1576,15-1221.00,Monitoring
1576,15-1221.00,Apache Hadoop
1576,15-1221.00,Mathematics
1577,15-1221.00,Apache Hadoop
1577,15-1221.00,Apache Spark
1577,15-1221.00,Active Learning
1577,15-1221.00,Mathematics
1577,15-1221.00,Apache Kafka
1577,15-1221.00,C
1577,15-1221.00,Monitoring
1577,15-1221.00,Reading Comprehension
1577,15-1221.00,Bash
1577,15-1221.00,Git
1577,15-1221.00,Amazon Web Services AWS software
1578,47-1011.03,Reading Comprehension
1578,47-1011.03,Critical Thinking
1578,47-1011.03,Microsoft PowerPoint
1578,47-1011.03,Active Learning
1578,47-1011.03,Monitoring
1578,47-1011.03,Microsoft Word
1578,47-1011.03,Writing
1578,47-1011.03,Learning Strategies
1578,47-1011.03,Autodesk AutoCAD Civil 3D
1578,47-1011.03,Microsoft Excel
1578,47-1011.03,Active Listening
1578,47-1011.03,Speaking
1578,47-1011.03,Autodesk AutoCAD
1578,47-1011.03,Microsoft Outlook
1578,47-1011.03,Oracle Primavera Enterprise Project Portfolio Management
1578,47-1011.03,Autodesk Revit
1578,47-1011.03,Microsoft Office software
1580,15-1221.00,Mathematics
1580,15-1221.00,Amazon Web Services AWS software
1580,15-1221.00,Apache Kafka
1580,15-1221.00,Apache Hadoop
1580,15-1221.00,Monitoring
1580,15-1221.00,Active Listening
1580,15-1221.00,Apache Spark
1580,15-1221.00,Ansible software
1580,15-1221.00,Reading Comprehension
1580,15-1221.00,Science
1580,15-1221.00,Docker
1580,15-1221.00,C
1580,15-1221.00,GitHub
1580,15-1221.00,Git
1580,15-1221.00,Writing
1580,15-1221.00,Active Learning
1580,15-1221.00,Learning Strategies
1580,15-1221.00,Go
1581,15-1221.00,Speaking
1581,15-1221.00,Docker
1581,15-1221.00,Science
1581,15-1221.00,Apache Hadoop
1581,15-1221.00,Go
1581,15-1221.00,Monitoring
1581,15-1221.00,Active Learning
1581,15-1221.00,Learning Strategies
1581,15-1221.00,Critical Thinking
1581,15-1221.00,C++
1581,15-1221.00,Git
1581,15-1221.00,Active Listening
1582,53-3031.00,Active Listening
1582,53-3031.00,Reading Comprehension
1582,53-3031.00,Microsoft Excel
1582,53-3031.00,Critical Thinking
1582,53-3031.00,Microsoft Office software
1582,53-3031.00,Speaking
1583,53-3031.00,Reading Comprehension
1583,53-3031.00,Speaking
1583,53-3031.00,Writing
1583,53-3031.00,Active Listening
1583,53-3031.00,Microsoft Excel
1583,53-3031.00,Critical Thinking
1585,53-3031.00,Writing
1585,53-3031.00,Critical Thinking
1585,53-3031.00,Reading Comprehension
1585,53-3031.00,Speaking
1586,51-9083.00,SAP software
1586,51-9083.00,Microsoft Excel
1586,51-9083.00,Microsoft PowerPoint
1586,51-9083.00,Microsoft Office software
1586,51-9083.00,Critical Thinking
1586,51-9083.00,Microsoft Word
1587,43-4051.00,Reading Comprehension
1587,43-4051.00,Kronos Workforce Timekeeper
1587,43-4051.00,Microsoft Excel
1587,43-4051.00,Critical Thinking
1587,43-4051.00,Adobe Creative Cloud software
1587,43-4051.00,Adobe Acrobat
1587,43-4051.00,Apple macOS
1587,43-4051.00,Speaking
1587,43-4051.00,Writing
1587,43-4051.00,Monitoring
1587,43-4051.00,Microsoft Outlook
1587,43-4051.00,Microsoft Office software
1587,43-4051.00,Intuit QuickBooks
1588,53-3031.00,Active Listening
1588,53-3031.00,Speaking
1588,53-3031.00,Critical Thinking
1590,43-4051.00,Adobe Creative Cloud software
1590,43-4051.00,Microsoft Excel
1590,43-4051.00,Intuit QuickBooks
1590,43-4051.00,Microsoft Outlook
1590,43-4051.00,Apple macOS
1590,43-4051.00,Critical Thinking
1590,43-4051.00,Kronos Workforce Timekeeper
1590,43-4051.00,Active Listening
1590,43-4051.00,Adobe Acrobat
1590,43-4051.00,Facebook
1590,43-4051.00,Microsoft Office software
1590,43-4051.00,Monitoring
1591,47-1011.03,Microsoft Project
1591,47-1011.03,Microsoft Excel
1591,47-1011.03,Mathematics
1591,47-1011.03,Autodesk Revit
1591,47-1011.03,Oracle Primavera Enterprise Project Portfolio Management
1591,47-1011.03,Active Learning
1591,47-1011.03,Autodesk AutoCAD Civil 3D
1591,47-1011.03,Active Listening
1591,47-1011.03,Autodesk AutoCAD
1591,47-1011.03,Microsoft Outlook
1591,47-1011.03,Microsoft Visio
1592,15-1221.00,Monitoring
1592,15-1221.00,C++
1592,15-1221.00,Critical Thinking
1592,15-1221.00,Apache Hadoop
1592,15-1221.00,Speaking
1592,15-1221.00,Apache Kafka
1592,15-1221.00,Amazon Web Services AWS software
1592,15-1221.00,Git
1592,15-1221.00,GitHub
1592,15-1221.00,Science
1592,15-1221.00,Active Learning
1592,15-1221.00,Writing
1592,15-1221.00,Reading Comprehension
1592,15-1221.00,Active Listening
1592,15-1221.00,Bash
1592,15-1221.00,Mathematics
1592,15-1221.00,C
1592,15-1221.00,Learning Strategies
1594,51-9083.00,Microsoft Outlook
1594,51-9083.00,Critical Thinking
1594,51-9083.00,Monitoring
1594,51-9083.00,Microsoft Word
1595,47-1011.03,Microsoft Word
1595,47-1011.03,Monitoring
1595,47-1011.03,Mathematics
1595,47-1011.03,Microsoft Visio
1595,47-1011.03,Learning Strategies
1595,47-1011.03,Autodesk AutoCAD Civil 3D
1595,47-1011.03,Active Learning
1595,47-1011.03,Microsoft Outlook
1595,47-1011.03,Oracle Primavera Enterprise Project Portfolio Management
1595,47-1011.03,Critical Thinking
1595,47-1011.03,Writing
1595,47-1011.03,Microsoft Project
1596,51-9083.00,Microsoft Outlook
1596,51-9083.00,Microsoft PowerPoint
1596,51-9083.00,Microsoft Word
1596,51-9083.00,SAP software
1596,51-9083.00,Monitoring
1596,51-9083.00,Microsoft Office software
1596,51-9083.00,Microsoft Excel
1596,51-9083.00,Reading Comprehension
1597,43-4051.00,Adobe Acrobat
1597,43-4051.00,Intuit QuickBooks
1597,43-4051.00,Microsoft Excel
1597,43-4051.00,Kronos Workforce Timekeeper
1597,43-4051.00,Writing
1597,43-4051.00,Monitoring
1597,43-4051.00,Google Docs
1597,43-4051.00,Speaking
1597,43-4051.00,Active Listening
1597,43-4051.00,Facebook
1597,43-4051.00,Reading Comprehension
1597,43-4051.00,Adobe Illustrator
1598,53-3031.00,Speaking
1598,53-3031.00,Active Listening
1598,53-3031.00,Writing
1598,53-3031.00,Microsoft Excel
1598,53-3031.00,Critical Thinking
1599,51-9083.00,Microsoft Excel
1599,51-9083.00,Microsoft Outlook
1599,51-9083.00,SAP software
1599,51-9083.00,Microsoft PowerPoint
1601,51-9083.00,Microsoft PowerPoint
1601,51-9083.00,Monitoring
1601,51-9083.00,Microsoft Office software
1601,51-9083.00,Microsoft Excel
1601,51-9083.00,Critical Thinking
1602,47-1011.03,Critical Thinking
1602,47-1011.03,Microsoft Office software
1602,47-1011.03,Microsoft Visio
1602,47-1011.03,Autodesk AutoCAD
1602,47-1011.03,Microsoft Windows
1602,47-1011.03,Microsoft Word
1602,47-1011.03,Microsoft PowerPoint
1602,47-1011.03,Active Learning
1602,47-1011.03,Microsoft Excel
1602,47-1011.03,Reading Comprehension
1602,47-1011.03,Microsoft Project
1602,47-1011.03,Microsoft Outlook
1602,47-1011.03,Autodesk AutoCAD Civil 3D
1602,47-1011.03,Speaking
1602,47-1011.03,Active Listening
1602,47-1011.03,Oracle Primavera Enterprise Project Portfolio Management
1604,51-9083.00,Critical Thinking
1604,51-9083.00,Reading Comprehension
1604,51-9083.00,Microsoft Excel
1604,51-9083.00,Monitoring
1604,51-9083.00,SAP software
1604,51-9083.00,Microsoft Outlook
1604,51-9083.00,Microsoft Office software
1604,51-9083.00,Microsoft PowerPoint
1605,15-1221.00,Go
1605,15-1221.00,Git
1605,15-1221.00,Apache Kafka
1605,15-1221.00,GitHub
1605,15-1221.00,Writing
1605,15-1221.00,C
1605,15-1221.00,Apache Spark
1605,15-1221.00,Active Listening
1605,15-1221.00,Learning Strategies
1605,15-1221.00,Mathematics
1605,15-1221.00,Science
1605,15-1221.00,Speaking
1605,15-1221.00,C++
1605,15-1221.00,Active Learning
1605,15-1221.00,Ansible software
1605,15-1221.00,Docker
1606,43-4051.00,Speaking
1606,43-4051.00,Adobe Illustrator
1606,43-4051.00,Apple macOS
1606,43-4051.00,Adobe Creative Cloud software
1606,43-4051.00,Reading Comprehension
1606,43-4051.00,Microsoft Outlook
1606,43-4051.00,Adobe Acrobat
1606,43-4051.00,Active Listening
1606,43-4051.00,Google Docs
1606,43-4051.00,Writing
1606,43-4051.00,Kronos Workforce Timekeeper
1607,15-1221.00,Bash
1607,15-1221.00,GitHub
1607,15-1221.00,Learning Strategies
1607,15-1221.00,Ansible software
1607,15-1221.00,Apache Spark
1607,15-1221.00,Go
1607,15-1221.00,Mathematics
1607,15-1221.00,Apache Kafka
1607,15-1221.00,Docker
1607,15-1221.00,Monitoring
1607,15-1221.00,Amazon Web Services AWS software
1607,15-1221.00,C
1607,15-1221.00,Reading Comprehension
1607,15-1221.00,Apache Hadoop
1608,27-2041.00,Microsoft Outlook
1608,27-2041.00,Speaking
1608,27-2041.00,Monitoring
1608,27-2041.00,Writing
1608,27-2041.00,Microsoft Excel
1608,27-2041.00,Microsoft Office software
1608,27-2041.00,Microsoft Word
1608,27-2041.00,Critical Thinking
1608,27-2041.00,Learning Strategies
1608,27-2041.00,Reading Comprehension
1608,27-2041.00,Microsoft PowerPoint
1609,15-1221.00,C++
1609,15-1221.00,Active Listening
1609,15-1221.00,Go
1609,15-1221.00,Bash
1609,15-1221.00,Active Learning
1609,15-1221.00,Apache Hadoop
1609,15-1221.00,Reading Comprehension
1609,15-1221.00,Apache Kafka
1609,15-1221.00,Mathematics
1609,15-1221.00,Docker
1609,15-1221.00,Learning Strategies
1609,15-1221.00,Amazon Web Services AWS software
1611,51-9083.00,SAP software
1611,51-9083.00,Microsoft Outlook
1611,51-9083.00,Microsoft Word
1611,51-9083.00,Critical Thinking
1611,51-9083.00,Microsoft Excel
1612,53-3031.00,Active Listening
1612,53-3031.00,Microsoft Office software
1612,53-3031.00,Writing
1612,53-3031.00,Reading Comprehension
1612,53-3031.00,Speaking
1612,53-3031.00,Critical Thinking
1613,53-3031.00,Active Listening
1613,53-3031.00,Critical Thinking
1613,53-3031.00,Speaking
1613,53-3031.00,Writing
1613,53-3031.00,Reading Comprehension
1614,51-9195.05,Active Listening
1614,51-9195.05,Monitoring
1614,51-9195.05,Microsoft Outlook
1615,51-9195.05,Microsoft Outlook
1615,51-9195.05,Critical Thinking
1615,51-9195.05,Monitoring
1617,51-9083.00,Reading Comprehension
1617,51-9083.00,Microsoft PowerPoint
1617,51-9083.00,Microsoft Outlook
1617,51-9083.00,Microsoft Word
1617,51-9083.00,Microsoft Office software
1618,51-9195.05,Active Listening
1618,51-9195.05,Critical Thinking
1618,51-9195.05,Microsoft Excel
1619,51-9083.00,SAP software
1619,51-9083.00,Microsoft Office software
1619,51-9083.00,Reading Comprehension
1619,51-9083.00,Critical Thinking
1619,51-9083.00,Microsoft Outlook
1619,51-9083.00,Microsoft Word
1621,15-1221.00,Reading Comprehension
1621,15-1221.00,C++
1621,15-1221.00,Amazon Web Services AWS software
1621,15-1221.00,C
1621,15-1221.00,Ansible software
1621,15-1221.00,Apache Kafka
1621,15-1221.00,Bash
1621,15-1221.00,GitHub
1621,15-1221.00,Apache Spark
1621,15-1221.00,Go
1621,15-1221.00,Science
1621,15-1221.00,Active Listening
1621,15-1221.00,Docker
1621,15-1221.00,Apache Hadoop
1621,15-1221.00,Writing
1621,15-1221.00,Critical Thinking
1621,15-1221.00,Git
1622,51-9195.05,Active Listening
1622,51-9195.05,Microsoft Outlook
1622,51-9195.05,Monitoring
1623,15-1221.00,Apache Kafka
1623,15-1221.00,Speaking
1623,15-1221.00,Go
1623,15-1221.00,Ansible software
1623,15-1221.00,Amazon Web Services AWS software
1623,15-1221.00,Science
1623,15-1221.00,C++
1623,15-1221.00,Mathematics
1623,15-1221.00,Active Learning
1623,15-1221.00,Reading Comprehension
1623,15-1221.00,Active Listening
1623,15-1221.00,Monitoring
1623,15-1221.00,GitHub
1623,15-1221.00,Critical Thinking
1624,41-4012.00,Salesforce software
1624,41-4012.00,Autodesk AutoCAD
1624,41-4012.00,Writing
1624,41-4012.00,Adobe Creative Cloud software
1624,41-4012.00,Microsoft Excel
1624,41-4012.00,Adobe Acrobat
1624,41-4012.00,Microsoft Outlook
1624,41-4012.00,Apple macOS
1624,41-4012.00,Adobe Photoshop
1624,41-4012.00,Monitoring
1624,41-4012.00,Microsoft PowerPoint
1625,47-1011.03,Monitoring
1625,47-1011.03,Autodesk Revit
1625,47-1011.03,Microsoft Project
1625,47-1011.03,Learning Strategies
1625,47-1011.03,Microsoft Office software
1625,47-1011.03,Autodesk AutoCAD
1625,47-1011.03,Microsoft Outlook
1625,47-1011.03,Active Listening
1625,47-1011.03,Microsoft Windows
1625,47-1011.03,Autodesk AutoCAD Civil 3D
1625,47-1011.03,Microsoft Word
1625,47-1011.03,Writing
1625,47-1011.03,Speaking
1625,47-1011.03,Microsoft Excel
1625,47-1011.03,Critical Thinking
1625,47-1011.03,Mathematics
1627,51-9083.00,Reading Comprehension
1627,51-9083.00,Microsoft Outlook
1627,51-9083.00,Microsoft Word
1627,51-9083.00,Critical Thinking
1628,51-9195.05,Microsoft Outlook
1628,51-9195.05,Active Listening
1628,51-9195.05,Microsoft Excel
1628,51-9195.05,Critical Thinking
1630,43-4051.00,Writing
1630,43-4051.00,Speaking
1630,43-4051.00,Microsoft Excel
1630,43-4051.00,Apple macOS
1630,43-4051.00,Active Listening
1630,43-4051.00,Adobe Photoshop
1630,43-4051.00,Adobe Acrobat
1630,43-4051.00,Monitoring
1630,43-4051.00,Facebook
1630,43-4051.00,Microsoft Office software
1630,43-4051.00,Kronos Workforce Timekeeper
1630,43-4051.00,Google Docs
1631,51-9195.05,Critical Thinking
1631,51-9195.05,Microsoft Excel
1631,51-9195.05,Microsoft Outlook
1633,51-9195.05,Microsoft Excel
1633,51-9195.05,Monitoring
1635,51-9195.05,Microsoft Excel
1635,51-9195.05,Monitoring
1635,51-9195.05,Critical Thinking
1635,51-9195.05,Active Listening
1638,51-9195.05,Microsoft Outlook
1638,51-9195.05,Microsoft Excel
1638,51-9195.05,Active Listening
1638,51-9195.05,Critical Thinking
1639,53-3031.00,Critical Thinking
1639,53-3031.00,Writing
1639,53-3031.00,Active Listening
1639,53-3031.00,Reading Comprehension
1639,53-3031.00,Microsoft Office software
1640,15-1221.00,Mathematics
1640,15-1221.00,Ansible software
1640,15-1221.00,Bash
1640,15-1221.00,Apache Spark
1640,15-1221.00,Apache Hadoop
1640,15-1221.00,C
1640,15-1221.00,Amazon Web Services AWS software
1640,15-1221.00,Monitoring
1640,15-1221.00,Learning Strategies
1640,15-1221.00,Reading Comprehension
1640,15-1221.00,Git
1640,15-1221.00,Speaking
1640,15-1221.00,Writing
1640,15-1221.00,GitHub
1640,15-1221.00,Active Listening
1640,15-1221.00,Docker
1641,51-9195.05,Microsoft Outlook
1641,51-9195.05,Critical Thinking
1641,51-9195.05,Microsoft Excel
1641,51-9195.05,Monitoring
1642,43-4161.00,Critical Thinking
1642,43-4161.00,Monitoring
1642,43-4161.00,Google Docs
1642,43-4161.00,Oracle HRIS
1642,43-4161.00,Microsoft Visio
1642,43-4161.00,Reading Comprehension
1642,43-4161.00,Oracle PeopleSoft
1642,43-4161.00,Applicant tracking software
1642,43-4161.00,Microsoft Excel
1642,43-4161.00,Writing
1642,43-4161.00,Microsoft SharePoint
1642,43-4161.00,Microsoft Office software
1644,47-1011.03,Autodesk Revit
1644,47-1011.03,Microsoft PowerPoint
1644,47-1011.03,Microsoft Visio
1644,47-1011.03,Learning Strategies
1644,47-1011.03,Monitoring
1644,47-1011.03,Active Learning
1644,47-1011.03,Autodesk AutoCAD Civil 3D
1644,47-1011.03,Microsoft Word
1644,47-1011.03,Microsoft Outlook
1644,47-1011.03,Autodesk AutoCAD
1645,53-3031.00,Critical Thinking
1645,53-3031.00,Reading Comprehension
1645,53-3031.00,Microsoft Office software
1645,53-3031.00,Writing
1646,15-1221.00,Apache Kafka
1646,15-1221.00,Docker
1646,15-1221.00,Bash
1646,15-1221.00,Git
1646,15-1221.00,C
1646,15-1221.00,Speaking
1646,15-1221.00,C++
1646,15-1221.00,Monitoring
1646,15-1221.00,Active Learning
1646,15-1221.00,Mathematics
1646,15-1221.00,Critical Thinking
1646,15-1221.00,Apache Spark
1646,15-1221.00,Amazon Web Services AWS software
1646,15-1221.00,Science
1647,15-1221.00,Mathematics
1647,15-1221.00,Apache Hadoop
1647,15-1221.00,Science
1647,15-1221.00,Ansible software
1647,15-1221.00,Reading Comprehension
1647,15-1221.00,Learning Strategies
1647,15-1221.00,C++
1647,15-1221.00,Speaking
1647,15-1221.00,GitHub
1647,15-1221.00,Active Listening
1647,15-1221.00,Bash
1647,15-1221.00,Apache Kafka
1647,15-1221.00,Monitoring
1647,15-1221.00,Writing
1648,15-1221.00,Reading Comprehension
1648,15-1221.00,Bash
1648,15-1221.00,Amazon Web Services AWS software
1648,15-1221.00,Apache Kafka
1648,15-1221.00,Go
1648,15-1221.00,Active Learning
1648,15-1221.00,Apache Hadoop
1648,15-1221.00,C
1648,15-1221.00,Critical Thinking
1648,15-1221.00,Git
1648,15-1221.00,Science
1648,15-1221.00,Docker
1648,15-1221.00,Learning Strategies
1648,15-1221.00,C++
1648,15-1221.00,Active Listening
1648,15-1221.00,Mathematics
1649,51-9083.00,Monitoring
1649,51-9083.00,SAP software
1649,51-9083.00,Microsoft Excel
1649,51-9083.00,Microsoft Office software
1650,53-3031.00,Microsoft Office software
1650,53-3031.00,Critical Thinking
1650,53-3031.00,Speaking
1650,53-3031.00,Reading Comprehension
1651,43-4051.00,Adobe Photoshop
1651,43-4051.00,Monitoring
1651,43-4051.00,Microsoft Outlook
1651,43-4051.00,Adobe Illustrator
1651,43-4051.00,Facebook
1651,43-4051.00,Kronos Workforce Timekeeper
1651,43-4051.00,Speaking
1651,43-4051.00,Microsoft Office software
1651,43-4051.00,Active Listening
1651,43-4051.00,Adobe Creative Cloud software
1653,51-9195.05,Microsoft Excel
1653,51-9195.05,Microsoft Outlook
1653,51-9195.05,Active Listening
1654,51-9195.05,Critical Thinking
1654,51-9195.05,Active Listening
1654,51-9195.05,Microsoft Outlook
1654,51-9195.05,Monitoring
1655,27-2041.00,Active Listening
1655,27-2041.00,Microsoft Office software
1655,27-2041.00,Writing
1655,27-2041.00,Microsoft PowerPoint
1655,27-2041.00,Monitoring
1655,27-2041.00,Active Learning
1655,27-2041.00,Learning Strategies
1655,27-2041.00,Critical Thinking
1655,27-2041.00,Speaking
1655,27-2041.00,Microsoft Word
1656,27-2041.00,Microsoft PowerPoint
1656,27-2041.00,Microsoft Word
1656,27-2041.00,Active Listening
1656,27-2041.00,Learning Strategies
1656,27-2041.00,Active Learning
1656,27-2041.00,Monitoring
1656,27-2041.00,Critical Thinking
1656,27-2041.00,Microsoft Office software
1656,27-2041.00,Speaking
1657,41-4012.00,Speaking
1657,41-4012.00,Adobe Acrobat
1657,41-4012.00,Microsoft Outlook
1657,41-4012.00,Reading Comprehension
1657,41-4012.00,Apple macOS
1657,41-4012.00,Writing
1657,41-4012.00,Monitoring
1657,41-4012.00,Salesforce software
1657,41-4012.00,Microsoft Excel
1657,41-4012.00,Adobe InDesign
1657,41-4012.00,Adobe Creative Cloud software
1657,41-4012.00,Critical Thinking
1658,15-1221.00,Critical Thinking
1658,15-1221.00,GitHub
1658,15-1221.00,Science
1658,15-1221.00,Reading Comprehension
1658,15-1221.00,Monitoring
1658,15-1221.00,Active Learning
1658,15-1221.00,Git
1658,15-1221.00,Active Listening
1658,15-1221.00,Docker
1658,15-1221.00,Apache Spark
1658,15-1221.00,Bash
1658,15-1221.00,C++
1659,51-9083.00,Critical Thinking
1659,51-9083.00,Microsoft Office software
1659,51-9083.00,SAP software
1659,51-9083.00,Microsoft Word
1659,51-9083.00,Microsoft Excel
1659,51-9083.00,Reading Comprehension
1661,43-4051.00,Active Listening
1661,43-4051.00,Microsoft Outlook
1661,43-4051.00,Google Docs
1661,43-4051.00,Adobe Acrobat
1661,43-4051.00,Monitoring
1661,43-4051.00,Intuit QuickBooks
1661,43-4051.00,Facebook
1661,43-4051.00,Adobe Photoshop
1661,43-4051.00,Adobe Creative Cloud software
1661,43-4051.00,Microsoft Excel
1661,43-4051.00,Kronos Workforce Timekeeper
1661,43-4051.00,Critical Thinking
1661,43-4051.00,Apple macOS
1661,43-4051.00,Writing
1662,51-9195.05,Monitoring
1662,51-9195.05,Microsoft Excel
1662,51-9195.05,Critical Thinking
1664,43-4051.00,Microsoft Office software
1664,43-4051.00,Writing
1664,43-4051.00,Reading Comprehension
1664,43-4051.00,Intuit QuickBooks
1664,43-4051.00,Microsoft Outlook
1664,43-4051.00,Apple macOS
1664,43-4051.00,Facebook
1664,43-4051.00,Speaking
1664,43-4051.00,Monitoring
1665,47-1011.03,Active Learning
1665,47-1011.03,Microsoft PowerPoint
1665,47-1011.03,Microsoft Windows
1665,47-1011.03,Microsoft Excel
1665,47-1011.03,Microsoft Office software
1665,47-1011.03,Learning Strategies
1665,47-1011.03,Active Listening
1665,47-1011.03,Oracle Primavera Enterprise Project Portfolio Management
1665,47-1011.03,Microsoft Project
1665,47-1011.03,Microsoft Word
1665,47-1011.03,Autodesk Revit
1665,47-1011.03,Microsoft Outlook
1665,47-1011.03,Autodesk AutoCAD Civil 3D
1665,47-1011.03,Mathematics
1665,47-1011.03,Monitoring
1665,47-1011.03,Critical Thinking
1665,47-1011.03,Microsoft Visio
1666,27-2041.00,Microsoft PowerPoint
1666,27-2041.00,Reading Comprehension
1666,27-2041.00,Microsoft Office software
1666,27-2041.00,Microsoft Outlook
1666,27-2041.00,Speaking
1666,27-2041.00,Critical Thinking
1666,27-2041.00,Microsoft Excel
1666,27-2041.00,Writing
1666,27-2041.00,Active Learning
1666,27-2041.00,Learning Strategies
1666,27-2041.00,Monitoring
1667,53-3031.00,Active Listening
1667,53-3031.00,Microsoft Office software
1667,53-3031.00,Microsoft Excel
1667,53-3031.00,Writing
1668,15-1221.00,Amazon Web Services AWS software
1668,15-1221.00,Science
1668,15-1221.00,Docker
1668,15-1221.00,Learning Strategies
1668,15-1221.00,C
1668,15-1221.00,Active Learning
1668,15-1221.00,Active Listening
1668,15-1221.00,Apache Spark
1668,15-1221.00,Apache Hadoop
1668,15-1221.00,Critical Thinking
1668,15-1221.00,Bash
1668,15-1221.00,Writing
1668,15-1221.00,GitHub
1668,15-1221.00,Apache Kafka
1669,53-3031.00,Writing
1669,53-3031.00,Critical Thinking
1669,53-3031.00,Active Listening
1669,53-3031.00,Microsoft Excel
1669,53-3031.00,Speaking
1670,53-3031.00,Critical Thinking
1670,53-3031.00,Microsoft Excel
1670,53-3031.00,Reading Comprehension
1670,53-3031.00,Active Listening
1670,53-3031.00,Writing
1671,15-1221.00,Go
1671,15-1221.00,Speaking
1671,15-1221.00,Apache Kafka
1671,15-1221.00,Ansible software
1671,15-1221.00,Learning Strategies
1671,15-1221.00,Bash
1671,15-1221.00,Git
1671,15-1221.00,Critical Thinking
1671,15-1221.00,Monitoring
1671,15-1221.00,C
1671,15-1221.00,Docker
1671,15-1221.00,Apache Hadoop
1671,15-1221.00,Active Learning
1671,15-1221.00,Writing
1671,15-1221.00,Amazon Web Services AWS software
1673,53-3031.00,Reading Comprehension
1673,53-3031.00,Microsoft Office software
1673,53-3031.00,Active Listening
1673,53-3031.00,Microsoft Excel
1673,53-3031.00,Speaking
1674,51-9083.00,Microsoft Office software
1674,51-9083.00,SAP software
1674,51-9083.00,Microsoft Word
1674,51-9083.00,Critical Thinking
1674,51-9083.00,Microsoft PowerPoint
1674,51-9083.00,Microsoft Excel
1674,51-9083.00,Monitoring
1675,51-9083.00,Monitoring
1675,51-9083.00,Reading Comprehension
1675,51-9083.00,Microsoft Word
1675,51-9083.00,SAP software
1675,51-9083.00,Microsoft Outlook
1675,51-9083.00,Critical Thinking
1675,51-9083.00,Microsoft PowerPoint
1676,47-1011.03,Microsoft Office software
1676,47-1011.03,Autodesk AutoCAD Civil 3D
1676,47-1011.03,Microsoft Windows
1676,47-1011.03,Mathematics
1676,47-1011.03,Active Listening
1676,47-1011.03,Reading Comprehension
1676,47-1011.03,Microsoft Project
1676,47-1011.03,Critical Thinking
1676,47-1011.03,Microsoft Word
1676,47-1011.03,Microsoft PowerPoint
1676,47-1011.03,Autodesk AutoCAD
1676,47-1011.03,Speaking
1676,47-1011.03,Oracle Primavera Enterprise Project Portfolio Management
1676,47-1011.03,Microsoft Outlook
1676,47-1011.03,Writing
1676,47-1011.03,Microsoft Visio
1677,47-1011.03,Microsoft Visio
1677,47-1011.03,Active Listening
1677,47-1011.03,Learning Strategies
1677,47-1011.03,Active Learning
1677,47-1011.03,Autodesk Revit
1677,47-1011.03,Reading Comprehension
1677,47-1011.03,Microsoft Outlook
1677,47-1011.03,Microsoft Windows
1677,47-1011.03,Critical Thinking
1677,47-1011.03,Writing
1677,47-1011.03,Microsoft Office software
1677,47-1011.03,Microsoft PowerPoint
1677,47-1011.03,Autodesk AutoCAD
1677,47-1011.03,Oracle Primavera Enterprise Project Portfolio Management
1677,47-1011.03,Microsoft Word
1677,47-1011.03,Autodesk AutoCAD Civil 3D
1677,47-1011.03,Mathematics
1678,53-3031.00,Microsoft Office software
1678,53-3031.00,Microsoft Excel
1678,53-3031.00,Critical Thinking
1678,53-3031.00,Speaking
1678,53-3031.00,Reading Comprehension
1680,41-4012.00,Salesforce software
1680,41-4012.00,Adobe Creative Cloud software
1680,41-4012.00,Reading Comprehension
1680,41-4012.00,Active Learning
1680,41-4012.00,Adobe Acrobat
1680,41-4012.00,Writing
1680,41-4012.00,Adobe Photoshop
1680,41-4012.00,Adobe InDesign
1680,41-4012.00,Microsoft Outlook
1680,41-4012.00,Adobe Illustrator
1680,41-4012.00,Microsoft Excel
1680,41-4012.00,Microsoft PowerPoint
1680,41-4012.00,Speaking
1681,53-3031.00,Microsoft Excel
1681,53-3031.00,Active Listening
1681,53-3031.00,Writing
1681,53-3031.00,Critical Thinking
1682,43-4051.00,Active Listening
1682,43-4051.00,Monitoring
1682,43-4051.00,Adobe Acrobat
1682,43-4051.00,Facebook
1682,43-4051.00,Google Docs
1682,43-4051.00,Intuit QuickBooks
1682,43-4051.00,Kronos Workforce Timekeeper
1682,43-4051.00,Writing
1682,43-4051.00,Reading Comprehension
1682,43-4051.00,Critical Thinking
1683,43-4161.00,Microsoft Excel
1683,43-4161.00,Active Listening
1683,43-4161.00,Microsoft Access
1683,43-4161.00,Reading Comprehension
1683,43-4161.00,Writing
1683,43-4161.00,Microsoft Outlook
1683,43-4161.00,Google Docs
1683,43-4161.00,Speaking
1683,43-4161.00,Oracle PeopleSoft
1683,43-4161.00,Microsoft PowerPoint
1683,43-4161.00,Critical Thinking
1683,43-4161.00,Microsoft Word
1683,43-4161.00,Applicant tracking software
1683,43-4161.00,Microsoft Visio
1683,43-4161.00,Oracle HRIS
1684,51-9083.00,Monitoring
1684,51-9083.00,Critical Thinking
1684,51-9083.00,Microsoft Office software
1684,51-9083.00,Microsoft Excel
1684,51-9083.00,Microsoft Word
1684,51-9083.00,Microsoft PowerPoint
1684,51-9083.00,SAP software
1687,51-9083.00,SAP software
1687,51-9083.00,Microsoft Excel
1687,51-9083.00,Reading Comprehension
1687,51-9083.00,Microsoft Office software
1687,51-9083.00,Critical Thinking
1687,51-9083.00,Microsoft PowerPoint
1687,51-9083.00,Microsoft Outlook
1689,43-4051.00,Intuit QuickBooks
1689,43-4051.00,Speaking
1689,43-4051.00,Reading Comprehension
1689,43-4051.00,Google Docs
1689,43-4051.00,Kronos Workforce Timekeeper
1689,43-4051.00,Microsoft Office software
1689,43-4051.00,Facebook
1689,43-4051.00,Writing
1689,43-4051.00,Adobe Illustrator
1689,43-4051.00,Adobe Creative Cloud software
1689,43-4051.00,Apple macOS
1689,43-4051.00,Adobe Acrobat
1689,43-4051.00,Microsoft Excel
1691,41-4012.00,Autodesk AutoCAD
1691,41-4012.00,Active Listening
1691,41-4012.00,Microsoft PowerPoint
1691,41-4012.00,Critical Thinking
1691,41-4012.00,Adobe Creative Cloud software
1691,41-4012.00,Adobe Photoshop
1691,41-4012.00,Microsoft Outlook
1691,41-4012.00,Speaking
1691,41-4012.00,Adobe InDesign
1691,41-4012.00,Active Learning
1692,51-9083.00,Microsoft Outlook
1692,51-9083.00,Reading Comprehension
1692,51-9083.00,Microsoft Word
1692,51-9083.00,Critical Thinking
1692,51-9083.00,SAP software
1693,51-9083.00,Critical Thinking
1693,51-9083.00,Microsoft Outlook
1693,51-9083.00,Microsoft PowerPoint
1693,51-9083.00,Monitoring
1693,51-9083.00,SAP software
1694,15-1221.00,Apache Hadoop
1694,15-1221.00,Apache Kafka
1694,15-1221.00,Git
1694,15-1221.00,Docker
1694,15-1221.00,Mathematics
1694,15-1221.00,Active Listening
1694,15-1221.00,Science
1694,15-1221.00,Go
1694,15-1221.00,Reading Comprehension
1694,15-1221.00,Learning Strategies
1694,15-1221.00,Writing
1694,15-1221.00,Active Learning
1694,15-1221.00,Apache Spark
1694,15-1221.00,C++
1696,51-9083.00,Microsoft Office software
1696,51-9083.00,Reading Comprehension
1696,51-9083.00,Microsoft Outlook
1696,51-9083.00,Critical Thinking
1696,51-9083.00,Microsoft Excel
1697,43-4051.00,Reading Comprehension
1697,43-4051.00,Microsoft Outlook
1697,43-4051.00,Google Docs
1697,43-4051.00,Adobe Illustrator
1697,43-4051.00,Facebook
1697,43-4051.00,Critical Thinking
1697,43-4051.00,Adobe Acrobat
1697,43-4051.00,Writing
1697,43-4051.00,Monitoring
1698,51-9083.00,Reading Comprehension
1698,51-9083.00,Monitoring
1698,51-9083.00,Microsoft Office software
1698,51-9083.00,Microsoft Outlook
1698,51-9083.00,Microsoft Excel
1698,51-9083.00,Microsoft Word
1698,51-9083.00,Microsoft PowerPoint
1700,53-3031.00,Speaking
1700,53-3031.00,Microsoft Office software
1700,53-3031.00,Critical Thinking
1700,53-3031.00,Writing
1700,53-3031.00,Reading Comprehension
1701,15-1221.00,Learning Strategies
1701,15-1221.00,Docker
1701,15-1221.00,Monitoring
1701,15-1221.00,Reading Comprehension
1701,15-1221.00,C
1701,15-1221.00,Science
1701,15-1221.00,Speaking
1701,15-1221.00,GitHub
1701,15-1221.00,Active Learning
1701,15-1221.00,Active Listening
1701,15-1221.00,Apache Kafka
1701,15-1221.00,Critical Thinking
1702,41-4012.00,Adobe Photoshop
1702,41-4012.00,Speaking
1702,41-4012.00,Monitoring
1702,41-4012.00,Writing
1702,41-4012.00,Autodesk AutoCAD
1702,41-4012.00,Microsoft Excel
1702,41-4012.00,Adobe Acrobat
1702,41-4012.00,Active Listening
1702,41-4012.00,Critical Thinking
1702,41-4012.00,Reading Comprehension
1702,41-4012.00,Active Learning
1702,41-4012.00,Adobe Illustrator
1702,41-4012.00,Apple macOS
1703,43-4051.00,Speaking
1703,43-4051.00,Reading Comprehension
1703,43-4051.00,Adobe Photoshop
1703,43-4051.00,Google Docs
1703,43-4051.00,Kronos Workforce Timekeeper
1703,43-4051.00,Microsoft Outlook
1703,43-4051.00,Intuit QuickBooks
1703,43-4051.00,Apple macOS
1703,43-4051.00,Monitoring
1703,43-4051.00,Adobe Acrobat
1703,43-4051.00,Microsoft Excel
1703,43-4051.00,Adobe Creative Cloud software
1704,15-1221.00,Docker
1704,15-1221.00,Speaking
1704,15-1221.00,Apache Hadoop
1704,15-1221.00,Apache Kafka
1704,15-1221.00,Mathematics
1704,15-1221.00,Science
1704,15-1221.00,Git
1704,15-1221.00,Writing
1704,15-1221.00,Amazon Web Services AWS software
1704,15-1221.00,Apache Spark
1704,15-1221.00,Active Listening
1704,15-1221.00,Critical Thinking
1704,15-1221.00,Bash
1704,15-1221.00,C++
1704,15-1221.00,Active Learning
1704,15-1221.00,Reading Comprehension
1704,15-1221.00,Learning Strategies
1706,53-3031.00,Reading Comprehension
1706,53-3031.00,Microsoft Excel
1706,53-3031.00,Active Listening
1706,53-3031.00,Writing
1707,15-1221.00,Git
1707,15-1221.00,Bash
1707,15-1221.00,Science
1707,15-1221.00,Monitoring
1707,15-1221.00,Mathematics
1707,15-1221.00,Writing
1707,15-1221.00,Apache Spark
1707,15-1221.00,Apache Kafka
1707,15-1221.00,Go
1707,15-1221.00,Amazon Web Services AWS software
1707,15-1221.00,GitHub
1708,53-3031.00,Writing
1708,53-3031.00,Active Listening
1708,53-3031.00,Reading Comprehension
1708,53-3031.00,Microsoft Office software
1709,51-9083.00,Critical Thinking
1709,51-9083.00,Reading Comprehension
1709,51-9083.00,Monitoring
1709,51-9083.00,Microsoft Excel
1709,51-9083.00,Microsoft Word
1710,41-4012.00,Adobe Illustrator
1710,41-4012.00,Adobe Photoshop
1710,41-4012.00,Speaking
1710,41-4012.00,Critical Thinking
1710,41-4012.00,Microsoft PowerPoint
1710,41-4012.00,Active Listening
1710,41-4012.00,Salesforce software
1710,41-4012.00,Reading Comprehension
1710,41-4012.00,Autodesk AutoCAD
1710,41-4012.00,Microsoft Excel
1710,41-4012.00,Apple macOS
1710,41-4012.00,Microsoft Outlook
1710,41-4012.00,Monitoring
1712,43-4051.00,Intuit QuickBooks
1712,43-4051.00,Monitoring
1712,43-4051.00,Kronos Workforce Timekeeper
1712,43-4051.00,Reading Comprehension
1712,43-4051.00,Facebook
1712,43-4051.00,Writing
1712,43-4051.00,Adobe Photoshop
1712,43-4051.00,Apple macOS
1712,43-4051.00,Speaking
1714,43-4161.00,Writing
1714,43-4161.00,Microsoft Visio
1714,43-4161.00,Active Listening
1714,43-4161.00,Applicant tracking software
1714,43-4161.00,Microsoft Office software
1714,43-4161.00,Microsoft Access
1714,43-4161.00,Oracle PeopleSoft
1714,43-4161.00,Active Learning
1714,43-4161.00,Microsoft Outlook
1714,43-4161.00,Monitoring
1714,43-4161.00,Microsoft Word
1716,53-3031.00,Speaking
1716,53-3031.00,Microsoft Excel
1716,53-3031.00,Critical Thinking
1716,53-3031.00,Microsoft Office software
1716,53-3031.00,Reading Comprehension
1716,53-3031.00,Writing
1718,51-9083.00,Critical Thinking
1718,51-9083.00,Microsoft Excel
1718,51-9083.00,Monitoring
1718,51-9083.00,Microsoft PowerPoint
1718,51-9083.00,Reading Comprehension
1718,51-9083.00,Microsoft Outlook
1718,51-9083.00,SAP software
1719,27-2041.00,Microsoft Word
1719,27-2041.00,Critical Thinking
1719,27-2041.00,Learning Strategies
1719,27-2041.00,Microsoft PowerPoint
1719,27-2041.00,Microsoft Excel
1719,27-2041.00,Microsoft Outlook
1719,27-2041.00,Speaking
1719,27-2041.00,Monitoring
1719,27-2041.00,Writing
1720,15-1221.00,Go
1720,15-1221.00,Speaking
1720,15-1221.00,Critical Thinking
1720,15-1221.00,Amazon Web Services AWS software
1720,15-1221.00,Bash
1720,15-1221.00,Apache Hadoop
1720,15-1221.00,Apache Spark
1720,15-1221.00,Mathematics
1720,15-1221.00,C++
1720,15-1221.00,Reading Comprehension
1720,15-1221.00,Docker
1720,15-1221.00,Monitoring
1720,15-1221.00,Active Listening
1721,51-9083.00,Reading Comprehension
1721,51-9083.00,Critical Thinking
1721,51-9083.00,Microsoft Excel
1721,51-9083.00,Monitoring
1722,43-4161.00,Microsoft Visio
1722,43-4161.00,Microsoft Access
1722,43-4161.00,Writing
1722,43-4161.00,Google Docs
1722,43-4161.00,Critical Thinking
1722,43-4161.00,Active Learning
1722,43-4161.00,Oracle HRIS
1722,43-4161.00,Active Listening
1722,43-4161.00,Reading Comprehension
1722,43-4161.00,Microsoft Excel
1722,43-4161.00,Speaking
1722,43-4161.00,Microsoft SharePoint
1724,51-9195.05,Microsoft Outlook
1724,51-9195.05,Critical Thinking
1724,51-9195.05,Microsoft Excel
1725,51-9083.00,Microsoft Outlook
1725,51-9083.00,Microsoft Word
1725,51-9083.00,Monitoring
1725,51-9083.00,Microsoft Excel
1725,51-9083.00,SAP software
1725,51-9083.00,Reading Comprehension
1727,43-4051.00,Adobe Creative Cloud software
1727,43-4051.00,Apple macOS
1727,43-4051.00,Kronos Workforce Timekeeper
1727,43-4051.00,Microsoft Excel
1727,43-4051.00,Monitoring
1727,43-4051.00,Intuit QuickBooks
1727,43-4051.00,Speaking
1727,43-4051.00,Adobe Photoshop
1727,43-4051.00,Reading Comprehension
1727,43-4051.00,Facebook
1727,43-4051.00,Microsoft Outlook
1728,51-9195.05,Microsoft Outlook
1728,51-9195.05,Microsoft Excel
1728,51-9195.05,Critical Thinking
1729,15-1221.00,Writing
1729,15-1221.00,Active Learning
1729,15-1221.00,Amazon Web Services AWS software
1729,15-1221.00,GitHub
1729,15-1221.00,Reading Comprehension
1729,15-1221.00,C
1729,15-1221.00,Ansible software
1729,15-1221.00,C++
1729,15-1221.00,Critical Thinking
1729,15-1221.00,Monitoring
1729,15-1221.00,Go
1729,15-1221.00,Git
1729,15-1221.00,Apache Hadoop
1729,15-1221.00,Speaking
1729,15-1221.00,Apache Spark
1729,15-1221.00,Mathematics
1729,15-1221.00,Science
1729,15-1221.00,Learning Strategies
1731,53-3031.00,Microsoft Excel
1731,53-3031.00,Writing
1731,53-3031.00,Microsoft Office software
1731,53-3031.00,Critical Thinking
1731,53-3031.00,Speaking
1731,53-3031.00,Reading Comprehension
1732,53-3031.00,Reading Comprehension
1732,53-3031.00,Critical Thinking
1732,53-3031.00,Speaking
1732,53-3031.00,Active Listening
1732,53-3031.00,Microsoft Office software
1733,53-3031.00,Reading Comprehension
1733,53-3031.00,Writing
1733,53-3031.00,Microsoft Excel
1733,53-3031.00,Active Listening
1733,53-3031.00,Speaking
1734,53-3031.00,Active Listening
1734,53-3031.00,Microsoft Excel
1734,53-3031.00,Microsoft Office software
1734,53-3031.00,Critical Thinking
1734,53-3031.00,Reading Comprehension
1735,51-9083.00,Microsoft Word
1735,51-9083.00,Microsoft PowerPoint
1735,51-9083.00,Microsoft Office software
1735,51-9083.00,Monitoring
1735,51-9083.00,Microsoft Excel
1735,51-9083.00,SAP software
1736,51-9195.05,Critical Thinking
1736,51-9195.05,Active Listening
1737,51-9083.00,Microsoft Outlook
1737,51-9083.00,Microsoft Office software
1737,51-9083.00,Critical Thinking
1737,51-9083.00,Microsoft Word
1737,51-9083.00,SAP software
1737,51-9083.00,Reading Comprehension
1737,51-9083.00,Monitoring
1739,53-3031.00,Microsoft Office software
1739,53-3031.00,Reading Comprehension
1739,53-3031.00,Microsoft Excel
1739,53-3031.00,Critical Thinking
1739,53-3031.00,Writing
1740,47-1011.03,Speaking
1740,47-1011.03,Microsoft Outlook
1740,47-1011.03,Autodesk AutoCAD Civil 3D
1740,47-1011.03,Writing
1740,47-1011.03,Autodesk AutoCAD
1740,47-1011.03,Microsoft Windows
1740,47-1011.03,Monitoring
1740,47-1011.03,Reading Comprehension
1740,47-1011.03,Active Listening
1740,47-1011.03,Oracle Primavera Enterprise Project Portfolio Management
1740,47-1011.03,Microsoft Project
1740,47-1011.03,Microsoft Word
1740,47-1011.03,Mathematics
1740,47-1011.03,Learning Strategies
1740,47-1011.03,Microsoft Excel
1740,47-1011.03,Autodesk Revit
1740,47-1011.03,Microsoft PowerPoint
1744,43-4161.00,Microsoft Word
1744,43-4161.00,Oracle PeopleSoft
1744,43-4161.00,Speaking
1744,43-4161.00,Microsoft Office software
1744,43-4161.00,Microsoft Outlook
1744,43-4161.00,Reading Comprehension
1744,43-4161.00,Google Docs
1744,43-4161.00,Active Listening
1744,43-4161.00,Applicant tracking software
1745,15-1221.00,Docker
1745,15-1221.00,Ansible software
1745,15-1221.00,Mathematics
1745,15-1221.00,Apache Spark
1745,15-1221.00,Reading Comprehension
1745,15-1221.00,Active Learning
1745,15-1221.00,Amazon Web Services AWS software
1745,15-1221.00,C++
1745,15-1221.00,Critical Thinking
1745,15-1221.00,Bash
1745,15-1221.00,GitHub
1745,15-1221.00,Active Listening
1745,15-1221.00,Speaking
1745,15-1221.00,Science
1746,43-4161.00,Writing
1746,43-4161.00,Oracle PeopleSoft
1746,43-4161.00,Microsoft Visio
1746,43-4161.00,Microsoft Office software
1746,43-4161.00,Microsoft Outlook
1746,43-4161.00,Microsoft Access
1746,43-4161.00,Microsoft Excel
1746,43-4161.00,Microsoft SharePoint
1746,43-4161.00,Google Docs
1746,43-4161.00,Microsoft PowerPoint
1746,43-4161.00,Critical Thinking
1746,43-4161.00,Active Listening
1746,43-4161.00,Applicant tracking software
1747,43-4161.00,Critical Thinking
1747,43-4161.00,Reading Comprehension
1747,43-4161.00,Monitoring
1747,43-4161.00,Microsoft PowerPoint
1747,43-4161.00,Applicant tracking software
1747,43-4161.00,Microsoft Office software
1747,43-4161.00,Microsoft Excel
1747,43-4161.00,Speaking
1747,43-4161.00,Active Learning
1747,43-4161.00,Oracle HRIS
1747,43-4161.00,Microsoft Visio
1747,43-4161.00,Google Docs
1747,43-4161.00,Writing
1747,43-4161.00,Microsoft Outlook
1749,53-3031.00,Reading Comprehension
1749,53-3031.00,Writing
1749,53-3031.00,Speaking
1749,53-3031.00,Critical Thinking
1751,15-1221.00,Git
1751,15-1221.00,Critical Thinking
1751,15-1221.00,Apache Hadoop
1751,15-1221.00,Science
1751,15-1221.00,Monitoring
1751,15-1221.00,Learning Strategies
1751,15-1221.00,Active Listening
1751,15-1221.00,C
1751,15-1221.00,Writing
1751,15-1221.00,Ansible software
1751,15-1221.00,Amazon Web Services AWS software
1752,41-4012.00,Microsoft Outlook
1752,41-4012.00,Microsoft Office software
1752,41-4012.00,Autodesk AutoCAD
1752,41-4012.00,Microsoft Excel
1752,41-4012.00,Salesforce software
1752,41-4012.00,Adobe Photoshop
1752,41-4012.00,Adobe Creative Cloud software
1752,41-4012.00,Speaking
1752,41-4012.00,Monitoring
1752,41-4012.00,Critical Thinking
1752,41-4012.00,Active Listening
1752,41-4012.00,Active Learning
1752,41-4012.00,Writing
1752,41-4012.00,Adobe Illustrator
1752,41-4012.00,Adobe Acrobat
1753,43-4051.00,Microsoft Excel
1753,43-4051.00,Adobe Photoshop
1753,43-4051.00,Adobe Illustrator
1753,43-4051.00,Adobe Acrobat
1753,43-4051.00,Kronos Workforce Timekeeper
1753,43-4051.00,Critical Thinking
1753,43-4051.00,Adobe Creative Cloud software
1753,43-4051.00,Reading Comprehension
1753,43-4051.00,Active Listening
1753,43-4051.00,Google Docs
1753,43-4051.00,Writing
1753,43-4051.00,Intuit QuickBooks
1753,43-4051.00,Microsoft Office software
1753,43-4051.00,Microsoft Outlook
1754,53-3031.00,Speaking
1754,53-3031.00,Reading Comprehension
1754,53-3031.00,Critical Thinking
1754,53-3031.00,Microsoft Office software
1755,15-1221.00,Writing
1755,15-1221.00,Git
1755,15-1221.00,C
1755,15-1221.00,Mathematics
1755,15-1221.00,Docker
1755,15-1221.00,Reading Comprehension
1755,15-1221.00,Go
1755,15-1221.00,Monitoring
1755,15-1221.00,Apache Spark
1755,15-1221.00,Science
1755,15-1221.00,Speaking
1755,15-1221.00,Bash
1755,15-1221.00,Apache Hadoop
1755,15-1221.00,Learning Strategies
1755,15-1221.00,C++
1756,53-3031.00,Microsoft Excel
1756,53-3031.00,Writing
1756,53-3031.00,Critical Thinking
1757,53-3031.00,Writing
1757,53-3031.00,Critical Thinking
1757,53-3031.00,Speaking
1757,53-3031.00,Microsoft Office software
1757,53-3031.00,Microsoft Excel
1758,53-3031.00,Microsoft Office software
1758,53-3031.00,Writing
1758,53-3031.00,Reading Comprehension
1758,53-3031.00,Active Listening
1758,53-3031.00,Microsoft Excel
1758,53-3031.00,Critical Thinking
1760,51-9083.00,Microsoft Word
1760,51-9083.00,Critical Thinking
1760,51-9083.00,Reading Comprehension
1760,51-9083.00,SAP software
1760,51-9083.00,Microsoft Outlook
1760,51-9083.00,Microsoft PowerPoint
1761,53-3031.00,Writing
1761,53-3031.00,Reading Comprehension
1761,53-3031.00,Microsoft Excel
1761,53-3031.00,Speaking
1762,15-1221.00,GitHub
1762,15-1221.00,Go
1762,15-1221.00,C
1762,15-1221.00,Critical Thinking
1762,15-1221.00,C++
1762,15-1221.00,Apache Spark
1762,15-1221.00,Speaking
1762,15-1221.00,Apache Kafka
1762,15-1221.00,Amazon Web Services AWS software
1762,15-1221.00,Reading Comprehension
1762,15-1221.00,Bash
1763,43-4051.00,Microsoft Excel
1763,43-4051.00,Writing
1763,43-4051.00,Reading Comprehension
1763,43-4051.00,Active Listening
1763,43-4051.00,Intuit QuickBooks
1763,43-4051.00,Apple macOS
1763,43-4051.00,Speaking
1763,43-4051.00,Adobe Acrobat
1763,43-4051.00,Adobe Photoshop
1763,43-4051.00,Kronos Workforce Timekeeper
1763,43-4051.00,Adobe Illustrator
1763,43-4051.00,Microsoft Outlook
1763,43-4051.00,Adobe Creative Cloud software
1763,43-4051.00,Google Docs
1764,15-1221.00,Writing
1764,15-1221.00,Apache Spark
1764,15-1221.00,Ansible software
1764,15-1221.00,Go
1764,15-1221.00,Mathematics
1764,15-1221.00,Bash
1764,15-1221.00,Critical Thinking
1764,15-1221.00,Reading Comprehension
1764,15-1221.00,C
1764,15-1221.00,Amazon Web Services AWS software
1764,15-1221.00,Active Learning
1764,15-1221.00,Science
1764,15-1221.00,Apache Hadoop
1764,15-1221.00,Speaking
1764,15-1221.00,Apache Kafka
1764,15-1221.00,Monitoring
1764,15-1221.00,Docker
1764,15-1221.00,Active Listening
1764,15-1221.00,Learning Strategies
1766,43-4051.00,Writing
1766,43-4051.00,Kronos Workforce Timekeeper
1766,43-4051.00,Intuit QuickBooks
1766,43-4051.00,Microsoft Outlook
1766,43-4051.00,Adobe Illustrator
1766,43-4051.00,Adobe Creative Cloud software
1766,43-4051.00,Facebook
1766,43-4051.00,Reading Comprehension
1766,43-4051.00,Monitoring
1766,43-4051.00,Microsoft Office software
1766,43-4051.00,Adobe Acrobat
1767,15-1221.00,Active Listening
1767,15-1221.00,Apache Kafka
1767,15-1221.00,Git
1767,15-1221.00,Apache Hadoop
1767,15-1221.00,Learning Strategies
1767,15-1221.00,Ansible software
1767,15-1221.00,Active Learning
1767,15-1221.00,C++
1767,15-1221.00,Monitoring
1767,15-1221.00,Critical Thinking
1767,15-1221.00,Writing
1768,51-9083.00,SAP software
1768,51-9083.00,Microsoft PowerPoint
1768,51-9083.00,Reading Comprehension
1768,51-9083.00,Monitoring
1768,51-9083.00,Microsoft Excel
1768,51-9083.00,Microsoft Word
1770,27-2041.00,Writing
1770,27-2041.00,Learning Strategies
1770,27-2041.00,Microsoft Office software
1770,27-2041.00,Critical Thinking
1770,27-2041.00,Microsoft Word
1770,27-2041.00,Reading Comprehension
1770,27-2041.00,Speaking
1771,15-1221.00,Active Listening
1771,15-1221.00,Writing
1771,15-1221.00,C++
1771,15-1221.00,Learning Strategies
1771,15-1221.00,Mathematics
1771,15-1221.00,Apache Spark
1771,15-1221.00,Git
1771,15-1221.00,Active Learning
1771,15-1221.00,Apache Kafka
1771,15-1221.00,Apache Hadoop
1771,15-1221.00,Ansible software
1771,15-1221.00,Go
1771,15-1221.00,Critical Thinking
1771,15-1221.00,GitHub
1771,15-1221.00,Speaking
1771,15-1221.00,Reading Comprehension
1771,15-1221.00,Amazon Web Services AWS software
1772,51-9083.00,Reading Comprehension
1772,51-9083.00,Microsoft Excel
1772,51-9083.00,Microsoft Word
1772,51-9083.00,Microsoft PowerPoint
1772,51-9083.00,SAP software
1772,51-9083.00,Monitoring
1772,51-9083.00,Microsoft Office software
1774,53-3031.00,Reading Comprehension
1774,53-3031.00,Microsoft Excel
1774,53-3031.00,Active Listening
1774,53-3031.00,Speaking
1774,53-3031.00,Microsoft Office software
1775,51-9195.05,Microsoft Outlook
1775,51-9195.05,Active Listening
1775,51-9195.05,Microsoft Excel
1775,51-9195.05,Monitoring
1778,43-4161.00,Critical Thinking
1778,43-4161.00,Microsoft Outlook
1778,43-4161.00,Microsoft SharePoint
1778,43-4161.00,Speaking
1778,43-4161.00,Oracle PeopleSoft
1778,43-4161.00,Oracle HRIS
1778,43-4161.00,Microsoft Access
1778,43-4161.00,Active Learning
1778,43-4161.00,Microsoft Visio
1778,43-4161.00,Writing
1778,43-4161.00,Microsoft Office software
1778,43-4161.00,Monitoring
1778,43-4161.00,Reading Comprehension
1778,43-4161.00,Applicant tracking software
1778,43-4161.00,Microsoft PowerPoint
1778,43-4161.00,Microsoft Word
1779,53-3031.00,Reading Comprehension
1779,53-3031.00,Microsoft Excel
1779,53-3031.00,Microsoft Office software
1779,53-3031.00,Active Listening
1779,53-3031.00,Writing
1779,53-3031.00,Critical Thinking
1780,41-4012.00,Microsoft Outlook
1780,41-4012.00,Active Learning
1780,41-4012.00,Apple macOS
1780,41-4012.00,Salesforce software
1780,41-4012.00,Active Listening
1780,41-4012.00,Critical Thinking
1780,41-4012.00,Adobe Illustrator
1780,41-4012.00,Writing
1780,41-4012.00,Monitoring
1780,41-4012.00,Microsoft Office software
1780,41-4012.00,Adobe Creative Cloud software
1780,41-4012.00,Microsoft PowerPoint
1780,41-4012.00,Adobe Acrobat
1780,41-4012.00,Reading Comprehension
1780,41-4012.00,Speaking
1780,41-4012.00,Adobe Photoshop
1782,51-9083.00,SAP software
1782,51-9083.00,Microsoft Word
1782,51-9083.00,Critical Thinking
1782,51-9083.00,Microsoft Excel
1782,51-9083.00,Microsoft Outlook
1783,51-9083.00,Monitoring
1783,51-9083.00,SAP software
1783,51-9083.00,Microsoft Office software
1783,51-9083.00,Microsoft Word
1783,51-9083.00,Microsoft Outlook
1783,51-9083.00,Reading Comprehension
1783,51-9083.00,Microsoft PowerPoint
1784,53-3031.00,Microsoft Excel
1784,53-3031.00,Microsoft Office software
1784,53-3031.00,Speaking
1784,53-3031.00,Writing
1784,53-3031.00,Reading Comprehension
1786,47-1011.03,Critical Thinking
1786,47-1011.03,Microsoft Word
1786,47-1011.03,Microsoft Windows
1786,47-1011.03,Mathematics
1786,47-1011.03,Autodesk Revit
1786,47-1011.03,Oracle Primavera Enterprise Project Portfolio Management
1786,47-1011.03,Microsoft Project
1786,47-1011.03,Reading Comprehension
1786,47-1011.03,Microsoft Excel
1786,47-1011.03,Microsoft PowerPoint
1786,47-1011.03,Microsoft Office software
1786,47-1011.03,Autodesk AutoCAD
1787,53-3031.00,Speaking
1787,53-3031.00,Microsoft Excel
1787,53-3031.00,Reading Comprehension
1787,53-3031.00,Writing
1789,27-2041.00,Active Listening
1789,27-2041.00,Monitoring
1789,27-2041.00,Microsoft Excel
1789,27-2041.00,Writing
1789,27-2041.00,Critical Thinking
1789,27-2041.00,Microsoft Word
1789,27-2041.00,Speaking
1789,27-2041.00,Active Learning
1789,27-2041.00,Reading Comprehension
1790,43-4051.00,Writing
1790,43-4051.00,Intuit QuickBooks
1790,43-4051.00,Microsoft Office software
1790,43-4051.00,Microsoft Excel
1790,43-4051.00,Critical Thinking
1790,43-4051.00,Adobe Photoshop
1790,43-4051.00,Speaking
1790,43-4051.00,Reading Comprehension
1790,43-4051.00,Facebook
1790,43-4051.00,Adobe Acrobat
1790,43-4051.00,Adobe Creative Cloud software
1790,43-4051.00,Google Docs
1790,43-4051.00,Kronos Workforce Timekeeper
1792,15-1221.00,Amazon Web Services AWS software
1792,15-1221.00,Speaking
1792,15-1221.00,Reading Comprehension
1792,15-1221.00,GitHub
1792,15-1221.00,Apache Kafka
1792,15-1221.00,Learning Strategies
1792,15-1221.00,Docker
1792,15-1221.00,Active Learning
1792,15-1221.00,Active Listening
1792,15-1221.00,C
1792,15-1221.00,Monitoring
1792,15-1221.00,C++
1794,43-4161.00,Active Listening
1794,43-4161.00,Reading Comprehension
1794,43-4161.00,Microsoft Excel
1794,43-4161.00,Speaking
1794,43-4161.00,Oracle PeopleSoft
1794,43-4161.00,Microsoft Outlook
1794,43-4161.00,Microsoft SharePoint
1794,43-4161.00,Oracle HRIS
1794,43-4161.00,Applicant tracking software
1797,53-3031.00,Microsoft Office software
1797,53-3031.00,Microsoft Excel
1797,53-3031.00,Reading Comprehension
1798,15-1221.00,Critical Thinking
1798,15-1221.00,Apache Hadoop
1798,15-1221.00,Writing
1798,15-1221.00,Monitoring
1798,15-1221.00,Ansible software
1798,15-1221.00,Docker
1798,15-1221.00,Learning Strategies
1798,15-1221.00,Go
1798,15-1221.00,Bash
1798,15-1221.00,Apache Spark
1798,15-1221.00,Reading Comprehension
1798,15-1221.00,Science
1798,15-1221.00,Amazon Web Services AWS software
1798,15-1221.00,Speaking
1798,15-1221.00,Active Listening
1799,15-1221.00,Apache Hadoop
1799,15-1221.00,Amazon Web Services AWS software
1799,15-1221.00,GitHub
1799,15-1221.00,Writing
1799,15-1221.00,Bash
1799,15-1221.00,Active Listening
1799,15-1221.00,Apache Kafka
1799,15-1221.00,Apache Spark
1799,15-1221.00,Active Learning
1799,15-1221.00,Monitoring
1799,15-1221.00,Docker
1799,15-1221.00,Go
1799,15-1221.00,C
1799,15-1221.00,Ansible software
1799,15-1221.00,Git
1800,27-2041.00,Writing
1800,27-2041.00,Microsoft Word
1800,27-2041.00,Microsoft Outlook
1800,27-2041.00,Microsoft PowerPoint
1800,27-2041.00,Reading Comprehension
1800,27-2041.00,Microsoft Excel
1801,53-3031.00,Reading Comprehension
1801,53-3031.00,Speaking
1801,53-3031.00,Microsoft Office software
1801,53-3031.00,Critical Thinking
1801,53-3031.00,Writing
1802,51-9083.00,Microsoft Outlook
1802,51-9083.00,Microsoft PowerPoint
1802,51-9083.00,Critical Thinking
1802,51-9083.00,Microsoft Excel
1802,51-9083.00,Reading Comprehension
1803,43-4051.00,Writing
1803,43-4051.00,Critical Thinking
1803,43-4051.00,Intuit QuickBooks
1803,43-4051.00,Facebook
1803,43-4051.00,Active Listening
1803,43-4051.00,Reading Comprehension
1803,43-4051.00,Adobe Illustrator
1803,43-4051.00,Microsoft Office software
1803,43-4051.00,Adobe Photoshop
1804,51-9195.05,Microsoft Outlook
1804,51-9195.05,Monitoring
1805,43-4161.00,Applicant tracking software
1805,43-4161.00,Microsoft SharePoint
1805,43-4161.00,Microsoft Excel
1805,43-4161.00,Monitoring
1805,43-4161.00,Reading Comprehension
1805,43-4161.00,Oracle HRIS
1805,43-4161.00,Microsoft Outlook
1805,43-4161.00,Microsoft Access
1805,43-4161.00,Writing
1805,43-4161.00,Google Docs
1805,43-4161.00,Critical Thinking
1807,51-9083.00,Critical Thinking
1807,51-9083.00,Monitoring
1807,51-9083.00,Microsoft Excel
1807,51-9083.00,SAP software
1807,51-9083.00,Microsoft PowerPoint
1807,51-9083.00,Microsoft Word
1807,51-9083.00,Microsoft Office software
1807,51-9083.00,Microsoft Outlook
1809,51-9195.05,Microsoft Outlook
1809,51-9195.05,Active Listening
1809,51-9195.05,Critical Thinking
1809,51-9195.05,Monitoring
1812,53-3031.00,Speaking
1812,53-3031.00,Active Listening
1812,53-3031.00,Microsoft Office software
1812,53-3031.00,Critical Thinking
1812,53-3031.00,Microsoft Excel
1813,15-1221.00,Speaking
1813,15-1221.00,Mathematics
1813,15-1221.00,GitHub
1813,15-1221.00,Reading Comprehension
1813,15-1221.00,Apache Kafka
1813,15-1221.00,Active Listening
1813,15-1221.00,Bash
1813,15-1221.00,Monitoring
1813,15-1221.00,Go
1813,15-1221.00,Apache Spark
1813,15-1221.00,Git
1813,15-1221.00,Learning Strategies
1813,15-1221.00,Ansible software
1813,15-1221.00,Apache Hadoop
1813,15-1221.00,C
1814,43-4051.00,Adobe Acrobat
1814,43-4051.00,Microsoft Excel
1814,43-4051.00,Facebook
1814,43-4051.00,Kronos Workforce Timekeeper
1814,43-4051.00,Microsoft Outlook
1814,43-4051.00,Microsoft Office software
1814,43-4051.00,Intuit QuickBooks
1814,43-4051.00,Reading Comprehension
1814,43-4051.00,Writing
1814,43-4051.00,Monitoring
1814,43-4051.00,Speaking
1814,43-4051.00,Google Docs
1815,53-3031.00,Writing
1815,53-3031.00,Microsoft Excel
1815,53-3031.00,Active Listening
1815,53-3031.00,Speaking
1816,51-9195.05,Microsoft Excel
1816,51-9195.05,Microsoft Outlook
1818,43-4161.00,Google Docs
1818,43-4161.00,Applicant tracking software
1818,43-4161.00,Microsoft Outlook
1818,43-4161.00,Microsoft Access
1818,43-4161.00,Microsoft Office software
1818,43-4161.00,Reading Comprehension
1818,43-4161.00,Oracle HRIS
1818,43-4161.00,Speaking
1818,43-4161.00,Oracle PeopleSoft
1818,43-4161.00,Writing
1818,43-4161.00,Monitoring
1818,43-4161.00,Active Listening
1821,43-4051.00,Writing
1821,43-4051.00,Microsoft Office software
1821,43-4051.00,Speaking
1821,43-4051.00,Intuit QuickBooks
1821,43-4051.00,Critical Thinking
1821,43-4051.00,Google Docs
1821,43-4051.00,Active Listening
1821,43-4051.00,Apple macOS
1821,43-4051.00,Microsoft Outlook
1821,43-4051.00,Kronos Workforce Timekeeper
1821,43-4051.00,Monitoring
1821,43-4051.00,Adobe Photoshop
1822,43-4051.00,Microsoft Office software
1822,43-4051.00,Speaking
1822,43-4051.00,Writing
1822,43-4051.00,Microsoft Excel
1822,43-4051.00,Intuit QuickBooks
1822,43-4051.00,Adobe Acrobat
1822,43-4051.00,Apple macOS
1822,43-4051.00,Facebook
1822,43-4051.00,Google Docs
1822,43-4051.00,Active Listening
1822,43-4051.00,Adobe Illustrator
1823,53-3031.00,Microsoft Office software
1823,53-3031.00,Speaking
1823,53-3031.00,Reading Comprehension
1823,53-3031.00,Writing
1824,47-1011.03,Autodesk AutoCAD Civil 3D
1824,47-1011.03,Mathematics
1824,47-1011.03,Speaking
1824,47-1011.03,Microsoft Office software
1824,47-1011.03,Microsoft PowerPoint
1824,47-1011.03,Autodesk AutoCAD
1824,47-1011.03,Microsoft Outlook
1824,47-1011.03,Monitoring
1824,47-1011.03,Oracle Primavera Enterprise Project Portfolio Management
1824,47-1011.03,Microsoft Visio
1824,47-1011.03,Active Learning
1824,47-1011.03,Microsoft Word
1824,47-1011.03,Reading Comprehension
1826,51-9083.00,Reading Comprehension
1826,51-9083.00,Microsoft Excel
1826,51-9083.00,SAP software
1826,51-9083.00,Microsoft Office software
1826,51-9083.00,Microsoft Outlook
1827,51-9195.05,Monitoring
1827,51-9195.05,Active Listening
1827,51-9195.05,Microsoft Excel
1829,43-4051.00,Speaking
1829,43-4051.00,Writing
1829,43-4051.00,Microsoft Excel
1829,43-4051.00,Monitoring
1829,43-4051.00,Reading Comprehension
1829,43-4051.00,Adobe Photoshop
1829,43-4051.00,Adobe Illustrator
1829,43-4051.00,Adobe Creative Cloud software
1829,43-4051.00,Critical Thinking
1829,43-4051.00,Microsoft Outlook
1829,43-4051.00,Adobe Acrobat
1829,43-4051.00,Intuit QuickBooks
1829,43-4051.00,Microsoft Office software
1830,15-1221.00,Critical Thinking
1830,15-1221.00,Git
1830,15-1221.00,Active Learning
1830,15-1221.00,Active Listening
1830,15-1221.00,Ansible software
1830,15-1221.00,C
1830,15-1221.00,Amazon Web Services AWS software
1830,15-1221.00,Go
1830,15-1221.00,C++
1830,15-1221.00,Monitoring
1830,15-1221.00,Writing
1830,15-1221.00,Apache Hadoop
1830,15-1221.00,Speaking
1830,15-1221.00,Mathematics
1830,15-1221.00,Reading Comprehension
1830,15-1221.00,Learning Strategies
1833,53-3031.00,Writing
1833,53-3031.00,Speaking
1833,53-3031.00,Microsoft Office software
1833,53-3031.00,Active Listening
1833,53-3031.00,Critical Thinking
1834,15-1221.00,Bash
1834,15-1221.00,Apache Spark
1834,15-1221.00,Monitoring
1834,15-1221.00,Mathematics
1834,15-1221.00,Active Learning
1834,15-1221.00,C
1834,15-1221.00,C++
1834,15-1221.00,Go
1834,15-1221.00,Docker
1834,15-1221.00,Apache Kafka
1834,15-1221.00,Science
1834,15-1221.00,GitHub
1834,15-1221.00,Amazon Web Services AWS software
1834,15-1221.00,Writing
1834,15-1221.00,Speaking
1834,15-1221.00,Git
1834,15-1221.00,Learning Strategies
1834,15-1221.00,Ansible software
1835,41-4012.00,Writing
1835,41-4012.00,Adobe Acrobat
1835,41-4012.00,Microsoft Office software
1835,41-4012.00,Microsoft Excel
1835,41-4012.00,Active Listening
1835,41-4012.00,Adobe Creative Cloud software
1835,41-4012.00,Adobe Illustrator
1835,41-4012.00,Adobe Photoshop
1835,41-4012.00,Autodesk AutoCAD
1835,41-4012.00,Active Learning
1835,41-4012.00,Apple macOS
1835,41-4012.00,Microsoft Outlook
1835,41-4012.00,Microsoft PowerPoint
1835,41-4012.00,Speaking
1836,53-3031.00,Critical Thinking
1836,53-3031.00,Microsoft Excel
1836,53-3031.00,Microsoft Office software
1836,53-3031.00,Writing
1837,27-2041.00,Critical Thinking
1837,27-2041.00,Microsoft Word
1837,27-2041.00,Microsoft PowerPoint
1837,27-2041.00,Microsoft Excel
1837,27-2041.00,Active Listening
1837,27-2041.00,Monitoring
1837,27-2041.00,Writing
1837,27-2041.00,Microsoft Outlook
1837,27-2041.00,Reading Comprehension
1839,15-1221.00,Apache Hadoop
1839,15-1221.00,Speaking
1839,15-1221.00,Amazon Web Services AWS software
1839,15-1221.00,GitHub
1839,15-1221.00,Reading Comprehension
1839,15-1221.00,Bash
1839,15-1221.00,Apache Spark
1839,15-1221.00,Apache Kafka
1839,15-1221.00,Learning Strategies
1839,15-1221.00,Monitoring
1839,15-1221.00,Go
1839,15-1221.00,Ansible software
1839,15-1221.00,Science
1839,15-1221.00,Critical Thinking
1839,15-1221.00,Active Listening
1842,43-4161.00,Active Learning
1842,43-4161.00,Writing
1842,43-4161.00,Microsoft SharePoint
1842,43-4161.00,Microsoft Visio
1842,43-4161.00,Microsoft PowerPoint
1842,43-4161.00,Microsoft Outlook
1842,43-4161.00,Microsoft Word
1842,43-4161.00,Applicant tracking software
1842,43-4161.00,Active Listening
1842,43-4161.00,Critical Thinking
1842,43-4161.00,Microsoft Excel
1842,43-4161.00,Speaking
1842,43-4161.00,Google Docs
1842,43-4161.00,Reading Comprehension
1842,43-4161.00,Microsoft Office software
1844,43-4161.00,Oracle PeopleSoft
1844,43-4161.00,Monitoring
1844,43-4161.00,Active Listening
1844,43-4161.00,Writing
1844,43-4161.00,Microsoft Visio
1844,43-4161.00,Google Docs
1844,43-4161.00,Microsoft PowerPoint
1844,43-4161.00,Critical Thinking
1844,43-4161.00,Microsoft Word
1845,53-3031.00,Active Listening
1845,53-3031.00,Microsoft Office software
1845,53-3031.00,Speaking
1845,53-3031.00,Writing
1845,53-3031.00,Microsoft Excel
1847,15-1221.00,Science
1847,15-1221.00,Mathematics
1847,15-1221.00,Amazon Web Services AWS software
1847,15-1221.00,Reading Comprehension
1847,15-1221.00,Active Listening
1847,15-1221.00,Apache Kafka
1847,15-1221.00,C++
1847,15-1221.00,Apache Spark
1847,15-1221.00,Active Learning
1847,15-1221.00,Apache Hadoop
1849,53-3031.00,Speaking
1849,53-3031.00,Reading Comprehension
1849,53-3031.00,Microsoft Office software
1849,53-3031.00,Critical Thinking
1849,53-3031.00,Active Listening
1850,51-9083.00,Microsoft Office software
1850,51-9083.00,Microsoft PowerPoint
1850,51-9083.00,Critical Thinking
1850,51-9083.00,Monitoring
1850,51-9083.00,Reading Comprehension
1850,51-9083.00,Microsoft Outlook
1852,51-9083.00,Monitoring
1852,51-9083.00,Microsoft Word
1852,51-9083.00,Microsoft Excel
1852,51-9083.00,Microsoft PowerPoint
1852,51-9083.00,Critical Thinking
1852,51-9083.00,Microsoft Office software
1852,51-9083.00,Reading Comprehension
1853,53-3031.00,Writing
1853,53-3031.00,Active Listening
1853,53-3031.00,Microsoft Office software
1853,53-3031.00,Speaking
1853,53-3031.00,Reading Comprehension
1854,15-1221.00,Bash
1854,15-1221.00,Apache Spark
1854,15-1221.00,Writing
1854,15-1221.00,Speaking
1854,15-1221.00,Science
1854,15-1221.00,Reading Comprehension
1854,15-1221.00,Ansible software
1854,15-1221.00,C++
1854,15-1221.00,C
1854,15-1221.00,Critical Thinking
1854,15-1221.00,Git
1856,51-9083.00,Microsoft PowerPoint
1856,51-9083.00,Monitoring
1856,51-9083.00,Microsoft Outlook
1856,51-9083.00,Critical Thinking
1856,51-9083.00,Microsoft Excel
1857,51-9195.05,Microsoft Excel
1857,51-9195.05,Monitoring
1857,51-9195.05,Microsoft Outlook
1857,51-9195.05,Active Listening
1858,43-4161.00,Google Docs
1858,43-4161.00,Microsoft SharePoint
1858,43-4161.00,Microsoft Office software
1858,43-4161.00,Speaking
1858,43-4161.00,Microsoft PowerPoint
1858,43-4161.00,Microsoft Outlook
1858,43-4161.00,Microsoft Word
1858,43-4161.00,Oracle HRIS
1858,43-4161.00,Monitoring
1858,43-4161.00,Microsoft Access
1858,43-4161.00,Writing
1859,43-4051.00,Monitoring
1859,43-4051.00,Kronos Workforce Timekeeper
1859,43-4051.00,Critical Thinking
1859,43-4051.00,Adobe Creative Cloud software
1859,43-4051.00,Writing
1859,43-4051.00,Facebook
1859,43-4051.00,Adobe Acrobat
1859,43-4051.00,Reading Comprehension
1859,43-4051.00,Google Docs
1859,43-4051.00,Apple macOS
1859,43-4051.00,Speaking
1859,43-4051.00,Intuit QuickBooks
1859,43-4051.00,Microsoft Outlook
1859,43-4051.00,Microsoft Excel
1860,51-9083.00,SAP software
1860,51-9083.00,Critical Thinking
1860,51-9083.00,Microsoft Excel
1860,51-9083.00,Microsoft Word
1860,51-9083.00,Microsoft Office software
1860,51-9083.00,Microsoft PowerPoint
1860,51-9083.00,Monitoring
1862,53-3031.00,Writing
1862,53-3031.00,Active Listening
1862,53-3031.00,Microsoft Office software
1863,53-3031.00,Active Listening
1863,53-3031.00,Critical Thinking
1863,53-3031.00,Microsoft Office software
1864,41-4012.00,Adobe Photoshop
1864,41-4012.00,Monitoring
1864,41-4012.00,Microsoft Office software
1864,41-4012.00,Salesforce software
1864,41-4012.00,Apple macOS
1864,41-4012.00,Adobe Acrobat
1864,41-4012.00,Critical Thinking
1864,41-4012.00,Microsoft PowerPoint
1864,41-4012.00,Adobe Illustrator
1865,43-4161.00,Monitoring
1865,43-4161.00,Oracle HRIS
1865,43-4161.00,Applicant tracking software
1865,43-4161.00,Microsoft PowerPoint
1865,43-4161.00,Microsoft Office software
1865,43-4161.00,Speaking
1865,43-4161.00,Oracle PeopleSoft
1865,43-4161.00,Microsoft Visio
1865,43-4161.00,Writing
1865,43-4161.00,Reading Comprehension
1866,47-1011.03,Microsoft Excel
1866,47-1011.03,Microsoft PowerPoint
1866,47-1011.03,Microsoft Windows
1866,47-1011.03,Speaking
1866,47-1011.03,Oracle Primavera Enterprise Project Portfolio Management
1866,47-1011.03,Autodesk Revit
1866,47-1011.03,Mathematics
1866,47-1011.03,Reading Comprehension
1866,47-1011.03,Autodesk AutoCAD
1866,47-1011.03,Microsoft Visio
1866,47-1011.03,Autodesk AutoCAD Civil 3D
1866,47-1011.03,Critical Thinking
1866,47-1011.03,Microsoft Office software
1866,47-1011.03,Learning Strategies
1866,47-1011.03,Active Learning
1867,27-2041.00,Active Learning
1867,27-2041.00,Microsoft Outlook
1867,27-2041.00,Microsoft PowerPoint
1867,27-2041.00,Microsoft Office software
1867,27-2041.00,Reading Comprehension
1867,27-2041.00,Critical Thinking
1867,27-2041.00,Microsoft Word
1867,27-2041.00,Active Listening
1867,27-2041.00,Monitoring
1868,15-1221.00,Go
1868,15-1221.00,Bash
1868,15-1221.00,C
1868,15-1221.00,Apache Spark
1868,15-1221.00,Writing
1868,15-1221.00,Git
1868,15-1221.00,GitHub
1868,15-1221.00,Amazon Web Services AWS software
1868,15-1221.00,Speaking
1868,15-1221.00,Mathematics
1868,15-1221.00,Reading Comprehension
1868,15-1221.00,Apache Kafka
1868,15-1221.00,Active Learning
1868,15-1221.00,Docker
1868,15-1221.00,Ansible software
1868,15-1221.00,Critical Thinking
1868,15-1221.00,Monitoring
1868,15-1221.00,Science
1869,53-3031.00,Microsoft Office software
1869,53-3031.00,Speaking
1869,53-3031.00,Microsoft Excel
1869,53-3031.00,Active Listening
1870,15-1221.00,Git
1870,15-1221.00,Learning Strategies
1870,15-1221.00,Writing
1870,15-1221.00,Speaking
1870,15-1221.00,Critical Thinking
1870,15-1221.00,Mathematics
1870,15-1221.00,Ansible software
1870,15-1221.00,Monitoring
1870,15-1221.00,Apache Kafka
1870,15-1221.00,Apache Spark
1870,15-1221.00,Amazon Web Services AWS software
1871,15-1221.00,Reading Comprehension
1871,15-1221.00,Apache Kafka
1871,15-1221.00,Amazon Web Services AWS software
1871,15-1221.00,Active Learning
1871,15-1221.00,GitHub
1871,15-1221.00,Go
1871,15-1221.00,C
1871,15-1221.00,Science
1871,15-1221.00,Learning Strategies
1871,15-1221.00,Monitoring
1871,15-1221.00,Docker
1871,15-1221.00,Apache Hadoop
1871,15-1221.00,Speaking
1871,15-1221.00,Git
1873,15-1221.00,Science
1873,15-1221.00,Speaking
1873,15-1221.00,Critical Thinking
1873,15-1221.00,Git
1873,15-1221.00,C++
1873,15-1221.00,C
1873,15-1221.00,Active Listening
1873,15-1221.00,Active Learning
1873,15-1221.00,Go
1873,15-1221.00,Monitoring
1873,15-1221.00,Reading Comprehension
1873,15-1221.00,Learning Strategies
1873,15-1221.00,GitHub
1873,15-1221.00,Writing
1875,41-4012.00,Microsoft Office software
1875,41-4012.00,Microsoft Outlook
1875,41-4012.00,Microsoft Excel
1875,41-4012.00,Microsoft PowerPoint
1875,41-4012.00,Adobe Illustrator
1875,41-4012.00,Writing
1875,41-4012.00,Active Listening
1875,41-4012.00,Adobe Creative Cloud software
1875,41-4012.00,Adobe InDesign
1875,41-4012.00,Salesforce software
1875,41-4012.00,Reading Comprehension
1875,41-4012.00,Critical Thinking
1875,41-4012.00,Adobe Photoshop
1875,41-4012.00,Adobe Acrobat
1875,41-4012.00,Monitoring
1875,41-4012.00,Speaking
1876,41-4012.00,Adobe InDesign
1876,41-4012.00,Adobe Illustrator
1876,41-4012.00,Adobe Acrobat
1876,41-4012.00,Adobe Photoshop
1876,41-4012.00,Autodesk AutoCAD
1876,41-4012.00,Microsoft Excel
1876,41-4012.00,Active Learning
1876,41-4012.00,Reading Comprehension
1876,41-4012.00,Salesforce software
1876,41-4012.00,Microsoft Office software
1876,41-4012.00,Writing
1876,41-4012.00,Apple macOS
1876,41-4012.00,Microsoft Outlook
1876,41-4012.00,Critical Thinking
1878,15-1221.00,Mathematics
1878,15-1221.00,Apache Hadoop
1878,15-1221.00,Apache Spark
1878,15-1221.00,Reading Comprehension
1878,15-1221.00,Apache Kafka
1878,15-1221.00,Science
1878,15-1221.00,Amazon Web Services AWS software
1878,15-1221.00,C++
1878,15-1221.00,Learning Strategies
1878,15-1221.00,Active Learning
1878,15-1221.00,Go
1878,15-1221.00,GitHub
1878,15-1221.00,Speaking
1880,53-3031.00,Microsoft Excel
1880,53-3031.00,Writing
1880,53-3031.00,Reading Comprehension
1880,53-3031.00,Active Listening
1880,53-3031.00,Microsoft Office software
1881,51-9083.00,Microsoft Outlook
1881,51-9083.00,Monitoring
1881,51-9083.00,Microsoft Office software
1881,51-9083.00,Microsoft Word
1881,51-9083.00,Reading Comprehension
1881,51-9083.00,Microsoft Excel
1881,51-9083.00,Critical Thinking
1882,53-3031.00,Microsoft Excel
1882,53-3031.00,Speaking
1882,53-3031.00,Writing
1883,51-9083.00,Microsoft Office software
1883,51-9083.00,Microsoft Excel
1883,51-9083.00,Microsoft Outlook
1883,51-9083.00,Microsoft PowerPoint
1883,51-9083.00,Monitoring
1883,51-9083.00,Reading Comprehension
1883,51-9083.00,Critical Thinking
1885,15-1221.00,Learning Strategies
1885,15-1221.00,Active Learning
1885,15-1221.00,C
1885,15-1221.00,Ansible software
1885,15-1221.00,Apache Kafka
1885,15-1221.00,Monitoring
1885,15-1221.00,Amazon Web Services AWS software
1885,15-1221.00,Bash
1885,15-1221.00,Go
1885,15-1221.00,GitHub
1885,15-1221.00,Git
1885,15-1221.00,Speaking
1885,15-1221.00,Apache Hadoop
1885,15-1221.00,Active Listening
1885,15-1221.00,Science
1885,15-1221.00,Docker
1886,51-9195.05,Critical Thinking
1886,51-9195.05,Active Listening
1886,51-9195.05,Microsoft Outlook
1886,51-9195.05,Monitoring
1888,51-9195.05,Critical Thinking
1888,51-9195.05,Microsoft Outlook
1888,51-9195.05,Microsoft Excel
1888,51-9195.05,Monitoring
1890,43-4161.00,Microsoft PowerPoint
1890,43-4161.00,Monitoring
1890,43-4161.00,Microsoft Office software
1890,43-4161.00,Reading Comprehension
1890,43-4161.00,Microsoft Visio
1890,43-4161.00,Microsoft SharePoint
1890,43-4161.00,Applicant tracking software
1890,43-4161.00,Microsoft Word
1890,43-4161.00,Oracle PeopleSoft
1890,43-4161.00,Microsoft Excel
1890,43-4161.00,Critical Thinking
1890,43-4161.00,Speaking
1890,43-4161.00,Oracle HRIS
1890,43-4161.00,Active Learning
1890,43-4161.00,Active Listening
1892,47-1011.03,Microsoft Office software
1892,47-1011.03,Learning Strategies
1892,47-1011.03,Active Listening
1892,47-1011.03,Critical Thinking
1892,47-1011.03,Autodesk AutoCAD Civil 3D
1892,47-1011.03,Microsoft Visio
1892,47-1011.03,Autodesk AutoCAD
1892,47-1011.03,Autodesk Revit
1892,47-1011.03,Writing
1892,47-1011.03,Mathematics
1892,47-1011.03,Oracle Primavera Enterprise Project Portfolio Management
1892,47-1011.03,Monitoring
1892,47-1011.03,Active Learning
1892,47-1011.03,Microsoft Project
1892,47-1011.03,Microsoft PowerPoint
1893,15-1221.00,Mathematics
1893,15-1221.00,C++
1893,15-1221.00,Apache Hadoop
1893,15-1221.00,Active Learning
1893,15-1221.00,Reading Comprehension
1893,15-1221.00,Learning Strategies
1893,15-1221.00,Amazon Web Services AWS software
1893,15-1221.00,Monitoring
1893,15-1221.00,Bash
1893,15-1221.00,Speaking
1893,15-1221.00,Science
1893,15-1221.00,Apache Spark
1898,53-3031.00,Writing
1898,53-3031.00,Active Listening
1898,53-3031.00,Microsoft Excel
1898,53-3031.00,Speaking
1898,53-3031.00,Reading Comprehension
1898,53-3031.00,Microsoft Office software
1900,47-1011.03,Speaking
1900,47-1011.03,Autodesk AutoCAD Civil 3D
1900,47-1011.03,Autodesk AutoCAD
1900,47-1011.03,Microsoft Excel
1900,47-1011.03,Learning Strategies
1900,47-1011.03,Mathematics
1900,47-1011.03,Microsoft Office software
1900,47-1011.03,Active Listening
1900,47-1011.03,Critical Thinking
1903,43-4051.00,Adobe Creative Cloud software
1903,43-4051.00,Microsoft Excel
1903,43-4051.00,Intuit QuickBooks
1903,43-4051.00,Apple macOS
1903,43-4051.00,Reading Comprehension
1903,43-4051.00,Adobe Acrobat
1903,43-4051.00,Adobe Photoshop
1903,43-4051.00,Adobe Illustrator
1903,43-4051.00,Writing
1903,43-4051.00,Microsoft Outlook
1905,15-1221.00,Apache Hadoop
1905,15-1221.00,Critical Thinking
1905,15-1221.00,Reading Comprehension
1905,15-1221.00,Ansible software
1905,15-1221.00,Learning Strategies
1905,15-1221.00,Active Learning
1905,15-1221.00,Git
1905,15-1221.00,Speaking
1905,15-1221.00,Monitoring
1905,15-1221.00,GitHub
1905,15-1221.00,Apache Kafka
1907,51-9083.00,Monitoring
1907,51-9083.00,Reading Comprehension
1907,51-9083.00,SAP software
1907,51-9083.00,Microsoft Office software
1907,51-9083.00,Microsoft PowerPoint
1907,51-9083.00,Microsoft Excel
1908,53-3031.00,Active Listening
1908,53-3031.00,Critical Thinking
1908,53-3031.00,Writing
1909,53-3031.00,Reading Comprehension
1909,53-3031.00,Microsoft Office software
1909,53-3031.00,Microsoft Excel
1909,53-3031.00,Writing
1911,27-2041.00,Microsoft PowerPoint
1911,27-2041.00,Monitoring
1911,27-2041.00,Learning Strategies
1911,27-2041.00,Active Learning
1911,27-2041.00,Microsoft Office software
1911,27-2041.00,Speaking
1912,53-3031.00,Critical Thinking
1912,53-3031.00,Writing
1912,53-3031.00,Reading Comprehension
1912,53-3031.00,Microsoft Office software
1912,53-3031.00,Active Listening
1915,53-3031.00,Critical Thinking
1915,53-3031.00,Writing
1915,53-3031.00,Active Listening
1915,53-3031.00,Speaking
1915,53-3031.00,Microsoft Excel
1915,53-3031.00,Microsoft Office software
1916,51-9083.00,Microsoft PowerPoint
1916,51-9083.00,SAP software
1916,51-9083.00,Microsoft Word
1916,51-9083.00,Critical Thinking
1916,51-9083.00,Monitoring
1916,51-9083.00,Microsoft Office software
1918,51-9083.00,Microsoft Outlook
1918,51-9083.00,Monitoring
1918,51-9083.00,Reading Comprehension
1918,51-9083.00,Microsoft PowerPoint
1918,51-9083.00,Microsoft Office software
1922,43-4051.00,Writing
1922,43-4051.00,Intuit QuickBooks
1922,43-4051.00,Active Listening
1922,43-4051.00,Microsoft Excel
1922,43-4051.00,Monitoring
1922,43-4051.00,Apple macOS
1922,43-4051.00,Facebook
1922,43-4051.00,Adobe Illustrator
1922,43-4051.00,Adobe Creative Cloud software
1924,53-3031.00,Speaking
1924,53-3031.00,Microsoft Excel
1924,53-3031.00,Writing
1924,53-3031.00,Microsoft Office software
1924,53-3031.00,Critical Thinking
1924,53-3031.00,Reading Comprehension
1927,53-3031.00,Microsoft Excel
1927,53-3031.00,Speaking
1927,53-3031.00,Reading Comprehension
1927,53-3031.00,Active Listening
1927,53-3031.00,Microsoft Office software
1927,53-3031.00,Writing
1928,41-4012.00,Apple macOS
1928,41-4012.00,Critical Thinking
1928,41-4012.00,Speaking
1928,41-4012.00,Adobe InDesign
1928,41-4012.00,Writing
1928,41-4012.00,Autodesk AutoCAD
1928,41-4012.00,Salesforce software
1928,41-4012.00,Adobe Acrobat
1928,41-4012.00,Reading Comprehension
1928,41-4012.00,Adobe Creative Cloud software
1928,41-4012.00,Microsoft Outlook
1928,41-4012.00,Microsoft Excel
1928,41-4012.00,Microsoft Office software
1928,41-4012.00,Microsoft PowerPoint
1928,41-4012.00,Adobe Photoshop
1929,53-3031.00,Writing
1929,53-3031.00,Microsoft Office software
1929,53-3031.00,Reading Comprehension
1929,53-3031.00,Speaking
1929,53-3031.00,Critical Thinking
1929,53-3031.00,Microsoft Excel
1931,15-1221.00,Apache Spark
1931,15-1221.00,Mathematics
1931,15-1221.00,Speaking
1931,15-1221.00,Active Listening
1931,15-1221.00,Active Learning
1931,15-1221.00,Docker
1931,15-1221.00,GitHub
1931,15-1221.00,Learning Strategies
1931,15-1221.00,Ansible software
1931,15-1221.00,Science
1931,15-1221.00,Apache Hadoop
1931,15-1221.00,Reading Comprehension
1931,15-1221.00,Git
1931,15-1221.00,Go
1931,15-1221.00,Bash
1931,15-1221.00,Apache Kafka
1932,15-1221.00,Go
1932,15-1221.00,Amazon Web Services AWS software
1932,15-1221.00,Apache Hadoop
1932,15-1221.00,Speaking
1932,15-1221.00,Apache Kafka
1932,15-1221.00,Ansible software
1932,15-1221.00,Monitoring
1932,15-1221.00,GitHub
1932,15-1221.00,Reading Comprehension
1932,15-1221.00,Mathematics
1932,15-1221.00,Apache Spark
1932,15-1221.00,Active Learning
1932,15-1221.00,Writing
1933,53-3031.00,Writing
1933,53-3031.00,Active Listening
1933,53-3031.00,Reading Comprehension
1933,53-3031.00,Microsoft Excel
1934,15-1221.00,Speaking
1934,15-1221.00,Apache Kafka
1934,15-1221.00,Writing
1934,15-1221.00,Critical Thinking
1934,15-1221.00,Monitoring
1934,15-1221.00,Apache Spark
1934,15-1221.00,Active Listening
1934,15-1221.00,Science
1934,15-1221.00,Active Learning
1934,15-1221.00,Reading Comprehension
1934,15-1221.00,Learning Strategies
1934,15-1221.00,Docker
1934,15-1221.00,Bash
1934,15-1221.00,Mathematics
1935,53-3031.00,Critical Thinking
1935,53-3031.00,Reading Comprehension
1935,53-3031.00,Writing
1935,53-3031.00,Active Listening
1935,53-3031.00,Microsoft Office software
1935,53-3031.00,Speaking
1936,51-9195.05,Microsoft Outlook
1936,51-9195.05,Critical Thinking
1936,51-9195.05,Monitoring
1936,51-9195.05,Microsoft Excel
1937,15-1221.00,C
1937,15-1221.00,Speaking
1937,15-1221.00,Git
1937,15-1221.00,Learning Strategies
1937,15-1221.00,Bash
1937,15-1221.00,Critical Thinking
1937,15-1221.00,Amazon Web Services AWS software
1937,15-1221.00,C++
1937,15-1221.00,Science
1937,15-1221.00,Go
1937,15-1221.00,Apache Hadoop
1937,15-1221.00,Monitoring
1937,15-1221.00,Mathematics
1937,15-1221.00,Reading Comprehension
1937,15-1221.00,Docker
1938,47-1011.03,Microsoft Office software
1938,47-1011.03,Autodesk Revit
1938,47-1011.03,Microsoft Windows
1938,47-1011.03,Critical Thinking
1938,47-1011.03,Microsoft Project
1938,47-1011.03,Autodesk AutoCAD
1938,47-1011.03,Monitoring
1938,47-1011.03,Microsoft PowerPoint
1938,47-1011.03,Microsoft Word
1938,47-1011.03,Speaking
1938,47-1011.03,Microsoft Visio
1939,15-1221.00,Amazon Web Services AWS software
1939,15-1221.00,Bash
1939,15-1221.00,Monitoring
1939,15-1221.00,Ansible software
1939,15-1221.00,Git
1939,15-1221.00,Reading Comprehension
1939,15-1221.00,Mathematics
1939,15-1221.00,Critical Thinking
1939,15-1221.00,GitHub
1939,15-1221.00,Active Learning
1939,15-1221.00,Active Listening
1939,15-1221.00,Speaking
1939,15-1221.00,Go
1940,15-1221.00,Critical Thinking
1940,15-1221.00,Learning Strategies
1940,15-1221.00,Active Listening
1940,15-1221.00,Git
1940,15-1221.00,C
1940,15-1221.00,Speaking
1940,15-1221.00,Docker
1940,15-1221.00,Apache Kafka
1940,15-1221.00,Apache Hadoop
1940,15-1221.00,Active Learning
1940,15-1221.00,Go
1941,27-2041.00,Active Listening
1941,27-2041.00,Microsoft Office software
1941,27-2041.00,Critical Thinking
1941,27-2041.00,Microsoft PowerPoint
1941,27-2041.00,Reading Comprehension
1941,27-2041.00,Active Learning
1941,27-2041.00,Writing
1941,27-2041.00,Learning Strategies
1941,27-2041.00,Microsoft Outlook
1943,53-3031.00,Critical Thinking
1943,53-3031.00,Active Listening
1943,53-3031.00,Microsoft Office software
1943,53-3031.00,Speaking
1943,53-3031.00,Microsoft Excel
1944,43-4161.00,Critical Thinking
1944,43-4161.00,Oracle HRIS
1944,43-4161.00,Microsoft SharePoint
1944,43-4161.00,Applicant tracking software
1944,43-4161.00,Monitoring
1944,43-4161.00,Microsoft Office software
1944,43-4161.00,Speaking
1944,43-4161.00,Active Learning
1944,43-4161.00,Microsoft Excel
1944,43-4161.00,Microsoft PowerPoint
1944,43-4161.00,Google Docs
1945,53-3031.00,Writing
1945,53-3031.00,Speaking
1945,53-3031.00,Active Listening
1945,53-3031.00,Critical Thinking
1947,15-1221.00,Active Learning
1947,15-1221.00,Monitoring
1947,15-1221.00,Ansible software
1947,15-1221.00,Apache Spark
1947,15-1221.00,C++
1947,15-1221.00,Amazon Web Services AWS software
1947,15-1221.00,Git
1947,15-1221.00,Active Listening
1947,15-1221.00,Mathematics
1947,15-1221.00,Learning Strategies
1947,15-1221.00,Apache Kafka
1947,15-1221.00,Bash
1947,15-1221.00,C
1947,15-1221.00,Docker
1948,15-1221.00,Active Listening
1948,15-1221.00,Docker
1948,15-1221.00,Apache Spark
1948,15-1221.00,Monitoring
1948,15-1221.00,Mathematics
1948,15-1221.00,Critical Thinking
1948,15-1221.00,Go
1948,15-1221.00,Science
1948,15-1221.00,Amazon Web Services AWS software
1948,15-1221.00,Reading Comprehension
1948,15-1221.00,Bash
1948,15-1221.00,Apache Hadoop
1948,15-1221.00,Git
1948,15-1221.00,Writing
1948,15-1221.00,Apache Kafka
1948,15-1221.00,Speaking
1948,15-1221.00,Active Learning
1949,51-9083.00,Monitoring
1949,51-9083.00,Microsoft Word
1949,51-9083.00,Microsoft Excel
1949,51-9083.00,Microsoft Office software
1949,51-9083.00,Reading Comprehension
1949,51-9083.00,Microsoft PowerPoint
1949,51-9083.00,Microsoft Outlook
1950,53-3031.00,Reading Comprehension
1950,53-3031.00,Speaking
1950,53-3031.00,Microsoft Excel
1950,53-3031.00,Critical Thinking
1951,53-3031.00,Writing
1951,53-3031.00,Critical Thinking
1951,53-3031.00,Microsoft Excel
1951,53-3031.00,Reading Comprehension
1952,51-9083.00,Microsoft Office software
1952,51-9083.00,Microsoft Excel
1952,51-9083.00,Microsoft Word
1952,51-9083.00,Microsoft Outlook
1954,43-4051.00,Monitoring
1954,43-4051.00,Microsoft Office software
1954,43-4051.00,Microsoft Excel
1954,43-4051.00,Adobe Acrobat
1954,43-4051.00,Speaking
1954,43-4051.00,Adobe Photoshop
1954,43-4051.00,Adobe Illustrator
1954,43-4051.00,Microsoft Outlook
1954,43-4051.00,Reading Comprehension
1955,43-4051.00,Speaking
1955,43-4051.00,Facebook
1955,43-4051.00,Microsoft Outlook
1955,43-4051.00,Kronos Workforce Timekeeper
1955,43-4051.00,Reading Comprehension
1955,43-4051.00,Active Listening
1955,43-4051.00,Critical Thinking
1955,43-4051.00,Monitoring
1955,43-4051.00,Microsoft Excel
1955,43-4051.00,Apple macOS
1955,43-4051.00,Microsoft Office software
1955,43-4051.00,Adobe Illustrator
1955,43-4051.00,Intuit QuickBooks
1955,43-4051.00,Adobe Acrobat
1955,43-4051.00,Writing
1956,15-1221.00,C++
1956,15-1221.00,Ansible software
1956,15-1221.00,Critical Thinking
1956,15-1221.00,Active Listening
1956,15-1221.00,Reading Comprehension
1956,15-1221.00,Apache Spark
1956,15-1221.00,Active Learning
1956,15-1221.00,Bash
1956,15-1221.00,Mathematics
1956,15-1221.00,Docker
1956,15-1221.00,GitHub
1960,51-9083.00,SAP software
1960,51-9083.00,Reading Comprehension
1960,51-9083.00,Microsoft Word
1960,51-9083.00,Microsoft Office software
1960,51-9083.00,Microsoft Excel
1961,41-4012.00,Adobe Photoshop
1961,41-4012.00,Microsoft PowerPoint
1961,41-4012.00,Active Listening
1961,41-4012.00,Speaking
1961,41-4012.00,Active Learning
1961,41-4012.00,Adobe Creative Cloud software
1961,41-4012.00,Salesforce software
1961,41-4012.00,Apple macOS
1961,41-4012.00,Microsoft Excel
1961,41-4012.00,Reading Comprehension
1962,53-3031.00,Writing
1962,53-3031.00,Critical Thinking
1962,53-3031.00,Speaking
1962,53-3031.00,Active Listening
1965,53-3031.00,Reading Comprehension
1965,53-3031.00,Speaking
1965,53-3031.00,Critical Thinking
1965,53-3031.00,Writing
1965,53-3031.00,Microsoft Excel
1965,53-3031.00,Active Listening
1966,51-9195.05,Monitoring
1966,51-9195.05,Microsoft Excel
1966,51-9195.05,Active Listening
1966,51-9195.05,Critical Thinking
1967,53-3031.00,Writing
1967,53-3031.00,Microsoft Office software
1967,53-3031.00,Reading Comprehension
1967,53-3031.00,Active Listening
1967,53-3031.00,Speaking
1968,53-3031.00,Active Listening
1968,53-3031.00,Reading Comprehension
1968,53-3031.00,Microsoft Excel
1968,53-3031.00,Critical Thinking
1969,15-1221.00,Bash
1969,15-1221.00,Apache Hadoop
1969,15-1221.00,Reading Comprehension
1969,15-1221.00,C
1969,15-1221.00,Git
1969,15-1221.00,GitHub
1969,15-1221.00,Critical Thinking
1969,15-1221.00,Mathematics
1969,15-1221.00,Speaking
1969,15-1221.00,Go
1969,15-1221.00,Active Listening
1969,15-1221.00,Apache Spark
1969,15-1221.00,C++
1969,15-1221.00,Ansible software
1969,15-1221.00,Active Learning
1969,15-1221.00,Docker
1969,15-1221.00,Monitoring
1969,15-1221.00,Writing
1970,43-4051.00,Microsoft Excel
1970,43-4051.00,Active Listening
1970,43-4051.00,Kronos Workforce Timekeeper
1970,43-4051.00,Adobe Acrobat
1970,43-4051.00,Intuit QuickBooks
1970,43-4051.00,Writing
1970,43-4051.00,Speaking
1970,43-4051.00,Adobe Illustrator
1970,43-4051.00,Microsoft Outlook
1970,43-4051.00,Facebook
1971,43-4051.00,Intuit QuickBooks
1971,43-4051.00,Microsoft Office software
1971,43-4051.00,Critical Thinking
1971,43-4051.00,Apple macOS
1971,43-4051.00,Adobe Acrobat
1971,43-4051.00,Google Docs
1971,43-4051.00,Writing
1971,43-4051.00,Microsoft Outlook
1971,43-4051.00,Facebook
1971,43-4051.00,Reading Comprehension
1971,43-4051.00,Speaking
1971,43-4051.00,Adobe Creative Cloud software
1971,43-4051.00,Active Listening
1971,43-4051.00,Adobe Illustrator
1971,43-4051.00,Microsoft Excel
1972,43-4161.00,Microsoft Excel
1972,43-4161.00,Microsoft Outlook
1972,43-4161.00,Active Learning
1972,43-4161.00,Critical Thinking
1972,43-4161.00,Active Listening
1972,43-4161.00,Microsoft Visio
1972,43-4161.00,Microsoft Office software
1972,43-4161.00,Microsoft Word
1972,43-4161.00,Google Docs
1972,43-4161.00,Speaking
1972,43-4161.00,Oracle HRIS
1972,43-4161.00,Applicant tracking software
1972,43-4161.00,Microsoft SharePoint
1972,43-4161.00,Microsoft Access
1972,43-4161.00,Microsoft PowerPoint
1973,47-1011.03,Critical Thinking
1973,47-1011.03,Autodesk AutoCAD
1973,47-1011.03,Microsoft PowerPoint
1973,47-1011.03,Writing
1973,47-1011.03,Speaking
1973,47-1011.03,Microsoft Word
1973,47-1011.03,Active Learning
1973,47-1011.03,Learning Strategies
1973,47-1011.03,Microsoft Excel
1973,47-1011.03,Reading Comprehension
1973,47-1011.03,Autodesk AutoCAD Civil 3D
1973,47-1011.03,Oracle Primavera Enterprise Project Portfolio Management
1973,47-1011.03,Microsoft Project
1973,47-1011.03,Active Listening
1973,47-1011.03,Mathematics
1973,47-1011.03,Monitoring
1974,51-9083.00,Microsoft Word
1974,51-9083.00,Critical Thinking
1974,51-9083.00,Microsoft Outlook
1974,51-9083.00,SAP software
1975,53-3031.00,Reading Comprehension
1975,53-3031.00,Speaking
1975,53-3031.00,Active Listening
1975,53-3031.00,Microsoft Excel
1975,53-3031.00,Writing
1975,53-3031.00,Critical Thinking
1976,15-1221.00,Speaking
1976,15-1221.00,Learning Strategies
1976,15-1221.00,Active Listening
1976,15-1221.00,Amazon Web Services AWS software
1976,15-1221.00,C++
1976,15-1221.00,Mathematics
1976,15-1221.00,Apache Spark
1976,15-1221.00,Go
1976,15-1221.00,Apache Kafka
1976,15-1221.00,Reading Comprehension
1976,15-1221.00,Writing
1976,15-1221.00,Ansible software
1976,15-1221.00,Bash
1979,27-2041.00,Learning Strategies
1979,27-2041.00,Speaking
1979,27-2041.00,Active Learning
1979,27-2041.00,Microsoft PowerPoint
1979,27-2041.00,Critical Thinking
1979,27-2041.00,Microsoft Office software
1979,27-2041.00,Reading Comprehension
1979,27-2041.00,Microsoft Excel
1979,27-2041.00,Writing
1980,51-9195.05,Monitoring
1980,51-9195.05,Microsoft Outlook
1980,51-9195.05,Microsoft Excel
1981,43-4051.00,Intuit QuickBooks
1981,43-4051.00,Adobe Illustrator
1981,43-4051.00,Monitoring
1981,43-4051.00,Kronos Workforce Timekeeper
1981,43-4051.00,Google Docs
1981,43-4051.00,Adobe Acrobat
1981,43-4051.00,Microsoft Outlook
1981,43-4051.00,Reading Comprehension
1981,43-4051.00,Facebook
1981,43-4051.00,Speaking
1982,51-9083.00,Microsoft PowerPoint
1982,51-9083.00,Reading Comprehension
1982,51-9083.00,SAP software
1982,51-9083.00,Microsoft Word
1982,51-9083.00,Monitoring
1985,51-9083.00,Microsoft Office software
1985,51-9083.00,Reading Comprehension
1985,51-9083.00,SAP software
1985,51-9083.00,Microsoft Outlook
1985,51-9083.00,Microsoft Excel
1985,51-9083.00,Microsoft Word
1985,51-9083.00,Microsoft PowerPoint
1986,53-3031.00,Microsoft Excel
1986,53-3031.00,Writing
1986,53-3031.00,Critical Thinking
1987,43-4161.00,Speaking
1987,43-4161.00,Google Docs
1987,43-4161.00,Active Learning
1987,43-4161.00,Microsoft Access
1987,43-4161.00,Oracle HRIS
1987,43-4161.00,Oracle PeopleSoft
1987,43-4161.00,Critical Thinking
1987,43-4161.00,Reading Comprehension
1987,43-4161.00,Writing
1987,43-4161.00,Microsoft Office software
1987,43-4161.00,Applicant tracking software
1987,43-4161.00,Microsoft PowerPoint
1987,43-4161.00,Monitoring
1989,51-9083.00,Microsoft Outlook
1989,51-9083.00,Critical Thinking
1989,51-9083.00,Microsoft Office software
1989,51-9083.00,SAP software
1989,51-9083.00,Monitoring
1989,51-9083.00,Microsoft PowerPoint
1992,51-9083.00,Critical Thinking
1992,51-9083.00,Monitoring
1992,51-9083.00,Microsoft Office software
1992,51-9083.00,SAP software
1992,51-9083.00,Microsoft PowerPoint
1992,51-9083.00,Microsoft Outlook
1992,51-9083.00,Reading Comprehension
1993,43-4051.00,Adobe Photoshop
1993,43-4051.00,Active Listening
1993,43-4051.00,Critical Thinking
1993,43-4051.00,Facebook
1993,43-4051.00,Microsoft Excel
1993,43-4051.00,Microsoft Office software
1993,43-4051.00,Adobe Creative Cloud software
1993,43-4051.00,Google Docs
1993,43-4051.00,Intuit QuickBooks
1993,43-4051.00,Apple macOS
1994,51-9083.00,Microsoft Office software
1994,51-9083.00,Reading Comprehension
1994,51-9083.00,SAP software
1994,51-9083.00,Microsoft Word
1994,51-9083.00,Microsoft Excel
1994,51-9083.00,Monitoring
1995,53-3031.00,Speaking
1995,53-3031.00,Microsoft Office software
1995,53-3031.00,Microsoft Excel
1995,53-3031.00,Reading Comprehension
1996,41-4012.00,Salesforce software
1996,41-4012.00,Adobe Photoshop
1996,41-4012.00,Active Learning
1996,41-4012.00,Adobe Acrobat
1996,41-4012.00,Adobe InDesign
1996,41-4012.00,Autodesk AutoCAD
1996,41-4012.00,Monitoring
1996,41-4012.00,Active Listening
1996,41-4012.00,Speaking
1996,41-4012.00,Critical Thinking
1996,41-4012.00,Reading Comprehension
1996,41-4012.00,Microsoft PowerPoint
1996,41-4012.00,Adobe Creative Cloud software
1997,51-9195.05,Microsoft Excel
1997,51-9195.05,Monitoring
1997,51-9195.05,Active Listening
1997,51-9195.05,Critical Thinking
1998,15-1221.00,Docker
1998,15-1221.00,Bash
1998,15-1221.00,Active Learning
1998,15-1221.00,Apache Spark
1998,15-1221.00,Reading Comprehension
1998,15-1221.00,Monitoring
1998,15-1221.00,Mathematics
1998,15-1221.00,Learning Strategies
1998,15-1221.00,Git
1998,15-1221.00,Amazon Web Services AWS software
1999,15-1221.00,Ansible software
1999,15-1221.00,Science
1999,15-1221.00,Amazon Web Services AWS software
1999,15-1221.00,C++
1999,15-1221.00,Monitoring
1999,15-1221.00,Apache Kafka
1999,15-1221.00,Git
1999,15-1221.00,Bash
1999,15-1221.00,Apache Spark
1999,15-1221.00,Reading Comprehension
1999,15-1221.00,Docker
1999,15-1221.00,Active Listening
1999,15-1221.00,Learning Strategies
1999,15-1221.00,Mathematics
1999,15-1221.00,Writing
1999,15-1221.00,Speaking
1999,15-1221.00,Apache Hadoop
1999,15-1221.00,Go
2000,27-2041.00,Microsoft Word
2000,27-2041.00,Writing
2000,27-2041.00,Active Learning
2000,27-2041.00,Reading Comprehension
2000,27-2041.00,Active Listening
2000,27-2041.00,Learning Strategies
2000,27-2041.00,Microsoft Excel
2003,51-9083.00,Monitoring
2003,51-9083.00,Microsoft PowerPoint
2003,51-9083.00,Microsoft Excel
2003,51-9083.00,Reading Comprehension
2003,51-9083.00,Microsoft Office software
2007,15-1221.00,Bash
2007,15-1221.00,C
2007,15-1221.00,Docker
2007,15-1221.00,Ansible software
2007,15-1221.00,Apache Hadoop
2007,15-1221.00,Git
2007,15-1221.00,Mathematics
2007,15-1221.00,C++
2007,15-1221.00,Writing
2007,15-1221.00,Active Listening
2007,15-1221.00,Amazon Web Services AWS software
2007,15-1221.00,Monitoring
2007,15-1221.00,Apache Spark
2007,15-1221.00,Active Learning
2007,15-1221.00,Go
2007,15-1221.00,Science
2007,15-1221.00,Critical Thinking
2008,15-1221.00,Reading Comprehension
2008,15-1221.00,Bash
2008,15-1221.00,Speaking
2008,15-1221.00,Apache Kafka
2008,15-1221.00,Docker
2008,15-1221.00,Science
2008,15-1221.00,C
2008,15-1221.00,Amazon Web Services AWS software
2008,15-1221.00,C++
2008,15-1221.00,Go
2008,15-1221.00,Ansible software
2008,15-1221.00,Critical Thinking
2008,15-1221.00,Apache Hadoop
2008,15-1221.00,Writing
2008,15-1221.00,Active Listening
2008,15-1221.00,Active Learning
2008,15-1221.00,GitHub
2009,43-4051.00,Critical Thinking
2009,43-4051.00,Adobe Photoshop
2009,43-4051.00,Google Docs
2009,43-4051.00,Microsoft Excel
2009,43-4051.00,Adobe Creative Cloud software
2009,43-4051.00,Facebook
2009,43-4051.00,Microsoft Outlook
2009,43-4051.00,Monitoring
2009,43-4051.00,Intuit QuickBooks
2009,43-4051.00,Active Listening
2010,51-9083.00,Reading Comprehension
2010,51-9083.00,Microsoft PowerPoint
2010,51-9083.00,Microsoft Excel
2010,51-9083.00,Microsoft Outlook
2010,51-9083.00,Microsoft Word
2010,51-9083.00,SAP software
2010,51-9083.00,Monitoring
2012,51-9083.00,SAP software
2012,51-9083.00,Microsoft Excel
2012,51-9083.00,Microsoft Word
2012,51-9083.00,Microsoft Office software
2012,51-9083.00,Reading Comprehension
2012,51-9083.00,Microsoft Outlook
2013,41-4012.00,Active Learning
2013,41-4012.00,Adobe Illustrator
2013,41-4012.00,Adobe Acrobat
2013,41-4012.00,Adobe InDesign
2013,41-4012.00,Adobe Photoshop
2013,41-4012.00,Microsoft Outlook
2013,41-4012.00,Microsoft Office software
2013,41-4012.00,Salesforce software
2013,41-4012.00,Apple macOS
2013,41-4012.00,Speaking
2013,41-4012.00,Critical Thinking
2013,41-4012.00,Autodesk AutoCAD
2013,41-4012.00,Monitoring
2013,41-4012.00,Microsoft Excel
2013,41-4012.00,Adobe Creative Cloud software
2014,15-1221.00,C
2014,15-1221.00,Science
2014,15-1221.00,Speaking
2014,15-1221.00,Mathematics
2014,15-1221.00,Critical Thinking
2014,15-1221.00,Writing
2014,15-1221.00,Git
2014,15-1221.00,Go
2014,15-1221.00,Apache Kafka
2014,15-1221.00,Monitoring
2014,15-1221.00,Apache Hadoop
2014,15-1221.00,Amazon Web Services AWS software
2014,15-1221.00,Learning Strategies
2014,15-1221.00,C++
2015,27-2041.00,Speaking
2015,27-2041.00,Learning Strategies
2015,27-2041.00,Critical Thinking
2015,27-2041.00,Active Listening
2015,27-2041.00,Reading Comprehension
2015,27-2041.00,Microsoft Office software
2015,27-2041.00,Active Learning
2016,53-3031.00,Writing
2016,53-3031.00,Microsoft Office software
2016,53-3031.00,Active Listening
2016,53-3031.00,Speaking
2017,27-2041.00,Speaking
2017,27-2041.00,Active Listening
2017,27-2041.00,Active Learning
2017,27-2041.00,Critical Thinking
2017,27-2041.00,Microsoft PowerPoint
2017,27-2041.00,Microsoft Word
2017,27-2041.00,Reading Comprehension
2017,27-2041.00,Microsoft Office software
2018,53-3031.00,Microsoft Office software
2018,53-3031.00,Microsoft Excel
2018,53-3031.00,Writing
2018,53-3031.00,Reading Comprehension
2018,53-3031.00,Active Listening
2019,41-4012.00,Microsoft PowerPoint
2019,41-4012.00,Microsoft Office software
2019,41-4012.00,Microsoft Outlook
2019,41-4012.00,Monitoring
2019,41-4012.00,Salesforce software
2019,41-4012.00,Adobe Illustrator
2019,41-4012.00,Microsoft Excel
2019,41-4012.00,Active Learning
2019,41-4012.00,Apple macOS
2019,41-4012.00,Adobe Photoshop
2019,41-4012.00,Critical Thinking
2020,15-1221.00,C
2020,15-1221.00,Mathematics
2020,15-1221.00,Go
2020,15-1221.00,Apache Hadoop
2020,15-1221.00,Writing
2020,15-1221.00,Apache Kafka
2020,15-1221.00,Learning Strategies
2020,15-1221.00,Reading Comprehension
2020,15-1221.00,GitHub
2020,15-1221.00,C++
2020,15-1221.00,Amazon Web Services AWS software
2020,15-1221.00,Ansible software
2020,15-1221.00,Bash
2020,15-1221.00,Active Learning
2020,15-1221.00,Git
2020,15-1221.00,Speaking
2020,15-1221.00,Monitoring
2020,15-1221.00,Apache Spark
2020,15-1221.00,Science
2021,41-4012.00,Microsoft PowerPoint
2021,41-4012.00,Active Learning
2021,41-4012.00,Microsoft Excel
2021,41-4012.00,Apple macOS
2021,41-4012.00,Adobe Acrobat
2021,41-4012.00,Active Listening
2021,41-4012.00,Adobe InDesign
2021,41-4012.00,Adobe Creative Cloud software
2021,41-4012.00,Writing
2021,41-4012.00,Autodesk AutoCAD
2021,41-4012.00,Adobe Photoshop
2021,41-4012.00,Monitoring
2021,41-4012.00,Reading Comprehension
2021,41-4012.00,Adobe Illustrator
2021,41-4012.00,Speaking
2022,47-1011.03,Mathematics
2022,47-1011.03,Microsoft Windows
2022,47-1011.03,Microsoft Outlook
2022,47-1011.03,Microsoft Visio
2022,47-1011.03,Microsoft Word
2022,47-1011.03,Monitoring
2022,47-1011.03,Speaking
2022,47-1011.03,Reading Comprehension
2022,47-1011.03,Critical Thinking
2022,47-1011.03,Microsoft PowerPoint
2022,47-1011.03,Autodesk AutoCAD
2022,47-1011.03,Microsoft Office software
2023,41-4012.00,Adobe Acrobat
2023,41-4012.00,Microsoft Office software
2023,41-4012.00,Adobe Creative Cloud software
2023,41-4012.00,Writing
2023,41-4012.00,Adobe InDesign
2023,41-4012.00,Apple macOS
2023,41-4012.00,Salesforce software
2023,41-4012.00,Active Learning
2023,41-4012.00,Adobe Illustrator
2023,41-4012.00,Adobe Photoshop
2023,41-4012.00,Reading Comprehension
2023,41-4012.00,Microsoft Excel
2024,53-3031.00,Microsoft Excel
2024,53-3031.00,Active Listening
2024,53-3031.00,Microsoft Office software
2025,51-9195.05,Microsoft Outlook
2025,51-9195.05,Microsoft Excel
2025,51-9195.05,Monitoring
2025,51-9195.05,Active Listening
2026,43-4051.00,Adobe Creative Cloud software
2026,43-4051.00,Microsoft Office software
2026,43-4051.00,Apple macOS
2026,43-4051.00,Speaking
2026,43-4051.00,Adobe Illustrator
2026,43-4051.00,Monitoring
2026,43-4051.00,Critical Thinking
2026,43-4051.00,Writing
2026,43-4051.00,Reading Comprehension
2026,43-4051.00,Google Docs
2026,43-4051.00,Adobe Acrobat
2026,43-4051.00,Microsoft Excel
2026,43-4051.00,Microsoft Outlook
2027,15-1221.00,Ansible software
2027,15-1221.00,Active Learning
2027,15-1221.00,Reading Comprehension
2027,15-1221.00,Mathematics
2027,15-1221.00,Learning Strategies
2027,15-1221.00,Apache Spark
2027,15-1221.00,Git
2027,15-1221.00,Writing
2027,15-1221.00,Critical Thinking
2027,15-1221.00,C
2027,15-1221.00,Speaking
2027,15-1221.00,Go
2027,15-1221.00,GitHub
2027,15-1221.00,Science
2027,15-1221.00,Docker
2027,15-1221.00,Active Listening
2027,15-1221.00,Amazon Web Services AWS software
2027,15-1221.00,C++
2031,47-1011.03,Mathematics
2031,47-1011.03,Reading Comprehension
2031,47-1011.03,Learning Strategies
2031,47-1011.03,Microsoft Windows
2031,47-1011.03,Critical Thinking
2031,47-1011.03,Microsoft Word
2031,47-1011.03,Microsoft PowerPoint
2031,47-1011.03,Autodesk AutoCAD Civil 3D
2031,47-1011.03,Microsoft Office software
2031,47-1011.03,Autodesk AutoCAD
2031,47-1011.03,Microsoft Visio
2032,51-9083.00,Microsoft PowerPoint
2032,51-9083.00,Microsoft Outlook
2032,51-9083.00,SAP software
2032,51-9083.00,Reading Comprehension
2034,51-9195.05,Microsoft Excel
2034,51-9195.05,Microsoft Outlook
2034,51-9195.05,Active Listening
2035,53-3031.00,Writing
2035,53-3031.00,Microsoft Excel
2035,53-3031.00,Active Listening
2035,53-3031.00,Speaking
2036,53-3031.00,Reading Comprehension
2036,53-3031.00,Microsoft Office software
2036,53-3031.00,Writing
2036,53-3031.00,Speaking
2037,53-3031.00,Microsoft Excel
2037,53-3031.00,Microsoft Office software
2037,53-3031.00,Active Listening
2037,53-3031.00,Writing
2037,53-3031.00,Reading Comprehension
2038,15-1221.00,GitHub
2038,15-1221.00,C++
2038,15-1221.00,Monitoring
2038,15-1221.00,Writing
2038,15-1221.00,Apache Hadoop
2038,15-1221.00,Bash
2038,15-1221.00,Science
2038,15-1221.00,Ansible software
2038,15-1221.00,Apache Spark
2038,15-1221.00,Apache Kafka
2038,15-1221.00,Learning Strategies
2038,15-1221.00,C
2038,15-1221.00,Docker
2038,15-1221.00,Go
2038,15-1221.00,Mathematics
2038,15-1221.00,Git
2038,15-1221.00,Reading Comprehension
2038,15-1221.00,Amazon Web Services AWS software
2040,43-4161.00,Microsoft Access
2040,43-4161.00,Microsoft Excel
2040,43-4161.00,Applicant tracking software
2040,43-4161.00,Microsoft SharePoint
2040,43-4161.00,Microsoft Word
2040,43-4161.00,Monitoring
2040,43-4161.00,Microsoft PowerPoint
2040,43-4161.00,Microsoft Visio
2040,43-4161.00,Active Listening
2040,43-4161.00,Critical Thinking
2040,43-4161.00,Microsoft Office software
2040,43-4161.00,Speaking
2040,43-4161.00,Google Docs
2040,43-4161.00,Reading Comprehension
2040,43-4161.00,Writing
2041,53-3031.00,Reading Comprehension
2041,53-3031.00,Speaking
2041,53-3031.00,Active Listening
2041,53-3031.00,Critical Thinking
2044,53-3031.00,Active Listening
2044,53-3031.00,Critical Thinking
2044,53-3031.00,Microsoft Excel
2044,53-3031.00,Reading Comprehension
2045,53-3031.00,Critical Thinking
2045,53-3031.00,Active Listening
2045,53-3031.00,Microsoft Office software
2045,53-3031.00,Speaking
2046,53-3031.00,Reading Comprehension
2046,53-3031.00,Microsoft Excel
2046,53-3031.00,Speaking
2046,53-3031.00,Active Listening
2048,15-1221.00,Apache Kafka
2048,15-1221.00,Amazon Web Services AWS software
2048,15-1221.00,Docker
2048,15-1221.00,Apache Spark
2048,15-1221.00,Ansible software
2048,15-1221.00,Reading Comprehension
2048,15-1221.00,Learning Strategies
2048,15-1221.00,Git
2048,15-1221.00,Mathematics
2048,15-1221.00,Bash
2048,15-1221.00,Critical Thinking
2049,43-4051.00,Kronos Workforce Timekeeper
2049,43-4051.00,Apple macOS
2049,43-4051.00,Adobe Creative Cloud software
2049,43-4051.00,Google Docs
2049,43-4051.00,Microsoft Office software
2049,43-4051.00,Microsoft Excel
2049,43-4051.00,Critical Thinking
2049,43-4051.00,Adobe Illustrator
2049,43-4051.00,Intuit QuickBooks
2049,43-4051.00,Monitoring
2049,43-4051.00,Microsoft Outlook
2049,43-4051.00,Speaking
2049,43-4051.00,Adobe Acrobat
2049,43-4051.00,Writing
2049,43-4051.00,Reading Comprehension
2051,15-1221.00,Git
2051,15-1221.00,Go
2051,15-1221.00,Apache Hadoop
2051,15-1221.00,Speaking
2051,15-1221.00,Reading Comprehension
2051,15-1221.00,Bash
2051,15-1221.00,C
2051,15-1221.00,Apache Kafka
2051,15-1221.00,C++
2051,15-1221.00,Mathematics
2051,15-1221.00,Writing
2051,15-1221.00,Amazon Web Services AWS software
2051,15-1221.00,GitHub
2051,15-1221.00,Apache Spark
2052,15-1221.00,Monitoring
2052,15-1221.00,Writing
2052,15-1221.00,C
2052,15-1221.00,Critical Thinking
2052,15-1221.00,Ansible software
2052,15-1221.00,Learning Strategies
2052,15-1221.00,Speaking
2052,15-1221.00,Docker
2052,15-1221.00,Science
2052,15-1221.00,Mathematics
2052,15-1221.00,Apache Spark
2052,15-1221.00,Bash
2052,15-1221.00,Reading Comprehension
2052,15-1221.00,Git
2052,15-1221.00,Apache Kafka
2052,15-1221.00,GitHub
2052,15-1221.00,Apache Hadoop
2053,51-9083.00,SAP software
2053,51-9083.00,Reading Comprehension
2053,51-9083.00,Microsoft Office software
2053,51-9083.00,Microsoft Word
2054,15-1221.00,Mathematics
2054,15-1221.00,Reading Comprehension
2054,15-1221.00,Critical Thinking
2054,15-1221.00,Apache Spark
2054,15-1221.00,Science
2054,15-1221.00,Active Listening
2054,15-1221.00,Active Learning
2054,15-1221.00,Learning Strategies
2054,15-1221.00,Go
2054,15-1221.00,Apache Kafka
2054,15-1221.00,Bash
2055,53-3031.00,Microsoft Excel
2055,53-3031.00,Reading Comprehension
2055,53-3031.00,Active Listening
2055,53-3031.00,Writing
2056,53-3031.00,Speaking
2056,53-3031.00,Microsoft Excel
2056,53-3031.00,Active Listening
2056,53-3031.00,Microsoft Office software
2057,51-9195.05,Microsoft Excel
2057,51-9195.05,Active Listening
2060,41-4012.00,Adobe Photoshop
2060,41-4012.00,Autodesk AutoCAD
2060,41-4012.00,Reading Comprehension
2060,41-4012.00,Adobe Creative Cloud software
2060,41-4012.00,Writing
2060,41-4012.00,Microsoft Outlook
2060,41-4012.00,Active Listening
2060,41-4012.00,Critical Thinking
2060,41-4012.00,Adobe Acrobat
2060,41-4012.00,Monitoring
2060,41-4012.00,Adobe InDesign
2060,41-4012.00,Adobe Illustrator
2060,41-4012.00,Salesforce software
2060,41-4012.00,Speaking
2060,41-4012.00,Microsoft Office software
2060,41-4012.00,Microsoft PowerPoint
2061,51-9083.00,Critical Thinking
2061,51-9083.00,SAP software
2061,51-9083.00,Monitoring
2061,51-9083.00,Microsoft Word
2062,43-4051.00,Active Listening
2062,43-4051.00,Writing
2062,43-4051.00,Facebook
2062,43-4051.00,Microsoft Outlook
2062,43-4051.00,Monitoring
2062,43-4051.00,Critical Thinking
2062,43-4051.00,Reading Comprehension
2062,43-4051.00,Adobe Illustrator
2062,43-4051.00,Google Docs
2062,43-4051.00,Apple macOS
2062,43-4051.00,Adobe Acrobat
2062,43-4051.00,Intuit QuickBooks
2062,43-4051.00,Adobe Photoshop
2062,43-4051.00,Microsoft Office software
2064,51-9195.05,Monitoring
2064,51-9195.05,Microsoft Outlook
2065,53-3031.00,Active Listening
2065,53-3031.00,Microsoft Office software
2065,53-3031.00,Critical Thinking
2065,53-3031.00,Microsoft Excel
2065,53-3031.00,Writing
2068,51-9083.00,Microsoft Excel
2068,51-9083.00,Microsoft Word
2068,51-9083.00,Microsoft PowerPoint
2068,51-9083.00,Microsoft Outlook
2068,51-9083.00,Microsoft Office software
