Age,Attrition,BusinessTravel,DailyRate,Department_x,DistanceFromHome,Education,EducationField,EmployeeCount,EmployeeID,EnvironmentSatisfaction,Gender,HourlyRate,JobInvolvement,JobLevel,JobRole_x,JobSatisfaction,MaritalStatus,MonthlyIncome,MonthlyRate,NumCompaniesWorked,Over18,OverTime,PercentSalaryHike,PerformanceRating,RelationshipSatisfaction,StandardHours,StockOptionLevel,TotalWorkingYears,TrainingTimesLastYear,WorkLifeBalance,YearsAtCompany,YearsInCurrentRole,YearsSinceLastPromotion,YearsWithCurrManager,Name,Department_y,JobRole_y,Performance Score,KPI Score,Attendance (%),Peer Rating,Task Completion (%),Work Hours Logged,Manager Feedback,Training Hours,Promotion Eligibility
41,Yes,Travel_Rarely,1102,Sales,1,2,Life Sciences,1,1,2,Female,94,3,2,Sales Executive,4,Single,5993,19479,8,Y,Yes,11,3,1,80,0,8,0,1,6,4,0,5,Manikya Badami,Sales,Sales Executive,61,91.03,94.4,4.5,78.19,42,3.7,18,No
49,No,Travel_Frequently,279,Research & Development,8,1,Life Sciences,1,2,3,Male,61,2,2,Research Scientist,2,Married,5130,24907,1,Y,No,23,4,4,80,1,10,3,3,10,7,1,7,Zara Mahal,Marketing,Marketing Executive,91,83.36,78.45,4.7,71.39,46,4.5,15,Yes
37,Yes,Travel_Rarely,1373,Research & Development,2,2,Other,1,4,4,Male,92,2,1,Laboratory Technician,3,Single,2090,2396,6,Y,Yes,15,3,2,80,0,7,3,3,0,0,0,0,Sana Gera,Finance,Accountant,100,65.39,99.5,4.4,80.2,51,3.5,7,No
33,No,Travel_Frequently,1392,Research & Development,3,4,Life Sciences,1,5,4,Female,56,3,1,Research Scientist,3,Married,2909,23159,1,Y,Yes,11,3,3,80,0,8,3,3,8,7,3,0,Zoya Wadhwa,Marketing,Content Strategist,100,82.9,79.83,4.3,71.51,43,5.0,9,Yes
27,No,Travel_Rarely,591,Research & Development,2,1,Medical,1,7,1,Male,40,3,1,Laboratory Technician,2,Married,3468,16632,9,Y,No,12,3,4,80,1,6,3,3,2,2,2,2,Baiju Doctor,Sales,Sales Executive,80,90.9,89.92,3.7,78.03,51,3.1,29,No
32,No,Travel_Frequently,1005,Research & Development,2,2,Life Sciences,1,8,4,Male,79,3,1,Laboratory Technician,4,Single,3068,11864,0,Y,No,13,3,3,80,0,8,2,2,7,7,3,6,Charvi Chakrabarti,HR,Employee Relations,53,72.43,82.52,5.0,70.93,35,4.7,4,No
59,No,Travel_Rarely,1324,Research & Development,3,3,Medical,1,10,3,Female,81,4,1,Laboratory Technician,1,Married,2670,9964,4,Y,Yes,20,4,1,80,3,12,3,2,1,0,0,0,Anahi Kari,Sales,Business Development,59,76.14,79.21,4.9,93.45,49,3.2,16,No
30,No,Travel_Rarely,1358,Research & Development,24,1,Life Sciences,1,11,4,Male,67,3,1,Laboratory Technician,3,Divorced,2693,13335,1,Y,No,22,4,2,80,1,1,2,3,1,0,0,0,Kavya Kulkarni,IT,Cybersecurity Specialist,98,94.8,93.79,5.0,83.05,53,3.3,9,No
38,No,Travel_Frequently,216,Research & Development,23,3,Life Sciences,1,12,4,Male,44,2,3,Manufacturing Director,3,Single,9526,8787,0,Y,No,21,4,2,80,0,10,2,3,9,7,1,8,Trisha Bir,Sales,Account Manager,83,80.59,76.16,4.5,97.62,37,3.7,23,No
36,No,Travel_Rarely,1299,Research & Development,27,3,Medical,1,13,3,Male,94,3,2,Healthcare Representative,3,Married,5237,16577,6,Y,No,13,3,2,80,2,17,3,2,7,7,7,7,Shray Kaul,HR,HR Manager,70,73.82,91.44,4.5,84.12,51,4.2,18,No
35,No,Travel_Rarely,809,Research & Development,16,3,Medical,1,14,1,Male,84,4,1,Laboratory Technician,2,Married,2426,16479,0,Y,No,13,3,3,80,1,6,5,3,5,4,0,3,Jhanvi Ghosh,Sales,Business Development,75,60.73,90.2,3.4,91.53,35,4.8,3,No
29,No,Travel_Rarely,153,Research & Development,15,2,Life Sciences,1,15,4,Female,49,2,2,Laboratory Technician,3,Single,4193,12682,0,Y,Yes,12,3,4,80,0,10,3,3,9,5,0,8,Emir Chaudhry,HR,HR Manager,73,82.23,78.43,4.0,92.26,44,4.7,12,No
31,No,Travel_Rarely,670,Research & Development,26,1,Life Sciences,1,16,1,Male,31,3,1,Research Scientist,3,Divorced,2911,15170,1,Y,No,17,3,4,80,1,5,1,2,5,2,4,3,Purab Tara,HR,HR Manager,100,92.09,90.13,3.5,86.27,40,3.2,1,No
34,No,Travel_Rarely,1346,Research & Development,19,2,Medical,1,18,2,Male,93,3,1,Laboratory Technician,4,Divorced,2661,8758,0,Y,No,11,3,3,80,1,3,2,3,2,2,1,2,Kashvi Bains,Sales,Business Development,95,66.64,94.68,4.2,92.61,50,4.3,17,Yes
28,Yes,Travel_Rarely,103,Research & Development,24,3,Life Sciences,1,19,3,Male,50,2,1,Laboratory Technician,3,Single,2028,12947,5,Y,Yes,14,3,2,80,0,6,4,3,4,2,0,3,Mishti Shah,Finance,Auditor,60,67.86,75.87,4.1,78.95,38,3.4,5,No
29,No,Travel_Rarely,1389,Research & Development,21,4,Life Sciences,1,20,2,Female,51,4,3,Manufacturing Director,1,Divorced,9980,10195,1,Y,No,11,3,3,80,1,10,1,3,10,9,8,8,Umang Savant,IT,Data Analyst,81,63.41,83.64,3.6,80.15,48,3.9,1,No
32,No,Travel_Rarely,334,Research & Development,5,2,Life Sciences,1,21,1,Male,80,4,1,Research Scientist,2,Divorced,3298,15053,0,Y,Yes,12,3,4,80,2,7,5,2,6,2,0,5,Rhea Loyal,HR,Recruitment Specialist,94,62.67,78.64,4.3,73.62,45,3.2,15,No
22,No,Non-Travel,1123,Research & Development,16,2,Medical,1,22,4,Male,96,4,1,Laboratory Technician,4,Divorced,2935,7324,1,Y,Yes,13,3,2,80,2,1,2,2,1,0,0,0,Indrajit Shah,IT,Cybersecurity Specialist,65,62.14,81.18,3.8,79.31,41,4.3,29,No
53,No,Travel_Rarely,1219,Sales,2,4,Life Sciences,1,23,1,Female,78,2,4,Manager,4,Married,15427,22021,2,Y,No,16,3,3,80,0,31,3,3,25,8,3,7,Madhup Chaudhari,Marketing,Marketing Executive,50,73.31,79.96,4.7,70.72,42,4.7,27,No
38,No,Travel_Rarely,371,Research & Development,2,3,Life Sciences,1,24,4,Male,45,3,1,Research Scientist,4,Single,3944,4306,5,Y,Yes,11,3,3,80,0,6,3,3,3,2,1,2,Madhav Kara,HR,Recruitment Specialist,94,68.65,81.06,4.0,98.48,51,4.4,18,Yes
24,No,Non-Travel,673,Research & Development,11,2,Other,1,26,1,Female,96,4,2,Manufacturing Director,3,Divorced,4011,8232,0,Y,No,18,3,4,80,1,5,5,2,4,2,1,3,Pari Batta,IT,Cybersecurity Specialist,70,66.04,79.06,4.9,92.33,48,3.0,30,No
36,Yes,Travel_Rarely,1218,Sales,9,4,Life Sciences,1,27,3,Male,82,2,1,Sales Representative,1,Single,3407,6986,7,Y,No,23,4,2,80,0,10,4,3,5,3,0,3,Chirag Bassi,Finance,Auditor,74,74.74,86.4,4.7,75.16,40,4.3,13,No
34,No,Travel_Rarely,419,Research & Development,7,4,Life Sciences,1,28,1,Female,53,3,3,Research Director,2,Single,11994,21293,0,Y,No,11,3,3,80,0,13,4,3,12,6,2,11,Jayant Dixit,Sales,Account Manager,75,63.95,80.49,4.1,82.45,42,3.2,4,No
21,No,Travel_Rarely,391,Research & Development,15,2,Life Sciences,1,30,3,Male,96,3,1,Research Scientist,4,Single,1232,19281,1,Y,No,14,3,4,80,0,0,6,3,0,0,0,0,Kismat Dora,Sales,Account Manager,83,64.87,79.25,3.4,84.48,54,3.7,6,No
34,Yes,Travel_Rarely,699,Research & Development,6,1,Medical,1,31,2,Male,83,3,1,Research Scientist,1,Single,2960,17102,2,Y,No,11,3,3,80,0,8,2,3,4,2,1,3,Lakshit Lanka,IT,Software Engineer,81,82.16,94.82,4.9,87.0,36,3.0,9,No
53,No,Travel_Rarely,1282,Research & Development,5,3,Other,1,32,3,Female,58,3,5,Manager,3,Divorced,19094,10735,4,Y,No,11,3,4,80,1,26,3,2,14,13,4,8,Vidur Mani,Finance,Accountant,52,91.38,76.3,4.2,90.17,49,3.7,19,No
32,Yes,Travel_Frequently,1125,Research & Development,16,1,Life Sciences,1,33,2,Female,72,1,1,Research Scientist,1,Single,3919,4681,1,Y,Yes,22,4,2,80,0,10,5,3,10,2,6,7,Anahita Ratti,Marketing,SEO Specialist,66,72.15,89.63,3.7,79.63,49,4.6,30,No
42,No,Travel_Rarely,691,Sales,8,4,Marketing,1,35,3,Male,48,3,2,Sales Executive,2,Married,6825,21173,0,Y,No,11,3,4,80,1,10,2,3,9,7,4,2,Sumer Mallick,Finance,Financial Analyst,68,80.43,90.09,4.8,84.64,51,3.9,12,No
44,No,Travel_Rarely,477,Research & Development,7,4,Medical,1,36,1,Female,42,2,3,Healthcare Representative,4,Married,10248,2094,3,Y,No,14,3,4,80,1,24,4,3,22,6,5,17,Aaina Swaminathan,Finance,Financial Analyst,90,82.5,80.84,4.1,90.53,49,4.6,1,Yes
46,No,Travel_Rarely,705,Sales,2,4,Marketing,1,38,2,Female,83,3,5,Manager,1,Single,18947,22822,3,Y,No,12,3,4,80,0,22,2,2,2,2,2,1,Nitara Saha,Sales,Sales Executive,77,70.93,94.01,4.2,96.69,53,4.1,8,No
33,No,Travel_Rarely,924,Research & Development,2,3,Medical,1,39,3,Male,78,3,1,Laboratory Technician,4,Single,2496,6670,4,Y,No,11,3,4,80,0,7,3,3,1,1,0,0,Yuvraj  Kota,Marketing,SEO Specialist,52,89.09,95.21,3.8,74.09,55,4.0,13,No
44,No,Travel_Rarely,1459,Research & Development,10,4,Other,1,40,4,Male,41,3,2,Healthcare Representative,4,Married,6465,19121,2,Y,Yes,13,3,4,80,0,9,5,4,4,2,1,3,Uthkarsh Bhakta,IT,Cybersecurity Specialist,95,63.18,98.11,4.7,98.39,36,3.3,30,No
30,No,Travel_Rarely,125,Research & Development,9,2,Medical,1,41,4,Male,83,2,1,Laboratory Technician,3,Single,2206,16117,1,Y,No,13,3,1,80,0,10,5,3,10,0,1,8,Hiran Sharma,HR,Recruitment Specialist,97,73.85,89.07,4.1,98.64,53,3.2,1,No
39,Yes,Travel_Rarely,895,Sales,5,3,Technical Degree,1,42,4,Male,56,3,2,Sales Representative,4,Married,2086,3335,3,Y,No,14,3,3,80,1,19,6,4,1,0,0,0,Rhea Handa,Finance,Financial Analyst,68,92.79,77.28,4.1,96.44,51,4.4,3,No
24,Yes,Travel_Rarely,813,Research & Development,1,3,Medical,1,45,2,Male,61,3,1,Research Scientist,4,Married,2293,3020,2,Y,Yes,16,3,1,80,1,6,2,2,2,0,2,0,Lakshay Rout,HR,HR Manager,86,94.22,92.13,3.8,94.42,45,4.7,17,Yes
43,No,Travel_Rarely,1273,Research & Development,2,2,Medical,1,46,4,Female,72,4,1,Research Scientist,3,Divorced,2645,21923,1,Y,No,12,3,4,80,2,6,3,2,5,3,1,4,Ishita Dhillon,Marketing,Marketing Executive,70,64.1,85.82,4.9,79.79,53,3.4,11,No
50,Yes,Travel_Rarely,869,Sales,3,2,Marketing,1,47,1,Male,86,2,1,Sales Representative,3,Married,2683,3810,1,Y,Yes,14,3,3,80,0,3,2,3,3,2,0,2,Hazel Choudhary,HR,Recruitment Specialist,96,76.86,78.28,4.5,98.51,41,3.5,23,No
35,No,Travel_Rarely,890,Sales,2,3,Marketing,1,49,4,Female,97,3,1,Sales Representative,4,Married,2014,9687,1,Y,No,13,3,1,80,0,2,3,3,2,2,2,2,Eva Khanna,Marketing,Marketing Executive,82,65.76,95.83,3.2,88.84,55,4.0,28,No
36,No,Travel_Rarely,852,Research & Development,5,4,Life Sciences,1,51,2,Female,82,2,1,Research Scientist,1,Married,3419,13072,9,Y,Yes,14,3,4,80,1,6,3,4,1,1,0,0,Mishti Krishnan,IT,Software Engineer,88,62.97,81.47,3.8,74.39,36,3.4,3,No
33,No,Travel_Frequently,1141,Sales,1,3,Life Sciences,1,52,3,Female,42,4,2,Sales Executive,1,Married,5376,3193,2,Y,No,19,3,1,80,2,10,3,3,5,3,1,3,Kiaan Dutta,IT,Cybersecurity Specialist,73,91.15,90.92,4.7,85.23,52,4.8,19,No
35,No,Travel_Rarely,464,Research & Development,4,2,Other,1,53,3,Male,75,3,1,Laboratory Technician,4,Divorced,1951,10910,1,Y,No,12,3,3,80,1,1,3,3,1,0,0,0,Onkar Rama,HR,HR Manager,66,94.05,83.04,3.8,85.8,46,4.2,17,No
27,No,Travel_Rarely,1240,Research & Development,2,4,Life Sciences,1,54,4,Female,33,3,1,Laboratory Technician,1,Divorced,2341,19715,1,Y,No,13,3,4,80,1,1,6,3,1,0,0,0,Mishti Chacko,IT,Cybersecurity Specialist,73,94.97,96.7,3.5,81.31,39,3.8,7,No
26,Yes,Travel_Rarely,1357,Research & Development,25,3,Life Sciences,1,55,1,Male,48,1,1,Laboratory Technician,3,Single,2293,10558,1,Y,No,12,3,3,80,0,1,2,2,1,0,0,1,Shaan Basu,HR,HR Manager,97,79.07,86.59,3.1,90.24,39,4.2,27,Yes
27,No,Travel_Frequently,994,Sales,8,3,Life Sciences,1,56,4,Male,37,3,3,Sales Executive,3,Single,8726,2975,1,Y,No,15,3,4,80,0,9,0,3,9,8,1,7,Alia Sidhu,Sales,Business Development,89,77.14,99.3,4.9,84.05,38,3.4,15,No
30,No,Travel_Frequently,721,Research & Development,1,2,Medical,1,57,3,Female,58,3,2,Laboratory Technician,4,Single,4011,10781,1,Y,No,23,4,4,80,0,12,2,3,12,8,3,7,Rohan Bala,Finance,Accountant,97,76.97,95.4,3.5,70.93,48,4.2,15,Yes
41,Yes,Travel_Rarely,1360,Research & Development,12,3,Technical Degree,1,58,2,Female,49,3,5,Research Director,3,Married,19545,16280,1,Y,No,12,3,4,80,0,23,0,3,22,15,15,8,Nishith Koshy,IT,Data Analyst,64,84.34,97.17,3.3,92.24,46,4.9,26,No
34,No,Non-Travel,1065,Sales,23,4,Marketing,1,60,2,Male,72,3,2,Sales Executive,3,Single,4568,10034,0,Y,No,20,4,3,80,0,10,2,3,9,5,8,7,Nishith Kibe,Finance,Financial Analyst,75,74.44,87.56,4.2,85.01,50,3.5,27,No
37,No,Travel_Rarely,408,Research & Development,19,2,Life Sciences,1,61,2,Male,73,3,1,Research Scientist,2,Married,3022,10227,4,Y,No,21,4,1,80,0,8,1,3,1,0,0,0,Badal Mani,HR,Employee Relations,65,64.87,90.97,3.2,86.54,50,4.6,17,No
46,No,Travel_Frequently,1211,Sales,5,4,Marketing,1,62,1,Male,98,3,2,Sales Executive,4,Single,5772,20445,4,Y,Yes,21,4,3,80,0,14,4,3,9,6,0,8,Devansh Chander,Finance,Auditor,50,92.85,75.92,3.1,95.35,52,3.8,6,No
35,No,Travel_Rarely,1229,Research & Development,8,1,Life Sciences,1,63,4,Male,36,4,1,Laboratory Technician,4,Married,2269,4892,1,Y,No,19,3,4,80,0,1,2,3,1,0,0,1,Kiaan Goswami,IT,Cybersecurity Specialist,69,71.13,96.81,4.8,75.48,48,4.8,5,No
48,Yes,Travel_Rarely,626,Research & Development,1,2,Life Sciences,1,64,1,Male,98,2,3,Laboratory Technician,3,Single,5381,19294,9,Y,Yes,13,3,4,80,0,23,2,3,1,0,0,0,Vritika Kala,Sales,Account Manager,51,79.04,76.3,3.5,87.92,53,3.5,8,No
28,Yes,Travel_Rarely,1434,Research & Development,5,4,Technical Degree,1,65,3,Male,50,3,1,Laboratory Technician,3,Single,3441,11179,1,Y,Yes,13,3,3,80,0,2,3,2,2,2,2,2,Mahika Saxena,Marketing,Marketing Executive,55,71.99,98.29,4.9,97.9,37,3.6,25,No
44,No,Travel_Rarely,1488,Sales,1,5,Marketing,1,68,2,Female,75,3,2,Sales Executive,1,Divorced,5454,4009,5,Y,Yes,21,4,3,80,1,9,2,2,4,3,1,3,Kavya Shah,HR,Employee Relations,56,75.28,76.55,4.3,95.42,41,3.1,30,No
35,No,Non-Travel,1097,Research & Development,11,2,Medical,1,70,3,Male,79,2,3,Healthcare Representative,1,Married,9884,8302,2,Y,Yes,13,3,3,80,1,10,3,3,4,0,2,3,Pari Zacharia,HR,Employee Relations,62,75.99,83.45,5.0,94.67,39,4.9,14,No
26,No,Travel_Rarely,1443,Sales,23,3,Marketing,1,72,3,Female,47,2,2,Sales Executive,4,Married,4157,21436,7,Y,Yes,19,3,3,80,1,5,2,2,2,2,0,0,Ira Iyengar,HR,HR Manager,69,89.6,77.11,4.9,89.4,45,4.9,16,No
33,No,Travel_Frequently,515,Research & Development,1,2,Life Sciences,1,73,1,Female,98,3,3,Research Director,4,Single,13458,15146,1,Y,Yes,12,3,3,80,0,15,1,3,15,14,8,12,Tanya Taneja,Finance,Financial Analyst,100,86.58,75.08,3.6,70.37,50,4.0,3,No
35,No,Travel_Frequently,853,Sales,18,5,Life Sciences,1,74,2,Male,71,3,3,Sales Executive,1,Married,9069,11031,1,Y,No,22,4,4,80,1,9,3,2,9,8,1,8,Tiya Mannan,Sales,Account Manager,99,70.02,79.34,3.4,96.43,38,3.4,14,No
35,No,Travel_Rarely,1142,Research & Development,23,4,Medical,1,75,3,Female,30,3,1,Laboratory Technician,1,Married,4014,16002,3,Y,Yes,15,3,3,80,1,4,3,3,2,2,2,2,Vritika Verma,Marketing,Content Strategist,52,66.63,91.34,3.2,99.5,43,4.8,8,No
31,No,Travel_Rarely,655,Research & Development,7,4,Life Sciences,1,76,4,Male,48,3,2,Laboratory Technician,4,Divorced,5915,9528,3,Y,No,22,4,4,80,1,10,3,2,7,7,1,7,Heer Kale,Finance,Accountant,87,81.62,75.18,3.9,87.27,46,4.2,4,Yes
37,No,Travel_Rarely,1115,Research & Development,1,4,Life Sciences,1,77,1,Male,51,2,2,Manufacturing Director,3,Divorced,5993,2689,1,Y,No,18,3,3,80,1,7,2,4,7,5,0,7,Shanaya Krishnan,Finance,Financial Analyst,69,60.63,90.4,4.3,89.77,51,3.9,17,No
32,No,Travel_Rarely,427,Research & Development,1,3,Medical,1,78,1,Male,33,3,2,Manufacturing Director,4,Married,6162,10877,1,Y,Yes,22,4,2,80,1,9,3,3,9,8,7,8,Anya Wadhwa,Finance,Auditor,60,87.52,97.52,3.9,70.66,51,4.6,8,No
38,No,Travel_Frequently,653,Research & Development,29,5,Life Sciences,1,79,4,Female,50,3,2,Laboratory Technician,4,Single,2406,5456,1,Y,No,11,3,4,80,0,10,2,3,10,3,9,9,Devansh Tandon,Marketing,Marketing Executive,66,73.3,82.1,3.8,81.2,38,4.4,2,No
50,No,Travel_Rarely,989,Research & Development,7,2,Medical,1,80,2,Female,43,2,5,Research Director,3,Divorced,18740,16701,5,Y,Yes,12,3,4,80,1,29,2,2,27,3,13,8,Vritika Walla,Sales,Account Manager,65,93.11,84.62,4.3,91.25,39,3.7,13,No
59,No,Travel_Rarely,1435,Sales,25,3,Life Sciences,1,81,1,Female,99,3,3,Sales Executive,1,Single,7637,2354,7,Y,No,11,3,4,80,0,28,3,2,21,16,7,9,Mohanlal Kari,Marketing,SEO Specialist,77,73.74,88.29,3.3,99.22,42,4.1,13,No
36,No,Travel_Rarely,1223,Research & Development,8,3,Technical Degree,1,83,3,Female,59,3,3,Healthcare Representative,3,Divorced,10096,8202,1,Y,No,13,3,2,80,3,17,2,3,17,14,12,8,Kiaan Bora,Marketing,Content Strategist,86,79.1,98.03,4.0,99.26,52,4.1,22,Yes
55,No,Travel_Rarely,836,Research & Development,8,3,Medical,1,84,4,Female,33,3,4,Manager,3,Divorced,14756,19730,2,Y,Yes,14,3,3,80,3,21,2,3,5,0,0,2,Siya Ramakrishnan,HR,Recruitment Specialist,83,91.48,96.91,4.8,97.58,49,3.4,14,No
36,No,Travel_Frequently,1195,Research & Development,11,3,Life Sciences,1,85,2,Male,95,2,2,Manufacturing Director,2,Single,6499,22656,1,Y,No,13,3,3,80,0,6,3,3,6,5,0,3,Kaira Golla,Finance,Accountant,92,72.69,99.03,4.1,98.73,54,4.5,10,Yes
45,No,Travel_Rarely,1339,Research & Development,7,3,Life Sciences,1,86,2,Male,59,3,3,Research Scientist,1,Divorced,9724,18787,2,Y,No,17,3,3,80,1,25,2,3,1,0,0,0,Aarna Saxena,IT,Software Engineer,71,62.39,75.49,4.6,80.84,38,3.1,5,No
35,No,Travel_Frequently,664,Research & Development,1,3,Medical,1,88,2,Male,79,3,1,Research Scientist,1,Married,2194,5868,4,Y,No,13,3,4,80,1,5,2,2,3,2,1,2,Siya Brar,Finance,Auditor,53,61.01,93.18,4.7,84.28,50,3.2,12,No
36,Yes,Travel_Rarely,318,Research & Development,9,3,Medical,1,90,4,Male,79,2,1,Research Scientist,3,Married,3388,21777,0,Y,Yes,17,3,1,80,1,2,0,2,1,0,0,0,Jayan Bora,Sales,Account Manager,75,69.36,87.12,4.8,82.27,44,4.4,0,No
59,No,Travel_Frequently,1225,Sales,1,1,Life Sciences,1,91,1,Female,57,2,2,Sales Executive,3,Single,5473,24668,7,Y,No,11,3,4,80,0,20,2,2,4,3,1,3,Seher Hora,IT,Data Analyst,73,88.58,78.42,3.8,72.05,52,4.8,16,No
29,No,Travel_Rarely,1328,Research & Development,2,3,Life Sciences,1,94,3,Male,76,3,1,Research Scientist,2,Married,2703,4956,0,Y,No,23,4,4,80,1,6,3,3,5,4,0,4,Anahi Bakshi,Marketing,Content Strategist,83,86.51,78.79,4.9,99.48,43,4.2,19,No
31,No,Travel_Rarely,1082,Research & Development,1,4,Medical,1,95,3,Male,87,3,1,Research Scientist,2,Single,2501,18775,1,Y,No,17,3,2,80,0,1,4,3,1,1,1,0,Nitara Dhaliwal,Finance,Financial Analyst,67,62.85,76.6,3.8,71.82,52,3.2,24,No
32,No,Travel_Rarely,548,Research & Development,1,3,Life Sciences,1,96,2,Male,66,3,2,Research Scientist,2,Married,6220,7346,1,Y,No,17,3,2,80,2,10,3,3,10,4,0,9,Lakshit Kibe,HR,Recruitment Specialist,85,73.57,85.75,3.8,71.09,51,3.9,2,No
36,No,Travel_Rarely,132,Research & Development,6,3,Life Sciences,1,97,2,Female,55,4,1,Laboratory Technician,4,Married,3038,22002,3,Y,No,12,3,2,80,0,5,3,3,1,0,0,0,Pihu Sane,Marketing,SEO Specialist,64,79.48,98.75,4.6,89.46,44,4.0,21,No
31,No,Travel_Rarely,746,Research & Development,8,4,Life Sciences,1,98,3,Female,61,3,2,Manufacturing Director,4,Single,4424,20682,1,Y,No,23,4,4,80,0,11,2,3,11,7,1,8,Aaryahi Krishna,Finance,Accountant,92,89.37,95.72,4.8,70.93,45,3.9,3,No
35,No,Travel_Rarely,776,Sales,1,4,Marketing,1,100,3,Male,32,2,2,Sales Executive,1,Single,4312,23016,0,Y,No,14,3,2,80,0,16,2,3,15,13,2,8,Divit Kata,Sales,Business Development,52,60.46,92.52,4.6,87.16,49,3.5,18,No
45,No,Travel_Rarely,193,Research & Development,6,4,Other,1,101,4,Male,52,3,3,Research Director,1,Married,13245,15067,4,Y,Yes,14,3,2,80,0,17,3,4,0,0,0,0,Saanvi Chatterjee,Sales,Business Development,58,66.35,77.4,3.9,71.62,42,4.0,15,No
37,No,Travel_Rarely,397,Research & Development,7,4,Medical,1,102,1,Male,30,3,3,Research Director,3,Single,13664,25258,4,Y,No,13,3,1,80,0,16,3,4,5,2,0,2,Baiju Chaudhuri,Marketing,Content Strategist,61,84.44,84.67,4.6,79.94,44,3.4,20,No
46,No,Travel_Rarely,945,Human Resources,5,2,Medical,1,103,2,Male,80,3,2,Human Resources,2,Divorced,5021,10425,8,Y,Yes,22,4,4,80,1,16,2,3,4,2,0,2,Lakshay Seshadri,HR,Employee Relations,69,73.67,89.24,4.3,72.27,41,3.3,16,No
30,No,Travel_Rarely,852,Research & Development,1,1,Life Sciences,1,104,4,Male,55,2,2,Laboratory Technician,4,Married,5126,15998,1,Y,Yes,12,3,3,80,2,10,1,2,10,8,3,0,Hridaan Gour,Finance,Accountant,73,73.41,95.83,4.0,97.73,37,3.7,18,No
35,No,Travel_Rarely,1214,Research & Development,1,3,Medical,1,105,2,Male,30,2,1,Research Scientist,3,Single,2859,26278,1,Y,No,18,3,1,80,0,6,3,3,6,4,0,4,Darshit Baral,HR,HR Manager,91,93.43,88.25,4.4,97.58,50,3.6,19,No
55,No,Travel_Rarely,111,Sales,1,2,Life Sciences,1,106,1,Male,70,3,3,Sales Executive,4,Married,10239,18092,3,Y,No,14,3,4,80,1,24,4,3,1,0,1,0,Miraya Mani,IT,Software Engineer,89,92.41,96.04,3.5,93.89,44,3.7,7,No
38,No,Non-Travel,573,Research & Development,6,3,Medical,1,107,2,Female,79,1,2,Research Scientist,4,Divorced,5329,15717,7,Y,Yes,12,3,4,80,3,17,3,3,13,11,1,9,Vivaan Shan,Marketing,Marketing Executive,100,76.05,83.95,4.1,73.2,50,4.1,23,Yes
34,No,Travel_Rarely,1153,Research & Development,1,2,Medical,1,110,1,Male,94,3,2,Manufacturing Director,2,Married,4325,17736,1,Y,No,15,3,3,80,0,5,2,3,5,2,1,3,Mamooty Bakshi,Finance,Accountant,59,61.11,78.26,3.0,96.55,35,3.1,12,No
56,No,Travel_Rarely,1400,Research & Development,7,3,Life Sciences,1,112,4,Male,49,1,3,Manufacturing Director,4,Single,7260,21698,4,Y,No,11,3,1,80,0,37,3,2,6,4,0,2,Jivika Bhalla,HR,Recruitment Specialist,60,92.2,96.47,4.0,99.65,45,4.3,29,No
23,No,Travel_Rarely,541,Sales,2,1,Technical Degree,1,113,3,Male,62,3,1,Sales Representative,1,Divorced,2322,9518,3,Y,No,13,3,3,80,1,3,3,3,0,0,0,0,Divyansh Goyal,Sales,Account Manager,68,91.06,84.69,3.5,76.79,46,3.2,13,No
51,No,Travel_Rarely,432,Research & Development,9,4,Life Sciences,1,116,4,Male,96,3,1,Laboratory Technician,4,Married,2075,18725,3,Y,No,23,4,2,80,2,10,4,3,4,2,0,3,Bhavin Setty,HR,Recruitment Specialist,65,67.41,94.3,4.4,79.77,47,3.0,30,No
30,No,Travel_Rarely,288,Research & Development,2,3,Life Sciences,1,117,3,Male,99,2,2,Healthcare Representative,4,Married,4152,15830,1,Y,No,19,3,1,80,3,11,3,3,11,10,10,8,Yuvaan Mani,Sales,Business Development,68,79.92,99.5,4.6,82.04,54,3.4,11,No
46,Yes,Travel_Rarely,669,Sales,9,2,Medical,1,118,3,Male,64,2,3,Sales Executive,4,Single,9619,13596,1,Y,No,16,3,4,80,0,9,3,3,9,8,4,7,Advik Sinha,Marketing,Marketing Executive,85,93.7,77.04,3.1,70.18,48,4.6,26,No
40,No,Travel_Frequently,530,Research & Development,1,4,Life Sciences,1,119,3,Male,78,2,4,Healthcare Representative,2,Married,13503,14115,1,Y,No,22,4,4,80,1,22,3,2,22,3,11,11,Devansh Kothari,HR,Employee Relations,100,92.56,93.63,4.0,94.87,50,3.8,2,No
51,No,Travel_Rarely,632,Sales,21,4,Marketing,1,120,3,Male,71,3,2,Sales Executive,4,Single,5441,8423,0,Y,Yes,22,4,4,80,0,11,2,1,10,7,1,0,Inaaya  Sha,Finance,Accountant,81,80.86,75.29,3.3,79.25,40,4.2,29,No
30,No,Travel_Rarely,1334,Sales,4,2,Medical,1,121,3,Female,63,2,2,Sales Executive,2,Divorced,5209,19760,1,Y,Yes,12,3,2,80,3,11,4,2,11,8,2,7,Aniruddh Mangal,Sales,Account Manager,97,83.83,82.95,5.0,82.2,53,4.7,29,Yes
46,No,Travel_Frequently,638,Research & Development,1,3,Medical,1,124,3,Male,40,2,3,Healthcare Representative,1,Married,10673,3142,2,Y,Yes,13,3,3,80,1,21,5,2,10,9,9,5,Divyansh Chandran,HR,Recruitment Specialist,93,89.27,77.43,3.9,80.2,41,3.4,30,No
32,No,Travel_Rarely,1093,Sales,6,4,Medical,1,125,2,Male,87,3,2,Sales Executive,3,Single,5010,24301,1,Y,No,16,3,1,80,0,12,0,3,11,8,5,7,Trisha Dara,HR,Employee Relations,65,61.39,88.39,4.8,99.38,35,5.0,2,No
54,No,Travel_Rarely,1217,Research & Development,2,4,Technical Degree,1,126,1,Female,60,3,3,Research Director,3,Married,13549,24001,9,Y,No,12,3,1,80,1,16,5,1,4,3,0,3,Mishti Ravi,Finance,Accountant,87,84.58,97.31,4.6,74.96,52,4.4,6,Yes
24,No,Travel_Rarely,1353,Sales,3,2,Other,1,128,1,Female,33,3,2,Sales Executive,3,Married,4999,17519,0,Y,No,21,4,1,80,1,4,2,2,3,2,0,2,Neysa Chawla,Marketing,Content Strategist,67,89.39,87.22,4.2,97.04,41,3.0,30,No
28,No,Non-Travel,120,Sales,4,3,Medical,1,129,2,Male,43,3,2,Sales Executive,3,Married,4221,8863,1,Y,No,15,3,2,80,0,5,3,4,5,4,0,4,Nirvaan Bali,IT,Cybersecurity Specialist,71,74.32,89.62,4.1,87.45,53,3.7,22,No
58,No,Travel_Rarely,682,Sales,10,4,Medical,1,131,4,Male,37,3,4,Sales Executive,3,Single,13872,24409,0,Y,No,13,3,3,80,0,38,1,2,37,10,1,8,Divit Bhalla,IT,Software Engineer,73,94.09,84.21,3.6,74.29,52,4.0,5,No
44,No,Non-Travel,489,Research & Development,23,3,Medical,1,132,2,Male,67,3,2,Laboratory Technician,2,Married,2042,25043,4,Y,No,12,3,3,80,1,17,3,4,3,2,1,2,Purab Srinivas,Marketing,Content Strategist,70,83.44,92.82,4.5,80.9,39,3.2,9,No
37,Yes,Travel_Rarely,807,Human Resources,6,4,Human Resources,1,133,3,Male,63,3,1,Human Resources,1,Divorced,2073,23648,4,Y,Yes,22,4,4,80,0,7,3,3,3,2,0,2,Vihaan Goda,IT,Software Engineer,95,66.14,93.46,3.3,92.86,35,4.0,20,No
32,No,Travel_Rarely,827,Research & Development,1,1,Life Sciences,1,134,4,Male,71,3,1,Research Scientist,1,Single,2956,15178,1,Y,No,13,3,4,80,0,1,2,3,1,0,0,0,Indrans Bal,HR,Recruitment Specialist,69,88.67,96.95,3.4,78.69,39,3.5,10,No
20,Yes,Travel_Frequently,871,Research & Development,6,3,Life Sciences,1,137,4,Female,66,2,1,Laboratory Technician,4,Single,2926,19783,1,Y,Yes,18,3,2,80,0,1,5,3,1,0,1,0,Raunak Kothari,Finance,Auditor,51,67.04,88.21,3.3,70.57,40,3.4,9,No
34,No,Travel_Rarely,665,Research & Development,6,4,Other,1,138,1,Female,41,3,2,Research Scientist,3,Single,4809,12482,1,Y,No,14,3,3,80,0,16,3,3,16,13,2,10,Yasmin Rastogi,Marketing,SEO Specialist,74,74.62,87.29,4.7,78.31,53,4.4,9,No
37,No,Non-Travel,1040,Research & Development,2,2,Life Sciences,1,139,3,Male,100,2,2,Healthcare Representative,4,Divorced,5163,15850,5,Y,No,14,3,4,80,1,17,2,4,1,0,0,0,Manikya Choudhary,Sales,Account Manager,89,66.98,79.44,4.1,93.99,49,4.9,25,Yes
59,No,Non-Travel,1420,Human Resources,2,4,Human Resources,1,140,3,Female,32,2,5,Manager,4,Married,18844,21922,9,Y,No,21,4,4,80,1,30,3,3,3,2,2,2,Raunak Sodhi,Finance,Accountant,55,63.76,78.07,4.4,96.11,43,3.3,29,No
50,No,Travel_Frequently,1115,Research & Development,1,3,Life Sciences,1,141,1,Female,73,3,5,Research Director,2,Married,18172,9755,3,Y,Yes,19,3,1,80,0,28,1,2,8,3,0,7,Ivan Mallick,Marketing,SEO Specialist,100,77.85,98.96,4.9,99.4,54,4.4,28,Yes
25,Yes,Travel_Rarely,240,Sales,5,3,Marketing,1,142,3,Male,46,2,2,Sales Executive,3,Single,5744,26959,1,Y,Yes,11,3,4,80,0,6,1,3,6,4,0,3,Damini Bala,Marketing,Marketing Executive,53,91.27,92.06,4.3,73.77,49,4.7,27,No
25,No,Travel_Rarely,1280,Research & Development,7,1,Medical,1,143,4,Male,64,2,1,Research Scientist,4,Married,2889,26897,1,Y,No,11,3,3,80,2,2,2,3,2,2,2,1,Samar Sanghvi,IT,Software Engineer,85,89.12,99.83,4.3,89.43,39,3.6,27,No
22,No,Travel_Rarely,534,Research & Development,15,3,Medical,1,144,2,Female,59,3,1,Laboratory Technician,4,Single,2871,23785,1,Y,No,15,3,3,80,0,1,5,3,0,0,0,0,Keya Brar,Marketing,Marketing Executive,95,81.37,88.09,4.2,81.42,50,3.4,20,No
51,No,Travel_Frequently,1456,Research & Development,1,4,Medical,1,145,1,Female,30,2,3,Healthcare Representative,1,Single,7484,25796,3,Y,No,20,4,3,80,0,23,1,2,13,12,12,8,Divit Ravel,Finance,Accountant,80,93.92,96.33,4.0,79.26,35,5.0,24,No
34,Yes,Travel_Frequently,658,Research & Development,7,3,Life Sciences,1,147,1,Male,66,1,2,Laboratory Technician,3,Single,6074,22887,1,Y,Yes,24,4,4,80,0,9,3,3,9,7,0,6,Ela Gole,Sales,Sales Executive,89,68.59,93.37,3.6,88.01,42,4.0,29,No
54,No,Non-Travel,142,Human Resources,26,3,Human Resources,1,148,4,Female,30,4,4,Manager,4,Single,17328,13871,2,Y,Yes,12,3,3,80,0,23,3,3,5,3,4,4,Dhruv Bali,IT,Data Analyst,78,64.88,75.76,4.0,82.66,36,4.1,25,No
24,No,Travel_Rarely,1127,Research & Development,18,1,Life Sciences,1,150,2,Male,52,3,1,Laboratory Technician,3,Married,2774,13257,0,Y,No,12,3,3,80,1,6,2,3,5,3,1,2,Jivin Lanka,HR,Employee Relations,87,72.71,91.81,3.2,70.53,37,4.3,18,Yes
34,No,Travel_Rarely,1031,Research & Development,6,4,Life Sciences,1,151,3,Female,45,2,2,Research Scientist,2,Divorced,4505,15000,6,Y,No,15,3,3,80,1,12,3,3,1,0,0,0,Lavanya Sengupta,Sales,Business Development,69,68.51,99.85,4.0,82.67,49,4.8,23,No
37,No,Travel_Rarely,1189,Sales,3,3,Life Sciences,1,152,3,Male,87,3,3,Sales Executive,4,Single,7428,14506,2,Y,No,12,3,1,80,0,12,3,3,5,3,1,3,Vidur Vala,Marketing,Marketing Executive,63,72.34,91.38,3.3,92.85,40,4.5,10,No
34,No,Travel_Rarely,1354,Research & Development,5,3,Medical,1,153,3,Female,45,2,3,Manager,1,Single,11631,5615,2,Y,No,12,3,4,80,0,14,6,3,11,10,5,8,Anahita Wadhwa,HR,Employee Relations,68,88.79,98.65,4.8,82.72,36,4.9,30,No
36,No,Travel_Frequently,1467,Sales,11,2,Technical Degree,1,154,2,Female,92,3,3,Sales Executive,4,Married,9738,22952,0,Y,No,14,3,3,80,1,10,6,3,9,7,2,8,Advika Grewal,Finance,Financial Analyst,60,74.86,80.45,3.9,81.33,46,3.7,29,No
36,No,Travel_Rarely,922,Research & Development,3,2,Life Sciences,1,155,1,Female,39,3,1,Laboratory Technician,4,Divorced,2835,2561,5,Y,No,22,4,1,80,1,7,2,3,1,0,0,0,Ojas Halder,Finance,Accountant,61,66.01,93.02,4.3,93.13,48,3.8,10,No
43,No,Travel_Frequently,394,Sales,26,2,Life Sciences,1,158,3,Male,92,3,4,Manager,4,Married,16959,19494,1,Y,Yes,12,3,4,80,2,25,3,4,25,12,4,12,Suhana Deep,Marketing,Content Strategist,82,91.11,87.16,4.9,97.63,39,4.3,3,No
30,No,Travel_Frequently,1312,Research & Development,23,3,Life Sciences,1,159,1,Male,96,1,1,Research Scientist,3,Divorced,2613,22310,1,Y,No,25,4,3,80,3,10,2,2,10,7,0,9,Hazel Subramanian,HR,Employee Relations,77,83.47,77.45,3.5,95.55,51,4.4,15,No
33,No,Non-Travel,750,Sales,22,2,Marketing,1,160,3,Male,95,3,2,Sales Executive,2,Married,6146,15480,0,Y,No,13,3,1,80,1,8,2,4,7,7,0,7,Mishti Gaba,Marketing,SEO Specialist,59,62.49,78.74,3.5,89.19,35,4.9,4,No
56,Yes,Travel_Rarely,441,Research & Development,14,4,Life Sciences,1,161,2,Female,72,3,1,Research Scientist,2,Married,4963,4510,9,Y,Yes,18,3,1,80,3,7,2,3,5,4,4,3,Dhanush Shukla,Finance,Auditor,87,82.84,83.2,4.3,75.63,49,4.4,10,Yes
51,No,Travel_Rarely,684,Research & Development,6,3,Life Sciences,1,162,1,Male,51,3,5,Research Director,3,Single,19537,6462,7,Y,No,13,3,3,80,0,23,5,3,20,18,15,15,Veer Bhasin,Sales,Business Development,88,63.61,84.95,4.9,89.8,41,4.5,28,Yes
31,Yes,Travel_Rarely,249,Sales,6,4,Life Sciences,1,163,2,Male,76,1,2,Sales Executive,3,Married,6172,20739,4,Y,Yes,18,3,2,80,0,12,3,2,7,7,7,7,Lakshit Rout,Finance,Financial Analyst,63,89.11,82.6,4.9,96.99,45,4.6,5,No
26,No,Travel_Rarely,841,Research & Development,6,3,Other,1,164,3,Female,46,2,1,Research Scientist,2,Married,2368,23300,1,Y,No,19,3,3,80,0,5,3,2,5,4,4,3,Kashvi Chana,Sales,Sales Executive,80,73.94,83.52,4.2,85.29,43,3.7,4,No
58,Yes,Travel_Rarely,147,Research & Development,23,4,Medical,1,165,4,Female,94,3,3,Healthcare Representative,4,Married,10312,3465,1,Y,No,12,3,4,80,1,40,3,2,40,10,15,6,Samarth Varughese,HR,Recruitment Specialist,91,84.47,89.53,4.5,86.93,44,4.7,11,Yes
19,Yes,Travel_Rarely,528,Sales,22,1,Marketing,1,167,4,Male,50,3,1,Sales Representative,3,Single,1675,26820,1,Y,Yes,19,3,4,80,0,0,2,2,0,0,0,0,Arhaan Raman,Marketing,Marketing Executive,82,85.32,84.22,4.3,98.69,55,3.6,23,No
22,No,Travel_Rarely,594,Research & Development,2,1,Technical Degree,1,169,3,Male,100,3,1,Laboratory Technician,4,Married,2523,19299,0,Y,No,14,3,3,80,1,3,2,3,2,1,2,1,Eshani Soman,IT,Data Analyst,76,72.37,80.74,3.7,96.2,53,4.2,0,No
49,No,Travel_Rarely,470,Research & Development,20,4,Medical,1,170,3,Female,96,3,2,Manufacturing Director,1,Married,6567,5549,1,Y,No,14,3,3,80,0,16,2,2,15,11,5,11,Nakul Madan,HR,HR Manager,83,61.97,93.79,4.2,86.91,53,3.0,26,No
43,No,Travel_Frequently,957,Research & Development,28,3,Medical,1,171,2,Female,72,4,1,Research Scientist,3,Single,4739,16090,4,Y,No,12,3,4,80,0,18,2,3,3,2,1,2,Aradhya Handa,Sales,Business Development,94,70.22,81.05,4.1,98.95,41,3.3,16,No
50,No,Travel_Frequently,809,Sales,12,3,Marketing,1,174,3,Female,77,3,3,Sales Executive,4,Single,9208,6645,4,Y,No,11,3,4,80,0,16,3,3,2,2,2,1,Mishti Sarin,HR,Employee Relations,55,61.91,96.05,3.5,95.43,52,4.1,6,No
31,Yes,Travel_Rarely,542,Sales,20,3,Life Sciences,1,175,2,Female,71,1,2,Sales Executive,3,Married,4559,24788,3,Y,Yes,11,3,3,80,1,4,2,3,2,2,2,2,Zoya Som,HR,Employee Relations,70,64.93,99.55,4.9,74.63,37,3.8,4,No
41,No,Travel_Rarely,802,Sales,9,1,Life Sciences,1,176,3,Male,96,3,3,Sales Executive,3,Divorced,8189,21196,3,Y,Yes,13,3,3,80,1,12,2,3,9,7,0,7,Mannat Bakshi,Finance,Financial Analyst,57,64.03,83.62,3.6,73.33,52,3.7,29,No
26,No,Travel_Rarely,1355,Human Resources,25,1,Life Sciences,1,177,3,Female,61,3,1,Human Resources,3,Married,2942,8916,1,Y,No,23,4,4,80,1,8,3,3,8,7,5,7,Keya Butala,Finance,Accountant,68,69.35,81.57,4.6,93.75,45,4.9,14,No
36,No,Travel_Rarely,216,Research & Development,6,2,Medical,1,178,2,Male,84,3,2,Manufacturing Director,2,Divorced,4941,2819,6,Y,No,20,4,4,80,2,7,0,3,3,2,0,1,Alia Sawhney,IT,Data Analyst,64,66.32,93.61,4.5,70.27,52,4.4,2,No
51,Yes,Travel_Frequently,1150,Research & Development,8,4,Life Sciences,1,179,1,Male,53,1,3,Manufacturing Director,4,Single,10650,25150,2,Y,No,15,3,4,80,0,18,2,3,4,2,0,3,Vritika Khalsa,Marketing,Content Strategist,96,71.52,80.62,4.1,83.72,37,3.2,30,No
39,No,Travel_Rarely,1329,Sales,4,4,Life Sciences,1,182,4,Female,47,2,2,Sales Executive,3,Married,5902,14590,4,Y,No,14,3,3,80,1,17,1,4,15,11,5,9,Neelofar Keer,Sales,Account Manager,87,93.59,76.5,4.0,86.67,50,4.0,29,No
25,No,Travel_Rarely,959,Sales,28,3,Life Sciences,1,183,1,Male,41,2,2,Sales Executive,3,Married,8639,24835,2,Y,No,18,3,4,80,0,6,3,3,2,2,2,2,Divyansh Kaur,Marketing,SEO Specialist,85,70.61,78.81,4.7,92.78,51,3.6,10,No
30,No,Travel_Rarely,1240,Human Resources,9,3,Human Resources,1,184,3,Male,48,3,2,Human Resources,4,Married,6347,13982,0,Y,Yes,19,3,4,80,0,12,2,1,11,9,4,7,Abram Mane,Finance,Accountant,73,92.29,93.66,3.9,81.26,38,3.8,27,No
32,Yes,Travel_Rarely,1033,Research & Development,9,3,Medical,1,190,1,Female,41,3,1,Laboratory Technician,1,Single,4200,10224,7,Y,No,22,4,1,80,0,10,2,4,5,4,0,4,Gatik Guha,Marketing,Content Strategist,86,62.94,86.0,4.1,93.43,52,4.9,8,Yes
45,No,Travel_Rarely,1316,Research & Development,29,3,Medical,1,192,3,Male,83,3,1,Research Scientist,4,Single,3452,9752,5,Y,No,13,3,2,80,0,9,2,2,6,5,0,3,Dharmajan Kalita,HR,Recruitment Specialist,96,69.58,92.53,4.9,93.79,41,4.6,2,Yes
38,No,Travel_Rarely,364,Research & Development,3,5,Technical Degree,1,193,4,Female,32,3,2,Research Scientist,3,Single,4317,2302,3,Y,Yes,20,4,2,80,0,19,2,3,3,2,2,2,Riya Dani,Marketing,Marketing Executive,74,94.91,91.43,4.7,73.81,54,4.0,9,No
30,No,Travel_Rarely,438,Research & Development,18,3,Life Sciences,1,194,1,Female,75,3,1,Research Scientist,3,Single,2632,23910,1,Y,No,14,3,3,80,0,5,4,2,5,4,0,4,Nitara Sarma,Marketing,Marketing Executive,84,91.62,85.68,4.4,78.13,48,4.0,29,No
32,No,Travel_Frequently,689,Sales,9,2,Medical,1,195,4,Male,35,1,2,Sales Executive,4,Divorced,4668,22812,0,Y,No,17,3,4,80,3,9,2,4,8,7,0,7,Kimaya Ghosh,IT,Software Engineer,89,61.94,82.49,3.2,95.06,44,3.5,16,No
30,No,Travel_Rarely,201,Research & Development,5,3,Technical Degree,1,197,4,Female,84,3,1,Research Scientist,1,Divorced,3204,10415,5,Y,No,14,3,4,80,1,8,3,3,3,2,2,2,Purab Bhargava,Finance,Auditor,86,78.38,92.79,4.1,76.69,46,4.4,16,Yes
30,No,Travel_Rarely,1427,Research & Development,2,1,Medical,1,198,2,Male,35,2,1,Laboratory Technician,4,Single,2720,11162,0,Y,No,13,3,4,80,0,6,3,3,5,3,1,2,Manikya Wable,Sales,Account Manager,55,74.28,95.73,4.4,76.67,49,3.9,3,No
41,No,Travel_Frequently,857,Research & Development,10,3,Life Sciences,1,199,4,Male,91,2,4,Manager,1,Divorced,17181,12888,4,Y,No,13,3,2,80,1,21,2,2,7,6,7,7,Adah Solanki,Finance,Accountant,73,92.89,91.11,4.2,96.42,38,4.8,29,No
41,No,Travel_Rarely,933,Research & Development,9,4,Life Sciences,1,200,3,Male,94,3,1,Laboratory Technician,1,Married,2238,6961,2,Y,No,21,4,4,80,1,7,2,3,5,0,1,4,Purab Chhabra,Sales,Business Development,66,87.5,83.23,3.3,99.73,36,4.0,10,No
19,No,Travel_Rarely,1181,Research & Development,3,1,Medical,1,201,2,Female,79,3,1,Laboratory Technician,2,Single,1483,16102,1,Y,No,14,3,4,80,0,1,3,3,1,0,0,0,Samar Raju,Finance,Accountant,99,62.15,97.44,3.1,73.27,46,4.2,4,Yes
40,No,Travel_Frequently,1395,Research & Development,26,3,Medical,1,202,2,Female,54,3,2,Research Scientist,2,Divorced,5605,8504,1,Y,No,11,3,1,80,1,20,2,3,20,7,2,13,Ojas Kannan,Sales,Sales Executive,79,90.67,99.21,5.0,96.12,49,4.8,0,No
35,No,Travel_Rarely,662,Sales,1,5,Marketing,1,204,3,Male,94,3,3,Sales Executive,2,Married,7295,11439,1,Y,No,13,3,1,80,2,10,3,3,10,8,0,6,Sara Vala,HR,Employee Relations,80,75.41,84.97,4.7,71.11,41,3.9,18,No
53,No,Travel_Rarely,1436,Sales,6,2,Marketing,1,205,2,Male,34,3,2,Sales Representative,3,Married,2306,16047,2,Y,Yes,20,4,4,80,1,13,3,1,7,7,4,5,Hrishita Bala,Finance,Financial Analyst,71,68.2,95.9,4.5,72.63,49,3.1,26,No
45,No,Travel_Rarely,194,Research & Development,9,3,Life Sciences,1,206,2,Male,60,3,2,Laboratory Technician,2,Divorced,2348,10901,8,Y,No,18,3,3,80,1,20,2,1,17,9,0,15,Inaaya  Kurian,Sales,Business Development,57,73.85,95.95,4.1,73.03,55,4.1,7,No
32,No,Travel_Frequently,967,Sales,8,3,Marketing,1,207,2,Female,43,3,3,Sales Executive,4,Single,8998,15589,1,Y,No,14,3,4,80,0,9,2,3,9,8,3,7,Akarsh De,Finance,Accountant,77,85.94,96.56,4.6,77.14,50,4.1,10,No
29,No,Non-Travel,1496,Research & Development,1,1,Technical Degree,1,208,4,Male,41,3,2,Manufacturing Director,3,Married,4319,26283,1,Y,No,13,3,1,80,1,10,1,3,10,7,0,9,Jivika Sant,Finance,Accountant,75,93.96,95.16,3.2,72.88,45,3.5,14,No
51,No,Travel_Rarely,1169,Research & Development,7,4,Medical,1,211,2,Male,34,2,2,Manufacturing Director,3,Married,6132,13983,2,Y,No,17,3,3,80,0,10,2,3,1,0,0,0,Ivana Viswanathan,HR,HR Manager,95,87.78,98.1,4.2,91.24,45,3.9,6,No
58,No,Travel_Rarely,1145,Research & Development,9,3,Medical,1,214,2,Female,75,2,1,Research Scientist,2,Married,3346,11873,4,Y,Yes,20,4,2,80,1,9,3,2,1,0,0,0,Adah Sarraf,Marketing,Content Strategist,98,77.83,90.06,3.8,70.22,41,4.9,18,Yes
40,No,Travel_Rarely,630,Sales,4,4,Marketing,1,215,3,Male,67,2,3,Sales Executive,4,Married,10855,8552,7,Y,No,11,3,1,80,1,15,2,2,12,11,2,11,Veer Kumar,IT,Cybersecurity Specialist,59,70.8,92.99,4.9,95.76,37,4.4,28,No
34,No,Travel_Frequently,303,Sales,2,4,Marketing,1,216,3,Female,75,3,1,Sales Representative,3,Married,2231,11314,6,Y,No,18,3,4,80,1,6,3,3,4,3,1,2,Aayush Kibe,HR,HR Manager,91,88.79,99.39,4.0,88.02,47,5.0,1,Yes
22,No,Travel_Rarely,1256,Research & Development,19,1,Medical,1,217,3,Male,80,3,1,Research Scientist,4,Married,2323,11992,1,Y,No,24,4,1,80,2,2,6,3,2,2,2,2,Miraya Dayal,Sales,Account Manager,60,71.84,99.47,3.7,76.83,50,4.4,1,No
27,No,Non-Travel,691,Research & Development,9,3,Medical,1,218,4,Male,57,3,1,Research Scientist,2,Divorced,2024,5970,6,Y,No,18,3,4,80,1,6,1,1,2,2,2,2,Stuvan Verma,HR,HR Manager,91,62.38,92.08,3.1,93.77,42,4.7,23,Yes
28,No,Travel_Rarely,440,Research & Development,21,3,Medical,1,221,3,Male,42,3,1,Research Scientist,4,Married,2713,6672,1,Y,No,11,3,3,80,1,5,2,1,5,2,0,2,Vihaan Varghese,HR,Employee Relations,86,75.24,89.7,3.9,94.16,37,4.5,8,Yes
57,No,Travel_Rarely,334,Research & Development,24,2,Life Sciences,1,223,3,Male,83,4,3,Healthcare Representative,4,Divorced,9439,23402,3,Y,Yes,16,3,2,80,1,12,2,1,5,3,1,4,Lagan Bajwa,Sales,Sales Executive,72,74.95,86.63,3.0,88.1,50,3.3,22,No
27,No,Non-Travel,1450,Research & Development,3,3,Medical,1,224,3,Male,79,2,1,Research Scientist,3,Divorced,2566,25326,1,Y,Yes,15,3,4,80,1,1,2,2,1,1,0,1,Aradhya Chaudhuri,HR,Employee Relations,77,73.91,90.22,3.6,77.5,37,4.4,12,No
50,No,Travel_Rarely,1452,Research & Development,11,3,Life Sciences,1,226,3,Female,53,3,5,Manager,2,Single,19926,17053,3,Y,No,15,3,2,80,0,21,5,3,5,4,4,4,Divit Rajagopal,Marketing,SEO Specialist,66,84.67,79.1,3.8,71.76,43,3.8,6,No
41,No,Travel_Rarely,465,Research & Development,14,3,Life Sciences,1,227,1,Male,56,3,1,Research Scientist,3,Divorced,2451,4609,4,Y,No,12,3,1,80,1,13,2,3,9,8,1,8,Alia Balasubramanian,Sales,Business Development,67,84.77,98.68,3.3,93.06,37,4.4,24,No
30,No,Travel_Rarely,1339,Sales,5,3,Life Sciences,1,228,2,Female,41,3,3,Sales Executive,4,Married,9419,8053,2,Y,No,12,3,3,80,1,12,2,3,10,9,7,4,Dhruv Babu,HR,Recruitment Specialist,91,90.55,79.89,4.4,84.26,40,4.5,24,Yes
38,No,Travel_Rarely,702,Sales,1,4,Life Sciences,1,230,1,Female,59,2,2,Sales Executive,4,Single,8686,12930,4,Y,No,22,4,3,80,0,12,2,4,8,3,0,7,Aayush Dar,IT,Cybersecurity Specialist,70,70.15,81.4,4.3,71.92,48,3.1,15,No
32,No,Travel_Rarely,120,Research & Development,6,5,Life Sciences,1,231,3,Male,43,3,1,Research Scientist,3,Single,3038,12430,3,Y,No,20,4,1,80,0,8,2,3,5,4,1,4,Nayantara Edwin,Finance,Financial Analyst,74,84.51,82.61,3.7,99.65,38,4.0,18,No
27,No,Travel_Rarely,1157,Research & Development,17,3,Technical Degree,1,233,3,Male,51,3,1,Research Scientist,2,Married,3058,13364,0,Y,Yes,16,3,4,80,1,6,3,2,5,2,1,1,Rasha Kothari,IT,Software Engineer,77,92.74,82.77,5.0,94.58,55,3.7,28,No
19,Yes,Travel_Frequently,602,Sales,1,1,Technical Degree,1,235,3,Female,100,1,1,Sales Representative,1,Single,2325,20989,0,Y,No,21,4,1,80,0,1,5,4,0,0,0,0,Mohanlal Kunda,Sales,Account Manager,67,71.01,80.16,3.0,79.62,51,3.1,8,No
36,No,Travel_Frequently,1480,Research & Development,3,2,Medical,1,238,4,Male,30,3,1,Laboratory Technician,2,Single,2088,15062,4,Y,No,12,3,3,80,0,13,3,2,8,7,7,2,Misha Bhargava,HR,HR Manager,70,61.26,99.12,3.7,94.03,51,3.9,0,No
30,No,Non-Travel,111,Research & Development,9,3,Medical,1,239,3,Male,66,3,2,Laboratory Technician,1,Divorced,3072,11012,1,Y,No,11,3,3,80,2,12,4,3,12,9,6,10,Ishita Varma,Sales,Business Development,55,65.55,85.32,4.4,83.68,53,4.2,6,No
45,No,Travel_Rarely,1268,Sales,4,2,Life Sciences,1,240,3,Female,30,3,2,Sales Executive,1,Divorced,5006,6319,4,Y,Yes,11,3,1,80,1,9,3,4,5,4,0,3,Amani Gill,Finance,Accountant,98,86.44,97.96,4.4,70.79,36,3.4,28,No
56,No,Travel_Rarely,713,Research & Development,8,3,Life Sciences,1,241,3,Female,67,3,1,Research Scientist,1,Divorced,4257,13939,4,Y,Yes,18,3,3,80,1,19,3,3,2,2,2,2,Nayantara Bir,Sales,Account Manager,55,92.89,83.0,4.2,77.92,54,3.3,23,No
33,No,Travel_Rarely,134,Research & Development,2,3,Life Sciences,1,242,3,Male,90,3,1,Research Scientist,4,Single,2500,10515,0,Y,No,14,3,1,80,0,4,2,4,3,1,0,2,Rhea Gole,IT,Software Engineer,70,61.26,85.76,3.9,80.92,41,4.2,4,No
19,Yes,Travel_Rarely,303,Research & Development,2,3,Life Sciences,1,243,2,Male,47,2,1,Laboratory Technician,4,Single,1102,9241,1,Y,No,22,4,3,80,0,1,3,2,1,0,1,0,Krish Bali,IT,Data Analyst,52,86.9,88.68,4.1,88.65,48,3.5,10,No
46,No,Travel_Rarely,526,Sales,1,2,Marketing,1,244,2,Female,92,3,3,Sales Executive,1,Divorced,10453,2137,1,Y,No,25,4,3,80,3,24,2,3,24,13,15,7,Nitya Mangal,IT,Software Engineer,92,72.41,77.62,3.3,92.52,41,3.8,10,No
38,No,Travel_Rarely,1380,Research & Development,9,2,Life Sciences,1,245,3,Female,75,3,1,Laboratory Technician,4,Single,2288,6319,1,Y,No,12,3,3,80,0,2,3,3,2,2,2,1,Hrishita Tank,Finance,Accountant,62,65.11,88.21,4.3,75.91,52,4.6,0,No
31,No,Travel_Rarely,140,Research & Development,12,1,Medical,1,246,3,Female,95,3,1,Research Scientist,4,Married,3929,6984,8,Y,Yes,23,4,3,80,1,7,0,3,4,2,0,2,Ivana Chandra,Sales,Sales Executive,56,76.23,98.59,4.9,76.37,51,5.0,28,No
34,No,Travel_Rarely,629,Research & Development,27,2,Medical,1,247,4,Female,95,3,1,Research Scientist,2,Single,2311,5711,2,Y,No,15,3,4,80,0,9,3,3,3,2,1,2,Ishaan Biswas,Marketing,Marketing Executive,52,66.53,90.69,4.2,90.86,48,4.8,15,No
41,Yes,Travel_Rarely,1356,Sales,20,2,Marketing,1,248,2,Female,70,3,1,Sales Representative,2,Single,3140,21728,1,Y,Yes,22,4,4,80,0,4,5,2,4,3,0,2,Miraan Bali,Finance,Accountant,93,78.19,90.77,3.7,76.85,48,4.7,15,Yes
50,No,Travel_Rarely,328,Research & Development,1,3,Medical,1,249,3,Male,86,2,1,Laboratory Technician,3,Married,3690,3425,2,Y,No,15,3,4,80,1,5,2,2,3,2,0,2,Taran Jha,IT,Cybersecurity Specialist,88,61.65,79.11,4.8,70.84,48,4.4,10,Yes
53,No,Travel_Rarely,1084,Research & Development,13,2,Medical,1,250,4,Female,57,4,2,Manufacturing Director,1,Divorced,4450,26250,1,Y,No,11,3,3,80,2,5,3,3,4,2,1,3,Anika Salvi,Marketing,Marketing Executive,74,84.7,83.71,3.9,90.73,35,4.4,18,No
33,No,Travel_Rarely,931,Research & Development,14,3,Medical,1,252,4,Female,72,3,1,Research Scientist,2,Married,2756,4673,1,Y,No,13,3,4,80,1,8,5,3,8,7,1,6,Kaira Sanghvi,Finance,Auditor,96,78.7,79.53,4.9,81.63,39,4.4,10,Yes
40,No,Travel_Rarely,989,Research & Development,4,1,Medical,1,253,4,Female,46,3,5,Manager,3,Married,19033,6499,1,Y,No,14,3,2,80,1,21,2,3,20,8,9,9,Chirag Vasa,Sales,Sales Executive,83,74.01,81.97,3.4,86.9,38,3.5,8,No
55,No,Travel_Rarely,692,Research & Development,14,4,Medical,1,254,3,Male,61,4,5,Research Director,2,Single,18722,13339,8,Y,No,11,3,4,80,0,36,3,3,24,15,2,15,Pihu Chaudhuri,IT,Software Engineer,65,81.27,92.81,4.4,82.43,46,4.7,17,No
34,No,Travel_Frequently,1069,Research & Development,2,1,Life Sciences,1,256,4,Male,45,2,2,Manufacturing Director,3,Married,9547,14074,1,Y,No,17,3,3,80,0,10,2,2,10,9,1,9,Anika Sarna,Sales,Sales Executive,86,91.18,76.6,4.2,79.81,38,5.0,1,Yes
51,No,Travel_Rarely,313,Research & Development,3,3,Medical,1,258,4,Female,98,3,4,Healthcare Representative,2,Single,13734,7192,3,Y,No,18,3,3,80,0,21,6,3,7,7,1,0,Anaya Sodhi,Marketing,Content Strategist,68,92.45,91.79,3.9,78.59,48,3.4,13,No
52,No,Travel_Rarely,699,Research & Development,1,4,Life Sciences,1,259,3,Male,65,2,5,Manager,3,Married,19999,5678,0,Y,No,14,3,1,80,1,34,5,3,33,18,11,9,Gatik Chakrabarti,Finance,Financial Analyst,74,82.98,99.96,3.8,97.7,54,3.3,4,No
27,No,Travel_Rarely,894,Research & Development,9,3,Medical,1,260,4,Female,99,3,1,Research Scientist,2,Single,2279,11781,1,Y,No,16,3,4,80,0,7,2,2,7,7,0,3,Saira Dara,HR,HR Manager,68,87.95,78.03,4.5,73.83,40,4.6,29,No
35,Yes,Travel_Rarely,556,Research & Development,23,2,Life Sciences,1,261,2,Male,50,2,2,Manufacturing Director,3,Married,5916,15497,3,Y,Yes,13,3,1,80,0,8,1,3,1,0,0,1,Amira Kumer,IT,Data Analyst,83,62.79,96.12,4.0,76.85,40,4.6,12,No
43,No,Non-Travel,1344,Research & Development,7,3,Medical,1,262,4,Male,37,4,1,Research Scientist,4,Divorced,2089,5228,4,Y,No,14,3,4,80,3,7,3,4,5,4,2,2,Shalv Buch,Finance,Financial Analyst,78,60.26,85.88,3.6,94.01,36,4.9,0,No
45,No,Non-Travel,1195,Research & Development,2,2,Medical,1,264,1,Male,65,2,4,Manager,4,Married,16792,20462,9,Y,No,23,4,4,80,1,22,1,3,20,8,11,8,Amira Barad,HR,Recruitment Specialist,69,74.55,84.15,4.0,73.53,50,3.4,22,No
37,No,Travel_Rarely,290,Research & Development,21,3,Life Sciences,1,267,2,Male,65,4,1,Research Scientist,1,Married,3564,22977,1,Y,Yes,12,3,1,80,1,8,3,2,8,7,1,7,Vaibhav Ram,HR,Employee Relations,61,70.9,93.47,3.4,95.23,46,4.9,27,No
35,No,Travel_Frequently,138,Research & Development,2,3,Medical,1,269,2,Female,37,3,2,Laboratory Technician,2,Single,4425,15986,5,Y,No,11,3,4,80,0,10,5,3,6,2,1,2,Dhanush Dutta,IT,Cybersecurity Specialist,100,93.21,97.8,3.9,81.52,46,4.4,16,Yes
42,No,Non-Travel,926,Research & Development,21,2,Medical,1,270,3,Female,36,3,2,Manufacturing Director,3,Divorced,5265,16439,2,Y,No,16,3,2,80,1,11,5,3,5,3,0,2,Aayush Johal,HR,HR Manager,74,66.95,98.45,3.5,73.94,44,4.8,21,No
38,No,Travel_Rarely,1261,Research & Development,2,4,Life Sciences,1,271,4,Male,88,3,2,Manufacturing Director,3,Married,6553,7259,9,Y,No,14,3,2,80,0,14,3,3,1,0,0,0,Farhan Agarwal,Sales,Sales Executive,55,70.8,77.84,4.8,87.54,48,4.5,28,No
38,No,Travel_Rarely,1084,Research & Development,29,3,Technical Degree,1,273,4,Male,54,3,2,Manufacturing Director,4,Married,6261,4185,3,Y,No,18,3,1,80,1,9,3,1,7,7,1,7,Ira Mani,Finance,Accountant,58,65.24,81.69,3.8,79.55,46,4.5,21,No
27,No,Travel_Frequently,472,Research & Development,1,1,Technical Degree,1,274,3,Male,60,2,2,Manufacturing Director,1,Married,4298,9679,5,Y,No,19,3,3,80,1,6,1,3,2,2,2,0,Bhavin Gandhi,Sales,Sales Executive,59,93.0,86.3,3.8,80.47,55,3.7,4,No
49,No,Non-Travel,1002,Research & Development,18,4,Life Sciences,1,275,4,Male,92,3,2,Manufacturing Director,4,Divorced,6804,23793,1,Y,Yes,15,3,1,80,2,7,0,3,7,7,1,7,Anahi Sehgal,Finance,Accountant,50,78.98,88.34,4.9,96.02,49,3.3,15,No
34,No,Travel_Frequently,878,Research & Development,10,4,Medical,1,277,4,Male,43,3,1,Research Scientist,3,Divorced,3815,5972,1,Y,Yes,17,3,4,80,1,5,4,4,5,3,2,0,Anvi Johal,IT,Software Engineer,88,62.02,82.73,4.5,83.98,39,4.6,2,Yes
40,No,Travel_Rarely,905,Research & Development,19,2,Medical,1,281,3,Male,99,3,2,Laboratory Technician,4,Married,2741,16523,8,Y,Yes,15,3,3,80,1,15,2,4,7,2,3,7,Vedika Dara,HR,Recruitment Specialist,77,85.98,77.34,5.0,91.68,46,4.0,0,No
38,Yes,Travel_Rarely,1180,Research & Development,29,1,Medical,1,282,2,Male,70,3,2,Healthcare Representative,1,Married,6673,11354,7,Y,Yes,19,3,2,80,0,17,2,3,1,0,0,0,Tara Bal,Finance,Auditor,76,75.39,94.04,4.2,75.46,51,3.1,19,No
29,Yes,Travel_Rarely,121,Sales,27,3,Marketing,1,283,2,Female,35,3,3,Sales Executive,4,Married,7639,24525,1,Y,No,22,4,4,80,3,10,3,2,10,4,1,9,Navya Solanki,HR,Recruitment Specialist,68,80.11,86.73,3.9,90.48,41,4.8,5,No
22,No,Travel_Rarely,1136,Research & Development,5,3,Life Sciences,1,284,4,Male,60,4,1,Research Scientist,2,Divorced,2328,12392,1,Y,Yes,16,3,1,80,1,4,2,2,4,2,2,2,Hansh Lanka,Finance,Auditor,100,80.29,94.48,3.9,93.66,55,4.3,22,Yes
36,No,Travel_Frequently,635,Research & Development,18,1,Medical,1,286,2,Female,73,3,1,Laboratory Technician,4,Single,2153,7703,1,Y,No,13,3,1,80,0,8,2,3,8,1,1,7,Ojas Issac,Sales,Account Manager,53,82.4,89.21,3.3,93.84,54,4.2,7,No
40,No,Non-Travel,1151,Research & Development,9,5,Life Sciences,1,287,4,Male,63,2,2,Healthcare Representative,4,Married,4876,14242,9,Y,No,14,3,4,80,1,5,5,1,3,2,0,2,Jhanvi Mahal,Sales,Sales Executive,87,75.97,83.78,3.1,87.26,46,3.7,9,No
46,No,Travel_Rarely,644,Research & Development,1,4,Medical,1,288,4,Male,97,3,3,Healthcare Representative,1,Divorced,9396,12368,7,Y,No,16,3,3,80,1,17,3,3,4,2,0,3,Neelofar Cheema,Finance,Accountant,84,61.43,96.86,3.1,75.16,37,4.4,5,No
32,Yes,Travel_Rarely,1045,Sales,4,4,Medical,1,291,4,Male,32,1,3,Sales Executive,4,Married,10400,25812,1,Y,No,11,3,3,80,0,14,2,2,14,8,9,8,Umang Bath,Finance,Auditor,81,91.37,89.07,4.0,89.4,48,3.9,20,No
30,No,Non-Travel,829,Research & Development,1,1,Life Sciences,1,292,3,Male,88,2,3,Manufacturing Director,3,Single,8474,20925,1,Y,No,22,4,3,80,0,12,2,3,11,8,5,8,Chirag Jhaveri,IT,Cybersecurity Specialist,76,76.35,85.76,4.8,85.23,43,4.5,1,No
27,No,Travel_Frequently,1242,Sales,20,3,Life Sciences,1,293,4,Female,90,3,2,Sales Executive,3,Single,9981,12916,1,Y,No,14,3,4,80,0,7,2,3,7,7,0,7,Rasha Buch,HR,Employee Relations,77,73.63,86.19,3.9,78.49,37,3.6,16,No
51,No,Travel_Rarely,1469,Research & Development,8,4,Life Sciences,1,296,2,Male,81,2,3,Research Director,2,Married,12490,15736,5,Y,No,16,3,4,80,2,16,5,1,10,9,4,7,Nishith Dara,IT,Cybersecurity Specialist,52,84.92,81.84,4.3,84.0,46,4.3,7,No
30,Yes,Travel_Rarely,1005,Research & Development,3,3,Technical Degree,1,297,4,Female,88,3,1,Research Scientist,1,Single,2657,8556,5,Y,Yes,11,3,3,80,0,8,5,3,5,2,0,4,Bhavin Singhal,Marketing,Marketing Executive,70,75.89,84.86,3.9,97.51,51,3.4,11,No
41,No,Travel_Rarely,896,Sales,6,3,Life Sciences,1,298,4,Female,75,3,3,Manager,4,Single,13591,14674,3,Y,Yes,18,3,3,80,0,16,3,3,1,0,0,0,Pihu Soman,HR,HR Manager,84,87.54,80.8,4.5,89.24,47,3.7,6,No
30,Yes,Travel_Frequently,334,Sales,26,4,Marketing,1,299,3,Female,52,2,2,Sales Executive,1,Single,6696,22967,5,Y,No,15,3,3,80,0,9,5,2,6,3,0,1,Elakshi Sant,IT,Data Analyst,78,68.09,76.99,3.2,77.48,43,4.4,8,No
29,Yes,Travel_Rarely,992,Research & Development,1,3,Technical Degree,1,300,3,Male,85,3,1,Research Scientist,3,Single,2058,19757,0,Y,No,14,3,4,80,0,7,1,2,6,2,1,5,Ahana  Kanda,Sales,Business Development,50,76.79,95.84,4.8,89.64,53,3.5,9,No
45,No,Non-Travel,1052,Sales,6,3,Medical,1,302,4,Female,57,2,3,Sales Executive,4,Single,8865,16840,6,Y,No,12,3,4,80,0,23,2,3,19,7,12,8,Jayesh Bala,HR,Employee Relations,72,70.47,84.32,4.7,98.73,51,3.7,28,No
54,No,Travel_Rarely,1147,Sales,3,3,Marketing,1,303,4,Female,52,3,2,Sales Executive,1,Married,5940,17011,2,Y,No,14,3,4,80,1,16,4,3,6,2,0,5,Ela Ghose,Sales,Sales Executive,50,79.26,92.74,4.2,99.48,37,4.9,3,No
36,No,Travel_Rarely,1396,Research & Development,5,2,Life Sciences,1,304,4,Male,62,3,2,Laboratory Technician,2,Single,5914,9945,8,Y,No,16,3,4,80,0,16,3,4,13,11,3,7,Hansh Badal,Finance,Accountant,91,74.97,82.44,4.9,82.18,44,3.1,3,No
33,No,Travel_Rarely,147,Research & Development,4,4,Medical,1,305,3,Female,47,2,1,Research Scientist,2,Married,2622,13248,6,Y,No,21,4,4,80,0,7,3,3,3,2,1,1,Mehul Maharaj,Marketing,Content Strategist,100,74.32,95.0,4.2,76.51,55,4.0,1,No
37,No,Travel_Frequently,663,Research & Development,11,3,Other,1,306,2,Male,47,3,3,Research Director,4,Divorced,12185,10056,1,Y,Yes,14,3,3,80,3,10,1,3,10,8,0,7,Ayesha Dugal,Marketing,Content Strategist,74,70.93,81.05,3.5,92.34,50,3.7,1,No
38,No,Travel_Rarely,119,Sales,3,3,Life Sciences,1,307,1,Male,76,3,3,Sales Executive,3,Divorced,10609,9647,0,Y,No,12,3,3,80,2,17,6,2,16,10,5,13,Vaibhav Banik,IT,Data Analyst,57,86.05,87.22,3.3,73.3,53,3.9,27,No
31,No,Non-Travel,979,Research & Development,1,4,Medical,1,308,3,Male,90,1,2,Manufacturing Director,3,Married,4345,4381,0,Y,No,12,3,4,80,1,6,2,3,5,4,1,4,Mamooty Kalita,Sales,Business Development,82,65.11,93.76,4.1,94.66,55,4.9,14,No
59,No,Travel_Rarely,142,Research & Development,3,3,Life Sciences,1,309,3,Male,70,2,1,Research Scientist,4,Married,2177,8456,3,Y,No,17,3,1,80,1,7,6,3,1,0,0,0,Ahana  Kapadia,IT,Cybersecurity Specialist,75,87.45,87.0,3.9,98.72,38,4.0,30,No
37,No,Travel_Frequently,319,Sales,4,4,Marketing,1,311,1,Male,41,3,1,Sales Representative,4,Divorced,2793,2539,4,Y,No,17,3,3,80,1,13,2,3,9,8,5,8,Charvi Goyal,HR,Recruitment Specialist,55,91.12,99.86,3.9,86.13,38,3.4,25,No
29,No,Travel_Frequently,1413,Sales,1,1,Medical,1,312,2,Female,42,3,3,Sales Executive,4,Married,7918,6599,1,Y,No,14,3,4,80,1,11,5,3,11,10,4,1,Aarush Rau,HR,HR Manager,58,74.11,92.12,4.7,85.23,49,3.5,11,No
35,No,Travel_Frequently,944,Sales,1,3,Marketing,1,314,3,Female,92,3,3,Sales Executive,3,Single,8789,9096,1,Y,No,14,3,1,80,0,10,3,4,10,7,0,8,Aaina Bath,Finance,Accountant,90,75.12,92.11,4.1,72.44,39,4.9,24,Yes
29,Yes,Travel_Rarely,896,Research & Development,18,1,Medical,1,315,3,Male,86,2,1,Research Scientist,4,Single,2389,14961,1,Y,Yes,13,3,3,80,0,4,3,2,4,3,0,1,Fateh Master,Sales,Account Manager,60,61.9,89.02,4.9,94.18,46,4.7,23,No
52,No,Travel_Rarely,1323,Research & Development,2,3,Life Sciences,1,316,3,Female,89,2,1,Laboratory Technician,4,Single,3212,3300,7,Y,No,15,3,2,80,0,6,3,2,2,2,2,2,Vivaan Savant,IT,Software Engineer,100,76.01,77.34,4.9,82.52,46,4.5,14,Yes
42,No,Travel_Rarely,532,Research & Development,4,2,Technical Degree,1,319,3,Male,58,3,5,Manager,4,Married,19232,4933,1,Y,No,11,3,4,80,0,22,3,3,22,17,11,15,Gatik Ramesh,Finance,Financial Analyst,64,86.28,96.12,4.0,80.18,35,4.1,23,No
59,No,Travel_Rarely,818,Human Resources,6,2,Medical,1,321,2,Male,52,3,1,Human Resources,3,Married,2267,25657,8,Y,No,17,3,4,80,0,7,2,2,2,2,2,2,Divyansh Taneja,Sales,Business Development,71,65.37,80.68,3.9,98.37,46,4.2,2,No
50,No,Travel_Rarely,854,Sales,1,4,Medical,1,323,4,Female,68,3,5,Manager,4,Divorced,19517,24118,3,Y,No,11,3,3,80,1,32,3,2,7,0,0,6,Fateh Chauhan,Finance,Auditor,95,81.0,87.11,4.4,70.09,43,3.7,16,No
33,Yes,Travel_Rarely,813,Research & Development,14,3,Medical,1,325,3,Male,58,3,1,Laboratory Technician,4,Married,2436,22149,5,Y,Yes,13,3,3,80,1,8,2,1,5,4,0,4,Nirvaan Shan,HR,Employee Relations,70,62.89,79.18,3.3,94.31,55,4.1,3,No
43,No,Travel_Rarely,1034,Sales,16,3,Marketing,1,327,4,Female,80,3,4,Manager,4,Married,16064,7744,5,Y,Yes,22,4,3,80,1,22,3,3,17,13,1,9,Miraya Sastry,Finance,Financial Analyst,74,84.19,83.06,3.8,85.99,38,3.9,22,No
33,Yes,Travel_Rarely,465,Research & Development,2,2,Life Sciences,1,328,1,Female,39,3,1,Laboratory Technician,1,Married,2707,21509,7,Y,No,20,4,1,80,0,13,3,4,9,7,1,7,Adah Kumer,Marketing,Content Strategist,61,85.39,81.39,4.3,91.99,42,3.7,12,No
52,No,Non-Travel,771,Sales,2,4,Life Sciences,1,329,1,Male,79,2,5,Manager,3,Single,19068,21030,1,Y,Yes,18,3,4,80,0,33,2,4,33,7,15,12,Darshit Kanda,Finance,Accountant,78,79.94,77.57,4.0,91.28,53,3.2,12,No
32,No,Travel_Rarely,1401,Sales,4,2,Life Sciences,1,330,3,Female,56,3,1,Sales Representative,2,Married,3931,20990,2,Y,No,11,3,1,80,1,6,5,3,4,3,1,2,Priyansh Sabharwal,Sales,Business Development,78,67.37,77.56,3.3,96.98,47,3.4,8,No
32,Yes,Travel_Rarely,515,Research & Development,1,3,Life Sciences,1,331,4,Male,62,2,1,Laboratory Technician,3,Single,3730,9571,0,Y,Yes,14,3,4,80,0,4,2,1,3,2,1,2,Jayant Krish,Marketing,SEO Specialist,94,89.9,94.62,4.6,79.69,46,4.6,25,Yes
39,No,Travel_Rarely,1431,Research & Development,1,4,Medical,1,332,3,Female,96,3,1,Laboratory Technician,3,Divorced,2232,15417,7,Y,No,14,3,3,80,3,7,1,3,3,2,1,2,Indrans Luthra,Marketing,Marketing Executive,74,80.06,82.16,4.7,90.64,50,4.1,2,No
32,No,Non-Travel,976,Sales,26,4,Marketing,1,333,3,Male,100,3,2,Sales Executive,4,Married,4465,12069,0,Y,No,18,3,1,80,0,4,2,3,3,2,2,2,Badal D’Alia,Marketing,SEO Specialist,61,94.29,96.61,4.3,84.12,37,3.8,4,No
41,No,Travel_Rarely,1411,Research & Development,19,2,Life Sciences,1,334,3,Male,36,3,2,Research Scientist,1,Divorced,3072,19877,2,Y,No,16,3,1,80,2,17,2,2,1,0,0,0,Alisha Maharaj,Sales,Account Manager,81,79.43,97.97,4.3,78.47,43,4.0,13,No
40,No,Travel_Rarely,1300,Research & Development,24,2,Technical Degree,1,335,1,Male,62,3,2,Research Scientist,4,Divorced,3319,24447,1,Y,No,17,3,1,80,2,9,3,3,9,8,4,7,Riaan Dutta,Finance,Auditor,52,65.82,88.38,3.3,71.97,41,3.4,7,No
45,No,Travel_Rarely,252,Research & Development,1,3,Other,1,336,3,Male,70,4,5,Manager,4,Married,19202,15970,0,Y,No,11,3,3,80,1,25,2,3,24,0,1,7,Mehul Chaudry,HR,Employee Relations,62,63.61,99.6,3.6,74.46,49,4.0,3,No
31,No,Travel_Frequently,1327,Research & Development,3,4,Medical,1,337,2,Male,73,3,3,Research Director,3,Divorced,13675,13523,9,Y,No,12,3,1,80,1,9,3,3,2,2,2,2,Lakshay Chada,HR,Recruitment Specialist,76,82.21,75.3,4.6,77.43,38,3.7,1,No
33,No,Travel_Rarely,832,Research & Development,5,4,Life Sciences,1,338,3,Female,63,2,1,Research Scientist,4,Married,2911,14776,1,Y,No,13,3,3,80,1,2,2,2,2,2,0,2,Kashvi Bumb,IT,Software Engineer,57,60.09,98.14,5.0,95.6,50,3.2,21,No
34,No,Travel_Rarely,470,Research & Development,2,4,Life Sciences,1,339,4,Male,84,2,2,Manufacturing Director,1,Married,5957,23687,6,Y,No,13,3,2,80,1,13,3,3,11,9,5,9,Suhana Gour,IT,Cybersecurity Specialist,66,89.78,98.55,4.6,96.44,44,4.5,26,No
37,No,Travel_Rarely,1017,Research & Development,1,2,Medical,1,340,3,Female,83,2,1,Research Scientist,1,Married,3920,18697,2,Y,No,14,3,1,80,1,17,2,2,3,1,0,2,Jivika Karan,IT,Software Engineer,69,89.93,82.56,4.9,97.05,54,4.1,0,No
45,No,Travel_Frequently,1199,Research & Development,7,4,Life Sciences,1,341,1,Male,77,4,2,Manufacturing Director,3,Married,6434,5118,4,Y,No,17,3,4,80,1,9,1,3,3,2,0,2,Pari Gola,Finance,Financial Analyst,61,66.56,85.89,4.3,99.75,53,3.3,18,No
37,Yes,Travel_Frequently,504,Research & Development,10,3,Medical,1,342,1,Male,61,3,3,Manufacturing Director,3,Divorced,10048,22573,6,Y,No,11,3,2,80,2,17,5,3,1,0,0,0,Zain Banerjee,Marketing,Marketing Executive,87,65.39,95.04,4.6,93.22,51,4.5,16,Yes
39,No,Travel_Frequently,505,Research & Development,2,4,Technical Degree,1,343,3,Female,64,3,3,Healthcare Representative,3,Single,10938,6420,0,Y,No,25,4,4,80,0,20,1,3,19,6,11,8,Vardaniya Dey,Sales,Sales Executive,59,70.92,82.95,4.6,88.65,42,4.5,5,No
29,No,Travel_Rarely,665,Research & Development,15,3,Life Sciences,1,346,3,Male,60,3,1,Research Scientist,4,Single,2340,22673,1,Y,No,19,3,1,80,0,6,1,3,6,5,1,5,Kismat Kant,HR,Employee Relations,81,81.49,88.19,3.8,77.48,48,3.4,9,No
42,No,Travel_Rarely,916,Research & Development,17,2,Life Sciences,1,347,4,Female,82,4,2,Research Scientist,1,Single,6545,23016,3,Y,Yes,13,3,3,80,0,10,1,3,3,2,0,2,Kashvi Ahuja,Finance,Accountant,77,72.56,86.28,5.0,73.47,35,3.3,5,No
29,No,Travel_Rarely,1247,Sales,20,2,Marketing,1,349,4,Male,45,3,2,Sales Executive,4,Divorced,6931,10732,2,Y,No,14,3,4,80,1,10,2,3,3,2,0,2,Hrishita Guha,Finance,Financial Analyst,77,85.41,96.32,3.4,79.38,40,3.4,0,No
25,No,Travel_Rarely,685,Research & Development,1,3,Life Sciences,1,350,1,Female,62,3,2,Manufacturing Director,3,Married,4898,7505,0,Y,No,12,3,4,80,2,5,3,3,4,2,1,2,Ritvik Kar,IT,Software Engineer,68,90.72,78.87,4.3,74.82,48,3.5,14,No
42,No,Travel_Rarely,269,Research & Development,2,3,Medical,1,351,4,Female,56,2,1,Laboratory Technician,1,Divorced,2593,8007,0,Y,Yes,11,3,3,80,1,10,4,3,9,6,7,8,Kartik Randhawa,HR,Recruitment Specialist,80,90.9,79.01,4.2,92.52,37,4.0,4,No
40,No,Travel_Rarely,1416,Research & Development,2,2,Medical,1,352,1,Male,49,3,5,Research Director,3,Divorced,19436,5949,0,Y,No,19,3,4,80,1,22,5,3,21,7,3,9,Aaina Chauhan,IT,Software Engineer,93,71.17,85.89,4.6,94.33,51,3.7,0,No
51,No,Travel_Rarely,833,Research & Development,1,3,Life Sciences,1,353,3,Male,96,3,1,Research Scientist,4,Married,2723,23231,1,Y,No,11,3,2,80,0,1,0,2,1,0,0,0,Dhanuk Dutta,Finance,Accountant,92,61.93,89.57,3.4,80.95,37,3.0,13,No
31,Yes,Travel_Frequently,307,Research & Development,29,2,Medical,1,355,3,Male,71,2,1,Laboratory Technician,2,Single,3479,11652,0,Y,No,11,3,2,80,0,6,2,4,5,4,1,4,Fateh Yadav,Finance,Accountant,88,60.06,88.87,4.1,99.9,53,3.8,11,No
32,No,Travel_Frequently,1311,Research & Development,7,3,Life Sciences,1,359,2,Male,100,4,1,Laboratory Technician,2,Married,2794,26062,1,Y,No,20,4,3,80,0,5,3,1,5,1,0,3,Madhup Grover,HR,Employee Relations,52,67.48,99.94,3.8,81.24,38,4.7,7,No
38,No,Non-Travel,1327,Sales,2,2,Life Sciences,1,361,4,Male,39,2,2,Sales Executive,4,Married,5249,19682,3,Y,No,18,3,4,80,1,13,0,3,8,7,7,5,Anika Rout,Sales,Account Manager,72,61.0,85.17,4.4,76.67,55,3.9,30,No
32,No,Travel_Rarely,128,Research & Development,2,1,Technical Degree,1,362,4,Male,84,2,2,Laboratory Technician,1,Single,2176,19737,4,Y,No,13,3,4,80,0,9,5,3,6,2,0,4,Nehmat Sarraf,IT,Cybersecurity Specialist,70,64.87,96.29,4.1,72.16,43,4.7,0,No
46,No,Travel_Rarely,488,Sales,2,3,Technical Degree,1,363,3,Female,75,1,4,Manager,2,Married,16872,14977,3,Y,Yes,12,3,2,80,1,28,2,2,7,7,7,7,Divij Dhar,Finance,Financial Analyst,75,64.56,79.04,4.9,75.51,47,3.5,26,No
28,Yes,Travel_Rarely,529,Research & Development,2,4,Life Sciences,1,364,1,Male,79,3,1,Laboratory Technician,3,Single,3485,14935,2,Y,No,11,3,3,80,0,5,5,1,0,0,0,0,Rania Kapadia,Sales,Sales Executive,99,74.47,93.27,3.5,89.08,55,4.1,18,Yes
29,No,Travel_Rarely,1210,Sales,2,3,Medical,1,366,1,Male,78,2,2,Sales Executive,2,Married,6644,3687,2,Y,No,19,3,2,80,2,10,2,3,0,0,0,0,Himmat Walla,Marketing,Content Strategist,53,65.51,75.84,3.4,70.65,52,3.9,30,No
31,No,Travel_Rarely,1463,Research & Development,23,3,Medical,1,367,2,Male,64,2,2,Healthcare Representative,4,Married,5582,14408,0,Y,No,21,4,2,80,1,10,2,3,9,0,7,8,Divyansh Mane,Marketing,Content Strategist,81,88.09,96.21,5.0,70.4,36,4.0,2,No
25,No,Non-Travel,675,Research & Development,5,2,Life Sciences,1,369,2,Male,85,4,2,Healthcare Representative,1,Divorced,4000,18384,1,Y,No,12,3,4,80,2,6,2,3,6,3,1,5,Sahil Sodhi,Marketing,SEO Specialist,66,86.75,81.42,4.4,91.19,44,3.1,21,No
45,No,Travel_Rarely,1385,Research & Development,20,2,Medical,1,372,3,Male,79,3,4,Healthcare Representative,4,Married,13496,7501,0,Y,Yes,14,3,2,80,0,21,2,3,20,7,4,10,Ahana  Bala,Marketing,SEO Specialist,65,74.19,96.86,4.8,77.15,43,3.6,24,No
36,No,Travel_Rarely,1403,Research & Development,6,3,Life Sciences,1,373,4,Male,47,3,1,Laboratory Technician,4,Married,3210,20251,0,Y,No,11,3,3,80,1,16,4,3,15,13,10,11,Onkar Bedi,Marketing,SEO Specialist,92,79.7,91.54,4.8,91.91,35,3.7,30,No
55,No,Travel_Rarely,452,Research & Development,1,3,Medical,1,374,4,Male,81,3,5,Manager,1,Single,19045,18938,0,Y,Yes,14,3,3,80,0,37,2,3,36,10,4,13,Kanav Mammen,Sales,Sales Executive,84,68.25,84.86,3.5,78.2,51,5.0,0,No
47,Yes,Non-Travel,666,Research & Development,29,4,Life Sciences,1,376,1,Male,88,3,3,Manager,2,Married,11849,10268,1,Y,Yes,12,3,4,80,1,10,2,2,10,7,9,9,Veer Mannan,Marketing,Marketing Executive,81,91.98,98.62,4.6,78.97,35,3.9,16,No
28,No,Travel_Rarely,1158,Research & Development,9,3,Medical,1,377,4,Male,94,3,1,Research Scientist,4,Married,2070,2613,1,Y,No,23,4,4,80,1,5,3,2,5,2,0,4,Adira Raman,Finance,Accountant,83,84.46,95.99,3.1,76.63,41,3.4,21,No
37,No,Travel_Rarely,228,Sales,6,4,Medical,1,378,3,Male,98,3,2,Sales Executive,4,Married,6502,22825,4,Y,No,14,3,2,80,1,7,5,4,5,4,0,1,Advika Shetty,IT,Software Engineer,88,81.96,96.31,3.0,71.65,45,3.1,3,No
21,No,Travel_Rarely,996,Research & Development,3,2,Medical,1,379,4,Male,100,2,1,Research Scientist,3,Single,3230,10531,1,Y,No,17,3,1,80,0,3,4,4,3,2,1,0,Charvi Kara,IT,Data Analyst,59,92.38,87.85,4.7,80.24,51,4.8,21,No
37,No,Non-Travel,728,Research & Development,1,4,Medical,1,380,1,Female,80,3,3,Research Director,4,Divorced,13603,11677,2,Y,Yes,18,3,1,80,2,15,2,3,5,2,0,2,Adah Ravi,IT,Cybersecurity Specialist,70,70.16,83.93,3.1,89.11,51,3.1,21,No
35,No,Travel_Rarely,1315,Research & Development,22,3,Life Sciences,1,381,2,Female,71,4,3,Manager,2,Divorced,11996,19100,7,Y,No,18,3,2,80,1,10,6,2,7,7,6,2,Hridaan Soman,Marketing,Marketing Executive,69,68.07,98.6,3.8,72.8,48,3.9,30,No
38,No,Travel_Rarely,322,Sales,7,2,Medical,1,382,1,Female,44,4,2,Sales Executive,1,Divorced,5605,19191,1,Y,Yes,24,4,3,80,1,8,3,3,8,0,7,7,Kartik Banik,Sales,Sales Executive,80,65.2,84.5,4.1,78.03,52,4.4,0,No
26,No,Travel_Frequently,1479,Research & Development,1,3,Life Sciences,1,384,3,Female,84,3,2,Manufacturing Director,2,Divorced,6397,26767,1,Y,No,20,4,1,80,1,6,6,1,6,5,1,4,Lakshay Hans,Marketing,SEO Specialist,73,67.95,76.32,3.3,74.11,51,3.7,20,No
50,No,Travel_Rarely,797,Research & Development,4,1,Life Sciences,1,385,1,Male,96,3,5,Research Director,2,Divorced,19144,15815,3,Y,No,14,3,1,80,2,28,4,2,10,4,1,6,Kiara Baria,HR,HR Manager,63,77.68,82.55,4.2,90.01,45,3.2,21,No
53,No,Travel_Rarely,1070,Research & Development,3,4,Medical,1,386,3,Male,45,3,4,Research Director,3,Married,17584,21016,3,Y,Yes,16,3,4,80,3,21,5,2,5,3,1,3,Anahi Rana,Marketing,Content Strategist,50,61.67,97.48,3.6,73.15,47,4.5,21,No
42,No,Travel_Rarely,635,Sales,1,1,Life Sciences,1,387,2,Male,99,3,2,Sales Executive,3,Married,4907,24532,1,Y,No,25,4,3,80,0,20,3,3,20,16,11,6,Amira Bhattacharyya,Sales,Business Development,53,63.6,90.8,4.4,92.77,42,4.0,17,No
29,No,Travel_Frequently,442,Sales,2,2,Life Sciences,1,388,2,Male,44,3,2,Sales Executive,4,Single,4554,20260,1,Y,No,18,3,1,80,0,10,3,2,10,7,0,9,Neelofar Singhal,HR,HR Manager,54,92.36,82.11,4.0,70.09,50,3.7,18,No
55,No,Travel_Rarely,147,Research & Development,20,2,Technical Degree,1,389,2,Male,37,3,2,Laboratory Technician,4,Married,5415,15972,3,Y,Yes,19,3,4,80,1,12,4,3,10,7,0,8,Pari Bora,Marketing,Content Strategist,84,67.44,79.15,4.8,70.8,48,4.7,19,No
26,No,Travel_Frequently,496,Research & Development,11,2,Medical,1,390,1,Male,60,3,2,Healthcare Representative,1,Married,4741,22722,1,Y,Yes,13,3,3,80,1,5,3,3,5,3,3,3,Heer Manda,Finance,Accountant,94,91.53,88.58,4.4,91.0,41,3.6,16,No
37,No,Travel_Rarely,1372,Research & Development,1,3,Life Sciences,1,391,4,Female,42,3,1,Research Scientist,4,Single,2115,15881,1,Y,No,12,3,2,80,0,17,3,3,17,12,5,7,Aradhya Rastogi,Sales,Business Development,51,60.44,99.05,4.7,71.23,42,3.3,4,No
44,Yes,Travel_Frequently,920,Research & Development,24,3,Life Sciences,1,392,4,Male,43,3,1,Laboratory Technician,3,Divorced,3161,19920,3,Y,Yes,22,4,4,80,1,19,0,1,1,0,0,0,Prisha Ghose,Marketing,SEO Specialist,52,68.72,97.3,3.6,90.3,46,4.8,8,No
38,No,Travel_Rarely,688,Research & Development,23,4,Life Sciences,1,393,4,Male,82,3,2,Healthcare Representative,4,Divorced,5745,18899,9,Y,No,14,3,2,80,1,10,2,3,2,2,1,2,Uthkarsh Chaudhari,Finance,Financial Analyst,60,75.4,82.03,4.6,76.18,45,3.4,25,No
26,Yes,Travel_Rarely,1449,Research & Development,16,4,Medical,1,394,1,Male,45,3,1,Laboratory Technician,2,Divorced,2373,14180,2,Y,Yes,13,3,4,80,1,5,2,3,3,2,0,2,Zaina Bhattacharyya,HR,Recruitment Specialist,50,63.52,75.13,4.4,71.86,41,3.4,21,No
28,No,Travel_Rarely,1117,Research & Development,8,2,Life Sciences,1,395,4,Female,66,3,1,Research Scientist,4,Single,3310,4488,1,Y,No,21,4,4,80,0,5,3,3,5,3,0,2,Zain Samra,Sales,Account Manager,89,60.81,83.85,3.0,76.8,40,3.8,11,No
49,No,Travel_Frequently,636,Research & Development,10,4,Life Sciences,1,396,3,Female,35,3,5,Research Director,1,Single,18665,25594,9,Y,Yes,11,3,4,80,0,22,4,3,3,2,1,2,Nishith Rajagopal,HR,Recruitment Specialist,61,91.65,78.77,3.4,96.25,47,4.5,0,No
36,No,Travel_Rarely,506,Research & Development,3,3,Technical Degree,1,397,3,Male,30,3,2,Research Scientist,2,Single,4485,26285,4,Y,No,12,3,4,80,0,10,2,3,8,0,7,7,Kavya Gara,HR,Employee Relations,54,90.6,75.48,3.2,81.24,44,3.5,28,No
31,No,Travel_Frequently,444,Sales,5,3,Marketing,1,399,4,Female,84,3,1,Sales Representative,2,Divorced,2789,3909,1,Y,No,11,3,3,80,1,2,5,2,2,2,2,2,Arnav Bhatnagar,Finance,Financial Analyst,100,76.12,85.91,4.5,97.24,53,4.4,15,Yes
26,Yes,Travel_Rarely,950,Sales,4,4,Marketing,1,401,4,Male,48,2,2,Sales Executive,4,Single,5828,8450,1,Y,Yes,12,3,2,80,0,8,0,3,8,7,7,4,Ayesha Dave,Finance,Financial Analyst,66,70.86,91.27,3.2,74.12,49,3.2,4,No
37,No,Travel_Frequently,889,Research & Development,9,3,Medical,1,403,2,Male,53,3,1,Research Scientist,4,Married,2326,11411,1,Y,Yes,12,3,3,80,3,4,3,2,4,2,1,2,Rati Loke,Sales,Account Manager,85,68.22,81.55,4.1,93.93,43,3.6,26,No
42,No,Travel_Frequently,555,Sales,26,3,Marketing,1,404,3,Female,77,3,4,Sales Executive,2,Married,13525,14864,5,Y,No,14,3,4,80,1,23,2,4,20,4,4,8,Farhan Chada,IT,Software Engineer,61,85.46,76.82,3.5,90.11,39,4.2,10,No
18,Yes,Travel_Rarely,230,Research & Development,3,3,Life Sciences,1,405,3,Male,54,3,1,Laboratory Technician,3,Single,1420,25233,1,Y,No,13,3,3,80,0,0,2,3,0,0,0,0,Zeeshan Bajaj,Sales,Account Manager,90,60.8,80.94,3.3,99.48,49,4.6,2,Yes
35,No,Travel_Rarely,1232,Sales,16,3,Marketing,1,406,3,Male,96,3,3,Sales Executive,2,Married,8020,5100,0,Y,No,15,3,3,80,2,12,3,2,11,9,6,9,Nishith Rout,IT,Cybersecurity Specialist,74,81.45,97.57,3.2,79.58,46,4.6,12,No
36,No,Travel_Frequently,566,Research & Development,18,4,Life Sciences,1,407,3,Male,81,4,1,Laboratory Technician,4,Married,3688,7122,4,Y,No,18,3,4,80,2,4,2,3,1,0,0,0,Shalv Bajaj,IT,Data Analyst,52,87.45,82.72,4.5,86.22,39,4.0,13,No
51,No,Travel_Rarely,1302,Research & Development,2,3,Medical,1,408,4,Male,84,1,2,Manufacturing Director,2,Divorced,5482,16321,5,Y,No,18,3,4,80,1,13,3,3,4,1,1,2,Sara Kaul,Marketing,Content Strategist,93,83.62,95.61,3.5,97.75,41,4.2,4,Yes
41,No,Travel_Rarely,334,Sales,2,4,Life Sciences,1,410,4,Male,88,3,4,Manager,2,Single,16015,15896,1,Y,No,19,3,2,80,0,22,2,3,22,10,0,4,Hansh Samra,IT,Cybersecurity Specialist,61,63.77,98.57,3.3,78.33,39,3.5,18,No
18,No,Travel_Rarely,812,Sales,10,3,Medical,1,411,4,Female,69,2,1,Sales Representative,3,Single,1200,9724,1,Y,No,12,3,1,80,0,0,2,3,0,0,0,0,Jayan Tiwari,IT,Software Engineer,85,80.56,88.51,3.2,84.48,48,4.6,3,No
28,No,Travel_Rarely,1476,Research & Development,16,2,Medical,1,412,2,Male,68,4,2,Healthcare Representative,1,Single,5661,4824,0,Y,No,19,3,3,80,0,9,2,3,8,3,0,7,Myra Balasubramanian,HR,Recruitment Specialist,62,61.09,83.79,4.2,96.51,38,5.0,2,No
31,No,Travel_Rarely,218,Sales,7,3,Technical Degree,1,416,2,Male,100,4,2,Sales Executive,4,Married,6929,12241,4,Y,No,11,3,2,80,1,10,3,2,8,7,7,7,Khushi Soman,Sales,Sales Executive,63,73.03,84.32,4.9,93.75,42,3.5,21,No
39,No,Travel_Rarely,1132,Research & Development,1,3,Medical,1,417,3,Male,48,4,3,Healthcare Representative,4,Divorced,9613,10942,0,Y,No,17,3,1,80,3,19,5,2,18,10,3,7,Jiya Grover,Sales,Business Development,95,79.56,89.58,4.5,93.55,55,4.9,4,Yes
36,No,Non-Travel,1105,Research & Development,24,4,Life Sciences,1,419,2,Female,47,3,2,Laboratory Technician,2,Married,5674,6927,7,Y,No,15,3,3,80,1,11,3,3,9,8,0,8,Tiya Boase,Finance,Auditor,90,89.16,98.13,4.5,81.51,38,3.1,24,No
32,No,Travel_Rarely,906,Sales,7,3,Life Sciences,1,420,4,Male,91,2,2,Sales Executive,3,Married,5484,16985,1,Y,No,14,3,3,80,1,13,3,2,13,8,4,8,Veer Ghose,Sales,Business Development,66,82.73,96.64,4.4,96.94,42,4.3,14,No
38,No,Travel_Rarely,849,Research & Development,25,2,Life Sciences,1,421,1,Female,81,2,3,Research Director,2,Married,12061,26707,3,Y,No,17,3,3,80,1,19,2,3,10,8,0,1,Nishith Devi,Marketing,Content Strategist,57,68.65,91.12,3.6,81.25,54,4.8,14,No
58,No,Non-Travel,390,Research & Development,1,4,Life Sciences,1,422,4,Male,32,1,2,Healthcare Representative,3,Divorced,5660,17056,2,Y,Yes,13,3,4,80,1,12,2,3,5,3,1,2,Saanvi Sarkar,Finance,Accountant,54,77.79,87.8,4.0,72.05,39,4.2,3,No
31,No,Travel_Rarely,691,Research & Development,5,4,Technical Degree,1,423,3,Male,86,3,1,Research Scientist,4,Married,4821,10077,0,Y,Yes,12,3,3,80,1,6,4,3,5,2,0,3,Ayesha Tata,IT,Software Engineer,79,81.86,94.45,4.4,80.84,40,4.8,20,No
31,No,Travel_Rarely,106,Human Resources,2,3,Human Resources,1,424,1,Male,62,2,2,Human Resources,1,Married,6410,17822,3,Y,No,12,3,4,80,0,9,1,3,2,2,1,0,Fateh Venkatesh,IT,Cybersecurity Specialist,59,70.76,76.73,3.8,83.76,50,4.4,19,No
45,No,Travel_Frequently,1249,Research & Development,7,3,Life Sciences,1,425,1,Male,97,3,3,Laboratory Technician,1,Divorced,5210,20308,1,Y,No,18,3,1,80,1,24,2,3,24,9,9,11,Mamooty Dasgupta,Finance,Financial Analyst,62,93.13,87.09,4.7,92.25,39,4.8,30,No
31,No,Travel_Rarely,192,Research & Development,2,4,Life Sciences,1,426,3,Male,32,3,1,Research Scientist,4,Divorced,2695,7747,0,Y,Yes,18,3,2,80,1,3,2,1,2,2,2,2,Nitara Sharaf,IT,Data Analyst,61,86.1,91.63,4.2,96.49,43,4.4,18,No
33,No,Travel_Frequently,553,Research & Development,5,4,Life Sciences,1,428,4,Female,74,3,3,Manager,2,Married,11878,23364,6,Y,No,11,3,2,80,2,12,2,3,10,6,8,8,Nishith Koshy,HR,Recruitment Specialist,89,94.92,96.61,4.2,76.22,54,3.7,9,No
39,No,Travel_Rarely,117,Research & Development,10,1,Medical,1,429,3,Male,99,3,4,Manager,1,Married,17068,5355,1,Y,Yes,14,3,4,80,0,21,3,3,21,9,11,10,Neysa Ramakrishnan,Sales,Business Development,66,69.64,91.97,3.8,81.79,49,5.0,5,No
43,No,Travel_Frequently,185,Research & Development,10,4,Life Sciences,1,430,3,Female,33,3,1,Laboratory Technician,4,Single,2455,10675,0,Y,No,19,3,1,80,0,9,5,3,8,7,1,7,Lakshit Joshi,IT,Software Engineer,92,70.0,78.46,3.2,80.6,53,4.0,5,No
49,No,Travel_Rarely,1091,Research & Development,1,2,Technical Degree,1,431,3,Female,90,2,4,Healthcare Representative,3,Single,13964,17810,7,Y,Yes,12,3,4,80,0,25,2,3,7,1,0,7,Nakul Chad,Sales,Business Development,94,60.02,95.15,4.8,98.34,45,3.3,19,No
52,Yes,Travel_Rarely,723,Research & Development,8,4,Medical,1,433,3,Male,85,2,2,Research Scientist,2,Married,4941,17747,2,Y,No,15,3,1,80,0,11,3,2,8,2,7,7,Sana Sura,Marketing,Marketing Executive,85,92.01,95.36,3.1,99.51,45,3.4,25,No
27,No,Travel_Rarely,1220,Research & Development,5,3,Life Sciences,1,434,3,Female,85,3,1,Research Scientist,2,Single,2478,20938,1,Y,Yes,12,3,2,80,0,4,2,2,4,3,1,2,Dhanuk Kamdar,Sales,Sales Executive,73,72.48,85.09,4.5,76.91,38,4.2,10,No
32,No,Travel_Rarely,588,Sales,8,2,Technical Degree,1,436,3,Female,65,2,2,Sales Executive,2,Married,5228,24624,1,Y,Yes,11,3,4,80,0,13,2,3,13,12,11,9,Damini Date,Marketing,Content Strategist,89,70.39,88.22,3.9,73.09,50,3.5,13,No
27,No,Travel_Rarely,1377,Sales,2,3,Life Sciences,1,437,4,Male,74,3,2,Sales Executive,3,Single,4478,5242,1,Y,Yes,11,3,1,80,0,5,3,3,5,4,0,4,Krish Gopal,IT,Data Analyst,83,94.0,94.01,4.5,87.44,37,3.3,27,No
31,No,Travel_Rarely,691,Sales,7,3,Marketing,1,438,4,Male,73,3,2,Sales Executive,4,Divorced,7547,7143,4,Y,No,12,3,4,80,3,13,3,3,7,7,1,7,Mahika Bala,Marketing,SEO Specialist,66,69.98,87.31,3.7,80.38,35,3.1,9,No
32,No,Travel_Rarely,1018,Research & Development,2,4,Medical,1,439,1,Female,74,4,2,Research Scientist,4,Single,5055,10557,7,Y,No,16,3,3,80,0,10,0,2,7,7,0,7,Yashvi Shankar,Sales,Account Manager,95,89.63,88.48,3.4,94.0,43,3.3,4,No
28,Yes,Travel_Rarely,1157,Research & Development,2,4,Medical,1,440,1,Male,84,1,1,Research Scientist,4,Married,3464,24737,5,Y,Yes,13,3,4,80,0,5,4,2,3,2,2,2,Kartik Ramakrishnan,Marketing,SEO Specialist,68,67.7,91.21,3.2,80.79,35,4.4,21,No
30,No,Travel_Rarely,1275,Research & Development,28,2,Medical,1,441,4,Female,64,3,2,Research Scientist,4,Married,5775,11934,1,Y,No,13,3,4,80,2,11,2,3,10,8,1,9,Uthkarsh Kakar,Finance,Financial Analyst,62,91.45,94.96,4.6,72.25,47,3.8,19,No
31,No,Travel_Frequently,798,Research & Development,7,2,Life Sciences,1,442,3,Female,48,2,3,Manufacturing Director,3,Married,8943,14034,1,Y,No,24,4,1,80,1,10,2,3,10,9,8,9,Gatik Sharaf,Sales,Account Manager,51,81.52,93.68,3.1,74.3,43,5.0,10,No
39,No,Travel_Frequently,672,Research & Development,7,2,Medical,1,444,3,Male,54,2,5,Manager,4,Married,19272,21141,1,Y,No,15,3,1,80,1,21,2,3,21,9,13,3,Jivin Zachariah,Marketing,SEO Specialist,69,91.37,95.19,3.6,85.95,37,3.9,22,No
39,Yes,Travel_Rarely,1162,Sales,3,2,Medical,1,445,4,Female,41,3,2,Sales Executive,3,Married,5238,17778,4,Y,Yes,18,3,1,80,0,12,3,2,1,0,0,0,Indrajit Amble,HR,HR Manager,59,93.55,78.99,4.4,80.93,44,3.7,11,No
33,No,Travel_Frequently,508,Sales,10,3,Marketing,1,446,2,Male,46,2,2,Sales Executive,4,Single,4682,4317,3,Y,No,14,3,3,80,0,9,6,2,7,7,0,1,Zara Bahri,Marketing,SEO Specialist,97,91.43,85.54,4.6,70.77,36,4.9,18,Yes
47,No,Travel_Rarely,1482,Research & Development,5,5,Life Sciences,1,447,4,Male,42,3,5,Research Director,3,Married,18300,16375,4,Y,No,11,3,2,80,1,21,2,3,3,2,1,1,Stuvan Sahni,HR,Recruitment Specialist,56,64.45,98.82,3.8,94.33,42,3.7,11,No
43,No,Travel_Frequently,559,Research & Development,10,4,Life Sciences,1,448,3,Female,82,2,2,Laboratory Technician,3,Divorced,5257,6227,1,Y,No,11,3,2,80,1,9,3,4,9,7,0,0,Alisha Tella,IT,Data Analyst,93,70.09,81.84,4.9,83.42,47,4.8,2,Yes
27,No,Non-Travel,210,Sales,1,1,Marketing,1,449,3,Male,73,3,2,Sales Executive,2,Married,6349,22107,0,Y,Yes,13,3,4,80,1,6,0,3,5,4,1,4,Mohanlal Dayal,Finance,Accountant,76,64.75,99.45,4.5,72.12,50,4.9,26,No
54,No,Travel_Frequently,928,Research & Development,20,4,Life Sciences,1,450,4,Female,31,3,2,Research Scientist,3,Single,4869,16885,3,Y,No,12,3,4,80,0,20,4,2,4,3,0,3,Anay Kar,HR,HR Manager,58,76.24,75.29,4.2,79.83,54,3.7,13,No
43,No,Travel_Rarely,1001,Research & Development,7,3,Life Sciences,1,451,3,Female,43,3,3,Healthcare Representative,1,Married,9985,9262,8,Y,No,16,3,1,80,1,10,1,2,1,0,0,0,Khushi Rau,Marketing,SEO Specialist,72,87.36,82.37,4.5,87.96,39,3.3,20,No
45,No,Travel_Rarely,549,Research & Development,8,4,Other,1,452,4,Male,75,3,2,Research Scientist,4,Married,3697,9278,9,Y,No,14,3,1,80,2,12,3,3,10,9,9,8,Nishith Sehgal,Marketing,Marketing Executive,76,73.38,79.46,4.4,96.89,47,3.6,23,No
40,No,Travel_Rarely,1124,Sales,1,2,Medical,1,453,2,Male,57,1,2,Sales Executive,4,Married,7457,13273,2,Y,Yes,22,4,3,80,3,6,2,2,4,3,0,2,Ishita Rajagopal,Finance,Financial Analyst,68,94.41,98.53,4.3,72.07,54,4.9,1,No
29,Yes,Travel_Rarely,318,Research & Development,8,4,Other,1,454,2,Male,77,1,1,Laboratory Technician,1,Married,2119,4759,1,Y,Yes,11,3,4,80,0,7,4,2,7,7,0,7,Manjari Sami,Marketing,Content Strategist,88,85.6,77.73,3.1,85.59,37,3.4,4,No
29,No,Travel_Rarely,738,Research & Development,9,5,Other,1,455,2,Male,30,2,1,Laboratory Technician,4,Single,3983,7621,0,Y,No,17,3,3,80,0,4,2,3,3,2,2,2,Lakshay Apte,Sales,Account Manager,98,90.08,79.34,4.0,81.44,38,4.8,22,Yes
30,No,Travel_Rarely,570,Sales,5,3,Marketing,1,456,4,Female,30,2,2,Sales Executive,3,Divorced,6118,5431,1,Y,No,13,3,3,80,3,10,2,3,10,9,1,2,Tiya Acharya,IT,Data Analyst,65,74.33,79.89,4.9,91.16,40,5.0,21,No
27,No,Travel_Rarely,1130,Sales,8,4,Marketing,1,458,2,Female,56,3,2,Sales Executive,2,Married,6214,3415,1,Y,No,18,3,1,80,1,8,3,3,8,7,0,7,Divij Dada,IT,Data Analyst,86,69.84,78.65,4.8,92.09,49,3.8,0,No
37,No,Travel_Rarely,1192,Research & Development,5,2,Medical,1,460,4,Male,61,3,2,Manufacturing Director,4,Divorced,6347,23177,7,Y,No,16,3,3,80,2,8,2,2,6,2,0,4,Badal Mangat,IT,Software Engineer,51,92.4,89.92,3.5,94.57,48,4.4,4,No
38,No,Travel_Rarely,343,Research & Development,15,2,Life Sciences,1,461,3,Male,92,2,3,Research Director,4,Divorced,11510,15682,0,Y,Yes,14,3,2,80,1,12,3,3,11,10,2,9,Pihu Kunda,Finance,Accountant,86,65.99,98.44,4.0,70.44,53,3.4,28,No
31,No,Travel_Rarely,1232,Research & Development,7,4,Medical,1,462,3,Female,39,3,3,Manufacturing Director,4,Single,7143,25713,1,Y,Yes,14,3,3,80,0,11,2,2,11,9,4,10,Mahika Luthra,Marketing,Marketing Executive,74,69.59,82.61,4.0,86.9,35,3.2,17,No
29,No,Travel_Rarely,144,Sales,10,1,Marketing,1,463,4,Female,39,2,2,Sales Executive,2,Divorced,8268,11866,1,Y,Yes,14,3,1,80,2,7,2,3,7,7,1,7,Adah Majumdar,IT,Software Engineer,96,62.24,98.25,4.9,96.04,39,4.7,20,Yes
35,No,Travel_Rarely,1296,Research & Development,5,4,Technical Degree,1,464,3,Male,62,3,3,Manufacturing Director,2,Single,8095,18264,0,Y,No,13,3,4,80,0,17,5,3,16,6,0,13,Vardaniya Batta,IT,Cybersecurity Specialist,64,94.07,97.16,3.1,80.07,44,4.2,2,No
23,No,Travel_Rarely,1309,Research & Development,26,1,Life Sciences,1,465,3,Male,83,3,1,Research Scientist,4,Divorced,2904,16092,1,Y,No,12,3,3,80,2,4,2,2,4,2,0,2,Heer Wali,Sales,Account Manager,97,91.15,80.17,4.4,97.97,40,4.7,30,Yes
41,No,Travel_Rarely,483,Research & Development,6,3,Medical,1,466,4,Male,95,2,2,Manufacturing Director,2,Single,6032,10110,6,Y,Yes,15,3,4,80,0,8,3,3,5,4,1,2,Raghav Venkatesh,Sales,Sales Executive,52,66.57,98.54,4.2,76.19,39,4.6,13,No
47,No,Travel_Frequently,1309,Sales,4,1,Medical,1,467,2,Male,99,3,2,Sales Representative,3,Single,2976,25751,3,Y,No,19,3,1,80,0,5,3,3,0,0,0,0,Manjari Dubey,IT,Cybersecurity Specialist,56,88.77,85.43,4.2,76.66,54,3.6,4,No
42,No,Travel_Rarely,810,Research & Development,23,5,Life Sciences,1,468,1,Female,44,3,4,Research Director,4,Single,15992,15901,2,Y,No,14,3,2,80,0,16,2,3,1,0,0,0,Tushar Ranganathan,Sales,Business Development,50,61.66,80.14,4.6,70.85,46,3.2,18,No
29,No,Non-Travel,746,Sales,2,3,Life Sciences,1,469,4,Male,61,3,2,Sales Executive,3,Married,4649,16928,1,Y,No,14,3,1,80,1,4,3,2,4,3,0,2,Gatik Badami,Marketing,SEO Specialist,97,82.62,75.56,3.4,72.06,43,3.0,4,No
42,No,Travel_Rarely,544,Human Resources,2,1,Technical Degree,1,470,3,Male,52,3,1,Human Resources,3,Divorced,2696,24017,0,Y,Yes,11,3,3,80,1,4,5,3,3,2,1,0,Ahana  Sathe,Finance,Accountant,90,63.51,76.3,3.9,85.72,36,3.9,28,No
32,No,Travel_Rarely,1062,Research & Development,2,3,Medical,1,471,3,Female,75,3,1,Laboratory Technician,2,Married,2370,3956,1,Y,No,13,3,3,80,1,8,4,3,8,0,0,7,Dhruv Bajaj,Marketing,SEO Specialist,52,81.68,84.31,3.6,82.48,50,4.8,24,No
48,No,Travel_Rarely,530,Sales,29,1,Medical,1,473,1,Female,91,3,3,Manager,3,Married,12504,23978,3,Y,No,21,4,2,80,1,15,3,1,0,0,0,0,Yuvaan Chana,Finance,Auditor,96,90.03,82.5,3.6,80.37,48,3.8,11,No
37,No,Travel_Rarely,1319,Research & Development,6,3,Medical,1,474,3,Male,51,4,2,Research Scientist,1,Divorced,5974,17001,4,Y,Yes,13,3,1,80,2,13,2,3,7,7,6,7,Suhana Sahni,Finance,Accountant,55,88.78,88.81,3.3,94.9,54,4.7,11,No
30,No,Non-Travel,641,Sales,25,2,Technical Degree,1,475,4,Female,85,3,2,Sales Executive,3,Married,4736,6069,7,Y,Yes,12,3,2,80,1,4,2,4,2,2,2,2,Arnav Chaudhry,Finance,Auditor,77,70.99,86.79,4.0,94.65,50,4.2,3,No
26,No,Travel_Rarely,933,Sales,1,3,Life Sciences,1,476,3,Male,57,3,2,Sales Executive,3,Married,5296,20156,1,Y,No,17,3,2,80,1,8,3,3,8,7,7,7,Saksham Ratti,HR,Employee Relations,82,87.34,88.44,3.1,89.46,51,3.9,11,No
42,No,Travel_Rarely,1332,Research & Development,2,4,Other,1,477,1,Male,98,2,2,Healthcare Representative,4,Single,6781,17078,3,Y,No,23,4,2,80,0,14,6,3,1,0,0,0,Sumer Sha,IT,Cybersecurity Specialist,80,80.82,87.53,4.1,92.55,50,3.9,18,No
21,Yes,Travel_Frequently,756,Sales,1,1,Technical Degree,1,478,1,Female,99,2,1,Sales Representative,2,Single,2174,9150,1,Y,Yes,11,3,3,80,0,3,3,3,3,2,1,2,Pranay Toor,Sales,Business Development,90,66.24,96.26,3.3,73.95,55,5.0,26,Yes
36,No,Non-Travel,845,Sales,1,5,Medical,1,479,4,Female,45,3,2,Sales Executive,4,Single,6653,15276,4,Y,No,15,3,2,80,0,7,6,3,1,0,0,0,Stuvan Kapoor,IT,Cybersecurity Specialist,84,74.98,90.71,3.3,87.07,44,4.3,0,No
36,No,Travel_Frequently,541,Sales,3,4,Medical,1,481,1,Male,48,2,3,Sales Executive,4,Married,9699,7246,4,Y,No,11,3,1,80,1,16,2,3,13,9,1,12,Jiya Gara,Marketing,Content Strategist,81,85.61,94.38,3.1,81.02,42,5.0,18,No
57,No,Travel_Rarely,593,Research & Development,1,4,Medical,1,482,4,Male,88,3,2,Healthcare Representative,3,Married,6755,2967,2,Y,No,11,3,3,80,0,15,2,3,3,2,1,2,Jiya Sami,Sales,Business Development,72,85.28,88.73,4.1,77.72,44,3.2,2,No
40,No,Travel_Rarely,1171,Research & Development,10,4,Life Sciences,1,483,4,Female,46,4,1,Laboratory Technician,3,Married,2213,22495,3,Y,Yes,13,3,3,80,1,10,3,3,7,7,1,7,Kimaya Bhalla,Marketing,SEO Specialist,95,86.93,76.93,3.5,95.14,41,3.0,26,No
21,No,Non-Travel,895,Sales,9,2,Medical,1,484,1,Male,39,3,1,Sales Representative,4,Single,2610,2851,1,Y,No,24,4,3,80,0,3,3,2,3,2,2,2,Keya Bumb,IT,Data Analyst,90,87.33,93.05,3.5,99.31,48,3.6,15,No
33,Yes,Travel_Rarely,350,Sales,5,3,Marketing,1,485,4,Female,34,3,1,Sales Representative,3,Single,2851,9150,1,Y,Yes,13,3,2,80,0,1,2,3,1,0,0,0,Rati Batta,Finance,Financial Analyst,85,72.62,81.38,3.2,90.71,51,4.6,29,No
37,No,Travel_Rarely,921,Research & Development,10,3,Medical,1,486,3,Female,98,3,1,Laboratory Technician,1,Married,3452,17663,6,Y,No,20,4,2,80,1,17,3,3,5,4,0,3,Kiara Tandon,HR,Recruitment Specialist,61,90.62,81.58,3.8,90.23,54,4.2,3,No
46,No,Non-Travel,1144,Research & Development,7,4,Medical,1,487,3,Female,30,3,2,Manufacturing Director,3,Married,5258,16044,2,Y,No,14,3,3,80,0,7,2,4,1,0,0,0,Charvi Karan,Marketing,Marketing Executive,51,76.65,78.81,5.0,80.35,42,3.4,25,No
41,Yes,Travel_Frequently,143,Sales,4,3,Marketing,1,488,1,Male,56,3,2,Sales Executive,2,Single,9355,9558,1,Y,No,18,3,3,80,0,8,5,3,8,7,7,7,Veer Sani,Finance,Financial Analyst,79,66.91,89.67,3.7,81.48,54,3.8,14,No
50,No,Travel_Rarely,1046,Research & Development,10,3,Technical Degree,1,491,4,Male,100,2,3,Healthcare Representative,4,Single,10496,2755,6,Y,No,15,3,4,80,0,20,2,3,4,3,1,3,Hansh Bali,Finance,Financial Analyst,96,93.89,93.42,3.5,85.3,53,3.0,11,No
40,Yes,Travel_Rarely,575,Sales,22,2,Marketing,1,492,3,Male,68,2,2,Sales Executive,3,Married,6380,6110,2,Y,Yes,12,3,1,80,2,8,6,3,6,4,1,0,Divij Kurian,Sales,Business Development,82,91.87,96.03,3.5,75.14,49,3.2,27,No
31,No,Travel_Rarely,408,Research & Development,9,4,Life Sciences,1,493,3,Male,42,2,1,Research Scientist,2,Single,2657,7551,0,Y,Yes,16,3,4,80,0,3,5,3,2,2,2,2,Armaan Bhakta,IT,Data Analyst,96,81.12,99.01,4.8,85.89,55,3.4,1,No
21,Yes,Travel_Rarely,156,Sales,12,3,Life Sciences,1,494,3,Female,90,4,1,Sales Representative,2,Single,2716,25422,1,Y,No,15,3,4,80,0,1,0,3,1,0,0,0,Mannat Varkey,Marketing,Marketing Executive,63,73.95,86.07,4.5,99.81,42,3.7,29,No
29,No,Travel_Rarely,1283,Research & Development,23,3,Life Sciences,1,495,4,Male,54,3,1,Research Scientist,4,Single,2201,18168,9,Y,No,16,3,4,80,0,6,4,3,3,2,1,2,Zain Sur,Sales,Business Development,86,94.42,75.78,3.3,95.54,53,5.0,1,Yes
35,No,Travel_Rarely,755,Research & Development,9,4,Life Sciences,1,496,3,Male,97,2,2,Healthcare Representative,2,Single,6540,19394,9,Y,No,19,3,3,80,0,10,5,3,1,1,0,0,Zaina Dutta,Marketing,Marketing Executive,98,79.43,94.37,4.0,89.24,38,3.2,10,No
27,No,Travel_Rarely,1469,Research & Development,1,2,Medical,1,497,4,Male,82,3,1,Laboratory Technician,2,Divorced,3816,17881,1,Y,No,11,3,2,80,1,5,2,3,5,2,0,4,Ayesha Zacharia,IT,Cybersecurity Specialist,54,79.45,77.14,4.8,87.3,46,4.0,17,No
28,No,Travel_Rarely,304,Sales,9,4,Life Sciences,1,498,2,Male,92,3,2,Sales Executive,4,Single,5253,20750,1,Y,No,16,3,4,80,0,7,1,3,7,5,0,7,Umang Basu,HR,Employee Relations,80,86.33,82.34,3.5,89.36,49,4.7,15,No
49,No,Travel_Rarely,1261,Research & Development,7,3,Other,1,499,2,Male,31,2,3,Healthcare Representative,3,Single,10965,12066,8,Y,No,24,4,3,80,0,26,2,3,5,2,0,0,Navya Swamy,IT,Software Engineer,72,73.06,90.16,4.9,77.22,51,4.5,23,No
51,No,Travel_Rarely,1178,Sales,14,2,Life Sciences,1,500,3,Female,87,3,2,Sales Executive,4,Married,4936,14862,4,Y,No,11,3,3,80,1,18,2,2,7,7,0,7,Miraan Karan,Sales,Business Development,96,80.11,81.5,3.1,82.42,36,4.4,26,Yes
36,No,Travel_Rarely,329,Research & Development,2,3,Life Sciences,1,501,4,Female,96,3,1,Research Scientist,3,Married,2543,11868,4,Y,No,13,3,2,80,1,6,3,3,2,2,2,2,Vedika Karnik,Sales,Sales Executive,53,75.36,76.53,3.4,96.21,50,4.5,4,No
34,Yes,Non-Travel,1362,Sales,19,3,Marketing,1,502,1,Male,67,4,2,Sales Executive,4,Single,5304,4652,8,Y,Yes,13,3,2,80,0,9,3,2,5,2,0,4,Ira Gokhale,Sales,Business Development,73,93.87,86.64,3.4,70.84,36,3.6,18,No
55,No,Travel_Rarely,1311,Research & Development,2,3,Life Sciences,1,505,3,Female,97,3,4,Manager,4,Single,16659,23258,2,Y,Yes,13,3,3,80,0,30,2,3,5,4,1,2,Nayantara Chakrabarti,HR,Recruitment Specialist,96,88.12,90.16,3.6,81.36,40,3.4,29,No
24,No,Travel_Rarely,1371,Sales,10,4,Marketing,1,507,4,Female,77,3,2,Sales Executive,3,Divorced,4260,5915,1,Y,Yes,12,3,4,80,1,5,2,4,5,2,0,3,Hansh Manda,IT,Data Analyst,74,68.5,76.43,3.6,82.21,44,5.0,10,No
30,No,Travel_Rarely,202,Sales,2,1,Technical Degree,1,508,3,Male,72,3,1,Sales Representative,2,Married,2476,17434,1,Y,No,18,3,1,80,1,1,3,3,1,0,0,0,Seher Uppal,Finance,Accountant,94,94.19,78.77,5.0,75.44,55,4.1,5,Yes
26,Yes,Travel_Frequently,575,Research & Development,3,1,Technical Degree,1,510,3,Male,73,3,1,Research Scientist,1,Single,3102,6582,0,Y,No,22,4,3,80,0,7,2,3,6,4,0,4,Madhav Randhawa,IT,Data Analyst,89,76.11,96.2,4.7,70.51,52,4.3,9,Yes
22,No,Travel_Rarely,253,Research & Development,11,3,Medical,1,511,1,Female,43,3,1,Research Scientist,2,Married,2244,24440,1,Y,No,13,3,4,80,1,2,1,3,2,1,1,2,Umang Kapur,Sales,Business Development,89,67.18,82.28,4.4,99.62,45,4.0,18,No
36,No,Travel_Rarely,164,Sales,2,2,Medical,1,513,2,Male,61,2,3,Sales Executive,3,Married,7596,3809,1,Y,No,13,3,2,80,2,10,2,3,10,9,9,0,Pranay Swaminathan,Finance,Auditor,97,64.41,81.82,3.2,89.68,35,4.1,6,Yes
30,Yes,Travel_Frequently,464,Research & Development,4,3,Technical Degree,1,514,3,Male,40,3,1,Research Scientist,4,Single,2285,3427,9,Y,Yes,23,4,3,80,0,3,4,3,1,0,0,0,Vedika Chaudhari,IT,Cybersecurity Specialist,86,70.24,97.27,4.2,72.96,36,4.7,10,Yes
37,No,Travel_Rarely,1107,Research & Development,14,3,Life Sciences,1,515,4,Female,95,3,1,Laboratory Technician,1,Divorced,3034,26914,1,Y,No,12,3,3,80,1,18,2,2,18,7,12,17,Manikya Ravel,Sales,Sales Executive,77,83.58,97.72,3.2,92.64,40,3.3,26,No
40,No,Travel_Rarely,759,Sales,2,2,Marketing,1,516,4,Female,46,3,2,Sales Executive,2,Divorced,5715,22553,7,Y,No,12,3,3,80,2,8,5,3,5,4,1,3,Kiaan Majumdar,Finance,Accountant,92,66.85,95.78,4.4,94.94,49,4.0,0,No
42,No,Travel_Rarely,201,Research & Development,1,4,Life Sciences,1,517,2,Female,95,3,1,Laboratory Technician,1,Divorced,2576,20490,3,Y,No,16,3,2,80,1,8,5,3,5,2,1,2,Anya Dugar,Marketing,Marketing Executive,76,88.04,77.68,3.5,94.58,48,4.2,23,No
37,No,Travel_Rarely,1305,Research & Development,10,4,Life Sciences,1,518,3,Male,49,3,2,Manufacturing Director,2,Single,4197,21123,2,Y,Yes,12,3,4,80,0,18,2,2,1,0,0,1,Badal Bal,Sales,Account Manager,69,70.35,75.84,3.6,86.64,40,3.5,5,No
43,No,Travel_Rarely,982,Research & Development,12,3,Life Sciences,1,520,1,Male,59,2,4,Research Director,2,Divorced,14336,4345,1,Y,No,11,3,3,80,1,25,3,3,25,10,3,9,Kimaya Kara,Sales,Business Development,51,72.99,78.19,4.3,87.46,39,3.0,6,No
40,No,Travel_Rarely,555,Research & Development,2,3,Medical,1,521,2,Female,78,2,2,Laboratory Technician,3,Married,3448,13436,6,Y,No,22,4,2,80,1,20,3,3,1,0,0,0,Zaina Mangat,HR,Employee Relations,85,92.0,98.81,4.3,97.01,43,4.0,20,No
54,No,Travel_Rarely,821,Research & Development,5,2,Medical,1,522,1,Male,86,3,5,Research Director,1,Married,19406,8509,4,Y,No,11,3,3,80,1,24,4,2,4,2,1,2,Samar Shankar,Sales,Sales Executive,75,83.43,99.94,3.5,75.94,38,3.5,28,No
34,No,Non-Travel,1381,Sales,4,4,Marketing,1,523,3,Female,72,3,2,Sales Executive,3,Married,6538,12740,9,Y,No,15,3,1,80,1,6,3,3,3,2,1,2,Gokul Sahota,Marketing,Content Strategist,72,92.76,95.33,4.2,86.88,55,5.0,24,No
31,No,Travel_Rarely,480,Research & Development,7,2,Medical,1,524,2,Female,31,3,2,Manufacturing Director,1,Married,4306,4156,1,Y,No,12,3,2,80,1,13,5,1,13,10,3,12,Sumer Bhatt,Finance,Financial Analyst,65,89.75,98.77,4.9,82.95,55,4.7,12,No
43,No,Travel_Frequently,313,Research & Development,21,3,Medical,1,525,4,Male,61,3,1,Laboratory Technician,4,Married,2258,15238,7,Y,No,20,4,1,80,1,8,1,3,3,2,1,2,Divit Sodhi,IT,Software Engineer,59,84.48,95.34,4.3,73.02,47,3.9,24,No
43,No,Travel_Rarely,1473,Research & Development,8,4,Other,1,526,3,Female,74,3,2,Healthcare Representative,3,Divorced,4522,2227,4,Y,Yes,14,3,4,80,0,8,3,3,5,2,0,2,Mannat Swamy,HR,Recruitment Specialist,97,90.95,96.87,3.2,84.85,53,4.3,13,Yes
25,No,Travel_Rarely,891,Sales,4,2,Life Sciences,1,527,2,Female,99,2,2,Sales Executive,4,Single,4487,12090,1,Y,Yes,11,3,2,80,0,5,3,3,5,4,1,3,Mamooty Kannan,Sales,Account Manager,96,88.12,97.29,4.9,98.77,35,4.7,29,Yes
37,No,Non-Travel,1063,Research & Development,25,5,Medical,1,529,2,Female,72,3,2,Research Scientist,3,Married,4449,23866,3,Y,Yes,15,3,1,80,2,15,2,3,13,11,10,7,Priyansh Bir,Finance,Auditor,87,70.49,75.59,3.3,73.42,53,4.0,14,No
31,No,Travel_Rarely,329,Research & Development,1,2,Life Sciences,1,530,4,Male,98,2,1,Laboratory Technician,1,Married,2218,16193,1,Y,No,12,3,3,80,1,4,3,3,4,2,3,2,Kashvi Barad,HR,Employee Relations,64,81.13,79.07,4.6,96.63,41,3.6,25,No
39,No,Travel_Frequently,1218,Research & Development,1,1,Life Sciences,1,531,2,Male,52,3,5,Manager,3,Divorced,19197,8213,1,Y,Yes,14,3,3,80,1,21,3,3,21,8,1,6,Manjari Devi,Marketing,Marketing Executive,59,80.17,76.09,4.3,99.94,37,3.5,0,No
56,No,Travel_Frequently,906,Sales,6,3,Life Sciences,1,532,3,Female,86,4,4,Sales Executive,1,Married,13212,18256,9,Y,No,11,3,4,80,3,36,0,2,7,7,7,7,Bhamini Saran,Marketing,Content Strategist,77,89.32,96.53,3.5,87.41,37,4.6,2,No
30,No,Travel_Rarely,1082,Sales,12,3,Technical Degree,1,533,2,Female,83,3,2,Sales Executive,3,Single,6577,19558,0,Y,No,11,3,2,80,0,6,6,3,5,4,4,4,Ojas Shah,HR,HR Manager,93,90.12,96.29,4.8,70.51,48,4.9,28,Yes
41,No,Travel_Rarely,645,Sales,1,3,Marketing,1,534,2,Male,49,4,3,Sales Executive,1,Married,8392,19566,1,Y,No,16,3,3,80,1,10,2,3,10,7,0,7,Aaina Vyas,HR,Recruitment Specialist,61,91.1,96.19,4.0,78.2,44,4.3,3,No
28,No,Travel_Rarely,1300,Research & Development,17,2,Medical,1,536,3,Male,79,3,2,Laboratory Technician,1,Divorced,4558,13535,1,Y,No,12,3,4,80,1,10,2,3,10,0,1,8,Anaya Ram,HR,HR Manager,99,72.1,97.29,3.4,98.61,53,4.9,28,Yes
25,Yes,Travel_Rarely,688,Research & Development,3,3,Medical,1,538,1,Male,91,3,1,Laboratory Technician,1,Married,4031,9396,5,Y,No,13,3,3,80,1,6,5,3,2,2,0,2,Aradhya Ghosh,IT,Data Analyst,64,79.25,87.33,3.0,79.82,54,4.3,0,No
52,No,Travel_Rarely,319,Research & Development,3,3,Medical,1,543,4,Male,39,2,3,Manufacturing Director,3,Married,7969,19609,2,Y,Yes,14,3,3,80,0,28,4,3,5,4,0,4,Heer Ram,HR,Recruitment Specialist,57,66.79,90.47,3.3,90.56,46,4.3,0,No
45,No,Travel_Rarely,192,Research & Development,10,2,Life Sciences,1,544,1,Male,69,3,1,Research Scientist,4,Married,2654,9655,3,Y,No,21,4,4,80,2,8,3,2,2,2,0,2,Reyansh Sankaran,Marketing,Content Strategist,71,86.19,86.7,4.1,96.78,47,4.3,30,No
52,No,Travel_Rarely,1490,Research & Development,4,2,Life Sciences,1,546,4,Female,30,3,4,Manager,4,Married,16555,10310,2,Y,No,13,3,4,80,0,31,2,1,5,2,1,4,Anay Kothari,Finance,Accountant,79,81.67,83.12,4.7,95.37,45,4.4,6,No
42,No,Travel_Frequently,532,Research & Development,29,2,Life Sciences,1,547,1,Female,92,3,2,Research Scientist,3,Divorced,4556,12932,2,Y,No,11,3,2,80,1,19,3,3,5,4,0,2,Anay Gara,Sales,Business Development,76,88.54,92.4,4.3,83.46,37,3.0,6,No
30,No,Travel_Rarely,317,Research & Development,2,3,Life Sciences,1,548,3,Female,43,1,2,Manufacturing Director,4,Single,6091,24793,2,Y,No,20,4,3,80,0,11,2,3,5,4,0,2,Trisha Batra,Marketing,Content Strategist,76,63.76,96.59,3.1,81.24,51,3.1,1,No
60,No,Travel_Rarely,422,Research & Development,7,3,Life Sciences,1,549,1,Female,41,3,5,Manager,1,Married,19566,3854,5,Y,No,11,3,4,80,0,33,5,1,29,8,11,10,Rasha Deshpande,HR,Recruitment Specialist,62,77.84,93.31,4.4,74.95,47,4.5,16,No
46,No,Travel_Rarely,1485,Research & Development,18,3,Medical,1,550,3,Female,87,3,2,Manufacturing Director,3,Divorced,4810,26314,2,Y,No,14,3,3,80,1,19,5,2,10,7,0,8,Rohan Jaggi,Finance,Financial Analyst,74,84.21,88.22,3.8,73.89,52,4.9,29,No
42,No,Travel_Frequently,1368,Research & Development,28,4,Technical Degree,1,551,4,Female,88,2,2,Healthcare Representative,4,Married,4523,4386,0,Y,No,11,3,4,80,3,7,4,4,6,5,0,4,Armaan Gara,Sales,Business Development,84,83.61,84.64,3.2,95.22,41,4.3,4,No
24,Yes,Travel_Rarely,1448,Sales,1,1,Technical Degree,1,554,1,Female,62,3,1,Sales Representative,2,Single,3202,21972,1,Y,Yes,16,3,2,80,0,6,4,3,5,3,1,4,Gokul Kamdar,HR,HR Manager,78,64.0,75.75,4.1,75.71,49,3.0,6,No
34,Yes,Travel_Frequently,296,Sales,6,2,Marketing,1,555,4,Female,33,1,1,Sales Representative,3,Divorced,2351,12253,0,Y,No,16,3,4,80,1,3,3,2,2,2,1,0,Miraya Bhat,HR,HR Manager,82,83.17,89.62,3.5,79.13,40,3.8,0,No
38,No,Travel_Frequently,1490,Research & Development,2,2,Life Sciences,1,556,4,Male,42,3,1,Laboratory Technician,4,Married,1702,12106,1,Y,Yes,23,4,3,80,1,1,3,3,1,0,0,0,Anaya Rana,HR,Recruitment Specialist,82,94.36,76.02,3.9,76.0,47,3.3,1,No
40,No,Travel_Rarely,1398,Sales,2,4,Life Sciences,1,558,3,Female,79,3,5,Manager,3,Married,18041,13022,0,Y,No,14,3,4,80,0,21,2,3,20,15,1,12,Ishaan Goel,Finance,Auditor,96,84.77,86.72,3.7,70.3,41,4.1,28,Yes
26,No,Travel_Rarely,1349,Research & Development,23,3,Life Sciences,1,560,1,Female,90,3,1,Research Scientist,4,Divorced,2886,3032,1,Y,No,22,4,2,80,2,3,3,1,3,2,0,2,Mannat Choudhury,IT,Software Engineer,55,87.69,78.35,4.2,84.61,45,3.5,26,No
30,No,Non-Travel,1400,Research & Development,3,3,Life Sciences,1,562,3,Male,53,3,1,Laboratory Technician,4,Married,2097,16734,4,Y,No,15,3,3,80,1,9,3,1,5,3,1,4,Heer Tara,HR,Employee Relations,68,90.72,90.17,4.4,97.05,39,3.5,25,No
29,No,Travel_Rarely,986,Research & Development,3,4,Medical,1,564,2,Male,93,2,3,Research Director,3,Married,11935,21526,1,Y,No,18,3,3,80,0,10,2,3,10,2,0,7,Pihu Sheth,IT,Cybersecurity Specialist,85,79.87,94.92,4.9,74.9,45,4.1,9,No
29,Yes,Travel_Rarely,408,Research & Development,25,5,Technical Degree,1,565,3,Female,71,2,1,Research Scientist,2,Married,2546,18300,5,Y,No,16,3,2,80,0,6,2,4,2,2,1,1,Inaaya  Sane,IT,Software Engineer,100,74.52,97.04,4.4,82.64,46,4.5,11,Yes
19,Yes,Travel_Rarely,489,Human Resources,2,2,Technical Degree,1,566,1,Male,52,2,1,Human Resources,4,Single,2564,18437,1,Y,No,12,3,3,80,0,1,3,4,1,0,0,0,Aarna Kakar,Sales,Business Development,70,65.11,86.18,4.1,90.61,45,4.1,10,No
30,No,Non-Travel,1398,Sales,22,4,Other,1,567,3,Female,69,3,3,Sales Executive,1,Married,8412,2890,0,Y,No,11,3,3,80,0,10,3,3,9,8,7,8,Miraan Ramaswamy,Marketing,SEO Specialist,95,73.83,86.48,3.0,93.52,44,4.4,28,Yes
57,No,Travel_Rarely,210,Sales,29,3,Marketing,1,568,1,Male,56,2,4,Manager,4,Divorced,14118,22102,3,Y,No,12,3,3,80,1,32,3,2,1,0,0,0,Sana Cherian,Marketing,Content Strategist,72,83.52,88.48,3.8,98.34,36,3.9,24,No
50,No,Travel_Rarely,1099,Research & Development,29,4,Life Sciences,1,569,2,Male,88,2,4,Manager,3,Married,17046,9314,0,Y,No,15,3,2,80,1,28,2,3,27,10,15,7,Sumer Swaminathan,Sales,Business Development,76,60.12,95.76,4.8,88.72,43,4.8,8,No
30,No,Non-Travel,1116,Research & Development,2,3,Medical,1,571,3,Female,49,3,1,Laboratory Technician,4,Single,2564,7181,0,Y,No,14,3,3,80,0,12,2,2,11,7,6,7,Zain Kalla,Sales,Sales Executive,80,76.23,86.22,4.3,98.27,47,4.4,10,No
60,No,Travel_Frequently,1499,Sales,28,3,Marketing,1,573,3,Female,80,2,3,Sales Executive,1,Married,10266,2845,4,Y,No,19,3,4,80,0,22,5,4,18,13,13,11,Kartik Saraf,Sales,Account Manager,66,83.37,86.69,4.0,95.46,52,3.3,11,No
47,No,Travel_Rarely,983,Research & Development,2,2,Medical,1,574,1,Female,65,3,2,Manufacturing Director,4,Divorced,5070,7389,5,Y,No,13,3,3,80,3,20,2,3,5,0,0,4,Indrans Dara,Sales,Sales Executive,98,74.36,90.87,4.0,77.73,48,3.3,18,No
46,No,Travel_Rarely,1009,Research & Development,2,3,Life Sciences,1,575,1,Male,51,3,4,Research Director,3,Married,17861,2288,6,Y,No,13,3,3,80,0,26,2,1,3,2,0,1,Zoya Wali,Finance,Auditor,99,77.28,91.44,4.6,74.89,43,3.0,10,No
35,No,Travel_Rarely,144,Research & Development,22,3,Life Sciences,1,577,4,Male,46,1,1,Laboratory Technician,3,Single,4230,19225,0,Y,No,15,3,3,80,0,6,2,3,5,4,4,3,Kismat Yohannan,IT,Data Analyst,88,91.3,75.36,3.9,74.87,54,4.9,12,Yes
54,No,Travel_Rarely,548,Research & Development,8,4,Life Sciences,1,578,3,Female,42,3,2,Laboratory Technician,3,Single,3780,23428,7,Y,No,11,3,3,80,0,19,3,3,1,0,0,0,Indranil Brahmbhatt,Sales,Sales Executive,83,89.41,98.91,4.8,77.04,47,4.7,18,No
34,No,Travel_Rarely,1303,Research & Development,2,4,Life Sciences,1,579,4,Male,62,2,1,Research Scientist,3,Divorced,2768,8416,3,Y,No,12,3,3,80,1,14,3,3,7,3,5,7,Sumer Swamy,HR,Recruitment Specialist,57,78.22,95.6,3.7,71.12,41,3.9,8,No
46,No,Travel_Rarely,1125,Sales,10,3,Marketing,1,580,3,Female,94,2,3,Sales Executive,4,Married,9071,11563,2,Y,Yes,19,3,3,80,1,15,3,3,3,2,1,2,Lavanya Thakkar,Finance,Auditor,100,62.65,76.84,3.1,86.22,41,4.5,22,Yes
31,No,Travel_Rarely,1274,Research & Development,9,1,Life Sciences,1,581,3,Male,33,3,3,Manufacturing Director,2,Divorced,10648,14394,1,Y,No,25,4,4,80,1,13,6,4,13,8,0,8,Indranil Rau,HR,HR Manager,79,64.23,76.08,4.0,97.84,53,3.4,30,No
33,Yes,Travel_Rarely,1277,Research & Development,15,1,Medical,1,582,2,Male,56,3,3,Manager,3,Married,13610,24619,7,Y,Yes,12,3,4,80,0,15,2,4,7,6,7,7,Uthkarsh Joshi,Sales,Account Manager,58,87.83,87.97,4.9,95.34,38,4.3,22,No
33,Yes,Travel_Rarely,587,Research & Development,10,1,Medical,1,584,1,Male,38,1,1,Laboratory Technician,4,Divorced,3408,6705,7,Y,No,13,3,1,80,3,8,2,3,4,3,1,3,Badal Raja,HR,Recruitment Specialist,80,75.55,76.44,4.9,76.7,36,3.7,21,No
30,No,Travel_Rarely,413,Sales,7,1,Marketing,1,585,4,Male,57,3,1,Sales Representative,2,Single,2983,18398,0,Y,No,14,3,1,80,0,4,3,3,3,2,1,2,Ayesha Divan,Finance,Auditor,72,89.78,91.59,4.5,79.4,36,4.6,28,No
35,No,Travel_Rarely,1276,Research & Development,16,3,Life Sciences,1,586,4,Male,72,3,3,Healthcare Representative,3,Married,7632,14295,4,Y,Yes,12,3,3,80,0,10,2,3,8,7,0,0,Adah Dara,Sales,Business Development,87,71.76,84.21,3.1,88.25,35,3.5,19,No
31,Yes,Travel_Frequently,534,Research & Development,20,3,Life Sciences,1,587,1,Male,66,3,3,Healthcare Representative,3,Married,9824,22908,3,Y,No,12,3,1,80,0,12,2,3,1,0,0,0,Lakshit Kannan,IT,Software Engineer,90,69.04,89.72,4.2,87.04,42,4.0,6,No
34,Yes,Travel_Frequently,988,Human Resources,23,3,Human Resources,1,590,2,Female,43,3,3,Human Resources,1,Divorced,9950,11533,9,Y,Yes,15,3,3,80,3,11,2,3,3,2,0,2,Advik Tara,IT,Cybersecurity Specialist,85,86.81,78.35,3.5,82.22,40,3.8,16,No
42,No,Travel_Frequently,1474,Research & Development,5,2,Other,1,591,2,Male,97,3,1,Laboratory Technician,3,Married,2093,9260,4,Y,No,17,3,4,80,1,8,4,3,2,2,2,0,Aradhya Dhingra,IT,Software Engineer,82,76.73,93.71,3.2,78.61,44,3.4,2,No
36,No,Non-Travel,635,Sales,10,4,Medical,1,592,2,Male,32,3,3,Sales Executive,4,Single,9980,15318,1,Y,No,14,3,4,80,0,10,3,2,10,3,9,7,Misha Dixit,Marketing,Marketing Executive,81,87.97,89.2,4.9,93.53,43,4.9,16,No
22,Yes,Travel_Frequently,1368,Research & Development,4,1,Technical Degree,1,593,3,Male,99,2,1,Laboratory Technician,3,Single,3894,9129,5,Y,No,16,3,3,80,0,4,3,3,2,2,1,2,Nakul Maharaj,Sales,Business Development,79,94.29,84.05,3.4,87.2,47,4.6,11,No
48,No,Travel_Rarely,163,Sales,2,5,Marketing,1,595,2,Female,37,3,2,Sales Executive,4,Married,4051,19658,2,Y,No,14,3,1,80,1,14,2,3,9,7,6,7,Sana Goda,Sales,Sales Executive,54,79.33,88.08,3.7,99.08,44,4.2,10,No
55,No,Travel_Rarely,1117,Sales,18,5,Life Sciences,1,597,1,Female,83,3,4,Manager,2,Single,16835,9873,3,Y,No,23,4,4,80,0,37,2,3,10,9,7,7,Aniruddh Sathe,Marketing,Content Strategist,53,84.57,82.76,3.0,97.42,36,4.1,20,No
41,No,Non-Travel,267,Sales,10,2,Life Sciences,1,599,4,Male,56,3,2,Sales Executive,4,Single,6230,13430,7,Y,No,14,3,4,80,0,16,3,3,14,3,1,10,Nishith Dhar,Marketing,SEO Specialist,55,83.29,97.13,3.6,86.25,38,4.2,15,No
35,No,Travel_Rarely,619,Sales,1,3,Marketing,1,600,2,Male,85,3,2,Sales Executive,3,Married,4717,18659,9,Y,No,11,3,3,80,0,15,2,3,11,9,6,9,Veer Kurian,HR,Employee Relations,77,88.91,93.05,3.3,94.78,41,4.6,29,No
40,No,Travel_Rarely,302,Research & Development,6,3,Life Sciences,1,601,2,Female,75,3,4,Manufacturing Director,3,Single,13237,20364,7,Y,No,15,3,3,80,0,22,3,3,20,6,5,13,Yakshit Agrawal,Finance,Auditor,61,84.35,89.95,3.3,71.31,53,4.1,0,No
39,No,Travel_Frequently,443,Research & Development,8,1,Life Sciences,1,602,3,Female,48,3,1,Laboratory Technician,3,Married,3755,17872,1,Y,No,11,3,1,80,1,8,3,3,8,3,0,7,Samar Chatterjee,Marketing,Marketing Executive,80,64.93,96.54,3.3,86.84,47,3.6,21,No
31,No,Travel_Rarely,828,Sales,2,1,Life Sciences,1,604,2,Male,77,3,2,Sales Executive,4,Single,6582,8346,4,Y,Yes,13,3,3,80,0,10,2,4,6,5,0,5,Saanvi Salvi,HR,Recruitment Specialist,73,69.48,78.91,4.2,87.13,51,3.6,27,No
42,No,Travel_Rarely,319,Research & Development,24,3,Medical,1,605,4,Male,56,3,3,Manufacturing Director,1,Married,7406,6950,1,Y,Yes,21,4,4,80,1,10,5,2,10,9,5,8,Khushi Kala,Marketing,Marketing Executive,73,64.77,81.71,4.1,79.82,40,5.0,13,No
45,No,Travel_Rarely,561,Sales,2,3,Other,1,606,4,Male,61,3,2,Sales Executive,2,Married,4805,16177,0,Y,No,19,3,2,80,1,9,3,4,8,7,3,7,Ivana Rout,IT,Data Analyst,60,68.54,95.63,4.9,95.98,55,4.5,26,No
26,Yes,Travel_Frequently,426,Human Resources,17,4,Life Sciences,1,608,2,Female,58,3,1,Human Resources,3,Divorced,2741,22808,0,Y,Yes,11,3,2,80,1,8,2,2,7,7,1,0,Kiaan Rana,Sales,Sales Executive,58,70.82,93.52,3.6,74.5,54,4.3,5,No
29,No,Travel_Rarely,232,Research & Development,19,3,Technical Degree,1,611,4,Male,34,3,2,Manufacturing Director,4,Divorced,4262,22645,4,Y,No,12,3,2,80,2,8,2,4,3,2,1,2,Divij Sahni,Sales,Sales Executive,84,82.72,76.55,4.1,75.77,41,4.6,11,No
33,No,Travel_Rarely,922,Research & Development,1,5,Medical,1,612,1,Female,95,4,4,Research Director,3,Divorced,16184,22578,4,Y,No,19,3,3,80,1,10,2,3,6,1,0,5,Dharmajan Karpe,Marketing,SEO Specialist,50,89.21,88.87,4.1,99.63,39,4.1,25,No
31,No,Travel_Rarely,688,Sales,7,3,Life Sciences,1,613,3,Male,44,2,3,Manager,4,Divorced,11557,25291,9,Y,No,21,4,3,80,1,10,3,2,5,4,0,1,Vedika Bahl,HR,Recruitment Specialist,61,75.58,84.37,4.2,88.93,55,4.1,7,No
18,Yes,Travel_Frequently,1306,Sales,5,3,Marketing,1,614,2,Male,69,3,1,Sales Representative,2,Single,1878,8059,1,Y,Yes,14,3,4,80,0,0,3,3,0,0,0,0,Nirvi Golla,IT,Cybersecurity Specialist,75,81.58,87.21,3.8,94.68,53,4.7,10,No
40,No,Non-Travel,1094,Sales,28,3,Other,1,615,3,Male,58,1,3,Sales Executive,1,Divorced,10932,11373,3,Y,No,15,3,3,80,1,20,2,3,1,0,0,1,Bhamini Bose,HR,Recruitment Specialist,61,60.06,89.49,4.6,83.51,47,4.7,20,No
41,No,Non-Travel,509,Research & Development,2,4,Other,1,616,1,Female,62,2,2,Healthcare Representative,3,Single,6811,2112,2,Y,Yes,17,3,1,80,0,10,3,3,8,7,0,7,Mahika Reddy,Marketing,SEO Specialist,82,81.69,76.35,3.8,92.1,37,4.7,25,No
26,No,Travel_Rarely,775,Sales,29,2,Medical,1,618,1,Male,45,3,2,Sales Executive,3,Divorced,4306,4267,5,Y,No,12,3,1,80,2,8,5,3,0,0,0,0,Hrishita Kapadia,Finance,Accountant,51,62.86,93.55,3.5,94.9,54,3.3,3,No
35,No,Travel_Rarely,195,Sales,1,3,Medical,1,620,1,Female,80,3,2,Sales Executive,3,Single,4859,6698,1,Y,No,16,3,4,80,0,5,3,3,5,4,0,3,Zain Kata,IT,Software Engineer,69,77.21,93.77,4.9,90.3,46,4.8,10,No
34,No,Travel_Rarely,258,Sales,21,4,Life Sciences,1,621,4,Male,74,4,2,Sales Executive,4,Single,5337,19921,1,Y,No,12,3,4,80,0,10,3,3,10,7,5,7,Dhruv Kashyap,IT,Cybersecurity Specialist,74,69.61,94.39,3.2,99.53,47,4.7,25,No
26,Yes,Travel_Rarely,471,Research & Development,24,3,Technical Degree,1,622,3,Male,66,1,1,Laboratory Technician,4,Single,2340,23213,1,Y,Yes,18,3,2,80,0,1,3,1,1,0,0,0,Krish Chaudhry,HR,Employee Relations,90,60.81,95.26,3.0,80.46,53,3.4,4,No
37,No,Travel_Rarely,799,Research & Development,1,3,Technical Degree,1,623,2,Female,59,3,3,Manufacturing Director,4,Single,7491,23848,4,Y,No,17,3,4,80,0,12,3,4,6,5,1,2,Jivin Wagle,IT,Software Engineer,55,78.79,79.19,3.8,89.39,45,3.7,28,No
46,No,Travel_Frequently,1034,Research & Development,18,1,Medical,1,624,1,Female,86,3,3,Healthcare Representative,3,Married,10527,8984,5,Y,No,11,3,4,80,0,28,3,2,2,2,1,2,Veer Sabharwal,HR,HR Manager,56,83.63,81.27,4.6,86.4,50,3.1,0,No
41,No,Travel_Rarely,1276,Sales,2,5,Life Sciences,1,625,2,Female,91,3,4,Manager,1,Married,16595,5626,7,Y,No,16,3,2,80,1,22,2,3,18,16,11,8,Navya Issac,HR,Employee Relations,67,70.79,79.98,3.2,95.85,48,4.5,30,No
37,No,Non-Travel,142,Sales,9,4,Medical,1,626,1,Male,69,3,3,Sales Executive,2,Divorced,8834,24666,1,Y,No,13,3,4,80,1,9,6,3,9,5,7,7,Zain Tak,IT,Data Analyst,66,91.39,91.09,3.7,77.82,46,4.2,29,No
52,No,Travel_Rarely,956,Research & Development,6,2,Technical Degree,1,630,4,Male,78,3,2,Research Scientist,1,Divorced,5577,22087,3,Y,Yes,12,3,2,80,2,18,3,3,10,9,6,9,Hazel Dara,HR,HR Manager,97,79.49,81.48,4.1,99.52,46,4.0,6,No
32,Yes,Non-Travel,1474,Sales,11,4,Other,1,631,4,Male,60,4,2,Sales Executive,3,Married,4707,23914,8,Y,No,12,3,4,80,0,6,2,3,4,2,1,2,Mannat Krishna,Marketing,SEO Specialist,65,72.96,99.55,3.4,71.72,53,3.3,29,No
24,No,Travel_Frequently,535,Sales,24,3,Medical,1,632,4,Male,38,3,1,Sales Representative,4,Married,2400,5530,0,Y,No,13,3,3,80,2,3,3,3,2,2,2,1,Pihu Mand,Sales,Sales Executive,74,88.34,75.18,3.6,79.61,42,4.8,25,No
38,No,Travel_Rarely,1495,Research & Development,10,3,Medical,1,634,3,Female,76,3,2,Healthcare Representative,3,Married,9824,22174,3,Y,No,19,3,3,80,1,18,4,3,1,0,0,0,Jayesh Aggarwal,IT,Data Analyst,98,68.26,96.69,4.2,84.69,45,4.7,16,Yes
37,No,Travel_Rarely,446,Research & Development,1,4,Life Sciences,1,635,2,Female,65,3,2,Manufacturing Director,2,Married,6447,15701,6,Y,No,12,3,2,80,1,8,2,2,6,5,4,3,Miraan Walia,Sales,Sales Executive,73,74.59,80.39,3.5,84.75,36,4.7,25,No
49,No,Travel_Rarely,1245,Research & Development,18,4,Life Sciences,1,638,4,Male,58,2,5,Research Director,3,Divorced,19502,2125,1,Y,Yes,17,3,3,80,1,31,5,3,31,9,0,9,Sana Ghose,IT,Software Engineer,51,61.08,88.38,3.9,92.43,55,4.2,25,No
24,No,Travel_Rarely,691,Research & Development,23,3,Medical,1,639,2,Male,89,4,1,Research Scientist,4,Married,2725,21630,1,Y,Yes,11,3,2,80,2,6,3,3,6,5,1,4,Shanaya Kuruvilla,HR,Employee Relations,53,86.37,97.66,3.9,98.45,49,3.1,10,No
26,No,Travel_Rarely,703,Sales,28,2,Marketing,1,641,1,Male,66,3,2,Sales Executive,2,Married,6272,7428,1,Y,No,20,4,4,80,2,6,5,4,5,3,1,4,Trisha Walia,Sales,Account Manager,68,90.48,92.51,3.0,70.65,45,3.5,26,No
24,No,Travel_Rarely,823,Research & Development,17,2,Other,1,643,4,Male,94,2,1,Laboratory Technician,2,Married,2127,9100,1,Y,No,21,4,4,80,1,1,2,3,1,0,0,0,Miraya Ben,Marketing,SEO Specialist,77,72.83,91.02,4.9,80.57,38,4.2,30,No
50,No,Travel_Frequently,1246,Human Resources,3,3,Medical,1,644,1,Male,99,3,5,Manager,2,Married,18200,7999,1,Y,No,11,3,3,80,1,32,2,3,32,5,10,7,Jivin Lala,Finance,Accountant,84,93.82,81.83,3.5,85.43,52,3.8,7,No
25,No,Travel_Rarely,622,Sales,13,1,Medical,1,645,2,Male,40,3,1,Sales Representative,3,Married,2096,26376,1,Y,No,11,3,3,80,0,7,1,3,7,4,0,6,Hridaan Choudhury,Marketing,SEO Specialist,87,80.59,90.05,4.8,85.48,55,3.5,24,No
24,Yes,Travel_Frequently,1287,Research & Development,7,3,Life Sciences,1,647,1,Female,55,3,1,Laboratory Technician,3,Married,2886,14168,1,Y,Yes,16,3,4,80,1,6,4,3,6,3,1,2,Pihu Maharaj,IT,Software Engineer,96,64.99,95.59,3.8,70.75,53,3.5,21,No
30,Yes,Travel_Frequently,448,Sales,12,4,Life Sciences,1,648,2,Male,74,2,1,Sales Representative,1,Married,2033,14470,1,Y,No,18,3,3,80,1,1,2,4,1,0,0,0,Zeeshan Chopra,Finance,Accountant,56,61.76,85.88,4.0,72.72,44,4.0,7,No
34,No,Travel_Rarely,254,Research & Development,1,2,Life Sciences,1,649,2,Male,83,2,1,Research Scientist,4,Married,3622,22794,1,Y,Yes,13,3,4,80,1,6,3,3,6,5,1,3,Inaaya  Chaudhari,Marketing,SEO Specialist,97,87.67,94.07,4.1,74.2,39,4.0,0,No
31,Yes,Travel_Rarely,1365,Sales,13,4,Medical,1,650,2,Male,46,3,2,Sales Executive,1,Divorced,4233,11512,2,Y,No,17,3,3,80,0,9,2,1,3,1,1,2,Trisha Krishna,Finance,Accountant,78,61.28,84.62,4.9,81.03,38,3.0,16,No
35,No,Travel_Rarely,538,Research & Development,25,2,Other,1,652,1,Male,54,2,2,Laboratory Technician,4,Single,3681,14004,4,Y,No,14,3,4,80,0,9,3,3,3,2,0,2,Hrishita Sarraf,Sales,Account Manager,66,78.55,81.06,3.4,79.82,54,4.8,14,No
31,No,Travel_Rarely,525,Sales,6,4,Medical,1,653,1,Male,66,4,2,Sales Executive,4,Divorced,5460,6219,4,Y,No,22,4,4,80,2,13,4,4,7,7,5,7,Lakshit Karan,Sales,Business Development,92,76.58,91.15,5.0,85.45,54,4.7,18,Yes
27,No,Travel_Rarely,798,Research & Development,6,4,Medical,1,655,1,Female,66,2,1,Research Scientist,3,Divorced,2187,5013,0,Y,No,12,3,3,80,2,6,5,2,5,3,0,3,Zeeshan Majumdar,Sales,Account Manager,87,91.89,88.28,3.6,94.22,45,4.8,22,Yes
37,No,Travel_Rarely,558,Sales,2,3,Marketing,1,656,4,Male,75,3,2,Sales Executive,3,Married,9602,3010,4,Y,Yes,11,3,3,80,1,17,3,2,3,0,1,0,Dhanush Venkataraman,HR,HR Manager,92,60.73,80.12,4.6,79.88,51,5.0,17,Yes
20,No,Travel_Rarely,959,Research & Development,1,3,Life Sciences,1,657,4,Female,83,2,1,Research Scientist,2,Single,2836,11757,1,Y,No,13,3,4,80,0,1,0,4,1,0,0,0,Saira Vala,Sales,Business Development,90,85.64,92.05,4.8,75.91,49,4.2,22,Yes
42,No,Travel_Rarely,622,Research & Development,2,4,Life Sciences,1,659,3,Female,81,3,2,Healthcare Representative,4,Married,4089,5718,1,Y,No,13,3,2,80,2,10,4,3,10,2,2,2,Vidur Gandhi,Finance,Auditor,92,88.25,93.07,3.9,86.51,50,3.9,28,No
43,No,Travel_Rarely,782,Research & Development,6,4,Other,1,661,2,Male,50,2,4,Research Director,4,Divorced,16627,2671,4,Y,Yes,14,3,3,80,1,21,3,2,1,0,0,0,Aniruddh Koshy,IT,Software Engineer,84,92.59,86.11,4.5,75.69,36,4.7,21,No
38,No,Travel_Rarely,362,Research & Development,1,1,Life Sciences,1,662,3,Female,43,3,1,Research Scientist,1,Single,2619,14561,3,Y,No,17,3,4,80,0,8,3,2,0,0,0,0,Miraya Warrior,HR,Employee Relations,66,93.95,96.7,3.1,71.5,41,3.6,1,No
43,No,Travel_Frequently,1001,Research & Development,9,5,Medical,1,663,4,Male,72,3,2,Laboratory Technician,3,Divorced,5679,19627,3,Y,Yes,13,3,2,80,1,10,3,3,8,7,4,7,Ira Das,Sales,Business Development,86,63.96,79.03,4.1,91.1,37,3.2,9,No
48,No,Travel_Rarely,1236,Research & Development,1,4,Life Sciences,1,664,4,Female,40,2,4,Manager,1,Married,15402,17997,7,Y,No,11,3,1,80,1,21,3,1,3,2,0,2,Prisha Gade,Marketing,SEO Specialist,56,72.57,85.73,4.7,93.77,54,4.5,0,No
44,No,Travel_Rarely,1112,Human Resources,1,4,Life Sciences,1,665,1,Female,50,2,2,Human Resources,3,Single,5985,26894,4,Y,No,11,3,2,80,0,10,1,4,2,2,0,2,Biju Yogi,Marketing,SEO Specialist,55,92.3,86.8,3.7,95.28,51,4.5,6,No
34,No,Travel_Rarely,204,Sales,14,3,Technical Degree,1,666,3,Female,31,3,1,Sales Representative,3,Divorced,2579,2912,1,Y,Yes,18,3,4,80,2,8,3,3,8,2,0,6,Emir Dhillon,Sales,Account Manager,66,72.09,81.55,4.5,89.46,46,3.2,9,No
27,Yes,Travel_Rarely,1420,Sales,2,1,Marketing,1,667,3,Male,85,3,1,Sales Representative,1,Divorced,3041,16346,0,Y,No,11,3,2,80,1,5,3,3,4,3,0,2,Jivika Gera,Finance,Auditor,87,85.44,90.17,4.3,89.51,53,4.6,25,Yes
21,No,Travel_Rarely,1343,Sales,22,1,Technical Degree,1,669,3,Male,49,3,1,Sales Representative,3,Single,3447,24444,1,Y,No,11,3,3,80,0,3,2,3,3,2,1,2,Ishaan Sankaran,IT,Software Engineer,87,81.17,93.89,4.7,91.95,49,3.4,30,No
44,No,Travel_Rarely,1315,Research & Development,3,4,Other,1,671,4,Male,35,3,5,Manager,4,Married,19513,9358,4,Y,Yes,12,3,1,80,1,26,2,4,2,2,0,1,Charvi Sachdev,Marketing,Marketing Executive,87,83.01,83.4,4.3,71.45,53,3.9,23,No
22,No,Travel_Rarely,604,Research & Development,6,1,Medical,1,675,1,Male,69,3,1,Research Scientist,3,Married,2773,12145,0,Y,No,20,4,4,80,0,3,3,3,2,2,2,2,Dishani Seshadri,Finance,Auditor,96,67.84,78.24,3.6,74.79,50,4.6,3,Yes
33,No,Travel_Rarely,1216,Sales,8,4,Marketing,1,677,3,Male,39,3,2,Sales Executive,3,Divorced,7104,20431,0,Y,No,12,3,4,80,0,6,3,3,5,0,1,2,Madhav Suri,Marketing,Marketing Executive,60,82.33,82.16,3.2,70.2,40,4.8,6,No
32,No,Travel_Rarely,646,Research & Development,9,4,Life Sciences,1,679,1,Female,92,3,2,Research Scientist,4,Married,6322,18089,1,Y,Yes,12,3,4,80,1,6,2,2,6,4,0,5,Emir Brahmbhatt,HR,Recruitment Specialist,98,77.22,90.26,4.5,95.85,45,3.5,26,No
30,No,Travel_Frequently,160,Research & Development,3,3,Medical,1,680,3,Female,71,3,1,Research Scientist,3,Divorced,2083,22653,1,Y,No,20,4,3,80,1,1,2,3,1,0,0,0,Navya Saini,IT,Cybersecurity Specialist,86,87.57,83.31,4.3,90.34,46,4.9,8,Yes
53,No,Travel_Rarely,238,Sales,1,1,Medical,1,682,4,Female,34,3,2,Sales Executive,1,Single,8381,7507,7,Y,No,20,4,4,80,0,18,2,4,14,7,8,10,Diya Dara,Finance,Financial Analyst,50,68.33,87.34,3.7,98.85,38,3.5,22,No
34,No,Travel_Rarely,1397,Research & Development,1,5,Life Sciences,1,683,2,Male,42,3,1,Research Scientist,4,Married,2691,7660,1,Y,No,12,3,4,80,1,10,4,2,10,9,8,8,Farhan Sane,Finance,Auditor,90,79.57,83.81,3.7,70.01,45,3.7,21,No
45,Yes,Travel_Frequently,306,Sales,26,4,Life Sciences,1,684,1,Female,100,3,2,Sales Executive,1,Married,4286,5630,2,Y,No,14,3,4,80,2,5,4,3,1,1,0,0,Manjari Kakar,HR,Recruitment Specialist,57,76.24,90.96,4.5,78.25,41,4.8,26,No
26,No,Travel_Rarely,991,Research & Development,6,3,Life Sciences,1,686,3,Female,71,3,1,Laboratory Technician,4,Married,2659,17759,1,Y,Yes,13,3,3,80,1,3,2,3,3,2,0,2,Mannat Mane,Marketing,SEO Specialist,54,68.82,88.11,3.9,86.39,47,4.3,10,No
37,No,Travel_Rarely,482,Research & Development,3,3,Other,1,689,3,Male,36,3,3,Manufacturing Director,3,Married,9434,9606,1,Y,No,15,3,3,80,1,10,2,3,10,7,7,8,Jhanvi Korpal,Finance,Financial Analyst,50,77.24,75.06,3.1,97.4,48,4.9,22,No
29,No,Travel_Rarely,1176,Sales,3,2,Medical,1,690,2,Female,62,3,2,Sales Executive,3,Married,5561,3487,1,Y,No,14,3,1,80,1,6,5,2,6,0,1,2,Tejas Buch,Finance,Financial Analyst,60,67.59,91.5,3.4,79.9,36,3.4,6,No
35,No,Travel_Rarely,1017,Research & Development,6,4,Life Sciences,1,691,2,Male,82,1,2,Research Scientist,4,Single,6646,19368,1,Y,No,13,3,2,80,0,17,3,3,17,11,11,8,Shaan Bhat,Finance,Financial Analyst,58,76.85,92.07,5.0,96.65,42,3.9,25,No
33,No,Travel_Frequently,1296,Research & Development,6,3,Life Sciences,1,692,3,Male,30,3,2,Healthcare Representative,4,Divorced,7725,5335,3,Y,No,23,4,3,80,1,15,2,1,13,11,4,7,Bhamini Bhat,Sales,Business Development,63,89.87,86.69,4.2,84.48,36,3.3,29,No
54,No,Travel_Rarely,397,Human Resources,19,4,Medical,1,698,3,Male,88,3,3,Human Resources,2,Married,10725,6729,2,Y,No,15,3,3,80,1,16,1,4,9,7,7,1,Nehmat Wali,HR,HR Manager,64,75.58,79.48,3.5,83.74,43,3.2,20,No
36,No,Travel_Rarely,913,Research & Development,9,2,Medical,1,699,2,Male,48,2,2,Manufacturing Director,2,Divorced,8847,13934,2,Y,Yes,11,3,3,80,1,13,2,3,3,2,0,2,Anvi Loke,Finance,Accountant,96,73.97,99.89,4.3,80.52,36,3.2,6,No
27,No,Travel_Rarely,1115,Research & Development,3,4,Medical,1,700,1,Male,54,2,1,Research Scientist,4,Single,2045,15174,0,Y,No,13,3,4,80,0,5,0,3,4,2,1,1,Umang Swaminathan,Finance,Financial Analyst,52,71.44,99.41,4.2,89.38,46,3.7,28,No
20,Yes,Travel_Rarely,1362,Research & Development,10,1,Medical,1,701,4,Male,32,3,1,Research Scientist,3,Single,1009,26999,1,Y,Yes,11,3,4,80,0,1,5,3,1,0,1,1,Azad Kota,IT,Software Engineer,86,81.3,99.04,4.7,99.5,42,3.6,21,No
33,Yes,Travel_Frequently,1076,Research & Development,3,3,Life Sciences,1,702,1,Male,70,3,1,Research Scientist,1,Single,3348,3164,1,Y,Yes,11,3,1,80,0,10,3,3,10,8,9,7,Hazel Vora,HR,Employee Relations,72,76.05,76.74,3.2,92.17,51,3.5,5,No
35,No,Non-Travel,727,Research & Development,3,3,Life Sciences,1,704,3,Male,41,2,1,Laboratory Technician,3,Married,1281,16900,1,Y,No,18,3,3,80,2,1,3,3,1,0,0,0,Nirvaan Sandal,Finance,Accountant,96,89.91,79.33,3.5,80.47,52,3.7,16,No
23,No,Travel_Rarely,885,Research & Development,4,3,Medical,1,705,1,Male,58,4,1,Research Scientist,1,Married,2819,8544,2,Y,No,16,3,1,80,1,5,3,4,3,2,0,2,Aarush Bora,Finance,Auditor,85,71.91,88.4,4.0,97.47,39,4.8,5,No
25,No,Travel_Rarely,810,Sales,8,3,Life Sciences,1,707,4,Male,57,4,2,Sales Executive,2,Married,4851,15678,0,Y,No,22,4,3,80,1,4,4,3,3,2,1,2,Mohanlal Korpal,HR,HR Manager,52,61.37,87.92,3.2,74.71,54,3.2,9,No
38,No,Travel_Rarely,243,Sales,7,4,Marketing,1,709,4,Female,46,2,2,Sales Executive,4,Single,4028,7791,0,Y,No,20,4,1,80,0,8,2,3,7,7,0,5,Kabir Wali,HR,HR Manager,95,82.26,90.12,3.3,78.62,44,3.7,0,No
29,No,Travel_Frequently,806,Research & Development,1,4,Life Sciences,1,710,2,Male,76,1,1,Research Scientist,4,Divorced,2720,18959,1,Y,No,18,3,4,80,1,10,5,3,10,7,2,8,Rania Dua,Finance,Auditor,80,62.9,88.26,4.6,90.48,54,3.0,17,No
48,No,Travel_Rarely,817,Sales,2,1,Marketing,1,712,2,Male,56,4,2,Sales Executive,2,Married,8120,18597,3,Y,No,12,3,4,80,0,12,3,3,2,2,2,2,Kiaan Shukla,Marketing,SEO Specialist,56,78.29,95.01,3.8,79.25,37,3.7,20,No
27,No,Travel_Frequently,1410,Sales,3,1,Medical,1,714,4,Female,71,4,2,Sales Executive,4,Divorced,4647,16673,1,Y,Yes,20,4,2,80,2,6,3,3,6,5,0,4,Anaya Loke,Marketing,Marketing Executive,63,67.74,87.51,4.0,81.04,37,4.3,1,No
37,No,Travel_Rarely,1225,Research & Development,10,2,Life Sciences,1,715,4,Male,80,4,1,Research Scientist,4,Single,4680,15232,3,Y,No,17,3,1,80,0,4,2,3,1,0,0,0,Ayesha Dugar,IT,Data Analyst,98,67.05,98.42,4.0,72.04,35,4.7,24,Yes
50,No,Travel_Rarely,1207,Research & Development,28,1,Medical,1,716,4,Male,74,4,1,Laboratory Technician,3,Married,3221,3297,1,Y,Yes,11,3,3,80,3,20,3,3,20,8,3,8,Hansh Dey,Marketing,Marketing Executive,58,92.82,79.02,4.9,90.56,41,4.3,4,No
34,No,Travel_Rarely,1442,Research & Development,9,3,Medical,1,717,4,Female,46,2,3,Healthcare Representative,2,Single,8621,17654,1,Y,No,14,3,2,80,0,9,3,4,8,7,7,7,Chirag Chada,Finance,Auditor,93,92.91,99.08,3.1,87.98,40,4.9,7,Yes
24,Yes,Travel_Rarely,693,Sales,3,2,Life Sciences,1,720,1,Female,65,3,2,Sales Executive,3,Single,4577,24785,9,Y,No,14,3,1,80,0,4,3,3,2,2,2,0,Romil Shere,Marketing,Content Strategist,61,82.24,98.66,3.8,74.95,41,3.7,0,No
39,No,Travel_Rarely,408,Research & Development,2,4,Technical Degree,1,721,4,Female,80,2,2,Healthcare Representative,3,Single,4553,20978,1,Y,No,11,3,1,80,0,20,4,3,20,7,11,10,Mahika Salvi,Marketing,SEO Specialist,67,64.02,82.52,3.7,71.55,54,3.3,22,No
32,No,Travel_Rarely,929,Sales,10,3,Marketing,1,722,4,Male,55,3,2,Sales Executive,4,Single,5396,21703,1,Y,No,12,3,4,80,0,10,2,2,10,7,0,8,Vritika Dewan,Marketing,Marketing Executive,69,71.97,80.02,4.5,86.84,39,4.2,0,No
50,Yes,Travel_Frequently,562,Sales,8,2,Technical Degree,1,723,2,Male,50,3,2,Sales Executive,3,Married,6796,23452,3,Y,Yes,14,3,1,80,1,18,4,3,4,3,1,3,Ayesha Sahota,Finance,Auditor,64,93.55,95.87,4.5,94.97,52,4.0,30,No
38,No,Travel_Rarely,827,Research & Development,1,4,Life Sciences,1,724,2,Female,33,4,2,Healthcare Representative,4,Single,7625,19383,0,Y,No,13,3,3,80,0,10,4,2,9,7,1,8,Ivana Sarin,HR,Employee Relations,80,89.73,79.47,3.7,79.36,45,3.5,19,No
27,No,Travel_Rarely,608,Research & Development,1,2,Life Sciences,1,725,3,Female,68,3,3,Manufacturing Director,1,Married,7412,6009,1,Y,No,11,3,4,80,0,9,3,3,9,7,0,7,Vaibhav Dhar,Marketing,Content Strategist,76,84.16,85.99,4.7,79.62,50,3.1,26,No
32,No,Travel_Rarely,1018,Research & Development,3,2,Life Sciences,1,727,3,Female,39,3,3,Research Director,4,Single,11159,19373,3,Y,No,15,3,4,80,0,10,6,3,7,7,7,7,Diya Kalla,Finance,Financial Analyst,82,61.02,92.88,3.0,90.69,48,3.3,4,No
47,No,Travel_Rarely,703,Sales,14,4,Marketing,1,728,4,Male,42,3,2,Sales Executive,1,Single,4960,11825,2,Y,No,12,3,4,80,0,20,2,3,7,7,1,7,Hridaan Sengupta,Finance,Auditor,51,82.1,78.31,3.5,73.02,44,4.0,0,No
40,No,Travel_Frequently,580,Sales,5,4,Life Sciences,1,729,4,Male,48,2,3,Sales Executive,1,Married,10475,23772,5,Y,Yes,21,4,3,80,1,20,2,3,18,13,1,12,Divij Vala,Finance,Auditor,74,86.82,89.14,4.1,75.8,35,3.3,7,No
53,No,Travel_Rarely,970,Research & Development,7,3,Life Sciences,1,730,3,Male,59,4,4,Research Director,3,Married,14814,13514,3,Y,No,19,3,3,80,0,32,3,3,5,1,1,3,Samiha Walia,Marketing,Marketing Executive,96,67.39,77.55,3.2,81.84,42,3.5,22,No
41,No,Travel_Rarely,427,Human Resources,10,4,Human Resources,1,731,2,Male,73,2,5,Manager,4,Divorced,19141,8861,3,Y,No,15,3,2,80,3,23,2,2,21,6,12,6,Dhanush Swaminathan,Marketing,SEO Specialist,51,88.77,97.26,4.7,75.69,47,4.2,0,No
60,No,Travel_Rarely,1179,Sales,16,4,Marketing,1,732,1,Male,84,3,2,Sales Executive,1,Single,5405,11924,8,Y,No,14,3,4,80,0,10,1,3,2,2,2,2,Yashvi Dash,Finance,Financial Analyst,97,78.65,77.16,4.6,91.75,47,3.7,20,No
27,No,Travel_Frequently,294,Research & Development,10,2,Life Sciences,1,733,4,Male,32,3,3,Manufacturing Director,1,Divorced,8793,4809,1,Y,No,21,4,3,80,2,9,4,2,9,7,1,7,Gatik Grewal,Marketing,SEO Specialist,94,76.27,99.98,3.0,91.6,55,3.1,25,No
41,No,Travel_Rarely,314,Human Resources,1,3,Human Resources,1,734,4,Male,59,2,5,Manager,3,Married,19189,19562,1,Y,No,12,3,2,80,1,22,3,3,22,7,2,10,Aradhya Rana,Sales,Sales Executive,72,77.82,83.18,4.9,88.63,48,3.8,15,No
50,No,Travel_Rarely,316,Sales,8,4,Marketing,1,738,4,Male,54,3,1,Sales Representative,2,Married,3875,9983,7,Y,No,15,3,4,80,1,4,2,3,2,2,2,2,Jivin Srivastava,Finance,Accountant,93,73.31,88.8,4.1,75.07,44,4.7,11,Yes
28,Yes,Travel_Rarely,654,Research & Development,1,2,Life Sciences,1,741,1,Female,67,1,1,Research Scientist,2,Single,2216,3872,7,Y,Yes,13,3,4,80,0,10,4,3,7,7,3,7,Adah Sagar,Sales,Account Manager,95,74.91,77.49,3.0,88.68,40,4.0,23,No
36,No,Non-Travel,427,Research & Development,8,3,Life Sciences,1,742,1,Female,63,4,3,Research Director,1,Married,11713,20335,9,Y,No,14,3,1,80,1,10,2,3,8,7,0,5,Aniruddh Handa,Sales,Account Manager,71,86.86,78.96,3.1,91.59,46,3.2,28,No
38,No,Travel_Rarely,168,Research & Development,1,3,Life Sciences,1,743,3,Female,81,3,3,Manufacturing Director,3,Single,7861,15397,4,Y,Yes,14,3,4,80,0,10,4,4,1,0,0,0,Anay Sarraf,Marketing,SEO Specialist,67,65.08,77.97,4.9,86.29,54,4.9,6,No
44,No,Non-Travel,381,Research & Development,24,3,Medical,1,744,1,Male,49,1,1,Laboratory Technician,3,Single,3708,2104,2,Y,No,14,3,3,80,0,9,5,3,5,2,1,4,Samarth Sethi,Finance,Auditor,90,71.3,86.11,3.9,89.8,43,4.5,28,Yes
47,No,Travel_Frequently,217,Sales,3,3,Medical,1,746,4,Female,49,3,4,Sales Executive,3,Divorced,13770,10225,9,Y,Yes,12,3,4,80,2,28,2,2,22,2,11,13,Eshani Tailor,Marketing,SEO Specialist,85,82.02,96.69,3.5,98.19,37,3.7,27,No
30,No,Travel_Rarely,501,Sales,27,5,Marketing,1,747,3,Male,99,3,2,Sales Executive,4,Divorced,5304,25275,7,Y,No,23,4,4,80,1,10,2,2,8,7,7,7,Anvi Sodhi,Sales,Account Manager,64,93.7,94.73,4.6,93.99,35,3.1,9,No
29,No,Travel_Rarely,1396,Sales,10,3,Life Sciences,1,749,3,Male,99,3,1,Sales Representative,3,Single,2642,2755,1,Y,No,11,3,3,80,0,1,6,3,1,0,0,0,Pihu Doshi,Marketing,Content Strategist,94,79.97,82.14,4.4,74.07,55,4.0,18,No
42,Yes,Travel_Frequently,933,Research & Development,19,3,Medical,1,752,3,Male,57,4,1,Research Scientist,3,Divorced,2759,20366,6,Y,Yes,12,3,4,80,0,7,2,3,2,2,2,2,Manikya Singh,IT,Cybersecurity Specialist,79,89.49,87.14,3.1,70.46,50,4.1,15,No
43,No,Travel_Frequently,775,Sales,15,3,Life Sciences,1,754,4,Male,47,2,2,Sales Executive,4,Married,6804,23683,3,Y,No,18,3,3,80,1,7,5,3,2,2,2,2,Kismat Ranganathan,HR,HR Manager,54,69.88,95.7,3.6,73.15,49,3.3,10,No
34,No,Travel_Rarely,970,Research & Development,8,2,Medical,1,757,2,Female,96,3,2,Healthcare Representative,3,Single,6142,7360,3,Y,No,11,3,4,80,0,10,2,3,5,1,4,3,Anaya Chandran,Sales,Business Development,51,62.01,84.19,3.4,86.99,50,4.0,27,No
23,No,Travel_Rarely,650,Research & Development,9,1,Medical,1,758,2,Male,37,3,1,Laboratory Technician,1,Married,2500,4344,1,Y,No,14,3,4,80,1,5,2,4,4,3,0,2,Kavya Bobal,IT,Data Analyst,53,69.37,91.81,3.3,95.43,54,4.6,28,No
39,No,Travel_Rarely,141,Human Resources,3,3,Human Resources,1,760,3,Female,44,4,2,Human Resources,2,Married,6389,18767,9,Y,No,15,3,3,80,1,12,3,1,8,3,3,6,Jayesh Baria,Finance,Accountant,78,94.3,76.23,4.6,71.44,52,4.3,21,No
56,No,Travel_Rarely,832,Research & Development,9,3,Medical,1,762,3,Male,81,3,4,Healthcare Representative,4,Married,11103,20420,7,Y,No,11,3,3,80,0,30,1,2,10,7,1,1,Zain Iyengar,IT,Data Analyst,81,82.01,76.82,4.7,80.06,41,3.4,1,No
40,No,Travel_Rarely,804,Research & Development,2,1,Medical,1,763,4,Female,86,2,1,Research Scientist,4,Single,2342,22929,0,Y,Yes,20,4,4,80,0,5,2,2,4,2,2,3,Yasmin Ravel,Marketing,Content Strategist,60,79.08,78.85,4.3,99.92,39,3.7,15,No
27,No,Travel_Rarely,975,Research & Development,7,3,Medical,1,764,4,Female,55,2,2,Healthcare Representative,1,Single,6811,23398,8,Y,No,19,3,1,80,0,9,2,1,7,6,0,7,Oorja Dhawan,Sales,Business Development,73,88.63,79.41,4.8,77.89,46,4.0,21,No
29,No,Travel_Rarely,1090,Sales,10,3,Marketing,1,766,4,Male,83,3,1,Sales Representative,2,Divorced,2297,17967,1,Y,No,14,3,4,80,2,2,2,3,2,2,2,2,Biju Bhatia,IT,Cybersecurity Specialist,92,85.7,96.84,3.7,73.87,38,4.4,1,Yes
53,No,Travel_Rarely,346,Research & Development,6,3,Life Sciences,1,769,4,Male,86,3,2,Laboratory Technician,4,Single,2450,10919,2,Y,No,17,3,4,80,0,19,4,3,2,2,2,2,Navya Bala,IT,Software Engineer,51,72.19,91.44,4.7,78.83,52,4.5,26,No
35,No,Non-Travel,1225,Research & Development,2,4,Life Sciences,1,771,4,Female,61,3,2,Healthcare Representative,1,Divorced,5093,4761,2,Y,No,11,3,1,80,1,16,2,4,1,0,0,0,Jayant Sharma,Marketing,Marketing Executive,64,72.75,80.86,4.1,86.19,45,4.5,29,No
32,No,Travel_Frequently,430,Research & Development,24,4,Life Sciences,1,772,1,Male,80,3,2,Laboratory Technician,4,Married,5309,21146,1,Y,No,15,3,4,80,2,10,2,3,10,8,4,7,Damini Sachar,Finance,Accountant,79,78.07,98.5,4.1,77.31,35,4.8,26,No
38,No,Travel_Rarely,268,Research & Development,2,5,Medical,1,773,4,Male,92,3,1,Research Scientist,3,Married,3057,20471,6,Y,Yes,13,3,2,80,1,6,0,1,1,0,0,1,Divij Mander,Finance,Financial Analyst,62,80.71,75.82,3.5,79.57,52,4.5,17,No
34,No,Travel_Rarely,167,Research & Development,8,5,Life Sciences,1,775,2,Female,32,3,2,Manufacturing Director,1,Divorced,5121,4187,3,Y,No,14,3,3,80,1,7,3,3,0,0,0,0,Prerak Sanghvi,Marketing,Marketing Executive,51,67.62,79.5,4.6,80.49,52,4.4,8,No
52,No,Travel_Rarely,621,Sales,3,4,Marketing,1,776,3,Male,31,2,4,Manager,1,Married,16856,10084,1,Y,No,11,3,1,80,0,34,3,4,34,6,1,16,Pranay Bhagat,Marketing,SEO Specialist,82,65.43,78.42,4.7,74.08,41,4.2,7,No
33,Yes,Travel_Rarely,527,Research & Development,1,4,Other,1,780,4,Male,63,3,1,Research Scientist,4,Single,2686,5207,1,Y,Yes,13,3,3,80,0,10,2,2,10,9,7,8,Kismat Andra,HR,Employee Relations,78,78.17,89.29,4.8,77.69,44,5.0,3,No
25,No,Travel_Rarely,883,Sales,26,1,Medical,1,781,3,Female,32,3,2,Sales Executive,4,Single,6180,22807,1,Y,No,23,4,2,80,0,6,5,2,6,5,1,4,Aaina Chaudhuri,Marketing,SEO Specialist,86,69.83,83.45,3.7,98.99,53,4.2,0,Yes
45,No,Travel_Rarely,954,Sales,2,2,Technical Degree,1,783,2,Male,46,1,2,Sales Representative,3,Single,6632,12388,0,Y,No,13,3,1,80,0,9,3,3,8,7,3,1,Inaaya  Chacko,HR,Recruitment Specialist,96,81.06,99.82,4.3,86.72,44,3.8,27,No
23,No,Travel_Rarely,310,Research & Development,10,1,Medical,1,784,1,Male,79,4,1,Research Scientist,3,Single,3505,19630,1,Y,No,18,3,4,80,0,2,3,3,2,2,0,2,Akarsh Behl,IT,Software Engineer,55,82.9,97.21,3.4,81.04,45,3.7,17,No
47,Yes,Travel_Frequently,719,Sales,27,2,Life Sciences,1,785,2,Female,77,4,2,Sales Executive,3,Single,6397,10339,4,Y,Yes,12,3,4,80,0,8,2,3,5,4,1,3,Miraya Chowdhury,Marketing,Content Strategist,69,62.29,77.39,3.8,90.07,46,4.6,0,No
34,No,Travel_Rarely,304,Sales,2,3,Other,1,786,4,Male,60,3,2,Sales Executive,4,Single,6274,18686,1,Y,No,22,4,3,80,0,6,5,3,6,5,1,4,Devansh Lad,HR,Employee Relations,86,72.32,92.3,4.2,72.39,48,3.1,21,No
55,Yes,Travel_Rarely,725,Research & Development,2,3,Medical,1,787,4,Male,78,3,5,Manager,1,Married,19859,21199,5,Y,Yes,13,3,4,80,1,24,2,3,5,2,1,4,Anahi Tella,Marketing,SEO Specialist,90,61.06,86.98,3.9,90.57,44,3.0,28,No
36,No,Non-Travel,1434,Sales,8,4,Life Sciences,1,789,1,Male,76,2,3,Sales Executive,1,Single,7587,14229,1,Y,No,15,3,2,80,0,10,1,3,10,7,0,9,Nakul Mammen,HR,HR Manager,67,74.31,93.12,3.8,81.02,35,3.6,27,No
52,No,Non-Travel,715,Research & Development,19,4,Medical,1,791,4,Male,41,3,1,Research Scientist,4,Married,4258,26589,0,Y,No,18,3,1,80,1,5,3,3,4,3,1,2,Abram Saha,HR,Recruitment Specialist,76,69.42,88.47,3.9,92.92,43,3.6,13,No
26,No,Travel_Frequently,575,Research & Development,1,2,Life Sciences,1,792,1,Female,71,1,1,Laboratory Technician,4,Divorced,4364,5288,3,Y,No,14,3,1,80,1,5,2,3,2,2,2,0,Hunar Biswas,IT,Software Engineer,66,78.77,82.91,3.8,72.06,40,4.5,13,No
29,No,Travel_Rarely,657,Research & Development,27,3,Medical,1,793,2,Female,66,3,2,Healthcare Representative,3,Married,4335,25549,4,Y,No,12,3,1,80,1,11,3,2,8,7,1,1,Mehul Chauhan,IT,Data Analyst,93,92.27,87.76,4.4,78.24,54,3.4,1,No
26,Yes,Travel_Rarely,1146,Sales,8,3,Technical Degree,1,796,4,Male,38,2,2,Sales Executive,1,Single,5326,3064,6,Y,No,17,3,3,80,0,6,2,2,4,3,1,2,Riya Tank,Marketing,Content Strategist,97,82.33,92.57,3.4,73.45,47,4.3,5,Yes
34,No,Travel_Rarely,182,Research & Development,1,4,Life Sciences,1,797,2,Female,72,4,1,Research Scientist,4,Single,3280,13551,2,Y,No,16,3,3,80,0,10,2,3,4,2,1,3,Charvi Loyal,Sales,Sales Executive,98,83.71,96.53,3.3,96.56,46,4.7,20,Yes
54,No,Travel_Rarely,376,Research & Development,19,4,Medical,1,799,4,Female,95,3,2,Manufacturing Director,1,Divorced,5485,22670,9,Y,Yes,11,3,2,80,2,9,4,3,5,3,1,4,Anay Dubey,Sales,Business Development,73,93.28,85.58,3.2,92.26,43,3.0,7,No
27,No,Travel_Frequently,829,Sales,8,1,Marketing,1,800,3,Male,84,3,2,Sales Executive,4,Married,4342,24008,0,Y,No,19,3,2,80,1,5,3,3,4,2,1,1,Hrishita Andra,Marketing,SEO Specialist,66,69.94,90.92,4.3,77.31,47,4.5,1,No
37,No,Travel_Rarely,571,Research & Development,10,1,Life Sciences,1,802,4,Female,82,3,1,Research Scientist,1,Divorced,2782,19905,0,Y,Yes,13,3,2,80,2,6,3,2,5,3,4,3,Hridaan Chauhan,Marketing,SEO Specialist,79,60.81,88.33,4.6,93.69,45,4.2,27,No
38,No,Travel_Frequently,240,Research & Development,2,4,Life Sciences,1,803,1,Female,75,4,2,Manufacturing Director,1,Single,5980,26085,6,Y,Yes,12,3,4,80,0,17,2,3,15,7,4,12,Purab Gour,Marketing,SEO Specialist,98,87.07,95.58,3.9,99.35,46,4.0,26,No
34,No,Travel_Rarely,121,Research & Development,2,4,Medical,1,804,3,Female,86,2,1,Research Scientist,1,Single,4381,7530,1,Y,No,11,3,3,80,0,6,3,3,6,5,1,3,Darshit Balasubramanian,IT,Cybersecurity Specialist,79,66.99,96.38,3.8,99.59,36,3.3,21,No
35,No,Travel_Rarely,384,Sales,8,4,Life Sciences,1,805,1,Female,72,3,1,Sales Representative,4,Married,2572,20317,1,Y,No,16,3,2,80,1,3,1,2,3,2,0,2,Riya Mangat,Marketing,SEO Specialist,81,76.3,75.69,4.4,94.79,47,3.9,5,No
30,No,Travel_Rarely,921,Research & Development,1,3,Life Sciences,1,806,4,Male,38,1,1,Laboratory Technician,3,Married,3833,24375,3,Y,No,21,4,3,80,2,7,2,3,2,2,0,2,Nitya Trivedi,Sales,Sales Executive,54,91.6,91.68,4.3,98.15,37,4.2,22,No
40,No,Travel_Frequently,791,Research & Development,2,2,Medical,1,807,3,Female,38,4,2,Healthcare Representative,2,Married,4244,9931,1,Y,No,24,4,4,80,1,8,2,3,8,7,3,7,Alia Deep,Marketing,Marketing Executive,96,80.65,88.87,4.2,90.38,49,3.3,21,No
34,No,Travel_Rarely,1111,Sales,8,2,Life Sciences,1,808,3,Female,93,3,2,Sales Executive,1,Married,6500,13305,5,Y,No,17,3,2,80,1,6,1,3,3,2,1,2,Hansh Kala,Finance,Accountant,63,70.02,99.44,3.4,80.87,45,3.6,30,No
42,No,Travel_Frequently,570,Research & Development,8,3,Life Sciences,1,809,2,Male,66,3,5,Manager,4,Divorced,18430,16225,1,Y,No,13,3,2,80,1,24,4,2,24,7,14,9,Hansh Batra,Marketing,SEO Specialist,84,60.75,89.71,3.3,85.71,51,4.9,11,No
23,Yes,Travel_Rarely,1243,Research & Development,6,3,Life Sciences,1,811,3,Male,63,4,1,Laboratory Technician,1,Married,1601,3445,1,Y,Yes,21,4,3,80,2,1,2,3,0,0,0,0,Hunar Chacko,HR,Recruitment Specialist,74,70.51,91.12,4.0,93.02,45,3.5,21,No
24,No,Non-Travel,1092,Research & Development,9,3,Life Sciences,1,812,3,Male,60,2,1,Laboratory Technician,2,Divorced,2694,26551,1,Y,No,11,3,3,80,3,1,4,3,1,0,0,0,Aayush Kalla,Marketing,Marketing Executive,54,80.1,79.24,4.0,89.8,43,3.6,19,No
52,No,Travel_Rarely,1325,Research & Development,11,4,Life Sciences,1,813,4,Female,82,3,2,Laboratory Technician,3,Married,3149,21821,8,Y,No,20,4,2,80,1,9,3,3,5,2,1,4,Divit Kale,Sales,Sales Executive,54,63.1,91.75,3.5,75.89,38,3.9,6,No
50,No,Travel_Rarely,691,Research & Development,2,3,Medical,1,815,3,Male,64,3,4,Research Director,3,Married,17639,6881,5,Y,No,16,3,4,80,0,30,3,3,4,3,0,3,Oorja Tank,IT,Software Engineer,97,81.39,89.95,3.0,73.99,35,4.1,1,Yes
29,Yes,Travel_Rarely,805,Research & Development,1,2,Life Sciences,1,816,2,Female,36,2,1,Laboratory Technician,1,Married,2319,6689,1,Y,Yes,11,3,4,80,1,1,1,3,1,0,0,0,Zoya Bhardwaj,Marketing,Content Strategist,80,66.56,89.73,4.3,80.04,46,4.9,5,No
33,No,Travel_Rarely,213,Research & Development,7,3,Medical,1,817,3,Male,49,3,3,Research Director,3,Married,11691,25995,0,Y,No,11,3,4,80,0,14,3,4,13,9,3,7,Jayesh Ratta,Finance,Financial Analyst,80,93.9,98.27,4.4,73.91,43,4.6,15,No
33,Yes,Travel_Rarely,118,Sales,16,3,Marketing,1,819,1,Female,69,3,2,Sales Executive,1,Single,5324,26507,5,Y,No,15,3,3,80,0,6,3,3,3,2,0,2,Mehul Kalita,Finance,Accountant,77,69.87,92.21,3.2,95.64,39,3.5,27,No
47,No,Travel_Rarely,202,Research & Development,2,2,Other,1,820,3,Female,33,3,4,Manager,4,Married,16752,12982,1,Y,Yes,11,3,3,80,1,26,3,2,26,14,3,0,Myra Ravi,Finance,Financial Analyst,51,79.45,81.62,4.2,99.55,41,4.9,14,No
36,No,Travel_Rarely,676,Research & Development,1,3,Other,1,823,3,Female,35,3,2,Manufacturing Director,2,Married,5228,23361,0,Y,No,15,3,1,80,1,10,2,3,9,7,0,5,Nehmat Ahluwalia,Sales,Sales Executive,53,67.22,84.88,3.6,84.9,55,3.6,18,No
29,No,Travel_Rarely,1252,Research & Development,23,2,Life Sciences,1,824,3,Male,81,4,1,Research Scientist,3,Married,2700,23779,1,Y,No,24,4,3,80,1,10,3,3,10,7,0,7,Devansh Toor,Finance,Accountant,69,84.8,77.44,3.6,77.97,54,3.1,23,No
58,Yes,Travel_Rarely,286,Research & Development,2,4,Life Sciences,1,825,4,Male,31,3,5,Research Director,2,Single,19246,25761,7,Y,Yes,12,3,4,80,0,40,2,3,31,15,13,8,Vaibhav Sandhu,Finance,Financial Analyst,51,66.88,93.47,3.8,85.92,41,3.7,17,No
35,No,Travel_Rarely,1258,Research & Development,1,4,Life Sciences,1,826,4,Female,40,4,1,Research Scientist,3,Single,2506,13301,3,Y,No,13,3,3,80,0,7,0,3,2,2,2,2,Anvi Sengupta,HR,Recruitment Specialist,70,79.6,89.63,4.3,86.4,38,3.1,10,No
42,No,Travel_Rarely,932,Research & Development,1,2,Life Sciences,1,827,4,Female,43,2,2,Manufacturing Director,4,Married,6062,4051,9,Y,Yes,13,3,4,80,1,8,4,3,4,3,0,2,Aarav Dey,IT,Data Analyst,51,69.3,94.85,3.2,70.21,54,4.8,22,No
28,Yes,Travel_Rarely,890,Research & Development,2,4,Medical,1,828,3,Male,46,3,1,Research Scientist,3,Single,4382,16374,6,Y,No,17,3,4,80,0,5,3,2,2,2,2,1,Renee Suresh,IT,Data Analyst,73,65.32,75.52,4.5,87.4,47,3.4,15,No
36,No,Travel_Rarely,1041,Human Resources,13,3,Human Resources,1,829,3,Male,36,3,1,Human Resources,2,Married,2143,25527,4,Y,No,13,3,2,80,1,8,2,3,5,2,0,4,Kiara Kulkarni,HR,Recruitment Specialist,67,79.42,80.85,4.3,94.73,35,5.0,13,No
32,No,Travel_Rarely,859,Research & Development,4,3,Life Sciences,1,830,3,Female,98,2,2,Manufacturing Director,3,Married,6162,19124,1,Y,No,12,3,3,80,1,14,3,3,14,13,6,8,Akarsh Dhar,Marketing,SEO Specialist,69,70.71,78.5,3.8,70.02,38,3.5,4,No
40,No,Travel_Frequently,720,Research & Development,16,4,Medical,1,832,1,Male,51,2,2,Laboratory Technician,3,Single,5094,11983,6,Y,No,14,3,4,80,0,10,6,3,1,0,0,0,Bhamini Sawhney,Sales,Sales Executive,70,85.98,95.2,4.9,86.69,40,3.4,17,No
30,No,Travel_Rarely,946,Research & Development,2,3,Medical,1,833,3,Female,52,2,2,Manufacturing Director,4,Single,6877,20234,5,Y,Yes,24,4,2,80,0,12,4,2,0,0,0,0,Mohanlal Kala,Sales,Account Manager,99,71.83,92.78,4.5,90.16,53,4.5,20,Yes
45,No,Travel_Rarely,252,Research & Development,2,3,Life Sciences,1,834,2,Female,95,2,1,Research Scientist,3,Single,2274,6153,1,Y,No,14,3,4,80,0,1,3,3,1,0,0,0,Vaibhav Edwin,Sales,Business Development,90,89.55,95.06,4.6,80.64,51,3.3,21,No
42,No,Travel_Rarely,933,Research & Development,29,3,Life Sciences,1,836,2,Male,98,3,2,Manufacturing Director,2,Married,4434,11806,1,Y,No,13,3,4,80,1,10,3,2,9,8,7,8,Kaira Grewal,Sales,Sales Executive,62,65.74,83.0,3.4,91.38,53,4.8,8,No
38,No,Travel_Frequently,471,Research & Development,12,3,Life Sciences,1,837,1,Male,45,2,2,Healthcare Representative,1,Divorced,6288,4284,2,Y,No,15,3,3,80,1,13,3,2,4,3,1,2,Mannat Sachdeva,Sales,Account Manager,83,60.52,76.88,4.4,79.85,47,4.2,12,No
34,No,Travel_Frequently,702,Research & Development,16,4,Life Sciences,1,838,3,Female,100,2,1,Research Scientist,4,Single,2553,8306,1,Y,No,16,3,3,80,0,6,3,3,5,2,1,3,Shaan Ramaswamy,HR,HR Manager,52,74.1,75.83,4.8,95.45,46,4.6,6,No
49,Yes,Travel_Rarely,1184,Sales,11,3,Marketing,1,840,3,Female,43,3,3,Sales Executive,4,Married,7654,5860,1,Y,No,18,3,1,80,2,9,3,4,9,8,7,7,Aniruddh Shere,HR,HR Manager,88,78.55,95.57,4.9,83.89,42,4.8,16,Yes
55,Yes,Travel_Rarely,436,Sales,2,1,Medical,1,842,3,Male,37,3,2,Sales Executive,4,Single,5160,21519,4,Y,No,16,3,3,80,0,12,3,2,9,7,7,3,Ayesha Tiwari,HR,Recruitment Specialist,74,69.12,76.55,3.9,76.66,39,3.1,24,No
43,No,Travel_Rarely,589,Research & Development,14,2,Life Sciences,1,843,2,Male,94,3,4,Research Director,1,Married,17159,5200,6,Y,No,24,4,3,80,1,22,3,3,4,1,1,0,Divit Butala,IT,Software Engineer,77,64.87,77.81,4.0,81.25,53,4.8,18,No
27,No,Travel_Rarely,269,Research & Development,5,1,Technical Degree,1,844,3,Male,42,2,3,Research Director,4,Divorced,12808,8842,1,Y,Yes,16,3,2,80,1,9,3,3,9,8,0,8,Kiara Jayaraman,IT,Software Engineer,86,94.12,77.43,3.4,96.29,35,4.3,9,Yes
35,No,Travel_Rarely,950,Research & Development,7,3,Other,1,845,3,Male,59,3,3,Manufacturing Director,3,Single,10221,18869,3,Y,No,21,4,2,80,0,17,3,4,8,5,1,6,Miraya Suri,Finance,Financial Analyst,77,87.73,88.98,4.6,98.57,39,4.9,20,No
28,No,Travel_Rarely,760,Sales,2,4,Marketing,1,846,2,Female,81,3,2,Sales Executive,2,Married,4779,3698,1,Y,Yes,20,4,1,80,0,8,2,3,8,7,7,5,Prisha Sodhi,IT,Data Analyst,68,74.62,88.88,3.1,86.69,36,4.5,14,No
34,No,Travel_Rarely,829,Human Resources,3,2,Human Resources,1,847,3,Male,88,3,1,Human Resources,4,Married,3737,2243,0,Y,No,19,3,3,80,1,4,1,1,3,2,0,2,Eva Dara,Finance,Auditor,68,68.17,93.93,3.5,85.98,45,5.0,17,No
26,Yes,Travel_Frequently,887,Research & Development,5,2,Medical,1,848,3,Female,88,2,1,Research Scientist,3,Married,2366,20898,1,Y,Yes,14,3,1,80,1,8,2,3,8,7,1,7,Shamik Sahota,IT,Software Engineer,60,65.93,91.77,3.5,86.18,47,4.9,25,No
27,No,Non-Travel,443,Research & Development,3,3,Medical,1,850,4,Male,50,3,1,Research Scientist,4,Married,1706,16571,1,Y,No,11,3,3,80,3,0,6,2,0,0,0,0,Mohanlal Kothari,Sales,Business Development,64,86.58,75.43,4.9,86.77,40,4.9,22,No
51,No,Travel_Rarely,1318,Sales,26,4,Marketing,1,851,1,Female,66,3,4,Manager,3,Married,16307,5594,2,Y,No,14,3,3,80,1,29,2,2,20,6,4,17,Akarsh Iyengar,Marketing,Content Strategist,73,64.9,78.76,4.8,90.93,46,4.3,11,No
44,No,Travel_Rarely,625,Research & Development,4,3,Medical,1,852,4,Male,50,3,2,Healthcare Representative,2,Single,5933,5197,9,Y,No,12,3,4,80,0,10,2,2,5,2,2,3,Ela Dhingra,IT,Data Analyst,61,74.67,78.7,4.5,79.79,55,4.1,8,No
25,No,Travel_Rarely,180,Research & Development,2,1,Medical,1,854,1,Male,65,4,1,Research Scientist,1,Single,3424,21632,7,Y,No,13,3,3,80,0,6,3,2,4,3,0,1,Manikya Sridhar,IT,Cybersecurity Specialist,82,86.57,93.61,4.0,75.03,53,3.7,12,No
33,No,Travel_Rarely,586,Sales,1,3,Medical,1,855,1,Male,48,4,2,Sales Executive,1,Divorced,4037,21816,1,Y,No,22,4,1,80,1,9,5,3,9,8,0,8,Nirvi Deo,Finance,Auditor,63,83.86,91.99,3.7,78.75,36,4.6,2,No
35,No,Travel_Rarely,1343,Research & Development,27,1,Medical,1,856,3,Female,53,2,1,Research Scientist,1,Single,2559,17852,1,Y,No,11,3,4,80,0,6,3,2,6,5,1,1,Eva Chawla,Sales,Sales Executive,86,83.01,90.98,3.4,82.42,50,3.5,7,No
36,No,Travel_Rarely,928,Sales,1,2,Life Sciences,1,857,2,Male,56,3,2,Sales Executive,4,Married,6201,2823,1,Y,Yes,14,3,4,80,1,18,1,2,18,14,4,11,Sana Mani,Finance,Accountant,88,66.53,82.05,4.6,85.36,51,3.9,4,No
32,No,Travel_Rarely,117,Sales,13,4,Life Sciences,1,859,2,Male,73,3,2,Sales Executive,4,Divorced,4403,9250,2,Y,No,11,3,3,80,1,8,3,2,5,2,0,3,Eva Bhardwaj,HR,Employee Relations,96,93.72,87.94,4.5,77.34,46,4.0,0,No
30,No,Travel_Frequently,1012,Research & Development,5,4,Life Sciences,1,861,2,Male,75,2,1,Research Scientist,4,Divorced,3761,2373,9,Y,No,12,3,2,80,1,10,3,2,5,4,0,3,Renee Barad,HR,HR Manager,95,93.38,78.9,4.6,86.72,44,4.4,11,Yes
53,No,Travel_Rarely,661,Sales,7,2,Marketing,1,862,1,Female,78,2,3,Sales Executive,4,Married,10934,20715,7,Y,Yes,18,3,4,80,1,35,3,3,5,2,0,4,Abram Khatri,Sales,Sales Executive,51,64.97,97.83,4.1,84.72,35,3.2,15,No
45,No,Travel_Rarely,930,Sales,9,3,Marketing,1,864,4,Male,74,3,3,Sales Executive,1,Divorced,10761,19239,4,Y,Yes,12,3,3,80,1,18,2,3,5,4,0,2,Saksham Krishna,Sales,Sales Executive,50,66.32,75.45,4.8,89.33,47,4.8,4,No
32,No,Travel_Rarely,638,Research & Development,8,2,Medical,1,865,3,Female,91,4,2,Research Scientist,3,Married,5175,22162,5,Y,No,12,3,3,80,1,9,3,2,5,3,1,3,Miraya Ramachandran,IT,Software Engineer,87,64.39,95.03,4.9,96.57,37,3.4,29,No
52,No,Travel_Frequently,890,Research & Development,25,4,Medical,1,867,3,Female,81,2,4,Manufacturing Director,4,Married,13826,19028,3,Y,No,22,4,3,80,0,31,3,3,9,8,0,0,Sana Kale,IT,Software Engineer,98,77.2,83.48,3.7,70.7,54,4.7,11,Yes
37,No,Travel_Rarely,342,Sales,16,4,Marketing,1,868,4,Male,66,2,2,Sales Executive,3,Divorced,6334,24558,4,Y,No,19,3,4,80,2,9,2,3,1,0,0,0,Devansh Sathe,Finance,Accountant,69,87.85,76.96,4.1,91.91,43,4.6,22,No
28,No,Travel_Rarely,1169,Human Resources,8,2,Medical,1,869,2,Male,63,2,1,Human Resources,4,Divorced,4936,23965,1,Y,No,13,3,4,80,1,6,6,3,5,1,0,4,Saanvi Subramanian,Marketing,Content Strategist,89,83.39,78.13,3.4,92.95,51,4.5,5,Yes
22,No,Travel_Rarely,1230,Research & Development,1,2,Life Sciences,1,872,4,Male,33,2,2,Manufacturing Director,4,Married,4775,19146,6,Y,No,22,4,1,80,2,4,2,1,2,2,2,2,Zaina Kulkarni,Marketing,SEO Specialist,82,76.88,75.01,4.7,85.15,42,4.6,13,No
44,No,Travel_Rarely,986,Research & Development,8,4,Life Sciences,1,874,1,Male,62,4,1,Laboratory Technician,4,Married,2818,5044,2,Y,Yes,24,4,3,80,1,10,2,2,3,2,0,2,Ryan Garde,Finance,Auditor,95,84.55,84.9,4.2,72.85,48,4.6,29,Yes
42,No,Travel_Frequently,1271,Research & Development,2,1,Medical,1,875,2,Male,35,3,1,Research Scientist,4,Single,2515,9068,5,Y,Yes,14,3,4,80,0,8,2,3,2,1,2,2,Ranbir Deshmukh,HR,HR Manager,84,89.9,84.25,3.3,87.86,50,3.0,26,No
36,No,Travel_Rarely,1278,Human Resources,8,3,Life Sciences,1,878,1,Male,77,2,1,Human Resources,1,Married,2342,8635,0,Y,No,21,4,3,80,0,6,3,3,5,4,0,3,Uthkarsh Bains,HR,Employee Relations,100,77.17,98.97,4.2,72.77,51,4.5,20,Yes
25,No,Travel_Rarely,141,Sales,3,1,Other,1,879,3,Male,98,3,2,Sales Executive,1,Married,4194,14363,1,Y,Yes,18,3,4,80,0,5,3,3,5,3,0,3,Shayak Bala,Finance,Accountant,84,88.02,88.97,4.9,88.65,45,4.1,3,No
35,No,Travel_Rarely,607,Research & Development,9,3,Life Sciences,1,880,4,Female,66,2,3,Manufacturing Director,3,Married,10685,23457,1,Y,Yes,20,4,2,80,1,17,2,3,17,14,5,15,Hunar Brar,IT,Cybersecurity Specialist,98,80.86,97.34,3.2,97.17,39,4.7,29,Yes
35,Yes,Travel_Frequently,130,Research & Development,25,4,Life Sciences,1,881,4,Female,96,3,1,Research Scientist,2,Divorced,2022,16612,1,Y,Yes,19,3,1,80,1,10,3,2,10,2,7,8,Shanaya Roy,Marketing,Marketing Executive,83,60.61,96.47,3.1,86.59,51,5.0,21,No
32,No,Non-Travel,300,Research & Development,1,3,Life Sciences,1,882,4,Male,61,3,1,Laboratory Technician,4,Divorced,2314,9148,0,Y,No,12,3,2,80,1,4,2,3,3,0,0,2,Ishita Issac,IT,Data Analyst,73,71.48,96.22,3.2,94.21,37,4.3,15,No
25,No,Travel_Rarely,583,Sales,4,1,Marketing,1,885,3,Male,87,2,2,Sales Executive,1,Married,4256,18154,1,Y,No,12,3,1,80,0,5,1,4,5,2,0,3,Mahika Hora,IT,Software Engineer,97,67.09,94.03,3.7,88.78,37,5.0,29,Yes
49,No,Travel_Rarely,1418,Research & Development,1,3,Technical Degree,1,887,3,Female,36,3,1,Research Scientist,1,Married,3580,10554,2,Y,No,16,3,2,80,1,7,2,3,4,2,0,2,Kavya Mani,HR,HR Manager,75,75.99,81.51,4.6,78.59,50,3.5,2,No
24,No,Non-Travel,1269,Research & Development,4,1,Life Sciences,1,888,1,Male,46,2,1,Laboratory Technician,4,Married,3162,10778,0,Y,No,17,3,4,80,0,6,2,2,5,2,3,4,Shayak Bir,Marketing,Content Strategist,63,73.03,76.93,3.8,87.65,49,3.5,1,No
32,No,Travel_Frequently,379,Sales,5,2,Life Sciences,1,889,2,Male,48,3,2,Sales Executive,2,Married,6524,8891,1,Y,No,14,3,4,80,1,10,3,3,10,8,5,3,Urvi Raj,HR,Recruitment Specialist,70,65.17,94.91,4.6,83.19,35,4.8,19,No
38,No,Travel_Rarely,395,Sales,9,3,Marketing,1,893,2,Male,98,2,1,Sales Representative,2,Married,2899,12102,0,Y,No,19,3,4,80,1,3,3,3,2,2,1,2,Shanaya Date,IT,Software Engineer,61,85.1,90.3,4.2,95.95,39,4.5,14,No
42,No,Travel_Rarely,1265,Research & Development,3,3,Life Sciences,1,894,3,Female,95,4,2,Laboratory Technician,4,Married,5231,23726,2,Y,Yes,13,3,2,80,1,17,1,2,5,3,1,3,Dhanush Shukla,IT,Data Analyst,74,80.49,80.17,3.8,90.54,45,3.1,2,No
31,No,Travel_Rarely,1222,Research & Development,11,4,Life Sciences,1,895,4,Male,48,3,1,Research Scientist,4,Married,2356,14871,3,Y,Yes,19,3,2,80,1,8,2,3,6,4,0,2,Yashvi Bhattacharyya,Finance,Auditor,77,80.95,82.69,4.7,70.03,43,3.7,9,No
29,Yes,Travel_Rarely,341,Sales,1,3,Medical,1,896,2,Female,48,2,1,Sales Representative,3,Divorced,2800,23522,6,Y,Yes,19,3,3,80,3,5,3,3,3,2,0,2,Keya Bhakta,HR,HR Manager,59,94.52,95.94,3.6,96.2,50,4.2,24,No
53,No,Travel_Rarely,868,Sales,8,3,Marketing,1,897,1,Male,73,3,4,Sales Executive,4,Married,11836,22789,5,Y,No,14,3,3,80,1,28,3,3,2,0,2,2,Shalv Grewal,Sales,Sales Executive,86,77.93,82.69,4.0,72.82,41,3.7,5,No
35,No,Travel_Rarely,672,Research & Development,25,3,Technical Degree,1,899,4,Male,78,2,3,Manufacturing Director,2,Married,10903,9129,3,Y,No,16,3,1,80,0,16,2,3,13,10,4,8,Parinaaz Sankar,Sales,Business Development,71,91.41,94.11,3.2,87.43,48,3.1,28,No
37,No,Travel_Frequently,1231,Sales,21,2,Medical,1,900,3,Female,54,3,1,Sales Representative,4,Married,2973,21222,5,Y,No,15,3,2,80,1,10,3,3,5,4,0,0,Ehsaan Solanki,Finance,Accountant,83,68.73,83.13,4.1,78.94,52,4.8,21,No
53,No,Travel_Rarely,102,Research & Development,23,4,Life Sciences,1,901,4,Female,72,3,4,Research Director,4,Single,14275,20206,6,Y,No,18,3,3,80,0,33,0,3,12,9,3,8,Ira Lanka,HR,HR Manager,50,94.32,80.27,3.5,78.48,35,4.8,8,No
43,No,Travel_Frequently,422,Research & Development,1,3,Life Sciences,1,902,4,Female,33,3,2,Healthcare Representative,4,Married,5562,21782,4,Y,No,13,3,2,80,1,12,2,2,5,2,2,2,Hunar Contractor,IT,Software Engineer,50,77.21,81.83,4.0,94.83,42,4.9,20,No
47,No,Travel_Rarely,249,Sales,2,2,Marketing,1,903,3,Female,35,3,2,Sales Executive,4,Married,4537,17783,0,Y,Yes,22,4,1,80,1,8,2,3,7,6,7,7,Hridaan Shan,Finance,Auditor,61,90.47,85.47,4.7,99.51,40,3.4,2,No
37,No,Non-Travel,1252,Sales,19,2,Medical,1,904,1,Male,32,3,3,Sales Executive,2,Single,7642,4814,1,Y,Yes,13,3,4,80,0,10,2,3,10,0,0,9,Manikya Mander,Sales,Account Manager,68,69.29,79.16,4.7,79.81,55,4.9,27,No
50,No,Non-Travel,881,Research & Development,2,4,Life Sciences,1,905,1,Male,98,3,4,Manager,1,Divorced,17924,4544,1,Y,No,11,3,4,80,1,31,3,3,31,6,14,7,Myra Virk,Marketing,SEO Specialist,81,79.13,86.44,3.8,78.14,42,4.4,29,No
39,No,Travel_Rarely,1383,Human Resources,2,3,Life Sciences,1,909,4,Female,42,2,2,Human Resources,4,Married,5204,7790,8,Y,No,11,3,3,80,2,13,2,3,5,4,0,4,Jivin Saini,Finance,Financial Analyst,79,87.05,80.09,3.6,86.81,49,3.9,5,No
33,No,Travel_Rarely,1075,Human Resources,3,2,Human Resources,1,910,4,Male,57,3,1,Human Resources,2,Divorced,2277,22650,3,Y,Yes,11,3,3,80,1,7,4,4,4,3,0,3,Ritvik Hari,Finance,Accountant,68,75.03,99.94,4.3,81.64,45,4.9,21,No
32,Yes,Travel_Rarely,374,Research & Development,25,4,Life Sciences,1,911,1,Male,87,3,1,Laboratory Technician,4,Single,2795,18016,1,Y,Yes,24,4,3,80,0,1,2,1,1,0,0,1,Bhavin Sami,IT,Cybersecurity Specialist,98,85.53,84.24,4.0,71.59,50,4.6,12,Yes
29,No,Travel_Rarely,1086,Research & Development,7,1,Medical,1,912,1,Female,62,2,1,Laboratory Technician,4,Divorced,2532,6054,6,Y,No,14,3,3,80,3,8,5,3,4,3,0,3,Yashvi Atwal,Finance,Accountant,88,65.95,95.46,3.9,84.49,55,4.7,15,Yes
44,No,Travel_Rarely,661,Research & Development,9,2,Life Sciences,1,913,2,Male,61,3,1,Research Scientist,1,Married,2559,7508,1,Y,Yes,13,3,4,80,0,8,0,3,8,7,7,1,Hiran Walia,IT,Software Engineer,86,72.36,88.35,3.5,96.54,42,4.2,8,Yes
28,No,Travel_Rarely,821,Sales,5,4,Medical,1,916,1,Male,98,3,2,Sales Executive,4,Single,4908,24252,1,Y,No,14,3,2,80,0,4,3,3,4,2,0,2,Divit Kara,HR,Recruitment Specialist,56,76.43,93.27,4.9,87.69,46,4.7,12,No
58,Yes,Travel_Frequently,781,Research & Development,2,1,Life Sciences,1,918,4,Male,57,2,1,Laboratory Technician,4,Divorced,2380,13384,9,Y,Yes,14,3,4,80,1,3,3,2,1,0,0,0,Ishita Sarin,Sales,Business Development,53,89.68,92.74,3.1,89.98,54,4.6,12,No
43,No,Travel_Rarely,177,Research & Development,8,3,Life Sciences,1,920,1,Female,55,3,2,Manufacturing Director,2,Divorced,4765,23814,4,Y,No,21,4,3,80,1,4,2,4,1,0,0,0,Purab Issac,IT,Cybersecurity Specialist,98,66.24,92.05,3.3,97.92,54,4.5,26,Yes
20,Yes,Travel_Rarely,500,Sales,2,3,Medical,1,922,3,Female,49,2,1,Sales Representative,3,Single,2044,22052,1,Y,No,13,3,4,80,0,2,3,2,2,2,0,2,Umang Chanda,HR,Recruitment Specialist,75,74.72,77.29,4.0,81.21,46,4.6,28,No
21,Yes,Travel_Rarely,1427,Research & Development,18,1,Other,1,923,4,Female,65,3,1,Research Scientist,4,Single,2693,8870,1,Y,No,19,3,1,80,0,1,3,2,1,0,0,0,Ojas Sunder,Sales,Sales Executive,91,81.44,75.5,3.6,87.5,45,3.5,3,No
36,No,Travel_Rarely,1425,Research & Development,14,1,Life Sciences,1,924,3,Male,68,3,2,Healthcare Representative,4,Married,6586,4821,0,Y,Yes,17,3,1,80,1,17,2,2,16,8,4,11,Emir Kurian,Marketing,Marketing Executive,59,67.35,85.92,4.8,85.21,50,4.9,13,No
47,No,Travel_Rarely,1454,Sales,2,4,Life Sciences,1,925,4,Female,65,2,1,Sales Representative,4,Single,3294,13137,1,Y,Yes,18,3,1,80,0,3,3,2,3,2,1,2,Sahil Thakur,Sales,Business Development,54,91.43,84.75,4.2,94.18,37,4.4,11,No
22,Yes,Travel_Rarely,617,Research & Development,3,1,Life Sciences,1,926,2,Female,34,3,2,Manufacturing Director,3,Married,4171,10022,0,Y,Yes,19,3,1,80,1,4,3,4,3,2,0,2,Lakshit Kurian,IT,Software Engineer,66,62.72,81.46,3.1,88.27,46,3.1,25,No
41,Yes,Travel_Rarely,1085,Research & Development,2,4,Life Sciences,1,927,2,Female,57,1,1,Laboratory Technician,4,Divorced,2778,17725,4,Y,Yes,13,3,3,80,1,10,1,2,7,7,1,0,Neelofar Bansal,Finance,Accountant,77,78.06,90.55,3.5,88.96,40,3.3,26,No
28,No,Travel_Rarely,995,Research & Development,9,3,Medical,1,930,3,Female,77,3,1,Research Scientist,3,Divorced,2377,9834,5,Y,No,18,3,2,80,1,6,2,3,2,2,2,2,Onkar Sethi,Marketing,Marketing Executive,75,73.85,87.38,3.5,86.05,40,3.0,17,No
39,Yes,Travel_Rarely,1122,Research & Development,6,3,Medical,1,932,4,Male,70,3,1,Laboratory Technician,1,Married,2404,4303,7,Y,Yes,21,4,4,80,0,8,2,1,2,2,2,2,Purab Bahl,Finance,Financial Analyst,54,82.94,78.25,5.0,76.22,41,3.8,26,No
27,No,Travel_Rarely,618,Research & Development,4,3,Life Sciences,1,933,2,Female,76,3,1,Research Scientist,3,Single,2318,17808,1,Y,No,19,3,3,80,0,1,2,3,1,1,0,0,Urvi Joshi,Finance,Accountant,88,91.95,99.55,4.2,70.37,54,4.1,23,Yes
34,No,Travel_Rarely,546,Research & Development,10,3,Life Sciences,1,934,2,Male,83,3,1,Laboratory Technician,2,Divorced,2008,6896,1,Y,No,14,3,2,80,2,1,3,3,1,0,1,0,Raunak Sahota,Sales,Business Development,92,78.27,88.52,3.3,81.95,44,3.0,21,No
42,No,Travel_Rarely,462,Sales,14,2,Medical,1,936,3,Female,68,2,2,Sales Executive,3,Single,6244,7824,7,Y,No,17,3,1,80,0,10,6,3,5,4,0,3,Jiya Sur,IT,Cybersecurity Specialist,75,85.12,99.19,3.6,96.03,36,5.0,22,No
33,No,Travel_Rarely,1198,Research & Development,1,4,Other,1,939,3,Male,100,2,1,Research Scientist,1,Single,2799,3339,3,Y,Yes,11,3,2,80,0,6,1,3,3,2,0,2,Samiha Tripathi,HR,Employee Relations,73,62.66,95.68,3.9,91.76,52,4.6,15,No
58,No,Travel_Rarely,1272,Research & Development,5,3,Technical Degree,1,940,3,Female,37,2,3,Healthcare Representative,2,Divorced,10552,9255,2,Y,Yes,13,3,4,80,1,24,3,3,6,0,0,4,Tanya De,Sales,Account Manager,71,62.79,80.03,3.1,73.31,47,3.9,26,No
31,No,Travel_Rarely,154,Sales,7,4,Life Sciences,1,941,2,Male,41,2,1,Sales Representative,3,Married,2329,11737,3,Y,No,15,3,2,80,0,13,2,4,7,7,5,2,Tara Bal,Finance,Accountant,77,88.0,89.14,4.0,95.8,55,3.8,0,No
35,No,Travel_Rarely,1137,Research & Development,21,1,Life Sciences,1,942,4,Female,51,3,2,Healthcare Representative,4,Married,4014,19170,1,Y,Yes,25,4,4,80,1,10,2,1,10,6,0,7,Rohan Arora,HR,Employee Relations,69,65.11,86.98,3.2,94.57,50,3.7,4,No
49,No,Travel_Rarely,527,Research & Development,8,2,Other,1,944,1,Female,51,3,3,Laboratory Technician,2,Married,7403,22477,4,Y,No,11,3,3,80,1,29,3,2,26,9,1,7,Navya Krish,HR,Recruitment Specialist,61,66.05,86.92,4.5,81.82,45,4.7,9,No
48,No,Travel_Rarely,1469,Research & Development,20,4,Medical,1,945,4,Male,51,3,1,Research Scientist,3,Married,2259,5543,4,Y,No,17,3,1,80,2,13,2,2,0,0,0,0,Tarini Sarraf,IT,Cybersecurity Specialist,91,87.9,98.35,4.4,92.48,46,3.3,18,No
31,No,Non-Travel,1188,Sales,20,2,Marketing,1,947,4,Female,45,3,2,Sales Executive,3,Married,6932,24406,1,Y,No,13,3,4,80,1,9,2,2,9,8,0,0,Zaina Sawhney,Sales,Account Manager,75,72.43,78.98,4.2,93.26,50,3.3,30,No
36,No,Travel_Rarely,188,Research & Development,7,4,Other,1,949,2,Male,65,3,1,Research Scientist,4,Single,4678,23293,2,Y,No,18,3,3,80,0,8,6,3,6,2,0,1,Charvi Dara,Sales,Business Development,82,60.28,96.41,3.1,95.95,44,3.2,23,No
38,No,Travel_Rarely,1333,Research & Development,1,3,Technical Degree,1,950,4,Female,80,3,3,Research Director,1,Married,13582,16292,1,Y,No,13,3,2,80,1,15,3,3,15,12,5,11,Tushar Saini,Sales,Business Development,88,80.69,99.62,4.9,70.04,55,4.6,21,Yes
32,No,Non-Travel,1184,Research & Development,1,3,Life Sciences,1,951,3,Female,70,2,1,Laboratory Technician,2,Married,2332,3974,6,Y,No,20,4,3,80,0,5,3,3,3,0,0,2,Emir Desai,IT,Data Analyst,55,81.44,88.82,4.8,89.5,44,4.3,14,No
25,Yes,Travel_Rarely,867,Sales,19,2,Marketing,1,952,3,Male,36,2,1,Sales Representative,2,Married,2413,18798,1,Y,Yes,18,3,3,80,3,1,2,3,1,0,0,0,Ivana Bhatnagar,Finance,Accountant,100,77.55,80.62,4.2,89.32,51,4.5,3,Yes
40,No,Travel_Rarely,658,Sales,10,4,Marketing,1,954,1,Male,67,2,3,Sales Executive,2,Divorced,9705,20652,2,Y,No,12,3,2,80,1,11,2,2,1,0,0,0,Yasmin Bhatt,IT,Data Analyst,66,86.16,96.17,4.2,99.49,54,4.8,3,No
26,No,Travel_Frequently,1283,Sales,1,3,Medical,1,956,3,Male,52,2,2,Sales Executive,1,Single,4294,11148,1,Y,No,12,3,2,80,0,7,2,3,7,7,0,7,Inaaya  Sethi,IT,Software Engineer,80,82.65,96.94,4.0,95.67,50,3.1,14,No
41,No,Travel_Rarely,263,Research & Development,6,3,Medical,1,957,4,Male,59,3,1,Laboratory Technician,1,Single,4721,3119,2,Y,Yes,13,3,3,80,0,20,3,3,18,13,2,17,Renee Jaggi,Marketing,Content Strategist,97,72.67,89.44,3.1,71.11,54,4.2,28,Yes
36,No,Travel_Rarely,938,Research & Development,2,4,Medical,1,958,3,Male,79,3,1,Laboratory Technician,3,Single,2519,12287,4,Y,No,21,4,3,80,0,16,6,3,11,8,3,9,Gatik Walla,HR,HR Manager,98,64.88,77.72,3.8,78.86,35,3.3,22,No
19,Yes,Travel_Rarely,419,Sales,21,3,Other,1,959,4,Male,37,2,1,Sales Representative,2,Single,2121,9947,1,Y,Yes,13,3,2,80,0,1,3,4,1,0,0,0,Inaaya  Dave,Finance,Auditor,67,87.9,79.51,4.4,89.54,37,4.0,30,No
20,Yes,Travel_Rarely,129,Research & Development,4,3,Technical Degree,1,960,1,Male,84,3,1,Laboratory Technician,1,Single,2973,13008,1,Y,No,19,3,2,80,0,1,2,3,1,0,0,0,Pranay Karpe,Sales,Sales Executive,62,77.78,98.68,4.7,97.63,42,3.1,12,No
31,No,Travel_Rarely,616,Research & Development,12,3,Medical,1,961,4,Female,41,3,2,Healthcare Representative,4,Married,5855,17369,0,Y,Yes,11,3,3,80,2,10,2,1,9,7,8,5,Arnav Bhatia,IT,Data Analyst,85,75.86,95.06,4.7,70.98,54,3.6,23,No
40,No,Travel_Frequently,1469,Research & Development,9,4,Medical,1,964,4,Male,35,3,1,Research Scientist,2,Divorced,3617,25063,8,Y,Yes,14,3,4,80,1,3,2,3,1,1,0,0,Darshit Dayal,IT,Data Analyst,86,75.67,98.06,4.5,95.92,37,3.6,22,No
32,No,Travel_Rarely,498,Research & Development,3,4,Medical,1,966,3,Female,93,3,2,Manufacturing Director,1,Married,6725,13554,1,Y,No,12,3,3,80,1,8,2,4,8,7,6,3,Rati Malhotra,Marketing,Content Strategist,58,75.76,78.92,4.3,93.07,38,3.2,2,No
36,Yes,Travel_Rarely,530,Sales,3,1,Life Sciences,1,967,3,Male,51,2,3,Sales Executive,4,Married,10325,5518,1,Y,Yes,11,3,1,80,1,16,6,3,16,7,3,7,Inaaya  Dash,IT,Software Engineer,65,64.8,86.31,3.5,70.88,44,4.6,9,No
33,No,Travel_Rarely,1069,Research & Development,1,3,Life Sciences,1,969,2,Female,42,2,2,Healthcare Representative,4,Single,6949,12291,0,Y,No,14,3,1,80,0,6,3,3,5,0,1,4,Adah Mani,Marketing,Marketing Executive,82,76.34,78.37,3.2,94.41,39,4.0,29,No
37,Yes,Travel_Rarely,625,Sales,1,4,Life Sciences,1,970,1,Male,46,2,3,Sales Executive,3,Married,10609,14922,5,Y,No,11,3,3,80,0,17,2,1,14,1,11,7,Himmat Kohli,Sales,Sales Executive,71,93.09,97.88,4.7,88.75,50,3.9,19,No
45,No,Non-Travel,805,Research & Development,4,2,Life Sciences,1,972,3,Male,57,3,2,Laboratory Technician,2,Married,4447,23163,1,Y,No,12,3,2,80,0,9,5,2,9,7,0,8,Shayak Chaudhuri,HR,HR Manager,80,70.2,82.75,3.3,80.61,36,4.9,14,No
29,No,Travel_Frequently,1404,Sales,20,3,Technical Degree,1,974,3,Female,84,3,1,Sales Representative,4,Married,2157,18203,1,Y,No,15,3,2,80,1,3,5,3,3,1,0,2,Vritika Srinivasan,Marketing,Marketing Executive,69,75.96,90.4,4.6,85.09,47,3.1,14,No
35,No,Travel_Rarely,1219,Sales,18,3,Medical,1,975,3,Female,86,3,2,Sales Executive,3,Married,4601,6179,1,Y,No,16,3,2,80,0,5,3,3,5,2,1,0,Anaya Thaman,HR,HR Manager,73,84.37,97.53,3.3,75.74,47,3.7,19,No
52,No,Travel_Rarely,1053,Research & Development,1,2,Life Sciences,1,976,4,Male,70,3,4,Manager,4,Married,17099,13829,2,Y,No,15,3,2,80,1,26,2,2,9,8,7,8,Shaan Ganguly,IT,Software Engineer,98,93.49,92.03,4.8,99.11,55,4.5,26,Yes
58,Yes,Travel_Rarely,289,Research & Development,2,3,Technical Degree,1,977,4,Male,51,3,1,Research Scientist,3,Single,2479,26227,4,Y,No,24,4,1,80,0,7,4,3,1,0,0,0,Emir Maharaj,Sales,Business Development,87,67.06,94.84,4.8,92.29,44,3.8,17,No
53,No,Travel_Rarely,1376,Sales,2,2,Medical,1,981,3,Male,45,3,4,Manager,3,Divorced,14852,13938,6,Y,No,13,3,3,80,1,22,3,4,17,13,15,2,Sara Amble,IT,Cybersecurity Specialist,72,85.28,97.9,4.1,83.92,54,3.3,25,No
30,No,Travel_Rarely,231,Sales,8,2,Other,1,982,3,Male,62,3,3,Sales Executive,3,Divorced,7264,9977,5,Y,No,11,3,1,80,1,10,2,4,8,4,7,7,Sana Sule,Sales,Sales Executive,70,64.44,76.91,4.0,72.77,39,4.4,15,No
38,No,Non-Travel,152,Sales,10,3,Technical Degree,1,983,3,Female,85,3,2,Sales Executive,4,Single,5666,19899,1,Y,Yes,13,3,2,80,0,6,1,3,5,3,1,3,Aayush Sani,Marketing,SEO Specialist,63,61.02,91.27,4.2,82.84,46,4.9,26,No
35,No,Travel_Rarely,882,Sales,3,4,Life Sciences,1,984,4,Male,92,3,3,Sales Executive,4,Divorced,7823,6812,6,Y,No,13,3,2,80,1,12,2,3,10,9,0,8,Aayush Rana,Sales,Account Manager,60,85.03,77.7,3.8,94.02,41,3.8,20,No
39,No,Travel_Rarely,903,Sales,2,5,Life Sciences,1,985,1,Male,41,4,3,Sales Executive,3,Single,7880,2560,0,Y,No,18,3,4,80,0,9,3,3,8,7,0,7,Ira Mammen,Sales,Account Manager,76,92.11,90.32,4.9,71.23,40,3.1,22,No
40,Yes,Non-Travel,1479,Sales,24,3,Life Sciences,1,986,2,Female,100,4,4,Sales Executive,2,Single,13194,17071,4,Y,Yes,16,3,4,80,0,22,2,2,1,0,0,0,Uthkarsh Sha,Marketing,Marketing Executive,54,73.04,75.04,4.4,83.1,36,4.7,12,No
47,No,Travel_Frequently,1379,Research & Development,16,4,Medical,1,987,3,Male,64,4,2,Manufacturing Director,3,Divorced,5067,6759,1,Y,Yes,19,3,3,80,0,20,3,4,19,10,2,7,Aniruddh Ray,Sales,Account Manager,85,90.27,89.57,3.4,94.61,42,3.6,3,No
36,No,Non-Travel,1229,Sales,8,4,Technical Degree,1,990,1,Male,84,3,2,Sales Executive,4,Divorced,5079,25952,4,Y,No,13,3,4,80,2,12,3,3,7,7,0,7,Vritika Dar,HR,Recruitment Specialist,88,81.92,82.36,3.9,81.57,41,4.1,1,Yes
31,Yes,Non-Travel,335,Research & Development,9,2,Medical,1,991,3,Male,46,2,1,Research Scientist,1,Single,2321,10322,0,Y,Yes,22,4,1,80,0,4,0,3,3,2,1,2,Heer Acharya,IT,Cybersecurity Specialist,83,85.36,88.6,3.7,80.55,39,4.3,30,No
33,No,Non-Travel,722,Sales,17,3,Life Sciences,1,992,4,Male,38,3,4,Manager,3,Single,17444,20489,1,Y,No,11,3,4,80,0,10,2,3,10,8,6,0,Arhaan Choudhary,Finance,Auditor,81,68.96,97.14,3.1,96.26,36,4.3,15,No
29,Yes,Travel_Rarely,906,Research & Development,10,3,Life Sciences,1,994,4,Female,92,2,1,Research Scientist,1,Single,2404,11479,6,Y,Yes,20,4,3,80,0,3,5,3,0,0,0,0,Samar Trivedi,Finance,Auditor,70,73.88,96.04,4.9,89.64,43,4.3,13,No
33,No,Travel_Rarely,461,Research & Development,13,1,Life Sciences,1,995,2,Female,53,3,1,Research Scientist,4,Single,3452,17241,3,Y,No,18,3,1,80,0,5,4,3,3,2,0,2,Adira Saraf,Marketing,Content Strategist,64,75.8,89.19,3.3,89.27,36,4.8,19,No
45,No,Travel_Rarely,974,Research & Development,1,4,Medical,1,996,4,Female,91,3,1,Laboratory Technician,4,Divorced,2270,11005,3,Y,No,14,3,4,80,2,8,2,3,5,3,0,2,Samiha Chopra,Finance,Accountant,83,92.82,84.34,3.6,92.59,51,4.1,30,No
50,No,Travel_Rarely,1126,Research & Development,1,2,Medical,1,997,4,Male,66,3,4,Research Director,4,Divorced,17399,6615,9,Y,No,22,4,3,80,1,32,1,2,5,4,1,3,Chirag Dubey,Finance,Financial Analyst,94,63.31,85.59,3.6,95.43,46,4.1,2,Yes
33,No,Travel_Frequently,827,Research & Development,1,4,Other,1,998,3,Female,84,4,2,Healthcare Representative,2,Married,5488,20161,1,Y,Yes,13,3,1,80,1,6,2,3,6,5,1,2,Oorja Sahota,IT,Software Engineer,66,62.35,87.99,3.7,76.32,55,4.1,27,No
41,No,Travel_Frequently,840,Research & Development,9,3,Medical,1,999,1,Male,64,3,5,Research Director,3,Divorced,19419,3735,2,Y,No,17,3,2,80,1,21,2,4,18,16,0,11,Aaryahi Grover,HR,Recruitment Specialist,68,77.59,79.88,4.4,98.95,44,4.0,15,No
27,No,Travel_Rarely,1134,Research & Development,16,4,Technical Degree,1,1001,3,Female,37,3,1,Laboratory Technician,2,Married,2811,12086,9,Y,No,14,3,2,80,1,4,2,3,2,2,2,2,Mamooty Dalal,Sales,Sales Executive,63,76.89,77.35,3.6,77.18,55,3.3,2,No
45,No,Non-Travel,248,Research & Development,23,2,Life Sciences,1,1002,4,Male,42,3,2,Laboratory Technician,1,Married,3633,14039,1,Y,Yes,15,3,3,80,1,9,2,3,9,8,0,8,Kartik Bora,HR,Recruitment Specialist,91,62.4,86.29,3.9,93.89,35,3.6,18,No
47,No,Travel_Rarely,955,Sales,4,2,Life Sciences,1,1003,4,Female,83,3,2,Sales Executive,4,Single,4163,8571,1,Y,Yes,17,3,3,80,0,9,0,3,9,0,0,7,Suhana Buch,HR,Employee Relations,74,67.13,91.51,4.8,97.09,50,4.9,4,No
30,Yes,Travel_Rarely,138,Research & Development,22,3,Life Sciences,1,1004,1,Female,48,3,1,Research Scientist,3,Married,2132,11539,4,Y,Yes,11,3,2,80,0,7,2,3,5,2,0,1,Aniruddh Handa,Finance,Financial Analyst,59,83.86,79.54,4.4,89.87,49,3.9,12,No
50,No,Travel_Rarely,939,Research & Development,24,3,Life Sciences,1,1005,4,Male,95,3,4,Manufacturing Director,3,Married,13973,4161,3,Y,Yes,18,3,4,80,1,22,2,3,12,11,1,5,Baiju De,HR,Recruitment Specialist,90,78.67,87.93,3.4,99.51,50,4.9,28,Yes
38,No,Travel_Frequently,1391,Research & Development,10,1,Medical,1,1006,3,Male,66,3,1,Research Scientist,3,Married,2684,12127,0,Y,No,17,3,2,80,1,3,0,2,2,1,0,2,Bhamini Chowdhury,IT,Cybersecurity Specialist,77,86.7,75.08,5.0,77.71,50,3.5,30,No
46,No,Travel_Rarely,566,Research & Development,7,2,Medical,1,1007,4,Male,75,3,3,Manufacturing Director,3,Divorced,10845,24208,6,Y,No,13,3,2,80,1,13,3,3,8,7,0,7,Kimaya Jaggi,HR,Recruitment Specialist,84,79.23,98.48,3.9,74.01,42,3.1,22,No
24,No,Travel_Rarely,1206,Research & Development,17,1,Medical,1,1009,4,Female,41,2,2,Manufacturing Director,3,Divorced,4377,24117,1,Y,No,15,3,2,80,2,5,6,3,4,2,3,2,Sumer Kumar,IT,Software Engineer,99,64.8,77.36,3.8,75.24,41,4.9,25,Yes
35,Yes,Travel_Rarely,622,Research & Development,14,4,Other,1,1010,3,Male,39,2,1,Laboratory Technician,2,Divorced,3743,10074,1,Y,Yes,24,4,4,80,1,5,2,1,4,2,0,2,Aarna Barad,Sales,Business Development,69,71.8,98.08,4.2,84.32,55,4.8,29,No
31,No,Travel_Frequently,853,Research & Development,1,1,Life Sciences,1,1011,3,Female,96,3,2,Manufacturing Director,1,Married,4148,11275,1,Y,No,12,3,3,80,1,4,1,3,4,3,0,3,Hiran Chacko,Sales,Business Development,69,87.69,79.53,4.5,91.36,46,3.9,8,No
18,No,Non-Travel,287,Research & Development,5,2,Life Sciences,1,1012,2,Male,73,3,1,Research Scientist,4,Single,1051,13493,1,Y,No,15,3,4,80,0,0,2,3,0,0,0,0,Krish Subramanian,Finance,Financial Analyst,97,69.51,95.81,4.9,93.18,37,3.4,24,No
54,No,Travel_Rarely,1441,Research & Development,17,3,Technical Degree,1,1013,3,Female,56,3,3,Manufacturing Director,3,Married,10739,13943,8,Y,No,11,3,3,80,1,22,2,3,10,7,0,8,Kismat Dugar,Sales,Business Development,71,63.04,92.56,3.0,80.25,47,3.8,22,No
35,No,Travel_Rarely,583,Research & Development,25,4,Medical,1,1014,3,Female,57,3,3,Healthcare Representative,3,Divorced,10388,6975,1,Y,Yes,11,3,3,80,1,16,3,2,16,10,10,1,Misha Karnik,Marketing,Marketing Executive,87,83.88,86.79,4.3,91.96,51,3.7,24,No
30,No,Travel_Rarely,153,Research & Development,8,2,Life Sciences,1,1015,2,Female,73,4,3,Research Director,1,Married,11416,17802,0,Y,Yes,12,3,3,80,3,9,4,2,8,7,1,7,Baiju Jha,Finance,Accountant,88,71.93,79.01,4.1,71.24,38,4.6,14,Yes
20,Yes,Travel_Rarely,1097,Research & Development,11,3,Medical,1,1016,4,Female,98,2,1,Research Scientist,1,Single,2600,18275,1,Y,Yes,15,3,1,80,0,1,2,3,1,0,0,0,Devansh Handa,Marketing,Marketing Executive,59,94.89,99.63,3.6,95.74,49,4.0,18,No
30,Yes,Travel_Frequently,109,Research & Development,5,3,Medical,1,1017,2,Female,60,3,1,Laboratory Technician,2,Single,2422,25725,0,Y,No,17,3,1,80,0,4,3,3,3,2,1,2,Shamik Goel,Sales,Business Development,88,67.32,76.03,3.7,97.27,36,4.5,22,Yes
26,No,Travel_Rarely,1066,Research & Development,2,2,Medical,1,1018,4,Male,32,4,2,Manufacturing Director,4,Married,5472,3334,1,Y,No,12,3,2,80,0,8,2,3,8,7,1,3,Vihaan Dey,HR,HR Manager,96,90.59,92.49,4.4,97.5,49,3.4,30,No
22,No,Travel_Rarely,217,Research & Development,8,1,Life Sciences,1,1019,2,Male,94,1,1,Laboratory Technician,1,Married,2451,6881,1,Y,No,15,3,1,80,1,4,3,2,4,3,1,1,Veer Subramanian,IT,Software Engineer,91,89.9,79.9,4.0,73.5,49,4.3,16,Yes
48,No,Travel_Rarely,277,Research & Development,6,3,Life Sciences,1,1022,1,Male,97,2,2,Healthcare Representative,3,Single,4240,13119,2,Y,No,13,3,4,80,0,19,0,3,2,2,2,2,Yasmin Dada,HR,Recruitment Specialist,69,89.84,88.54,3.7,83.06,35,4.4,16,No
48,No,Travel_Rarely,1355,Research & Development,4,4,Life Sciences,1,1024,3,Male,78,2,3,Healthcare Representative,3,Single,10999,22245,7,Y,No,14,3,2,80,0,27,3,3,15,11,4,8,Krish Bhargava,IT,Data Analyst,55,65.45,91.86,3.3,72.17,42,4.4,21,No
41,No,Travel_Rarely,549,Research & Development,7,2,Medical,1,1025,4,Female,42,3,2,Manufacturing Director,3,Single,5003,23371,6,Y,No,14,3,2,80,0,8,6,3,2,2,2,1,Madhup Bora,Sales,Account Manager,54,61.43,95.88,3.0,76.27,54,3.8,30,No
39,No,Travel_Rarely,466,Research & Development,1,1,Life Sciences,1,1026,4,Female,65,2,4,Manufacturing Director,4,Married,12742,7060,1,Y,No,16,3,3,80,1,21,3,3,21,6,11,8,Sana Mallick,IT,Data Analyst,57,71.82,80.05,3.3,96.61,38,4.0,2,No
27,No,Travel_Rarely,1055,Research & Development,2,4,Life Sciences,1,1027,1,Female,47,3,2,Manufacturing Director,4,Married,4227,4658,0,Y,No,18,3,2,80,1,4,2,3,3,2,2,2,Nehmat Samra,IT,Data Analyst,85,90.24,94.25,4.3,90.17,47,3.4,27,No
35,No,Travel_Rarely,802,Research & Development,10,3,Other,1,1028,2,Male,45,3,1,Laboratory Technician,4,Divorced,3917,9541,1,Y,No,20,4,1,80,1,3,4,2,3,2,1,2,Indranil Chana,Marketing,Marketing Executive,61,79.2,91.03,3.2,84.99,40,4.3,26,No
42,No,Travel_Rarely,265,Sales,5,2,Marketing,1,1029,4,Male,90,3,5,Manager,3,Married,18303,7770,6,Y,No,13,3,2,80,0,21,3,4,1,0,0,0,Raunak Sundaram,Sales,Sales Executive,66,63.43,98.72,3.0,80.36,49,5.0,23,No
50,No,Travel_Rarely,804,Research & Development,9,3,Life Sciences,1,1030,1,Male,64,3,1,Laboratory Technician,4,Married,2380,20165,4,Y,No,18,3,2,80,0,8,5,3,1,0,0,0,Nehmat Shenoy,Sales,Sales Executive,50,73.08,87.19,4.9,96.16,51,3.9,24,No
59,No,Travel_Rarely,715,Research & Development,2,3,Life Sciences,1,1032,3,Female,69,2,4,Manufacturing Director,4,Single,13726,21829,3,Y,Yes,13,3,1,80,0,30,4,3,5,3,4,3,Gokul Bail,Sales,Account Manager,52,82.94,93.61,4.5,92.37,53,3.6,29,No
37,Yes,Travel_Rarely,1141,Research & Development,11,2,Medical,1,1033,1,Female,61,1,2,Healthcare Representative,2,Married,4777,14382,5,Y,No,15,3,1,80,0,15,2,1,1,0,0,0,Samiha Gole,Finance,Auditor,85,88.0,80.93,3.5,85.64,43,4.1,10,No
55,No,Travel_Frequently,135,Research & Development,18,4,Medical,1,1034,3,Male,62,3,2,Healthcare Representative,2,Married,6385,12992,3,Y,Yes,14,3,4,80,2,17,3,3,8,7,6,7,Ishita Handa,Marketing,Content Strategist,98,69.78,87.67,4.7,88.54,38,4.9,2,Yes
41,No,Non-Travel,247,Research & Development,7,1,Life Sciences,1,1035,2,Female,55,1,5,Research Director,3,Divorced,19973,20284,1,Y,No,22,4,2,80,2,21,3,3,21,16,5,10,Ojas Grover,Sales,Sales Executive,55,82.21,84.41,3.4,82.69,40,3.8,12,No
38,No,Travel_Rarely,1035,Sales,3,4,Life Sciences,1,1036,2,Male,42,3,2,Sales Executive,4,Single,6861,4981,8,Y,Yes,12,3,3,80,0,19,1,3,1,0,0,0,Jayant Swamy,Marketing,Marketing Executive,79,64.0,98.58,3.8,85.08,47,3.4,0,No
26,Yes,Non-Travel,265,Sales,29,2,Medical,1,1037,2,Male,79,1,2,Sales Executive,1,Single,4969,21813,8,Y,No,18,3,4,80,0,7,6,3,2,2,2,2,Aayush Wadhwa,Finance,Accountant,66,75.32,85.46,4.9,79.26,38,4.0,0,No
52,Yes,Travel_Rarely,266,Sales,2,1,Marketing,1,1038,1,Female,57,1,5,Manager,4,Married,19845,25846,1,Y,No,15,3,4,80,1,33,3,3,32,14,6,9,Bhamini Bhavsar,Marketing,SEO Specialist,80,70.63,92.04,4.8,95.62,37,3.1,13,No
44,No,Travel_Rarely,1448,Sales,28,3,Medical,1,1039,4,Female,53,4,4,Sales Executive,4,Married,13320,11737,3,Y,Yes,18,3,3,80,1,23,2,3,12,11,11,11,Navya Dave,Finance,Financial Analyst,78,88.75,98.53,3.4,84.41,44,4.1,1,No
50,No,Non-Travel,145,Sales,1,3,Life Sciences,1,1040,4,Female,95,3,2,Sales Executive,3,Married,6347,24920,0,Y,No,12,3,1,80,1,19,3,3,18,7,0,13,Piya Boase,HR,HR Manager,56,69.1,84.3,3.6,91.57,42,3.1,26,No
36,Yes,Travel_Rarely,885,Research & Development,16,4,Life Sciences,1,1042,3,Female,43,4,1,Laboratory Technician,1,Single,2743,8269,1,Y,No,16,3,3,80,0,18,1,3,17,13,15,14,Hrishita Doctor,HR,Recruitment Specialist,60,91.21,92.35,3.3,95.85,50,4.4,29,No
39,No,Travel_Frequently,945,Research & Development,22,3,Medical,1,1043,4,Female,82,3,3,Manufacturing Director,1,Single,10880,5083,1,Y,Yes,13,3,3,80,0,21,2,3,21,6,2,8,Darshit Sachdev,Marketing,Marketing Executive,88,72.68,80.94,3.1,95.81,46,3.6,11,No
33,No,Non-Travel,1038,Sales,8,1,Life Sciences,1,1044,2,Female,88,2,1,Sales Representative,4,Single,2342,21437,0,Y,No,19,3,4,80,0,3,2,2,2,2,2,2,Madhup Chand,Marketing,Marketing Executive,77,89.04,91.14,3.6,75.22,46,4.5,22,No
45,No,Travel_Rarely,1234,Sales,11,2,Life Sciences,1,1045,4,Female,90,3,4,Manager,4,Married,17650,5404,3,Y,No,13,3,2,80,1,26,4,4,9,3,1,1,Siya Soni,HR,HR Manager,59,90.81,79.71,4.2,94.04,45,4.6,10,No
32,No,Non-Travel,1109,Research & Development,29,4,Medical,1,1046,4,Female,69,3,1,Laboratory Technician,3,Single,4025,11135,9,Y,No,12,3,2,80,0,10,2,3,8,7,7,7,Chirag Karnik,Marketing,SEO Specialist,75,89.93,80.75,4.3,84.02,46,4.9,21,No
34,No,Travel_Rarely,216,Sales,1,4,Marketing,1,1047,2,Male,75,4,2,Sales Executive,4,Divorced,9725,12278,0,Y,No,11,3,4,80,1,16,2,2,15,1,0,9,Samaira Doctor,Sales,Account Manager,61,92.58,83.95,4.9,89.83,46,5.0,6,No
59,No,Travel_Rarely,1089,Sales,1,2,Technical Degree,1,1048,2,Male,66,3,3,Manager,4,Married,11904,11038,3,Y,Yes,14,3,3,80,1,14,1,1,6,4,0,4,Lakshay Seshadri,HR,HR Manager,83,73.23,83.18,3.3,70.11,52,3.7,24,No
45,No,Travel_Rarely,788,Human Resources,24,4,Medical,1,1049,2,Male,36,3,1,Human Resources,2,Single,2177,8318,1,Y,No,16,3,1,80,0,6,3,3,6,3,0,4,Drishya Ganguly,Finance,Financial Analyst,56,71.17,86.78,3.1,92.87,44,4.9,5,No
53,No,Travel_Frequently,124,Sales,2,3,Marketing,1,1050,3,Female,38,2,3,Sales Executive,2,Married,7525,23537,2,Y,No,12,3,1,80,1,30,2,3,15,7,6,12,Nirvi Thaker,HR,HR Manager,89,78.47,92.26,3.4,88.1,35,4.1,25,Yes
36,Yes,Travel_Rarely,660,Research & Development,15,3,Other,1,1052,1,Male,81,3,2,Laboratory Technician,3,Divorced,4834,7858,7,Y,No,14,3,2,80,1,9,3,2,1,0,0,0,Siya Cheema,HR,HR Manager,50,78.04,93.33,3.9,93.57,41,3.8,6,No
26,Yes,Travel_Frequently,342,Research & Development,2,3,Life Sciences,1,1053,1,Male,57,3,1,Research Scientist,1,Married,2042,15346,6,Y,Yes,14,3,2,80,1,6,2,3,3,2,1,2,Sara Dugar,Sales,Business Development,96,83.13,76.73,4.0,77.98,49,3.3,0,No
34,No,Travel_Rarely,1333,Sales,10,4,Life Sciences,1,1055,3,Female,87,3,1,Sales Representative,3,Married,2220,18410,1,Y,Yes,19,3,4,80,1,1,2,3,1,1,0,0,Uthkarsh Agate,Marketing,Marketing Executive,75,91.88,82.33,4.1,80.17,41,4.1,24,No
28,No,Travel_Rarely,1144,Sales,10,1,Medical,1,1056,4,Male,74,3,1,Sales Representative,2,Married,1052,23384,1,Y,No,22,4,2,80,0,1,5,3,1,0,0,0,Nehmat Anand,IT,Cybersecurity Specialist,97,92.31,75.91,4.9,99.62,40,3.7,26,No
38,No,Travel_Frequently,1186,Research & Development,3,4,Other,1,1060,3,Male,44,3,1,Research Scientist,3,Married,2821,2997,3,Y,No,16,3,1,80,1,8,2,3,2,2,2,2,Kismat Sankar,Marketing,Content Strategist,73,91.85,79.81,4.8,94.98,45,4.3,20,No
50,No,Travel_Rarely,1464,Research & Development,2,4,Medical,1,1061,2,Male,62,3,5,Research Director,3,Married,19237,12853,2,Y,Yes,11,3,4,80,1,29,2,2,8,1,7,7,Jivin Choudhary,Marketing,Marketing Executive,82,75.33,99.97,4.4,74.23,53,3.3,17,No
37,No,Travel_Rarely,124,Research & Development,3,3,Other,1,1062,4,Female,35,3,2,Healthcare Representative,2,Single,4107,13848,3,Y,No,15,3,1,80,0,8,3,2,4,3,0,1,Hridaan Tara,Marketing,Content Strategist,52,90.77,79.97,4.3,88.16,37,4.3,12,No
40,No,Travel_Rarely,300,Sales,26,3,Marketing,1,1066,3,Male,74,3,2,Sales Executive,1,Married,8396,22217,1,Y,No,14,3,2,80,1,8,3,2,7,7,7,5,Hazel Gandhi,Finance,Auditor,59,61.41,99.13,3.9,76.28,45,3.4,10,No
26,No,Travel_Frequently,921,Research & Development,1,1,Medical,1,1068,1,Female,66,2,1,Research Scientist,3,Divorced,2007,25265,1,Y,No,13,3,3,80,2,5,5,3,5,3,1,3,Nishith Doshi,Finance,Accountant,97,69.21,93.34,4.2,76.38,51,4.3,27,Yes
46,No,Travel_Rarely,430,Research & Development,1,4,Medical,1,1069,4,Male,40,3,5,Research Director,4,Divorced,19627,21445,9,Y,No,17,3,4,80,2,23,0,3,2,2,2,2,Darshit Walia,IT,Cybersecurity Specialist,68,63.56,80.83,3.8,95.41,45,4.3,3,No
54,No,Travel_Rarely,1082,Sales,2,4,Life Sciences,1,1070,3,Female,41,2,3,Sales Executive,3,Married,10686,8392,6,Y,No,11,3,2,80,1,13,4,3,9,4,7,0,Parinaaz Singh,Marketing,SEO Specialist,73,69.99,76.11,3.7,81.31,55,4.2,28,No
56,No,Travel_Frequently,1240,Research & Development,9,3,Medical,1,1071,1,Female,63,3,1,Research Scientist,3,Married,2942,12154,2,Y,No,19,3,2,80,1,18,4,3,5,4,0,3,Yakshit Badami,Marketing,Content Strategist,53,69.11,85.84,4.6,86.05,54,4.7,27,No
36,No,Travel_Rarely,796,Research & Development,12,5,Medical,1,1073,4,Female,51,2,3,Manufacturing Director,4,Single,8858,15669,0,Y,No,11,3,2,80,0,15,2,2,14,8,7,8,Jivika Dhingra,Finance,Financial Analyst,93,60.1,76.83,3.1,76.8,40,3.5,9,No
55,No,Non-Travel,444,Research & Development,2,1,Medical,1,1074,3,Male,40,2,4,Manager,1,Single,16756,17323,7,Y,No,15,3,2,80,0,31,3,4,9,7,6,2,Hansh Yadav,Finance,Accountant,91,76.43,87.32,4.0,93.17,38,4.9,26,Yes
43,No,Travel_Rarely,415,Sales,25,3,Medical,1,1076,3,Male,79,2,3,Sales Executive,4,Divorced,10798,5268,5,Y,No,13,3,3,80,1,18,5,3,1,0,0,0,Aarav Doshi,Sales,Sales Executive,57,69.93,79.47,3.7,74.74,51,4.6,28,No
20,Yes,Travel_Frequently,769,Sales,9,3,Marketing,1,1077,4,Female,54,3,1,Sales Representative,4,Single,2323,17205,1,Y,Yes,14,3,2,80,0,2,3,3,2,2,0,2,Ira Kari,IT,Cybersecurity Specialist,51,91.26,80.27,4.9,86.15,48,4.2,8,No
21,Yes,Travel_Rarely,1334,Research & Development,10,3,Life Sciences,1,1079,3,Female,36,2,1,Laboratory Technician,1,Single,1416,17258,1,Y,No,13,3,1,80,0,1,6,2,1,0,1,0,Anya Buch,Marketing,SEO Specialist,69,81.72,88.14,3.7,78.33,48,4.9,2,No
46,No,Travel_Rarely,1003,Research & Development,8,4,Life Sciences,1,1080,4,Female,74,2,2,Research Scientist,1,Divorced,4615,21029,8,Y,Yes,23,4,1,80,3,19,2,3,16,13,1,7,Tarini Maharaj,Finance,Financial Analyst,86,89.14,81.28,4.1,88.52,53,4.1,28,Yes
51,Yes,Travel_Rarely,1323,Research & Development,4,4,Life Sciences,1,1081,1,Male,34,3,1,Research Scientist,3,Married,2461,10332,9,Y,Yes,12,3,3,80,3,18,2,4,10,0,2,7,Advik Sinha,Sales,Business Development,94,85.29,89.14,4.1,85.71,44,4.1,28,Yes
28,Yes,Non-Travel,1366,Research & Development,24,2,Technical Degree,1,1082,2,Male,72,2,3,Healthcare Representative,1,Single,8722,12355,1,Y,No,12,3,1,80,0,10,2,2,10,7,1,9,Drishya Karpe,Finance,Accountant,88,90.85,86.07,3.9,94.16,40,4.5,21,Yes
26,No,Travel_Rarely,192,Research & Development,1,2,Medical,1,1083,1,Male,59,2,1,Laboratory Technician,1,Married,3955,11141,1,Y,No,16,3,1,80,2,6,2,3,5,3,1,3,Sara Borra,Marketing,Content Strategist,94,86.13,86.42,4.0,97.74,38,4.6,27,Yes
30,No,Travel_Rarely,1176,Research & Development,20,3,Other,1,1084,3,Male,85,3,2,Manufacturing Director,1,Married,9957,9096,0,Y,No,15,3,3,80,1,7,1,2,6,2,0,2,Uthkarsh Deshpande,Finance,Auditor,63,61.77,90.03,4.4,79.07,40,3.7,5,No
41,No,Travel_Rarely,509,Research & Development,7,2,Technical Degree,1,1085,2,Female,43,4,1,Research Scientist,3,Married,3376,18863,1,Y,No,13,3,3,80,0,10,3,3,10,6,0,8,Nitara Joshi,Finance,Financial Analyst,55,73.1,76.01,4.9,70.48,45,4.4,19,No
38,No,Travel_Rarely,330,Research & Development,17,1,Life Sciences,1,1088,3,Female,65,2,3,Healthcare Representative,3,Married,8823,24608,0,Y,No,18,3,1,80,1,20,4,2,19,9,1,9,Adira Banik,Sales,Business Development,75,87.55,90.57,3.3,77.92,41,4.1,15,No
40,No,Travel_Rarely,1492,Research & Development,20,4,Technical Degree,1,1092,1,Male,61,3,3,Healthcare Representative,4,Married,10322,26542,4,Y,No,20,4,4,80,1,14,6,3,11,10,11,1,Advik Randhawa,Sales,Account Manager,98,83.32,75.11,3.4,81.51,35,4.8,3,Yes
27,No,Non-Travel,1277,Research & Development,8,5,Life Sciences,1,1094,1,Male,87,1,1,Laboratory Technician,3,Married,4621,5869,1,Y,No,19,3,4,80,3,3,4,3,3,2,1,2,Baiju Cheema,HR,Employee Relations,99,68.63,78.93,4.8,86.44,42,3.1,28,No
55,No,Travel_Frequently,1091,Research & Development,2,1,Life Sciences,1,1096,4,Male,65,3,3,Manufacturing Director,2,Married,10976,15813,3,Y,No,18,3,2,80,1,23,4,3,3,2,1,2,Eshani Thaman,IT,Cybersecurity Specialist,66,71.65,85.44,3.9,97.17,39,4.5,14,No
28,No,Travel_Rarely,857,Research & Development,10,3,Other,1,1097,3,Female,59,3,2,Research Scientist,3,Single,3660,7909,3,Y,No,13,3,4,80,0,10,4,4,8,7,1,7,Hridaan Khurana,Finance,Accountant,68,66.26,87.5,4.2,71.44,41,3.6,8,No
44,Yes,Travel_Rarely,1376,Human Resources,1,2,Medical,1,1098,2,Male,91,2,3,Human Resources,1,Married,10482,2326,9,Y,No,14,3,4,80,1,24,1,3,20,6,3,6,Prerak Lal,Finance,Financial Analyst,80,61.97,99.82,3.8,78.82,42,4.4,9,No
33,No,Travel_Rarely,654,Research & Development,5,3,Life Sciences,1,1099,4,Male,34,2,3,Healthcare Representative,4,Divorced,7119,21214,4,Y,No,15,3,3,80,1,9,2,3,3,2,1,2,Indrans Keer,Finance,Accountant,100,90.5,88.31,4.4,95.61,39,4.2,25,Yes
35,Yes,Travel_Rarely,1204,Sales,4,3,Technical Degree,1,1100,4,Male,86,3,3,Sales Executive,1,Single,9582,10333,0,Y,Yes,22,4,1,80,0,9,2,3,8,7,4,7,Tiya Ramakrishnan,Marketing,SEO Specialist,50,83.72,80.44,3.1,94.81,35,3.6,5,No
33,Yes,Travel_Frequently,827,Research & Development,29,4,Medical,1,1101,1,Female,54,2,2,Research Scientist,3,Single,4508,3129,1,Y,No,22,4,2,80,0,14,4,3,13,7,3,8,Diya Dalal,IT,Software Engineer,64,83.72,93.54,4.8,98.21,51,4.6,30,No
28,No,Travel_Rarely,895,Research & Development,15,2,Life Sciences,1,1102,1,Male,50,3,1,Laboratory Technician,3,Divorced,2207,22482,1,Y,No,16,3,4,80,1,4,5,2,4,2,2,2,Ritvik Kashyap,HR,HR Manager,66,69.52,90.43,3.9,71.63,39,3.3,12,No
34,No,Travel_Frequently,618,Research & Development,3,1,Life Sciences,1,1103,1,Male,45,3,2,Healthcare Representative,4,Single,7756,22266,0,Y,No,17,3,3,80,0,7,1,2,6,2,0,4,Eva Bhavsar,Finance,Financial Analyst,70,77.22,77.97,4.2,91.86,40,4.8,14,No
37,No,Travel_Rarely,309,Sales,10,4,Life Sciences,1,1105,4,Female,88,2,2,Sales Executive,4,Divorced,6694,24223,2,Y,Yes,14,3,3,80,3,8,5,3,1,0,0,0,Saanvi Bora,Finance,Financial Analyst,83,79.04,78.8,3.7,83.58,35,4.0,13,No
25,Yes,Travel_Rarely,1219,Research & Development,4,1,Technical Degree,1,1106,4,Male,32,3,1,Laboratory Technician,4,Married,3691,4605,1,Y,Yes,15,3,2,80,1,7,3,4,7,7,5,6,Vardaniya Kale,Marketing,Content Strategist,86,70.41,98.32,4.0,99.35,38,4.0,2,No
26,Yes,Travel_Rarely,1330,Research & Development,21,3,Medical,1,1107,1,Male,37,3,1,Laboratory Technician,3,Divorced,2377,19373,1,Y,No,20,4,3,80,1,1,0,2,1,1,0,0,Riaan Sachdev,HR,HR Manager,87,82.14,91.39,3.7,93.0,44,3.2,1,No
33,Yes,Travel_Rarely,1017,Research & Development,25,3,Medical,1,1108,1,Male,55,2,1,Research Scientist,2,Single,2313,2993,4,Y,Yes,20,4,2,80,0,5,0,3,2,2,2,2,Adah Kade,IT,Cybersecurity Specialist,52,64.93,92.65,3.0,77.73,43,4.0,15,No
42,No,Travel_Rarely,469,Research & Development,2,2,Medical,1,1109,4,Male,35,3,4,Manager,1,Married,17665,14399,0,Y,No,17,3,4,80,1,23,3,3,22,6,13,7,Khushi Mander,IT,Cybersecurity Specialist,67,87.86,75.38,5.0,73.89,48,4.1,8,No
28,Yes,Travel_Frequently,1009,Research & Development,1,3,Medical,1,1111,1,Male,45,2,1,Laboratory Technician,2,Divorced,2596,7160,1,Y,No,15,3,1,80,2,1,2,3,1,0,0,0,Advik Vasa,Sales,Sales Executive,63,69.68,87.01,3.6,81.33,42,4.3,9,No
50,Yes,Travel_Frequently,959,Sales,1,4,Other,1,1113,4,Male,81,3,2,Sales Executive,3,Single,4728,17251,3,Y,Yes,14,3,4,80,0,5,4,3,0,0,0,0,Inaaya  Sehgal,Marketing,Content Strategist,66,67.12,79.81,4.9,88.21,41,5.0,19,No
33,No,Travel_Frequently,970,Sales,7,3,Life Sciences,1,1114,4,Female,30,3,2,Sales Executive,2,Married,4302,13401,0,Y,No,17,3,3,80,1,4,3,3,3,2,0,2,Onkar Kari,HR,HR Manager,87,64.8,77.71,4.9,78.75,38,3.1,2,No
34,No,Non-Travel,697,Research & Development,3,4,Life Sciences,1,1115,3,Male,40,2,1,Research Scientist,4,Married,2979,22478,3,Y,No,17,3,4,80,3,6,2,3,0,0,0,0,Amira Dhingra,Finance,Financial Analyst,76,60.28,98.92,3.8,70.06,38,3.2,24,No
48,No,Non-Travel,1262,Research & Development,1,4,Medical,1,1116,1,Male,35,4,4,Manager,4,Single,16885,16154,2,Y,No,22,4,3,80,0,27,3,2,5,4,2,1,Lakshay Dara,IT,Data Analyst,90,72.39,83.11,3.6,86.26,45,3.3,7,No
45,No,Non-Travel,1050,Sales,9,4,Life Sciences,1,1117,2,Female,65,2,2,Sales Executive,3,Married,5593,17970,1,Y,No,13,3,4,80,1,15,2,3,15,10,4,12,Rhea Dhar,IT,Cybersecurity Specialist,70,83.01,78.78,4.6,75.91,42,3.8,13,No
52,No,Travel_Rarely,994,Research & Development,7,4,Life Sciences,1,1118,2,Male,87,3,3,Healthcare Representative,2,Single,10445,15322,7,Y,No,19,3,4,80,0,18,4,3,8,6,4,0,Emir Sood,Finance,Auditor,68,62.64,90.03,4.8,89.23,41,4.7,24,No
38,No,Travel_Rarely,770,Sales,10,4,Marketing,1,1119,3,Male,73,2,3,Sales Executive,3,Divorced,8740,5569,0,Y,Yes,14,3,2,80,2,9,2,3,8,7,2,7,Akarsh Suri,IT,Cybersecurity Specialist,70,68.39,92.57,4.0,88.34,38,3.3,12,No
29,No,Travel_Rarely,1107,Research & Development,28,4,Life Sciences,1,1120,3,Female,93,3,1,Research Scientist,4,Divorced,2514,26968,4,Y,No,22,4,1,80,1,11,1,3,7,5,1,7,Saira Kothari,Finance,Financial Analyst,70,86.42,75.65,4.9,73.51,36,4.0,26,No
28,No,Travel_Rarely,950,Research & Development,3,3,Medical,1,1121,4,Female,93,3,3,Manufacturing Director,2,Divorced,7655,8039,0,Y,No,17,3,2,80,3,10,3,2,9,7,1,7,Vritika Ram,Marketing,Marketing Executive,73,65.57,86.93,4.8,81.61,47,4.4,18,No
46,No,Travel_Rarely,406,Sales,3,1,Marketing,1,1124,1,Male,52,3,4,Manager,3,Married,17465,15596,3,Y,No,12,3,4,80,1,23,3,3,12,9,4,9,Anya Aggarwal,Sales,Business Development,62,64.09,78.52,5.0,77.08,50,3.0,1,No
38,No,Travel_Rarely,130,Sales,2,2,Marketing,1,1125,4,Male,32,3,3,Sales Executive,2,Single,7351,20619,7,Y,No,16,3,3,80,0,10,2,3,1,0,0,0,Ishita Apte,HR,HR Manager,63,63.17,97.46,3.7,99.89,36,4.2,10,No
43,No,Travel_Frequently,1082,Research & Development,27,3,Life Sciences,1,1126,3,Female,83,3,3,Manufacturing Director,1,Married,10820,11535,8,Y,No,11,3,3,80,1,18,1,3,8,7,0,1,Shlok Mahajan,Finance,Financial Analyst,86,73.3,76.0,4.0,93.94,53,4.8,17,Yes
39,Yes,Travel_Frequently,203,Research & Development,2,3,Life Sciences,1,1127,1,Male,84,3,4,Healthcare Representative,4,Divorced,12169,13547,7,Y,No,11,3,4,80,3,21,4,3,18,7,11,5,Adah Bobal,Finance,Financial Analyst,54,71.48,99.93,4.9,92.17,47,3.1,28,No
40,No,Travel_Rarely,1308,Research & Development,14,3,Medical,1,1128,3,Male,44,2,5,Research Director,3,Single,19626,17544,1,Y,No,14,3,1,80,0,21,2,4,20,7,4,9,Kashvi Rajagopal,HR,HR Manager,60,65.14,84.35,3.3,86.8,40,4.0,9,No
21,No,Travel_Rarely,984,Research & Development,1,1,Technical Degree,1,1131,4,Female,70,2,1,Research Scientist,2,Single,2070,25326,1,Y,Yes,11,3,3,80,0,2,6,4,2,2,2,2,Zaina Kaul,Sales,Business Development,77,73.85,79.5,3.4,99.91,48,3.9,2,No
39,No,Non-Travel,439,Research & Development,9,3,Life Sciences,1,1132,3,Male,70,3,2,Laboratory Technician,2,Single,6782,8770,9,Y,No,15,3,3,80,0,9,2,2,5,4,0,3,Yashvi Bala,Sales,Sales Executive,51,81.66,85.85,3.5,89.49,47,4.2,28,No
36,No,Non-Travel,217,Research & Development,18,4,Life Sciences,1,1133,1,Male,78,3,2,Manufacturing Director,4,Single,7779,23238,2,Y,No,20,4,1,80,0,18,0,3,11,9,0,9,Trisha Mane,Sales,Business Development,79,81.75,83.34,4.2,77.99,42,4.2,20,No
31,No,Travel_Frequently,793,Sales,20,3,Life Sciences,1,1135,3,Male,67,4,1,Sales Representative,4,Married,2791,21981,0,Y,No,12,3,1,80,1,3,4,3,2,2,2,2,Hrishita Bose,IT,Data Analyst,89,71.37,83.27,3.3,95.65,53,4.9,2,Yes
28,No,Travel_Rarely,1451,Research & Development,2,1,Life Sciences,1,1136,1,Male,67,2,1,Research Scientist,2,Married,3201,19911,0,Y,No,17,3,1,80,0,6,2,1,5,3,0,4,Jivika Sur,HR,Employee Relations,72,61.52,88.31,4.8,82.1,35,4.4,2,No
35,No,Travel_Frequently,1182,Sales,11,2,Marketing,1,1137,4,Male,54,3,2,Sales Executive,4,Divorced,4968,18500,1,Y,No,11,3,4,80,1,5,3,3,5,2,0,2,Sara Bal,Marketing,Content Strategist,56,72.73,94.33,4.5,96.57,36,4.5,17,No
49,No,Travel_Rarely,174,Sales,8,4,Technical Degree,1,1138,4,Male,56,2,4,Sales Executive,2,Married,13120,11879,6,Y,No,17,3,2,80,1,22,3,3,9,8,2,3,Sumer Kothari,Finance,Financial Analyst,54,87.0,96.19,3.7,88.56,42,4.7,6,No
34,No,Travel_Frequently,1003,Research & Development,2,2,Life Sciences,1,1140,4,Male,95,3,2,Manufacturing Director,3,Single,4033,15834,2,Y,No,11,3,4,80,0,5,3,2,3,2,0,2,Jhanvi Dutta,Marketing,Marketing Executive,91,68.31,97.47,4.0,81.83,48,3.5,24,No
29,No,Travel_Frequently,490,Research & Development,10,3,Life Sciences,1,1143,4,Female,61,3,1,Research Scientist,2,Divorced,3291,17940,0,Y,No,14,3,4,80,2,8,2,2,7,5,1,1,Dhruv Gera,Marketing,Marketing Executive,56,69.85,76.34,5.0,86.23,48,5.0,3,No
42,No,Travel_Rarely,188,Research & Development,29,3,Medical,1,1148,2,Male,56,1,2,Laboratory Technician,4,Single,4272,9558,4,Y,No,19,3,1,80,0,16,3,3,1,0,0,0,Anvi Sharaf,Marketing,Content Strategist,54,82.51,79.14,3.3,95.01,36,4.4,9,No
29,No,Travel_Rarely,718,Research & Development,8,1,Medical,1,1150,2,Male,79,2,2,Manufacturing Director,4,Married,5056,17689,1,Y,Yes,15,3,3,80,1,10,2,2,10,7,1,2,Jiya Tara,Marketing,SEO Specialist,77,82.95,77.99,3.0,90.98,46,3.0,6,No
38,No,Travel_Rarely,433,Human Resources,1,3,Human Resources,1,1152,3,Male,37,4,1,Human Resources,3,Married,2844,6004,1,Y,No,13,3,4,80,1,7,2,4,7,6,5,0,Zoya Comar,Finance,Financial Analyst,100,67.4,90.07,4.6,76.46,46,3.4,27,No
28,No,Travel_Frequently,773,Research & Development,6,3,Life Sciences,1,1154,3,Male,39,2,1,Research Scientist,3,Divorced,2703,22088,1,Y,Yes,14,3,4,80,1,3,2,3,3,1,0,2,Akarsh Sridhar,Marketing,SEO Specialist,53,76.17,91.57,4.3,81.33,41,4.5,15,No
18,Yes,Non-Travel,247,Research & Development,8,1,Medical,1,1156,3,Male,80,3,1,Laboratory Technician,3,Single,1904,13556,1,Y,No,12,3,4,80,0,0,0,3,0,0,0,0,Advik Banik,Sales,Account Manager,78,91.64,80.76,4.7,85.59,44,3.2,5,No
33,Yes,Travel_Rarely,603,Sales,9,4,Marketing,1,1157,1,Female,77,3,2,Sales Executive,1,Single,8224,18385,0,Y,Yes,17,3,1,80,0,6,3,3,5,2,0,3,Onkar Kumar,Finance,Auditor,58,88.69,80.7,4.3,96.93,51,3.4,24,No
41,No,Travel_Rarely,167,Research & Development,12,4,Life Sciences,1,1158,2,Male,46,3,1,Laboratory Technician,4,Married,4766,9051,3,Y,Yes,11,3,1,80,1,6,4,3,1,0,0,0,Aayush Bakshi,IT,Cybersecurity Specialist,64,91.18,97.91,4.7,80.29,41,3.7,8,No
31,Yes,Travel_Frequently,874,Research & Development,15,3,Medical,1,1160,3,Male,72,3,1,Laboratory Technician,3,Married,2610,6233,1,Y,No,12,3,3,80,1,2,5,2,2,2,2,2,Zaina Mahajan,Sales,Sales Executive,69,65.83,78.41,4.8,94.34,41,4.7,16,No
37,No,Travel_Rarely,367,Research & Development,25,2,Medical,1,1161,3,Female,52,2,2,Healthcare Representative,4,Divorced,5731,17171,7,Y,No,13,3,3,80,2,9,2,3,6,2,1,3,Mohanlal Dhillon,Sales,Business Development,61,79.54,80.52,4.6,78.0,42,4.9,21,No
27,No,Travel_Rarely,199,Research & Development,6,3,Life Sciences,1,1162,4,Male,55,2,1,Research Scientist,3,Married,2539,7950,1,Y,No,13,3,3,80,1,4,0,3,4,2,2,2,Lagan Sant,IT,Cybersecurity Specialist,93,61.8,76.32,3.0,95.16,51,4.5,28,Yes
34,No,Travel_Rarely,1400,Sales,9,1,Life Sciences,1,1163,2,Female,70,3,2,Sales Executive,3,Married,5714,5829,1,Y,No,20,4,1,80,0,6,3,2,6,5,1,3,Priyansh Sibal,Marketing,Content Strategist,80,66.32,80.47,3.3,79.44,50,4.4,21,No
35,No,Travel_Rarely,528,Human Resources,8,4,Technical Degree,1,1164,3,Male,100,3,1,Human Resources,3,Single,4323,7108,1,Y,No,17,3,2,80,0,6,2,1,5,4,1,4,Kabir Ganesh,HR,Employee Relations,57,67.74,92.94,3.7,87.63,36,4.4,28,No
29,Yes,Travel_Rarely,408,Sales,23,1,Life Sciences,1,1165,4,Female,45,2,3,Sales Executive,1,Married,7336,11162,1,Y,No,13,3,1,80,1,11,3,1,11,8,3,10,Jivin Bansal,Finance,Accountant,67,70.68,77.3,4.4,85.32,40,3.6,11,No
40,No,Travel_Frequently,593,Research & Development,9,4,Medical,1,1166,2,Female,88,3,3,Research Director,3,Single,13499,13782,9,Y,No,17,3,3,80,0,20,3,2,18,7,2,13,Aaryahi Wadhwa,Finance,Accountant,59,64.54,84.1,4.9,93.52,41,3.8,7,No
42,Yes,Travel_Frequently,481,Sales,12,3,Life Sciences,1,1167,3,Male,44,3,4,Sales Executive,1,Single,13758,2447,0,Y,Yes,12,3,2,80,0,22,2,2,21,9,13,14,Sana Sandal,Sales,Business Development,76,78.49,86.37,3.9,79.76,53,3.9,18,No
42,No,Travel_Rarely,647,Sales,4,4,Marketing,1,1171,2,Male,45,3,2,Sales Executive,1,Single,5155,2253,7,Y,No,13,3,4,80,0,9,3,4,6,4,1,5,Mehul Hegde,Finance,Accountant,88,92.8,88.46,3.7,92.93,36,3.8,14,No
35,No,Travel_Rarely,982,Research & Development,1,4,Medical,1,1172,4,Male,58,2,1,Laboratory Technician,3,Married,2258,16340,6,Y,No,12,3,2,80,1,10,2,3,8,0,1,7,Indrans Dasgupta,IT,Data Analyst,57,94.46,80.62,3.6,70.23,49,4.3,13,No
24,No,Travel_Rarely,477,Research & Development,24,3,Medical,1,1173,4,Male,49,3,1,Laboratory Technician,2,Single,3597,6409,8,Y,No,22,4,4,80,0,6,2,3,4,3,1,2,Kartik Chaudhry,Finance,Accountant,51,90.63,91.88,4.7,89.34,36,4.1,2,No
28,Yes,Travel_Rarely,1485,Research & Development,12,1,Life Sciences,1,1175,3,Female,79,3,1,Laboratory Technician,4,Married,2515,22955,1,Y,Yes,11,3,4,80,0,1,4,2,1,1,0,0,Bhamini Gopal,IT,Cybersecurity Specialist,76,63.14,91.44,3.3,81.08,49,4.6,10,No
26,No,Travel_Rarely,1384,Research & Development,3,4,Medical,1,1177,1,Male,82,4,1,Laboratory Technician,4,Married,4420,13421,1,Y,No,22,4,2,80,1,8,2,3,8,7,0,7,Trisha Chacko,Finance,Auditor,51,63.33,95.02,4.6,70.08,53,3.1,10,No
30,No,Travel_Rarely,852,Sales,10,3,Marketing,1,1179,3,Male,72,2,2,Sales Executive,3,Married,6578,2706,1,Y,No,18,3,1,80,1,10,3,3,10,3,1,4,Lavanya Keer,Marketing,Content Strategist,55,76.17,79.92,4.5,87.0,39,4.9,18,No
40,No,Travel_Frequently,902,Research & Development,26,2,Medical,1,1180,3,Female,92,2,2,Research Scientist,4,Married,4422,21203,3,Y,Yes,13,3,4,80,1,16,3,1,1,1,0,0,Nitara Som,Sales,Account Manager,94,91.17,84.44,3.1,78.29,46,4.8,9,Yes
35,No,Travel_Rarely,819,Research & Development,2,3,Life Sciences,1,1182,3,Male,44,2,3,Manufacturing Director,2,Divorced,10274,19588,2,Y,No,18,3,2,80,1,15,2,4,7,7,6,4,Ela Dutt,Finance,Accountant,79,89.42,98.19,4.4,86.44,40,3.6,25,No
34,No,Travel_Frequently,669,Research & Development,1,3,Medical,1,1184,4,Male,97,2,2,Healthcare Representative,1,Single,5343,25755,0,Y,No,20,4,3,80,0,14,3,3,13,9,4,9,Arhaan Dalal,IT,Software Engineer,62,92.04,89.72,4.8,72.65,37,3.2,13,No
35,No,Travel_Frequently,636,Research & Development,4,4,Other,1,1185,4,Male,47,2,1,Laboratory Technician,4,Married,2376,26537,1,Y,No,13,3,2,80,1,2,2,4,2,2,2,2,Madhup Balasubramanian,Finance,Auditor,63,66.55,97.72,5.0,77.92,37,5.0,20,No
43,Yes,Travel_Rarely,1372,Sales,9,3,Marketing,1,1188,1,Female,85,1,2,Sales Executive,3,Single,5346,9489,8,Y,No,13,3,2,80,0,7,2,2,4,3,1,3,Abram Yohannan,Sales,Business Development,75,92.15,86.71,4.9,90.2,53,3.1,7,No
32,No,Non-Travel,862,Sales,2,1,Life Sciences,1,1190,3,Female,76,3,1,Sales Representative,1,Divorced,2827,14947,1,Y,No,12,3,3,80,3,1,3,3,1,0,0,0,Ivan Wadhwa,Sales,Account Manager,50,67.79,97.38,4.3,79.61,42,3.5,7,No
56,No,Travel_Rarely,718,Research & Development,4,4,Technical Degree,1,1191,4,Female,92,3,5,Manager,1,Divorced,19943,18575,4,Y,No,13,3,4,80,1,28,2,3,5,2,4,2,Nayantara Sant,Marketing,SEO Specialist,64,65.9,96.78,4.0,90.32,40,4.0,13,No
29,No,Travel_Rarely,1401,Research & Development,6,1,Medical,1,1192,2,Female,54,3,1,Laboratory Technician,4,Married,3131,26342,1,Y,No,13,3,1,80,1,10,5,3,10,8,0,8,Shalv Divan,Finance,Financial Analyst,57,62.0,92.22,5.0,82.12,35,4.2,30,No
19,No,Travel_Rarely,645,Research & Development,9,2,Life Sciences,1,1193,3,Male,54,3,1,Research Scientist,1,Single,2552,7172,1,Y,No,25,4,3,80,0,1,4,3,1,1,0,0,Vihaan Saraf,HR,Recruitment Specialist,54,79.95,76.37,4.1,76.4,46,3.6,25,No
45,No,Travel_Rarely,1457,Research & Development,7,3,Medical,1,1195,1,Female,83,3,1,Research Scientist,3,Married,4477,20100,4,Y,Yes,19,3,3,80,1,7,2,2,3,2,0,2,Inaaya  Dixit,Finance,Financial Analyst,53,89.94,82.49,4.1,92.24,50,4.6,17,No
37,No,Travel_Rarely,977,Research & Development,1,3,Life Sciences,1,1196,4,Female,56,2,2,Manufacturing Director,4,Married,6474,9961,1,Y,No,13,3,2,80,1,14,2,2,14,8,3,11,Hansh Mammen,Finance,Accountant,83,79.41,82.63,3.3,91.15,48,4.4,8,No
20,No,Travel_Rarely,805,Research & Development,3,3,Life Sciences,1,1198,1,Male,87,2,1,Laboratory Technician,3,Single,3033,12828,1,Y,No,12,3,1,80,0,2,2,2,2,2,1,2,Uthkarsh Date,HR,HR Manager,78,60.67,97.9,3.2,99.68,35,4.2,15,No
44,Yes,Travel_Rarely,1097,Research & Development,10,4,Life Sciences,1,1200,3,Male,96,3,1,Research Scientist,3,Single,2936,10826,1,Y,Yes,11,3,3,80,0,6,4,3,6,4,0,2,Zoya Sarkar,IT,Software Engineer,56,77.42,77.94,3.4,89.51,43,3.6,2,No
53,No,Travel_Rarely,1223,Research & Development,7,2,Medical,1,1201,4,Female,50,3,5,Manager,3,Divorced,18606,18640,3,Y,No,18,3,2,80,1,26,6,3,7,7,4,7,Emir Ratta,IT,Cybersecurity Specialist,84,62.0,82.87,4.6,75.13,49,3.5,25,No
29,No,Travel_Rarely,942,Research & Development,15,1,Life Sciences,1,1202,2,Female,69,1,1,Research Scientist,4,Married,2168,26933,0,Y,Yes,18,3,1,80,1,6,2,2,5,4,1,3,Heer Brar,Finance,Accountant,54,70.83,97.4,5.0,81.85,48,3.9,0,No
22,Yes,Travel_Frequently,1256,Research & Development,3,4,Life Sciences,1,1203,3,Male,48,2,1,Research Scientist,4,Married,2853,4223,0,Y,Yes,11,3,2,80,1,1,5,3,0,0,0,0,Badal Bakshi,Finance,Financial Analyst,55,61.55,92.04,4.1,88.02,49,4.7,11,No
46,No,Travel_Rarely,1402,Sales,2,3,Marketing,1,1204,3,Female,69,3,4,Manager,1,Married,17048,24097,8,Y,No,23,4,1,80,0,28,2,3,26,15,15,9,Bhavin Sankaran,Marketing,SEO Specialist,56,70.38,82.99,4.2,84.6,55,3.3,18,No
44,No,Non-Travel,111,Research & Development,17,3,Life Sciences,1,1206,4,Male,74,1,1,Research Scientist,3,Single,2290,4279,2,Y,No,13,3,4,80,0,6,3,3,0,0,0,0,Advik Bala,IT,Software Engineer,69,70.35,86.36,3.3,95.32,37,5.0,13,No
33,No,Travel_Rarely,147,Human Resources,2,3,Human Resources,1,1207,2,Male,99,3,1,Human Resources,3,Married,3600,8429,1,Y,No,13,3,4,80,1,5,2,3,5,4,1,4,Pihu Bhatt,IT,Data Analyst,95,77.13,79.39,3.2,94.65,47,3.9,6,No
41,Yes,Non-Travel,906,Research & Development,5,2,Life Sciences,1,1210,1,Male,95,2,1,Research Scientist,1,Divorced,2107,20293,6,Y,No,17,3,1,80,1,5,2,1,1,0,0,0,Sara Roy,IT,Cybersecurity Specialist,58,65.22,96.92,3.2,99.73,51,4.7,0,No
30,No,Travel_Rarely,1329,Sales,29,4,Life Sciences,1,1211,3,Male,61,3,2,Sales Executive,1,Divorced,4115,13192,8,Y,No,19,3,3,80,3,8,3,3,4,3,0,3,Anvi Garg,Finance,Accountant,98,67.26,97.22,3.2,91.79,47,3.4,20,No
40,No,Travel_Frequently,1184,Sales,2,4,Medical,1,1212,2,Male,62,3,2,Sales Executive,2,Married,4327,25440,5,Y,No,12,3,4,80,3,5,2,3,0,0,0,0,Seher Choudhary,Finance,Auditor,84,68.74,89.62,3.6,76.71,54,3.7,14,No
50,No,Travel_Frequently,1421,Research & Development,2,3,Medical,1,1215,4,Female,30,3,4,Manager,1,Married,17856,9490,2,Y,No,22,4,3,80,1,32,3,3,2,2,2,2,Ahana  Apte,HR,Recruitment Specialist,85,85.5,85.77,3.6,82.81,53,4.1,19,No
28,No,Travel_Rarely,1179,Research & Development,19,4,Medical,1,1216,4,Male,78,2,1,Laboratory Technician,1,Married,3196,12449,1,Y,No,12,3,3,80,3,6,2,3,6,5,3,3,Romil Suresh,Finance,Accountant,50,66.79,86.57,3.4,92.18,49,3.9,22,No
46,No,Travel_Rarely,1450,Research & Development,15,2,Life Sciences,1,1217,4,Male,52,3,5,Research Director,2,Married,19081,10849,5,Y,No,11,3,1,80,1,25,2,3,4,2,0,3,Aradhya Varghese,Marketing,SEO Specialist,77,75.0,81.24,4.0,91.16,54,3.5,0,No
35,No,Travel_Rarely,1361,Sales,17,4,Life Sciences,1,1218,3,Male,94,3,2,Sales Executive,1,Married,8966,21026,3,Y,Yes,15,3,4,80,3,15,2,3,7,7,1,7,Kiaan Dhar,Marketing,Content Strategist,93,85.06,75.33,4.0,74.8,44,3.3,27,No
24,Yes,Travel_Rarely,984,Research & Development,17,2,Life Sciences,1,1219,4,Female,97,3,1,Laboratory Technician,2,Married,2210,3372,1,Y,No,13,3,1,80,1,1,3,1,1,0,0,0,Lavanya Korpal,Sales,Account Manager,82,86.07,79.25,3.2,88.51,46,3.8,1,No
33,No,Travel_Frequently,1146,Sales,25,3,Medical,1,1220,2,Female,82,3,2,Sales Executive,3,Married,4539,4905,1,Y,No,12,3,1,80,1,10,3,2,10,7,0,1,Anvi Lad,Finance,Accountant,89,70.52,95.83,4.5,96.93,49,4.5,16,Yes
36,No,Travel_Rarely,917,Research & Development,6,4,Life Sciences,1,1221,3,Male,60,1,1,Laboratory Technician,3,Divorced,2741,6865,1,Y,No,14,3,3,80,1,7,4,3,7,7,1,7,Alia Dugal,HR,Employee Relations,54,63.24,92.94,4.9,86.19,53,4.8,14,No
30,No,Travel_Rarely,853,Research & Development,7,4,Life Sciences,1,1224,3,Male,49,3,2,Laboratory Technician,3,Divorced,3491,11309,1,Y,No,13,3,1,80,3,10,4,2,10,7,8,9,Yuvraj  Kale,Sales,Business Development,54,60.27,89.79,5.0,97.46,39,4.2,10,No
44,No,Travel_Rarely,200,Research & Development,29,4,Other,1,1225,4,Male,32,3,2,Research Scientist,4,Single,4541,7744,1,Y,No,25,4,2,80,0,20,3,3,20,11,13,17,Jayesh Doctor,Finance,Auditor,66,89.49,79.51,3.1,71.51,41,3.7,30,No
20,No,Travel_Rarely,654,Sales,21,3,Marketing,1,1226,3,Male,43,4,1,Sales Representative,4,Single,2678,5050,1,Y,No,17,3,4,80,0,2,2,3,2,1,2,2,Shanaya Hegde,Sales,Sales Executive,64,86.09,94.27,3.7,70.31,44,3.3,1,No
46,No,Travel_Rarely,150,Research & Development,2,4,Technical Degree,1,1228,4,Male,60,3,2,Manufacturing Director,4,Divorced,7379,17433,2,Y,No,11,3,3,80,1,12,3,2,6,3,1,4,Ivana Acharya,Marketing,SEO Specialist,77,63.44,84.05,4.0,98.26,44,3.1,18,No
42,No,Non-Travel,179,Human Resources,2,5,Medical,1,1231,4,Male,79,4,2,Human Resources,1,Married,6272,12858,7,Y,No,16,3,1,80,1,10,3,4,4,3,0,3,Anay Chahal,Finance,Accountant,77,61.4,98.68,3.7,88.34,47,3.5,3,No
60,No,Travel_Rarely,696,Sales,7,4,Marketing,1,1233,2,Male,52,4,2,Sales Executive,4,Divorced,5220,10893,0,Y,Yes,18,3,2,80,1,12,3,3,11,7,1,9,Shaan Tripathi,Finance,Financial Analyst,68,88.78,86.48,4.3,84.68,53,3.4,22,No
32,No,Travel_Frequently,116,Research & Development,13,3,Other,1,1234,3,Female,77,2,1,Laboratory Technician,2,Married,2743,7331,1,Y,No,20,4,3,80,1,2,2,3,2,2,2,2,Aaina Karnik,Finance,Auditor,99,81.46,90.85,4.2,74.16,41,4.6,12,Yes
32,No,Travel_Frequently,1316,Research & Development,2,2,Life Sciences,1,1235,4,Female,38,3,2,Research Scientist,3,Single,4998,2338,4,Y,Yes,14,3,4,80,0,10,2,3,8,7,0,7,Himmat Kala,Sales,Sales Executive,99,68.84,77.78,3.5,92.8,49,4.6,3,Yes
36,No,Travel_Rarely,363,Research & Development,1,3,Technical Degree,1,1237,3,Female,77,1,3,Manufacturing Director,1,Divorced,10252,4235,2,Y,Yes,21,4,3,80,1,17,2,3,7,7,7,7,Madhav Solanki,Marketing,SEO Specialist,65,67.49,92.97,3.3,85.53,52,4.8,23,No
33,No,Travel_Rarely,117,Research & Development,9,3,Medical,1,1238,1,Male,60,3,1,Research Scientist,4,Married,2781,6311,0,Y,No,13,3,2,80,1,15,5,3,14,10,4,10,Shaan Goel,HR,Recruitment Specialist,61,88.35,94.57,3.5,94.9,44,3.4,10,No
40,No,Travel_Rarely,107,Sales,10,3,Technical Degree,1,1239,2,Female,84,2,2,Sales Executive,2,Divorced,6852,11591,7,Y,No,12,3,2,80,1,7,2,4,5,1,1,3,Tara Kara,Sales,Sales Executive,87,65.22,90.09,3.9,82.64,41,3.6,2,No
25,No,Travel_Rarely,1356,Sales,10,4,Life Sciences,1,1240,3,Male,57,3,2,Sales Executive,4,Single,4950,20623,0,Y,No,14,3,2,80,0,5,4,3,4,3,1,1,Shalv Koshy,Sales,Sales Executive,93,76.36,77.14,4.3,72.51,47,4.2,1,Yes
30,No,Travel_Rarely,1465,Research & Development,1,3,Medical,1,1241,4,Male,63,3,1,Research Scientist,2,Married,3579,9369,0,Y,Yes,21,4,1,80,1,12,2,3,11,9,5,7,Devansh Khurana,HR,HR Manager,53,64.93,91.83,3.7,93.99,38,3.9,19,No
42,No,Travel_Frequently,458,Research & Development,26,5,Medical,1,1242,1,Female,60,3,3,Research Director,1,Married,13191,23281,3,Y,Yes,17,3,3,80,0,20,6,3,1,0,0,0,Mannat Gola,Sales,Sales Executive,65,74.44,80.9,4.3,75.11,41,4.0,24,No
35,No,Non-Travel,1212,Sales,8,2,Marketing,1,1243,3,Female,78,2,3,Sales Executive,4,Married,10377,13755,4,Y,Yes,11,3,2,80,1,16,6,2,13,2,4,12,Samaira Ramanathan,Finance,Financial Analyst,60,80.91,85.12,4.2,90.9,51,3.6,18,No
27,No,Travel_Rarely,1103,Research & Development,14,3,Life Sciences,1,1244,1,Male,42,3,1,Research Scientist,1,Married,2235,14377,1,Y,Yes,14,3,4,80,2,9,3,2,9,7,6,8,Drishya Bakshi,HR,HR Manager,100,71.44,76.66,3.1,87.05,44,4.2,16,Yes
54,No,Travel_Frequently,966,Research & Development,1,4,Life Sciences,1,1245,4,Female,53,3,3,Manufacturing Director,3,Divorced,10502,9659,7,Y,No,17,3,1,80,1,33,2,1,5,4,1,4,Shlok Acharya,Sales,Account Manager,64,66.63,82.64,3.4,74.94,50,5.0,20,No
44,No,Travel_Rarely,1117,Research & Development,2,1,Life Sciences,1,1246,1,Female,72,4,1,Research Scientist,4,Married,2011,19982,1,Y,No,13,3,4,80,1,10,5,3,10,5,7,7,Tara Balay,Marketing,Content Strategist,95,88.98,98.95,3.6,80.39,41,4.6,11,Yes
19,Yes,Non-Travel,504,Research & Development,10,3,Medical,1,1248,1,Female,96,2,1,Research Scientist,2,Single,1859,6148,1,Y,Yes,25,4,2,80,0,1,2,4,1,1,0,0,Dhanuk Sankaran,IT,Cybersecurity Specialist,60,87.62,93.99,4.4,83.12,54,3.3,10,No
29,No,Travel_Rarely,1010,Research & Development,1,3,Life Sciences,1,1249,1,Female,97,3,1,Research Scientist,4,Divorced,3760,5598,1,Y,No,15,3,1,80,3,3,5,3,3,2,1,2,Pranay Chad,HR,Recruitment Specialist,98,68.69,93.47,4.7,85.35,42,3.4,27,No
54,No,Travel_Rarely,685,Research & Development,3,3,Life Sciences,1,1250,4,Male,85,3,4,Research Director,4,Married,17779,23474,3,Y,No,14,3,1,80,0,36,2,3,10,9,0,9,Dharmajan Warrior,Sales,Sales Executive,85,92.58,89.4,3.8,79.95,47,3.6,2,No
31,No,Travel_Rarely,1332,Research & Development,11,2,Medical,1,1251,3,Male,80,3,2,Healthcare Representative,1,Married,6833,17089,1,Y,Yes,12,3,4,80,0,6,2,2,6,5,0,1,Amani Raj,Marketing,Content Strategist,62,71.49,75.5,3.8,74.01,51,3.4,27,No
31,No,Travel_Rarely,1062,Research & Development,24,3,Medical,1,1252,3,Female,96,2,2,Healthcare Representative,1,Single,6812,17198,1,Y,No,19,3,2,80,0,10,2,3,10,9,1,8,Indrans Lala,Marketing,Marketing Executive,89,81.56,87.64,4.0,89.0,51,4.2,30,Yes
59,No,Travel_Rarely,326,Sales,3,3,Life Sciences,1,1254,3,Female,48,2,2,Sales Executive,4,Single,5171,16490,5,Y,No,17,3,4,80,0,13,2,3,6,1,0,5,Aarav Mall,Sales,Sales Executive,79,80.56,78.11,4.5,89.9,55,4.6,25,No
43,No,Travel_Rarely,920,Research & Development,3,3,Life Sciences,1,1255,3,Male,96,1,5,Research Director,4,Married,19740,18625,3,Y,No,14,3,2,80,1,25,2,3,8,7,0,7,Kavya Ganesh,Sales,Account Manager,75,94.95,89.05,4.8,80.4,37,4.9,15,No
49,No,Travel_Rarely,1098,Research & Development,4,2,Medical,1,1256,1,Male,85,2,5,Manager,3,Married,18711,12124,2,Y,No,13,3,3,80,1,23,2,4,1,0,0,0,Ryan Banerjee,Sales,Sales Executive,80,62.33,93.04,4.9,73.45,45,4.8,12,No
36,No,Travel_Frequently,469,Research & Development,3,3,Technical Degree,1,1257,3,Male,46,3,1,Research Scientist,2,Married,3692,9256,1,Y,No,12,3,3,80,0,12,2,2,11,10,0,7,Advik Barad,Sales,Account Manager,60,92.79,92.46,4.4,74.35,54,4.9,30,No
48,No,Travel_Rarely,969,Research & Development,2,2,Technical Degree,1,1258,4,Male,76,4,1,Laboratory Technician,2,Single,2559,16620,5,Y,No,11,3,3,80,0,7,4,2,1,0,0,0,Advik Savant,Finance,Financial Analyst,90,85.37,81.38,4.6,77.69,43,3.3,26,No
27,No,Travel_Rarely,1167,Research & Development,4,2,Life Sciences,1,1259,1,Male,76,3,1,Research Scientist,3,Divorced,2517,3208,1,Y,No,11,3,2,80,3,5,2,3,5,3,0,3,Ojas Kannan,IT,Software Engineer,86,91.94,81.33,3.8,99.77,38,5.0,2,Yes
29,No,Travel_Rarely,1329,Research & Development,7,3,Life Sciences,1,1260,3,Male,82,3,2,Healthcare Representative,4,Divorced,6623,4204,1,Y,Yes,11,3,2,80,2,6,2,3,6,0,1,0,Zaina Lad,IT,Data Analyst,83,81.53,85.15,4.5,98.48,53,4.4,0,No
48,No,Travel_Rarely,715,Research & Development,1,3,Life Sciences,1,1263,4,Male,76,2,5,Research Director,4,Single,18265,8733,6,Y,No,12,3,3,80,0,25,3,4,1,0,0,0,Renee Goel,Marketing,Marketing Executive,91,93.73,81.45,4.9,86.07,37,3.7,8,No
29,No,Travel_Rarely,694,Research & Development,1,3,Life Sciences,1,1264,4,Female,87,2,4,Research Director,4,Divorced,16124,3423,3,Y,No,14,3,2,80,2,9,2,2,7,7,1,7,Akarsh Sandhu,IT,Cybersecurity Specialist,60,80.1,95.99,4.6,96.71,37,3.6,8,No
34,No,Travel_Rarely,1320,Research & Development,20,3,Technical Degree,1,1265,3,Female,89,4,1,Research Scientist,3,Married,2585,21643,0,Y,No,17,3,4,80,0,2,5,2,1,0,0,0,Trisha Saraf,HR,HR Manager,100,83.64,85.27,4.8,90.61,52,3.8,27,No
44,No,Travel_Rarely,1099,Sales,5,3,Marketing,1,1267,2,Male,88,3,5,Manager,2,Married,18213,8751,7,Y,No,11,3,3,80,1,26,5,3,22,9,3,10,Sumer Suri,Marketing,Marketing Executive,80,69.22,87.12,4.5,97.9,52,3.9,7,No
33,No,Travel_Rarely,536,Sales,10,5,Marketing,1,1268,4,Male,82,4,3,Sales Executive,3,Divorced,8380,21708,0,Y,Yes,14,3,4,80,2,10,3,3,9,8,0,8,Charvi Thaker,Sales,Business Development,91,62.62,75.16,4.1,86.29,50,4.9,3,Yes
19,No,Travel_Rarely,265,Research & Development,25,3,Life Sciences,1,1269,2,Female,57,4,1,Research Scientist,4,Single,2994,21221,1,Y,Yes,12,3,4,80,0,1,2,3,1,0,0,1,Abram Rajan,IT,Software Engineer,78,94.19,76.64,3.9,97.15,45,4.9,29,No
23,No,Travel_Rarely,373,Research & Development,1,2,Life Sciences,1,1270,4,Male,47,3,1,Research Scientist,3,Married,1223,16901,1,Y,No,22,4,4,80,1,1,2,3,1,0,0,1,Ehsaan Malhotra,IT,Cybersecurity Specialist,98,70.12,89.24,4.6,96.26,47,3.8,10,No
25,Yes,Travel_Frequently,599,Sales,24,1,Life Sciences,1,1273,3,Male,73,1,1,Sales Representative,4,Single,1118,8040,1,Y,Yes,14,3,4,80,0,1,4,3,1,0,1,0,Ivan Boase,HR,HR Manager,92,69.79,80.22,3.6,85.61,37,3.2,21,No
26,No,Travel_Rarely,583,Research & Development,4,2,Life Sciences,1,1275,3,Male,53,3,1,Research Scientist,4,Single,2875,9973,1,Y,Yes,20,4,2,80,0,8,2,2,8,5,2,2,Divit Doctor,Finance,Auditor,88,61.45,76.25,4.1,89.47,51,3.6,9,No
45,Yes,Travel_Rarely,1449,Sales,2,3,Marketing,1,1277,1,Female,94,1,5,Manager,2,Single,18824,2493,2,Y,Yes,16,3,1,80,0,26,2,3,24,10,1,11,Madhup Ganguly,HR,HR Manager,99,61.37,97.88,3.7,73.84,55,4.3,12,Yes
55,No,Non-Travel,177,Research & Development,8,1,Medical,1,1278,4,Male,37,2,4,Healthcare Representative,2,Divorced,13577,25592,1,Y,Yes,15,3,4,80,1,34,3,3,33,9,15,0,Romil Ghosh,Sales,Account Manager,53,68.66,88.71,4.2,98.44,40,4.2,12,No
21,Yes,Travel_Frequently,251,Research & Development,10,2,Life Sciences,1,1279,1,Female,45,2,1,Laboratory Technician,3,Single,2625,25308,1,Y,No,20,4,3,80,0,2,2,1,2,2,2,2,Advik Kala,Sales,Account Manager,81,77.73,77.89,4.6,84.85,44,3.2,27,No
46,No,Travel_Rarely,168,Sales,4,2,Marketing,1,1280,4,Female,33,2,5,Manager,2,Married,18789,9946,2,Y,No,14,3,3,80,1,26,2,3,11,4,0,8,Renee Gara,Finance,Financial Analyst,67,70.91,91.78,3.7,88.47,53,3.5,7,No
34,No,Travel_Rarely,131,Sales,2,3,Marketing,1,1281,3,Female,86,3,2,Sales Executive,1,Single,4538,6039,0,Y,Yes,12,3,4,80,0,4,3,3,3,2,0,2,Armaan Chad,Sales,Sales Executive,69,66.53,98.4,4.3,73.14,36,4.2,11,No
51,No,Travel_Frequently,237,Sales,9,3,Life Sciences,1,1282,4,Male,83,3,5,Manager,2,Divorced,19847,19196,4,Y,Yes,24,4,1,80,1,31,5,2,29,10,11,10,Kimaya Kala,Finance,Auditor,61,70.17,78.35,4.3,81.49,52,3.7,9,No
59,No,Travel_Rarely,1429,Research & Development,18,4,Medical,1,1283,4,Male,67,3,3,Manufacturing Director,4,Single,10512,20002,6,Y,No,12,3,4,80,0,25,6,2,9,7,5,4,Zaina Lala,Finance,Accountant,67,83.44,82.88,3.5,74.89,40,5.0,26,No
34,No,Travel_Frequently,135,Research & Development,19,3,Medical,1,1285,3,Female,46,3,2,Laboratory Technician,2,Divorced,4444,22534,4,Y,No,13,3,3,80,2,15,2,4,11,8,5,10,Eshani Dubey,IT,Software Engineer,64,60.47,98.02,3.4,74.75,36,3.7,15,No
28,No,Travel_Frequently,791,Research & Development,1,4,Medical,1,1286,4,Male,44,3,1,Laboratory Technician,3,Single,2154,6842,0,Y,Yes,11,3,3,80,0,5,2,2,4,2,0,2,Mahika Basu,HR,Recruitment Specialist,71,62.28,85.46,4.3,78.88,49,3.8,22,No
44,No,Travel_Rarely,1199,Research & Development,4,2,Life Sciences,1,1288,3,Male,92,4,5,Manager,1,Divorced,19190,17477,1,Y,No,14,3,4,80,2,26,4,2,25,9,14,13,Kavya Garg,Sales,Business Development,70,68.41,82.39,3.5,95.7,53,4.5,29,No
34,No,Travel_Frequently,648,Human Resources,11,3,Life Sciences,1,1289,3,Male,56,2,2,Human Resources,2,Married,4490,21833,4,Y,No,11,3,4,80,2,14,5,4,10,9,1,8,Purab Upadhyay,HR,Recruitment Specialist,77,83.01,83.68,4.6,85.45,49,4.9,21,No
35,No,Travel_Rarely,735,Research & Development,6,1,Life Sciences,1,1291,3,Male,66,3,1,Research Scientist,3,Married,3506,6020,0,Y,Yes,14,3,4,80,0,4,3,3,3,2,2,2,Adah Khare,Finance,Accountant,60,73.23,97.62,4.9,74.74,44,3.4,6,No
42,No,Travel_Rarely,603,Research & Development,7,4,Medical,1,1292,2,Female,78,4,2,Research Scientist,2,Married,2372,5628,6,Y,Yes,16,3,4,80,0,18,2,3,1,0,0,0,Chirag Kapadia,Finance,Auditor,60,90.9,84.54,4.8,98.34,45,3.3,30,No
43,No,Travel_Rarely,531,Sales,4,4,Marketing,1,1293,4,Female,56,2,3,Sales Executive,4,Single,10231,20364,3,Y,No,14,3,4,80,0,23,3,4,21,7,15,17,Nitara Srivastava,Finance,Auditor,54,86.56,76.5,4.3,73.1,48,4.4,29,No
36,No,Travel_Rarely,429,Research & Development,2,4,Life Sciences,1,1294,3,Female,53,3,2,Manufacturing Director,2,Single,5410,2323,9,Y,Yes,11,3,4,80,0,18,2,3,16,14,5,12,Ivana Bhat,Sales,Business Development,76,76.04,81.02,4.2,99.72,37,4.0,13,No
44,Yes,Travel_Rarely,621,Research & Development,15,3,Medical,1,1295,1,Female,73,3,3,Healthcare Representative,4,Married,7978,14075,1,Y,No,11,3,4,80,1,10,2,3,10,7,0,5,Ela Iyer,Sales,Sales Executive,91,84.14,99.06,3.3,88.79,47,4.1,19,Yes
28,No,Travel_Frequently,193,Research & Development,2,3,Life Sciences,1,1296,4,Male,52,2,1,Laboratory Technician,4,Married,3867,14222,1,Y,Yes,12,3,2,80,1,2,2,3,2,2,2,2,Tushar Sunder,IT,Cybersecurity Specialist,98,85.77,81.1,4.2,88.51,52,4.1,15,Yes
51,No,Travel_Frequently,968,Research & Development,6,2,Medical,1,1297,2,Female,40,2,1,Laboratory Technician,3,Single,2838,4257,0,Y,No,14,3,2,80,0,8,6,2,7,0,7,7,Dhanush Boase,Sales,Sales Executive,69,80.88,90.52,4.8,84.81,46,4.3,26,No
30,No,Non-Travel,879,Research & Development,9,2,Medical,1,1298,3,Female,72,3,2,Manufacturing Director,3,Single,4695,12858,7,Y,Yes,18,3,3,80,0,10,3,3,8,4,1,7,Advika Sani,Finance,Financial Analyst,90,60.34,90.98,4.9,88.0,51,4.4,25,Yes
29,Yes,Travel_Rarely,806,Research & Development,7,3,Technical Degree,1,1299,2,Female,39,3,1,Laboratory Technician,3,Divorced,3339,17285,3,Y,Yes,13,3,1,80,2,10,2,3,7,7,7,7,Hrishita Lad,HR,Employee Relations,96,77.62,98.31,3.4,79.17,39,5.0,16,Yes
28,No,Travel_Rarely,640,Research & Development,1,3,Technical Degree,1,1301,4,Male,84,3,1,Research Scientist,1,Single,2080,4732,2,Y,No,11,3,2,80,0,5,2,2,3,2,1,2,Sumer Sami,IT,Software Engineer,52,93.7,91.69,3.2,81.96,55,4.1,7,No
25,No,Travel_Rarely,266,Research & Development,1,3,Medical,1,1303,4,Female,40,3,1,Research Scientist,2,Single,2096,18830,1,Y,No,18,3,4,80,0,2,3,2,2,2,2,1,Samaira Uppal,Marketing,Content Strategist,54,71.83,83.82,4.4,71.01,45,4.0,30,No
32,No,Travel_Rarely,604,Sales,8,3,Medical,1,1304,3,Male,56,4,2,Sales Executive,4,Married,6209,11693,1,Y,No,15,3,3,80,2,10,4,4,10,7,0,8,Samarth Chhabra,Sales,Account Manager,81,68.29,98.55,4.8,85.9,36,3.3,13,No
45,No,Travel_Frequently,364,Research & Development,25,3,Medical,1,1306,2,Female,83,3,5,Manager,2,Single,18061,13035,3,Y,No,22,4,3,80,0,22,4,3,0,0,0,0,Kiaan Sura,Marketing,Marketing Executive,59,85.21,88.06,3.1,92.45,44,4.6,27,No
39,No,Travel_Rarely,412,Research & Development,13,4,Medical,1,1307,3,Female,94,2,4,Manager,2,Divorced,17123,17334,6,Y,Yes,13,3,4,80,2,21,4,3,19,9,15,2,Neysa Choudhary,Sales,Business Development,50,85.61,77.45,4.4,75.79,44,3.4,11,No
58,No,Travel_Rarely,848,Research & Development,23,4,Life Sciences,1,1308,1,Male,88,3,1,Research Scientist,3,Divorced,2372,26076,1,Y,No,12,3,4,80,2,2,3,3,2,2,2,2,Dhanuk Varghese,Finance,Financial Analyst,60,65.61,75.73,3.5,99.89,36,4.7,22,No
32,Yes,Travel_Rarely,1089,Research & Development,7,2,Life Sciences,1,1309,4,Male,79,3,2,Laboratory Technician,3,Married,4883,22845,1,Y,No,18,3,1,80,1,10,3,3,10,4,1,1,Elakshi Venkataraman,HR,Recruitment Specialist,84,83.64,88.82,3.8,70.62,42,3.8,0,No
39,Yes,Travel_Rarely,360,Research & Development,23,3,Medical,1,1310,3,Male,93,3,1,Research Scientist,1,Single,3904,22154,0,Y,No,13,3,1,80,0,6,2,3,5,2,0,3,Mamooty Bansal,HR,HR Manager,56,60.42,92.4,4.2,70.71,40,4.2,19,No
30,No,Travel_Rarely,1138,Research & Development,6,3,Technical Degree,1,1311,1,Female,48,2,2,Laboratory Technician,4,Married,4627,23631,0,Y,No,12,3,1,80,1,10,6,3,9,2,6,7,Jayant Bora,Finance,Financial Analyst,74,65.73,80.49,3.7,73.23,40,4.5,29,No
36,No,Travel_Rarely,325,Research & Development,10,4,Technical Degree,1,1312,4,Female,63,3,3,Healthcare Representative,3,Married,7094,5747,3,Y,No,12,3,1,80,0,10,0,3,7,7,1,7,Kabir Bava,IT,Data Analyst,51,93.91,79.82,3.5,93.86,43,4.4,16,No
46,No,Travel_Rarely,991,Human Resources,1,2,Life Sciences,1,1314,4,Female,44,3,1,Human Resources,1,Single,3423,22957,6,Y,No,12,3,3,80,0,10,3,4,7,6,5,7,Parinaaz Kumar,Marketing,SEO Specialist,62,89.09,99.72,3.5,74.72,44,3.3,10,No
28,No,Non-Travel,1476,Research & Development,1,3,Life Sciences,1,1315,3,Female,55,1,2,Laboratory Technician,4,Married,6674,16392,0,Y,No,11,3,1,80,3,10,6,3,9,8,7,5,Ahana  Venkataraman,Finance,Financial Analyst,78,94.54,76.02,4.9,78.22,42,3.2,25,No
50,No,Travel_Rarely,1322,Research & Development,28,3,Life Sciences,1,1317,4,Female,43,3,4,Research Director,1,Married,16880,22422,4,Y,Yes,11,3,2,80,0,25,2,3,3,2,1,2,Onkar Borde,Sales,Business Development,69,83.75,99.26,3.4,90.62,42,3.2,22,No
40,Yes,Travel_Rarely,299,Sales,25,4,Marketing,1,1318,4,Male,57,2,3,Sales Executive,2,Single,9094,17235,2,Y,Yes,12,3,3,80,0,9,2,3,5,4,1,0,Uthkarsh Bir,HR,Employee Relations,56,88.87,76.1,3.9,81.81,47,4.2,7,No
52,Yes,Travel_Rarely,1030,Sales,5,3,Life Sciences,1,1319,2,Male,64,3,3,Sales Executive,2,Single,8446,21534,9,Y,Yes,19,3,3,80,0,10,2,2,8,7,7,7,Alia Sarna,Marketing,SEO Specialist,73,65.52,81.01,4.6,76.9,45,4.2,16,No
30,No,Travel_Rarely,634,Research & Development,17,4,Medical,1,1321,2,Female,95,3,3,Manager,1,Married,11916,25927,1,Y,Yes,23,4,4,80,2,9,2,3,9,1,0,8,Amira Krishnan,IT,Software Engineer,67,60.96,93.05,3.5,95.34,53,4.6,1,No
39,No,Travel_Rarely,524,Research & Development,18,2,Life Sciences,1,1322,1,Male,32,3,2,Manufacturing Director,3,Single,4534,13352,0,Y,No,11,3,1,80,0,9,6,3,8,7,1,7,Urvi Boase,IT,Software Engineer,85,75.37,94.12,4.4,98.96,47,3.9,18,No
31,No,Non-Travel,587,Sales,2,4,Life Sciences,1,1324,4,Female,57,3,3,Sales Executive,3,Divorced,9852,8935,1,Y,Yes,19,3,1,80,1,10,5,2,10,8,9,6,Diya Chaudhari,Sales,Account Manager,95,77.86,89.83,3.3,72.06,37,4.2,25,Yes
41,No,Non-Travel,256,Sales,10,2,Medical,1,1329,3,Male,40,1,2,Sales Executive,2,Single,6151,22074,1,Y,No,13,3,1,80,0,19,4,3,19,2,11,9,Lakshay Basu,Finance,Financial Analyst,78,82.06,80.62,4.9,97.4,52,3.4,16,No
31,Yes,Travel_Frequently,1060,Sales,1,3,Life Sciences,1,1331,4,Female,54,3,1,Sales Representative,2,Single,2302,8319,1,Y,Yes,11,3,1,80,0,3,2,4,3,2,2,2,Nirvi Keer,HR,HR Manager,79,63.57,96.78,4.3,75.23,45,5.0,4,No
44,Yes,Travel_Rarely,935,Research & Development,3,3,Life Sciences,1,1333,1,Male,89,3,1,Laboratory Technician,1,Married,2362,14669,4,Y,No,12,3,3,80,0,10,4,4,3,2,1,2,Miraan Sundaram,Marketing,Marketing Executive,89,60.58,88.49,3.2,90.42,51,3.8,16,No
42,No,Non-Travel,495,Research & Development,2,1,Life Sciences,1,1334,3,Male,37,3,4,Manager,3,Married,17861,26582,0,Y,Yes,13,3,4,80,0,21,3,2,20,8,2,10,Vanya Chokshi,HR,Recruitment Specialist,82,86.95,85.19,4.4,85.47,45,4.7,27,No
55,No,Travel_Rarely,282,Research & Development,2,2,Medical,1,1336,4,Female,58,1,5,Manager,3,Married,19187,6992,4,Y,No,14,3,4,80,1,23,5,3,19,9,9,11,Rati Chaudhry,Marketing,Content Strategist,85,72.67,93.86,3.8,74.53,37,3.4,12,No
56,No,Travel_Rarely,206,Human Resources,8,4,Life Sciences,1,1338,4,Male,99,3,5,Manager,2,Single,19717,4022,6,Y,No,14,3,1,80,0,36,4,3,7,3,7,7,Misha Keer,Marketing,SEO Specialist,80,89.98,97.25,3.5,91.45,37,4.2,23,No
40,No,Non-Travel,458,Research & Development,16,2,Life Sciences,1,1340,3,Male,74,3,1,Research Scientist,3,Divorced,3544,8532,9,Y,No,16,3,2,80,1,6,0,3,4,2,0,0,Nishith Sami,Finance,Auditor,78,76.52,88.93,4.0,91.36,46,5.0,25,No
34,No,Travel_Rarely,943,Research & Development,9,3,Life Sciences,1,1344,4,Male,86,3,3,Healthcare Representative,4,Divorced,8500,5494,0,Y,No,11,3,4,80,1,10,0,2,9,7,1,6,Nitara Kota,Marketing,SEO Specialist,77,76.94,76.77,3.0,91.97,47,3.4,29,No
40,No,Travel_Rarely,523,Research & Development,2,3,Life Sciences,1,1346,3,Male,98,3,2,Research Scientist,4,Single,4661,22455,1,Y,No,13,3,3,80,0,9,4,3,9,8,8,8,Neelofar Mander,Marketing,Content Strategist,73,88.14,75.8,3.8,83.24,46,4.7,6,No
41,No,Travel_Frequently,1018,Sales,1,3,Marketing,1,1349,3,Female,66,3,2,Sales Executive,1,Divorced,4103,4297,0,Y,No,17,3,4,80,1,10,2,3,9,3,1,7,Ishita Tiwari,Sales,Account Manager,74,90.54,96.22,4.8,87.75,40,4.9,27,No
35,No,Travel_Frequently,482,Research & Development,4,4,Life Sciences,1,1350,3,Male,87,3,2,Research Scientist,3,Single,4249,2690,1,Y,Yes,11,3,2,80,0,9,3,3,9,6,1,1,Anika Dara,IT,Software Engineer,57,62.13,95.31,3.9,93.46,40,3.2,0,No
51,No,Travel_Rarely,770,Human Resources,5,3,Life Sciences,1,1352,3,Male,84,3,4,Manager,2,Divorced,14026,17588,1,Y,Yes,11,3,2,80,1,33,2,3,33,9,0,10,Mamooty Ganesh,Sales,Business Development,91,61.91,97.15,3.3,76.73,42,3.7,21,No
38,No,Travel_Rarely,1009,Sales,2,2,Life Sciences,1,1355,2,Female,31,3,2,Sales Executive,1,Divorced,6893,19461,3,Y,No,15,3,4,80,1,11,3,3,7,7,1,7,Arhaan Kibe,Finance,Accountant,81,74.25,91.3,4.3,72.36,52,3.1,4,No
34,No,Travel_Rarely,507,Sales,15,2,Medical,1,1356,3,Female,66,3,2,Sales Executive,1,Single,6125,23553,1,Y,No,12,3,4,80,0,10,6,4,10,8,9,6,Arnav Dar,Sales,Sales Executive,88,94.23,84.68,4.7,83.45,55,3.3,20,No
25,No,Travel_Rarely,882,Research & Development,19,1,Medical,1,1358,4,Male,67,3,1,Laboratory Technician,4,Married,3669,9075,3,Y,No,11,3,3,80,3,7,6,2,3,2,1,2,Piya Devan,IT,Cybersecurity Specialist,50,86.42,87.67,3.2,75.59,40,3.6,11,No
58,Yes,Travel_Rarely,601,Research & Development,7,4,Medical,1,1360,3,Female,53,2,3,Manufacturing Director,1,Married,10008,12023,7,Y,Yes,14,3,4,80,0,31,0,2,10,9,5,9,Neelofar Venkatesh,HR,HR Manager,61,65.1,94.27,4.8,91.36,43,3.5,13,No
40,No,Travel_Rarely,329,Research & Development,1,4,Life Sciences,1,1361,2,Male,88,3,1,Laboratory Technician,2,Married,2387,6762,3,Y,No,22,4,3,80,1,7,3,3,4,2,0,3,Lakshit Kaur,HR,Recruitment Specialist,50,65.3,86.42,4.1,94.41,48,3.6,6,No
36,No,Travel_Frequently,607,Sales,7,3,Marketing,1,1362,1,Female,83,4,2,Sales Executive,1,Married,4639,2261,2,Y,No,16,3,4,80,1,17,2,2,15,7,6,13,Navya Sekhon,Marketing,SEO Specialist,80,68.4,84.47,3.7,86.81,53,4.1,21,No
48,No,Travel_Rarely,855,Research & Development,4,3,Life Sciences,1,1363,4,Male,54,3,3,Manufacturing Director,4,Single,7898,18706,1,Y,No,11,3,3,80,0,11,2,3,10,9,0,8,Mamooty Buch,Marketing,Content Strategist,70,69.13,76.34,4.6,84.07,53,3.7,25,No
27,No,Travel_Rarely,1291,Sales,11,3,Medical,1,1364,3,Female,98,4,1,Sales Representative,4,Married,2534,6527,8,Y,No,14,3,2,80,1,5,4,3,1,0,0,0,Rohan Keer,Marketing,Content Strategist,99,61.05,80.52,4.1,82.41,43,4.4,5,Yes
51,No,Travel_Rarely,1405,Research & Development,11,2,Technical Degree,1,1367,4,Female,82,2,4,Manufacturing Director,2,Single,13142,24439,3,Y,No,16,3,2,80,0,29,1,2,5,2,0,3,Ishaan Jaggi,Sales,Sales Executive,56,74.48,80.98,3.9,83.59,40,3.5,25,No
18,No,Non-Travel,1124,Research & Development,1,3,Life Sciences,1,1368,4,Female,97,3,1,Laboratory Technician,4,Single,1611,19305,1,Y,No,15,3,3,80,0,0,5,4,0,0,0,0,Ehsaan Tank,Sales,Business Development,95,85.65,81.78,3.0,92.61,37,3.9,8,No
35,No,Travel_Rarely,817,Research & Development,1,3,Medical,1,1369,4,Female,60,2,2,Laboratory Technician,4,Married,5363,10846,0,Y,No,12,3,2,80,1,10,0,3,9,7,0,0,Misha Malhotra,Finance,Accountant,85,60.63,80.38,4.3,99.63,55,4.4,30,No
27,No,Travel_Frequently,793,Sales,2,1,Life Sciences,1,1371,4,Male,43,1,2,Sales Executive,4,Single,5071,20392,3,Y,No,20,4,2,80,0,8,3,3,6,2,0,0,Abram Gupta,Sales,Business Development,51,62.37,91.29,3.9,73.36,36,3.2,4,No
55,Yes,Travel_Rarely,267,Sales,13,4,Marketing,1,1372,1,Male,85,4,4,Sales Executive,3,Single,13695,9277,6,Y,Yes,17,3,3,80,0,24,2,2,19,7,3,8,Purab Borde,Finance,Financial Analyst,58,82.98,86.58,3.6,83.46,47,4.8,28,No
56,No,Travel_Rarely,1369,Research & Development,23,3,Life Sciences,1,1373,4,Male,68,3,4,Manufacturing Director,2,Married,13402,18235,4,Y,Yes,12,3,1,80,1,33,0,3,19,16,15,9,Rhea Dixit,Marketing,Marketing Executive,70,93.7,84.74,4.6,83.91,44,3.7,16,No
34,No,Non-Travel,999,Research & Development,26,1,Technical Degree,1,1374,1,Female,92,2,1,Research Scientist,3,Divorced,2029,15891,1,Y,No,20,4,3,80,3,5,2,3,5,4,0,0,Taran Dutta,HR,HR Manager,80,70.07,76.95,4.0,91.85,36,4.4,1,No
40,No,Travel_Rarely,1202,Research & Development,2,1,Medical,1,1375,2,Female,89,4,2,Healthcare Representative,3,Divorced,6377,13888,5,Y,No,20,4,2,80,3,15,0,3,12,11,11,8,Zoya Badami,IT,Software Engineer,74,62.43,99.23,3.6,78.64,35,3.5,13,No
34,No,Travel_Rarely,285,Research & Development,29,3,Medical,1,1377,2,Male,86,3,2,Laboratory Technician,3,Married,5429,17491,4,Y,No,13,3,1,80,2,10,1,3,8,7,7,7,Jayan Ganguly,Sales,Business Development,75,91.25,98.64,4.4,75.0,45,3.8,24,No
31,Yes,Travel_Frequently,703,Sales,2,3,Life Sciences,1,1379,3,Female,90,2,1,Sales Representative,4,Single,2785,11882,7,Y,No,14,3,3,80,0,3,3,4,1,0,0,0,Dhruv Randhawa,IT,Software Engineer,91,91.21,88.35,3.5,88.64,43,3.1,30,No
35,Yes,Travel_Frequently,662,Sales,18,4,Marketing,1,1380,4,Female,67,3,2,Sales Executive,3,Married,4614,23288,0,Y,Yes,18,3,3,80,1,5,0,2,4,2,3,2,Anahita Chandra,HR,HR Manager,57,67.12,94.29,4.1,78.73,39,3.5,24,No
38,No,Travel_Frequently,693,Research & Development,7,3,Life Sciences,1,1382,4,Male,57,4,1,Research Scientist,3,Divorced,2610,15748,1,Y,No,11,3,4,80,3,4,2,3,4,2,0,3,Purab Kaur,IT,Data Analyst,69,82.27,83.35,3.7,86.52,49,4.4,0,No
34,No,Travel_Rarely,404,Research & Development,2,4,Technical Degree,1,1383,3,Female,98,3,2,Healthcare Representative,4,Single,6687,6163,1,Y,No,11,3,4,80,0,14,2,4,14,11,4,11,Taimur Dugar,Marketing,SEO Specialist,59,62.92,96.48,4.4,71.33,55,3.4,22,No
28,No,Travel_Rarely,736,Sales,26,3,Life Sciences,1,1387,3,Male,48,2,2,Sales Executive,1,Married,4724,24232,1,Y,No,11,3,3,80,1,5,0,3,5,3,0,4,Biju Lanka,IT,Data Analyst,95,92.28,85.18,3.4,91.15,37,3.7,0,No
31,Yes,Travel_Rarely,330,Research & Development,22,4,Medical,1,1389,4,Male,98,3,2,Manufacturing Director,3,Married,6179,21057,1,Y,Yes,15,3,4,80,2,10,3,2,10,2,6,7,Ira Wagle,Finance,Financial Analyst,91,67.0,91.92,4.1,78.3,39,4.2,2,Yes
39,No,Travel_Rarely,1498,Sales,21,4,Life Sciences,1,1390,1,Male,44,2,2,Sales Executive,4,Married,6120,3567,3,Y,Yes,12,3,4,80,2,8,2,4,5,4,1,4,Kaira Raja,Marketing,SEO Specialist,72,65.45,76.51,4.3,85.71,52,3.8,26,No
51,No,Travel_Frequently,541,Sales,2,3,Marketing,1,1391,2,Male,52,3,3,Sales Executive,2,Married,10596,15395,2,Y,No,11,3,2,80,0,14,5,3,4,2,3,2,Shanaya Chaudhuri,Finance,Financial Analyst,77,67.45,87.58,3.5,92.75,50,3.4,20,No
41,No,Travel_Frequently,1200,Research & Development,22,3,Life Sciences,1,1392,4,Female,75,3,2,Research Scientist,4,Divorced,5467,13953,3,Y,Yes,14,3,1,80,2,12,4,2,6,2,3,3,Jayant Gole,Marketing,Content Strategist,89,62.21,91.6,4.8,73.05,53,3.6,22,No
37,No,Travel_Rarely,1439,Research & Development,4,1,Life Sciences,1,1394,3,Male,54,3,1,Research Scientist,3,Married,2996,5182,7,Y,Yes,15,3,4,80,0,8,2,3,6,4,1,3,Badal Dada,Sales,Account Manager,91,70.45,92.63,4.9,97.45,35,3.2,10,No
33,No,Travel_Frequently,1111,Sales,5,1,Life Sciences,1,1395,2,Male,61,3,2,Sales Executive,4,Married,9998,19293,6,Y,No,13,3,1,80,0,8,2,4,5,4,1,2,Sahil Chandra,HR,Recruitment Specialist,51,85.04,96.67,3.7,94.28,54,4.2,25,No
32,No,Travel_Rarely,499,Sales,2,1,Marketing,1,1396,3,Male,36,3,2,Sales Executive,2,Married,4078,20497,0,Y,Yes,13,3,1,80,3,4,3,2,3,2,1,2,Aarush Agarwal,IT,Data Analyst,71,94.43,76.68,3.5,77.84,41,4.3,4,No
39,No,Non-Travel,1485,Research & Development,25,2,Life Sciences,1,1397,3,Male,71,3,3,Healthcare Representative,3,Married,10920,3449,3,Y,No,21,4,2,80,1,13,2,3,6,4,0,5,Jhanvi Saha,Finance,Financial Analyst,61,77.2,75.35,4.5,99.07,47,4.5,20,No
25,No,Travel_Rarely,1372,Sales,18,1,Life Sciences,1,1399,1,Male,93,4,2,Sales Executive,3,Married,6232,12477,2,Y,No,11,3,2,80,0,6,3,2,3,2,1,2,Lakshit Swamy,Finance,Financial Analyst,80,66.38,98.24,3.1,76.5,42,3.7,28,No
52,No,Travel_Frequently,322,Research & Development,28,2,Medical,1,1401,4,Female,59,4,4,Manufacturing Director,3,Married,13247,9731,2,Y,Yes,11,3,2,80,1,24,3,2,5,3,0,2,Anaya Chahal,Finance,Auditor,79,79.29,82.73,3.7,98.94,42,3.2,28,No
43,No,Travel_Rarely,930,Research & Development,6,3,Medical,1,1402,1,Female,73,2,2,Research Scientist,3,Single,4081,20003,1,Y,Yes,14,3,1,80,0,20,3,1,20,7,1,8,Kimaya Bobal,HR,Employee Relations,66,63.1,86.69,3.1,89.44,37,4.2,0,No
27,No,Travel_Rarely,205,Sales,10,3,Marketing,1,1403,4,Female,98,2,2,Sales Executive,4,Married,5769,7100,1,Y,Yes,11,3,4,80,0,6,3,3,6,2,4,4,Khushi Raja,Sales,Business Development,66,72.22,97.02,3.1,93.11,55,3.7,11,No
27,Yes,Travel_Rarely,135,Research & Development,17,4,Life Sciences,1,1405,4,Female,51,3,1,Research Scientist,3,Single,2394,25681,1,Y,Yes,13,3,4,80,0,8,2,3,8,2,7,7,Tara Kunda,Sales,Sales Executive,76,69.57,91.85,3.1,75.99,46,4.5,1,No
26,No,Travel_Rarely,683,Research & Development,2,1,Medical,1,1407,1,Male,36,2,1,Research Scientist,4,Single,3904,4050,0,Y,No,12,3,4,80,0,5,2,3,4,3,1,1,Samar Ganguly,HR,Employee Relations,99,74.74,82.61,4.4,94.24,39,4.3,5,Yes
42,No,Travel_Rarely,1147,Human Resources,10,3,Human Resources,1,1408,3,Female,31,3,4,Manager,1,Married,16799,16616,0,Y,No,14,3,3,80,1,21,5,3,20,7,0,9,Krish Bhavsar,Marketing,Marketing Executive,90,68.02,96.47,3.8,78.26,52,3.4,15,No
52,No,Travel_Rarely,258,Research & Development,8,4,Other,1,1409,3,Female,54,3,1,Laboratory Technician,1,Married,2950,17363,9,Y,No,13,3,3,80,0,12,2,1,5,4,0,4,Dhruv Chokshi,HR,Employee Relations,59,69.96,80.78,4.9,94.06,46,4.2,23,No
37,No,Travel_Rarely,1462,Research & Development,11,3,Medical,1,1411,1,Female,94,3,1,Laboratory Technician,3,Single,3629,19106,4,Y,No,18,3,1,80,0,8,6,3,3,2,0,2,Amira Ghosh,Marketing,Marketing Executive,92,85.21,99.04,4.8,96.77,54,3.1,2,No
35,No,Travel_Frequently,200,Research & Development,18,2,Life Sciences,1,1412,3,Male,60,3,3,Manufacturing Director,4,Single,9362,19944,2,Y,No,11,3,3,80,0,10,2,3,2,2,2,2,Anay Virk,HR,Employee Relations,52,70.64,82.61,3.3,72.59,48,3.9,14,No
25,No,Travel_Rarely,949,Research & Development,1,3,Technical Degree,1,1415,1,Male,81,3,1,Laboratory Technician,4,Married,3229,4910,4,Y,No,11,3,2,80,1,7,2,2,3,2,0,2,Dishani Yadav,Finance,Financial Analyst,97,76.42,94.12,3.8,73.36,39,3.2,23,No
26,No,Travel_Rarely,652,Research & Development,7,3,Other,1,1417,3,Male,100,4,1,Laboratory Technician,1,Single,3578,23577,0,Y,No,12,3,4,80,0,8,2,3,7,7,0,7,Tejas Solanki,Finance,Accountant,68,76.73,98.73,4.4,82.0,49,3.2,3,No
29,No,Travel_Rarely,332,Human Resources,17,3,Other,1,1419,2,Male,51,2,3,Human Resources,1,Single,7988,9769,1,Y,No,13,3,1,80,0,10,3,2,10,9,0,9,Jivin Sundaram,IT,Cybersecurity Specialist,71,92.32,83.76,4.0,74.02,39,3.2,20,No
49,Yes,Travel_Frequently,1475,Research & Development,28,2,Life Sciences,1,1420,1,Male,97,2,2,Laboratory Technician,1,Single,4284,22710,3,Y,No,20,4,1,80,0,20,2,3,4,3,1,3,Mehul Srinivasan,IT,Cybersecurity Specialist,81,76.64,85.8,4.2,79.85,53,3.3,2,No
29,Yes,Travel_Frequently,337,Research & Development,14,1,Other,1,1421,3,Female,84,3,3,Healthcare Representative,4,Single,7553,22930,0,Y,Yes,12,3,1,80,0,9,1,3,8,7,7,7,Ryan Bajwa,Marketing,Marketing Executive,99,94.97,85.77,4.7,72.86,42,4.5,17,Yes
54,No,Travel_Rarely,971,Research & Development,1,3,Medical,1,1422,4,Female,54,3,4,Research Director,4,Single,17328,5652,6,Y,No,19,3,4,80,0,29,3,2,20,7,12,7,Ehsaan Vala,IT,Data Analyst,94,72.1,95.16,3.9,74.7,45,4.2,1,Yes
58,No,Travel_Rarely,1055,Research & Development,1,3,Medical,1,1423,4,Female,76,3,5,Research Director,1,Married,19701,22456,3,Y,Yes,21,4,3,80,1,32,3,3,9,8,1,5,Hunar Sharaf,Sales,Sales Executive,83,92.91,78.41,4.9,97.73,37,4.6,12,No
55,No,Travel_Rarely,1136,Research & Development,1,4,Medical,1,1424,2,Male,81,4,4,Research Director,4,Divorced,14732,12414,2,Y,No,13,3,4,80,2,31,4,4,7,7,0,0,Amani Tailor,Sales,Business Development,85,86.19,94.34,4.2,98.41,35,3.2,4,No
36,No,Travel_Rarely,1174,Sales,3,4,Marketing,1,1425,1,Female,99,3,2,Sales Executive,2,Single,9278,20763,3,Y,Yes,16,3,4,80,0,15,3,3,5,4,0,1,Indrajit Divan,HR,Recruitment Specialist,58,63.25,85.06,3.5,71.82,49,3.9,28,No
31,Yes,Travel_Frequently,667,Sales,1,4,Life Sciences,1,1427,2,Female,50,1,1,Sales Representative,3,Single,1359,16154,1,Y,No,12,3,2,80,0,1,3,3,1,0,0,0,Advika Randhawa,Marketing,Content Strategist,63,91.38,75.01,3.2,96.4,50,4.3,20,No
30,No,Travel_Rarely,855,Sales,7,4,Marketing,1,1428,4,Female,73,3,2,Sales Executive,1,Divorced,4779,12761,7,Y,No,14,3,2,80,2,8,3,3,3,2,0,2,Reyansh Apte,IT,Software Engineer,67,85.76,81.19,3.4,74.88,40,3.3,13,No
31,No,Travel_Rarely,182,Research & Development,8,5,Life Sciences,1,1430,1,Female,93,3,4,Research Director,2,Single,16422,8847,3,Y,No,11,3,3,80,0,9,3,4,3,2,1,0,Anika Kade,Sales,Account Manager,53,63.28,95.46,4.9,95.15,44,4.8,29,No
34,No,Travel_Frequently,560,Research & Development,1,4,Other,1,1431,4,Male,91,3,1,Research Scientist,1,Divorced,2996,20284,5,Y,No,14,3,3,80,2,10,2,3,4,3,1,3,Pihu Upadhyay,Marketing,SEO Specialist,82,69.67,76.14,3.6,75.57,55,4.6,11,No
31,Yes,Travel_Rarely,202,Research & Development,8,3,Life Sciences,1,1433,1,Female,34,2,1,Research Scientist,2,Single,1261,22262,1,Y,No,12,3,3,80,0,1,3,4,1,0,0,0,Hazel Khosla,Finance,Accountant,58,63.04,95.27,3.5,86.89,37,3.4,10,No
27,No,Travel_Rarely,1377,Research & Development,11,1,Life Sciences,1,1434,2,Male,91,3,1,Laboratory Technician,1,Married,2099,7679,0,Y,No,14,3,2,80,0,6,3,4,5,0,1,4,Saira Kalita,HR,Recruitment Specialist,56,61.31,77.76,3.6,72.92,38,4.7,4,No
36,No,Travel_Rarely,172,Research & Development,4,4,Life Sciences,1,1435,1,Male,37,2,2,Laboratory Technician,4,Single,5810,22604,1,Y,No,16,3,3,80,0,10,2,2,10,4,1,8,Vihaan Gera,Sales,Sales Executive,91,60.99,94.29,4.7,98.35,53,3.7,12,No
36,No,Travel_Rarely,329,Sales,16,4,Marketing,1,1436,3,Female,98,2,2,Sales Executive,1,Married,5647,13494,4,Y,No,13,3,1,80,2,11,3,2,3,2,0,2,Vivaan Andra,Marketing,SEO Specialist,62,63.61,90.91,3.4,70.71,55,4.0,24,No
47,No,Travel_Rarely,465,Research & Development,1,3,Technical Degree,1,1438,1,Male,74,3,1,Research Scientist,4,Married,3420,10205,7,Y,No,12,3,3,80,1,17,2,2,6,5,1,2,Vanya Chad,Marketing,Marketing Executive,72,72.0,97.85,3.7,74.91,50,3.5,20,No
25,Yes,Travel_Rarely,383,Sales,9,2,Life Sciences,1,1439,1,Male,68,2,1,Sales Representative,1,Married,4400,15182,3,Y,No,12,3,1,80,0,6,2,3,3,2,2,2,Tushar Sachdeva,Sales,Business Development,76,66.89,86.05,4.1,90.56,39,4.5,16,No
37,No,Non-Travel,1413,Research & Development,5,2,Technical Degree,1,1440,3,Male,84,4,1,Laboratory Technician,3,Single,3500,25470,0,Y,No,14,3,1,80,0,7,2,1,6,5,1,3,Sara Sen,IT,Cybersecurity Specialist,100,82.93,99.96,4.6,76.57,37,4.3,20,Yes
56,No,Travel_Rarely,1255,Research & Development,1,2,Life Sciences,1,1441,1,Female,90,3,1,Research Scientist,1,Married,2066,10494,2,Y,No,22,4,4,80,1,5,3,4,3,2,1,0,Gatik Dey,Finance,Accountant,57,94.12,89.45,4.6,78.88,41,3.1,26,No
47,No,Travel_Rarely,359,Research & Development,2,4,Medical,1,1443,1,Female,82,3,4,Research Director,3,Married,17169,26703,3,Y,No,19,3,2,80,2,26,2,4,20,17,5,6,Renee Issac,IT,Data Analyst,68,79.05,77.48,4.1,70.05,35,3.0,5,No
24,No,Travel_Rarely,1476,Sales,4,1,Medical,1,1445,4,Female,42,3,2,Sales Executive,3,Married,4162,15211,1,Y,Yes,12,3,3,80,2,5,3,3,5,4,0,3,Alisha Sahota,Sales,Business Development,50,60.25,88.86,4.9,91.41,38,3.2,9,No
32,No,Travel_Rarely,601,Sales,7,5,Marketing,1,1446,4,Male,97,3,2,Sales Executive,4,Married,9204,23343,4,Y,No,12,3,3,80,1,7,3,2,4,3,0,3,Dhruv Sankaran,IT,Data Analyst,50,73.25,75.62,4.5,78.41,38,4.9,17,No
34,No,Travel_Rarely,401,Research & Development,1,3,Life Sciences,1,1447,4,Female,86,2,1,Laboratory Technician,2,Married,3294,3708,5,Y,No,17,3,1,80,1,7,2,2,5,4,0,2,Jayesh Kara,Finance,Accountant,68,81.72,96.63,3.3,86.79,38,4.1,7,No
41,No,Travel_Rarely,1283,Research & Development,5,5,Medical,1,1448,2,Male,90,4,1,Research Scientist,3,Married,2127,5561,2,Y,Yes,12,3,1,80,0,7,5,2,4,2,0,3,Bhavin Chakrabarti,IT,Software Engineer,74,83.97,82.72,4.4,71.0,48,4.1,21,No
40,No,Non-Travel,663,Research & Development,9,4,Other,1,1449,3,Male,81,3,2,Laboratory Technician,3,Divorced,3975,23099,3,Y,No,11,3,3,80,2,11,2,4,8,7,0,7,Hazel Dalal,Marketing,SEO Specialist,62,70.5,82.17,4.4,75.99,54,4.5,21,No
31,No,Travel_Rarely,326,Sales,8,2,Life Sciences,1,1453,1,Male,31,3,3,Sales Executive,4,Divorced,10793,8386,1,Y,No,18,3,1,80,1,13,5,3,13,7,9,9,Hazel Gour,IT,Data Analyst,63,79.54,94.02,5.0,85.33,35,4.7,7,No
46,Yes,Travel_Rarely,377,Sales,9,3,Marketing,1,1457,1,Male,52,3,3,Sales Executive,4,Divorced,10096,15986,4,Y,No,11,3,1,80,1,28,1,4,7,7,4,3,Trisha Lalla,IT,Cybersecurity Specialist,58,92.01,98.61,4.9,86.93,36,4.0,14,No
39,Yes,Non-Travel,592,Research & Development,2,3,Life Sciences,1,1458,1,Female,54,2,1,Laboratory Technician,1,Single,3646,17181,2,Y,Yes,23,4,2,80,0,11,2,4,1,0,0,0,Divit Mand,Marketing,Marketing Executive,76,67.33,93.31,3.1,83.09,47,3.9,12,No
31,Yes,Travel_Frequently,1445,Research & Development,1,5,Life Sciences,1,1459,3,Female,100,4,3,Manufacturing Director,2,Single,7446,8931,1,Y,No,11,3,1,80,0,10,2,3,10,8,4,7,Ishita Sunder,Marketing,SEO Specialist,51,81.62,92.97,3.3,78.39,49,4.7,19,No
45,No,Travel_Rarely,1038,Research & Development,20,3,Medical,1,1460,2,Male,95,1,3,Healthcare Representative,1,Divorced,10851,19863,2,Y,Yes,18,3,2,80,1,24,2,3,7,7,0,7,Chirag Goel,IT,Software Engineer,98,71.79,77.41,3.8,77.8,37,3.7,22,No
31,No,Travel_Rarely,1398,Human Resources,8,2,Medical,1,1461,4,Female,96,4,1,Human Resources,2,Single,2109,24609,9,Y,No,18,3,4,80,0,8,3,3,3,2,0,2,Kimaya Kakar,Marketing,Content Strategist,74,66.33,85.03,4.0,73.62,40,3.7,20,No
31,Yes,Travel_Frequently,523,Research & Development,2,3,Life Sciences,1,1464,2,Male,94,3,1,Laboratory Technician,4,Married,3722,21081,6,Y,Yes,13,3,3,80,1,7,2,1,2,2,2,2,Tejas Dass,Sales,Sales Executive,51,60.01,97.18,3.1,72.04,38,4.3,22,No
45,No,Travel_Rarely,1448,Research & Development,29,3,Technical Degree,1,1465,2,Male,55,3,3,Manufacturing Director,4,Married,9380,14720,4,Y,Yes,18,3,4,80,2,10,4,4,3,1,1,2,Taran Gupta,IT,Software Engineer,54,72.03,82.22,3.6,75.44,37,4.0,13,No
48,No,Travel_Rarely,1221,Sales,7,3,Marketing,1,1466,3,Male,96,3,2,Sales Executive,1,Divorced,5486,24795,4,Y,No,11,3,1,80,3,15,3,3,2,2,2,2,Aniruddh Desai,HR,Employee Relations,100,75.49,96.58,3.4,76.05,46,3.8,15,No
34,Yes,Travel_Rarely,1107,Human Resources,9,4,Technical Degree,1,1467,1,Female,52,3,1,Human Resources,3,Married,2742,3072,1,Y,No,15,3,4,80,0,2,0,3,2,2,2,2,Rhea Dugar,Finance,Accountant,86,71.35,78.8,4.0,74.52,40,3.1,26,No
40,No,Non-Travel,218,Research & Development,8,1,Medical,1,1468,4,Male,55,2,3,Research Director,2,Divorced,13757,25178,2,Y,No,11,3,3,80,1,16,5,3,9,8,4,8,Saanvi Dada,Marketing,Content Strategist,89,85.66,77.05,3.9,75.84,36,4.6,8,Yes
28,No,Travel_Rarely,866,Sales,5,3,Medical,1,1469,4,Male,84,3,2,Sales Executive,1,Single,8463,23490,0,Y,No,18,3,4,80,0,6,4,3,5,4,1,3,Veer Savant,Marketing,Marketing Executive,65,60.93,92.88,4.1,77.17,52,3.1,9,No
44,No,Non-Travel,981,Research & Development,5,3,Life Sciences,1,1471,3,Male,90,2,1,Laboratory Technician,3,Single,3162,7973,3,Y,No,14,3,4,80,0,7,5,3,5,2,0,3,Emir Agate,Marketing,Marketing Executive,100,94.93,93.19,4.5,95.91,40,5.0,10,Yes
53,No,Travel_Rarely,447,Research & Development,2,3,Medical,1,1472,4,Male,39,4,4,Research Director,2,Single,16598,19764,4,Y,No,12,3,2,80,0,35,2,2,9,8,8,8,Faiyaz Rajan,Marketing,SEO Specialist,63,62.02,82.63,3.0,97.12,51,3.8,18,No
49,No,Travel_Rarely,1495,Research & Development,5,4,Technical Degree,1,1473,1,Male,96,3,2,Healthcare Representative,3,Married,6651,21534,2,Y,No,14,3,2,80,1,20,0,2,3,2,1,2,Aarav Sha,HR,Employee Relations,98,86.82,96.02,4.9,96.37,44,4.3,9,Yes
40,No,Travel_Rarely,896,Research & Development,2,3,Medical,1,1474,3,Male,68,3,1,Research Scientist,3,Divorced,2345,8045,2,Y,No,14,3,3,80,1,8,3,4,3,1,1,2,Aaina Khanna,Marketing,SEO Specialist,85,70.28,95.7,4.0,97.71,49,4.4,24,No
44,No,Travel_Rarely,1467,Research & Development,20,3,Life Sciences,1,1475,4,Male,49,3,1,Research Scientist,2,Single,3420,21158,1,Y,No,13,3,3,80,0,6,3,2,5,2,1,3,Divyansh Majumdar,HR,Employee Relations,68,86.75,87.46,3.6,88.4,36,4.8,6,No
33,No,Travel_Frequently,430,Sales,7,3,Medical,1,1477,4,Male,54,3,2,Sales Executive,1,Married,4373,17456,0,Y,No,14,3,1,80,2,5,2,3,4,3,0,3,Vritika Barad,IT,Data Analyst,73,84.43,85.42,3.2,79.65,43,3.7,21,No
34,No,Travel_Rarely,1326,Sales,3,3,Other,1,1478,4,Male,81,1,2,Sales Executive,1,Single,4759,15891,3,Y,No,18,3,4,80,0,15,2,3,13,9,3,12,Nitara Lad,HR,Employee Relations,56,74.14,80.21,4.8,70.47,53,4.4,4,No
30,No,Travel_Rarely,1358,Sales,16,1,Life Sciences,1,1479,4,Male,96,3,2,Sales Executive,3,Married,5301,2939,8,Y,No,15,3,3,80,2,4,2,2,2,1,2,2,Himmat Chhabra,Finance,Accountant,65,94.27,82.28,4.1,87.25,50,3.2,17,No
42,No,Travel_Frequently,748,Research & Development,9,2,Medical,1,1480,1,Female,74,3,1,Laboratory Technician,4,Single,3673,16458,1,Y,No,13,3,3,80,0,12,3,3,12,9,5,8,Riaan Sidhu,HR,Recruitment Specialist,86,60.7,84.13,3.0,80.57,55,4.4,16,Yes
44,No,Travel_Frequently,383,Sales,1,5,Marketing,1,1481,1,Female,79,3,2,Sales Executive,3,Married,4768,9282,7,Y,No,12,3,3,80,1,11,4,2,1,0,0,0,Baiju Kari,IT,Software Engineer,93,69.92,75.92,3.8,97.25,42,3.5,15,No
30,No,Non-Travel,990,Research & Development,7,3,Technical Degree,1,1482,3,Male,64,3,1,Research Scientist,3,Divorced,1274,7152,1,Y,No,13,3,2,80,2,1,2,2,1,0,0,0,Emir Bera,Finance,Financial Analyst,52,89.62,91.25,3.9,99.59,40,4.5,16,No
57,No,Travel_Rarely,405,Research & Development,1,2,Life Sciences,1,1483,2,Male,93,4,2,Research Scientist,3,Married,4900,2721,0,Y,No,24,4,1,80,1,13,2,2,12,9,2,8,Vritika Ganesh,HR,Recruitment Specialist,83,91.47,98.87,4.3,76.2,45,4.0,15,No
49,No,Travel_Rarely,1490,Research & Development,7,4,Life Sciences,1,1484,3,Male,35,3,3,Healthcare Representative,2,Divorced,10466,20948,3,Y,No,14,3,2,80,2,29,3,3,8,7,0,7,Ishaan Balasubramanian,Marketing,Marketing Executive,100,61.44,80.21,3.8,86.75,43,4.8,3,Yes
34,No,Travel_Frequently,829,Research & Development,15,3,Medical,1,1485,2,Male,71,3,4,Research Director,1,Divorced,17007,11929,7,Y,No,14,3,4,80,2,16,3,2,14,8,6,9,Vanya Chad,Sales,Business Development,100,88.87,93.33,4.4,77.64,43,3.3,15,No
28,Yes,Travel_Frequently,1496,Sales,1,3,Technical Degree,1,1486,1,Male,92,3,1,Sales Representative,3,Married,2909,15747,3,Y,No,15,3,4,80,1,5,3,4,3,2,1,2,Shalv Gole,HR,Employee Relations,81,73.83,83.61,3.8,88.53,46,4.6,7,No
29,Yes,Travel_Frequently,115,Sales,13,3,Technical Degree,1,1487,1,Female,51,3,2,Sales Executive,2,Single,5765,17485,5,Y,No,11,3,1,80,0,7,4,1,5,3,0,0,Ayesha Khosla,Sales,Sales Executive,74,74.79,90.87,3.5,86.84,48,4.6,1,No
34,Yes,Travel_Rarely,790,Sales,24,4,Medical,1,1489,1,Female,40,2,2,Sales Executive,2,Single,4599,7815,0,Y,Yes,23,4,3,80,0,16,2,4,15,9,10,10,Lavanya Halder,Finance,Accountant,53,75.06,82.37,3.4,98.06,52,3.7,1,No
35,No,Travel_Rarely,660,Sales,7,1,Life Sciences,1,1492,4,Male,76,3,1,Sales Representative,3,Married,2404,16192,1,Y,No,13,3,1,80,1,1,3,3,1,0,0,0,Shayak Konda,HR,Recruitment Specialist,54,81.92,97.5,3.0,91.57,47,4.6,13,No
24,Yes,Travel_Frequently,381,Research & Development,9,3,Medical,1,1494,2,Male,89,3,1,Laboratory Technician,1,Single,3172,16998,2,Y,Yes,11,3,3,80,0,4,2,2,0,0,0,0,Umang Bobal,Sales,Account Manager,67,88.44,95.76,3.4,98.48,48,3.9,25,No
24,No,Non-Travel,830,Sales,13,2,Life Sciences,1,1495,4,Female,78,3,1,Sales Representative,2,Married,2033,7103,1,Y,No,13,3,3,80,1,1,2,3,1,0,0,0,Mehul Dyal,IT,Software Engineer,68,65.32,90.53,4.8,87.98,46,3.2,22,No
44,No,Travel_Frequently,1193,Research & Development,2,1,Medical,1,1496,2,Male,86,3,3,Manufacturing Director,3,Single,10209,19719,5,Y,Yes,18,3,2,80,0,16,2,2,2,2,2,2,Anaya Sanghvi,Sales,Sales Executive,73,79.79,86.45,3.4,87.6,44,3.2,17,No
29,No,Travel_Rarely,1246,Sales,19,3,Life Sciences,1,1497,3,Male,77,2,2,Sales Executive,3,Divorced,8620,23757,1,Y,No,14,3,3,80,2,10,3,3,10,7,0,4,Himmat Grewal,IT,Cybersecurity Specialist,88,60.3,93.21,4.6,74.71,36,4.9,26,Yes
30,No,Travel_Rarely,330,Human Resources,1,3,Life Sciences,1,1499,3,Male,46,3,1,Human Resources,3,Divorced,2064,15428,0,Y,No,21,4,1,80,1,6,3,4,5,3,1,3,Vedika Kala,IT,Data Analyst,81,91.23,87.12,4.9,88.55,38,4.5,29,No
55,No,Travel_Rarely,1229,Research & Development,4,4,Life Sciences,1,1501,4,Male,30,3,2,Healthcare Representative,3,Married,4035,16143,0,Y,Yes,16,3,2,80,0,4,2,3,3,2,1,2,Diya Ratti,HR,Recruitment Specialist,90,73.45,88.29,4.1,70.73,42,3.9,22,No
33,No,Travel_Rarely,1099,Research & Development,4,4,Medical,1,1502,1,Female,82,2,1,Laboratory Technician,2,Married,3838,8192,8,Y,No,11,3,4,80,0,8,5,3,5,4,0,2,Alisha Zachariah,IT,Data Analyst,84,77.02,99.24,4.5,95.07,51,4.4,11,No
47,No,Travel_Rarely,571,Sales,14,3,Medical,1,1503,3,Female,78,3,2,Sales Executive,3,Married,4591,24200,3,Y,Yes,17,3,3,80,1,11,4,2,5,4,1,2,Saira Sachar,HR,Recruitment Specialist,77,89.8,86.58,4.0,73.61,37,4.7,30,No
28,Yes,Travel_Frequently,289,Research & Development,2,2,Medical,1,1504,3,Male,38,2,1,Laboratory Technician,1,Single,2561,5355,7,Y,No,11,3,3,80,0,8,2,2,0,0,0,0,Ayesha Srinivas,Finance,Auditor,95,62.2,87.68,4.1,83.29,36,3.6,3,No
28,No,Travel_Rarely,1423,Research & Development,1,3,Life Sciences,1,1506,1,Male,72,2,1,Research Scientist,3,Divorced,1563,12530,1,Y,No,14,3,4,80,1,1,2,1,1,0,0,0,Dhanuk Chopra,HR,Recruitment Specialist,88,91.07,86.27,4.5,77.1,54,4.8,21,Yes
28,No,Travel_Frequently,467,Sales,7,3,Life Sciences,1,1507,3,Male,55,3,2,Sales Executive,1,Single,4898,11827,0,Y,No,14,3,4,80,0,5,5,3,4,2,1,3,Zaina Ravi,HR,Recruitment Specialist,85,71.45,89.42,4.7,82.93,48,4.4,19,No
49,No,Travel_Rarely,271,Research & Development,3,2,Medical,1,1509,3,Female,43,2,2,Laboratory Technician,1,Married,4789,23070,4,Y,No,25,4,1,80,1,10,3,3,3,2,1,2,Faiyaz Sengupta,Finance,Auditor,94,62.74,81.13,3.9,98.99,52,3.6,30,No
29,No,Travel_Frequently,410,Research & Development,2,1,Life Sciences,1,1513,4,Female,97,3,1,Laboratory Technician,2,Married,3180,4668,0,Y,No,13,3,3,80,3,4,3,3,3,2,0,2,Riya Bajaj,IT,Cybersecurity Specialist,94,67.43,75.38,5.0,77.8,36,4.2,30,Yes
28,No,Travel_Rarely,1083,Research & Development,29,1,Life Sciences,1,1514,3,Male,96,1,2,Manufacturing Director,2,Married,6549,3173,1,Y,No,14,3,2,80,2,8,2,2,8,6,1,7,Mahika Lata,IT,Data Analyst,78,81.74,75.54,4.9,80.82,47,4.0,25,No
33,No,Travel_Rarely,516,Research & Development,8,5,Life Sciences,1,1515,4,Male,69,3,2,Healthcare Representative,3,Single,6388,22049,2,Y,Yes,17,3,1,80,0,14,6,3,0,0,0,0,Reyansh Atwal,IT,Data Analyst,87,77.99,75.37,3.5,80.99,38,4.5,1,Yes
32,No,Travel_Rarely,495,Research & Development,10,3,Medical,1,1516,3,Male,64,3,3,Manager,4,Single,11244,21072,2,Y,No,25,4,2,80,0,10,5,4,5,2,0,0,Eshani Taneja,Finance,Accountant,80,63.45,86.74,4.1,71.89,40,4.9,9,No
54,No,Travel_Frequently,1050,Research & Development,11,4,Medical,1,1520,2,Female,87,3,4,Manager,4,Divorced,16032,24456,3,Y,No,20,4,1,80,1,26,2,3,14,9,1,12,Divij Khare,IT,Software Engineer,62,66.28,98.93,4.7,86.62,40,3.7,23,No
29,Yes,Travel_Rarely,224,Research & Development,1,4,Technical Degree,1,1522,1,Male,100,2,1,Research Scientist,1,Single,2362,7568,6,Y,No,13,3,3,80,0,11,2,1,9,7,0,7,Zaina Basak,Sales,Sales Executive,84,72.67,81.11,4.6,81.7,51,3.7,19,No
44,No,Travel_Rarely,136,Research & Development,28,3,Life Sciences,1,1523,4,Male,32,3,4,Research Director,1,Married,16328,22074,3,Y,No,13,3,3,80,1,24,1,4,20,6,14,17,Indranil Sanghvi,Finance,Auditor,89,61.6,94.31,3.4,70.67,36,4.8,3,Yes
39,No,Travel_Rarely,1089,Research & Development,6,3,Life Sciences,1,1525,2,Female,32,3,3,Manufacturing Director,2,Single,8376,9150,4,Y,No,18,3,4,80,0,9,3,3,2,0,2,2,Inaaya  Chada,Marketing,Marketing Executive,61,66.05,88.02,3.4,91.18,50,3.3,0,No
46,No,Travel_Rarely,228,Sales,3,3,Life Sciences,1,1527,3,Female,51,3,4,Manager,2,Married,16606,11380,8,Y,No,12,3,4,80,1,23,2,4,13,12,5,1,Vidur Kashyap,Marketing,Content Strategist,86,67.22,81.86,3.1,71.2,42,4.7,13,Yes
35,No,Travel_Rarely,1029,Research & Development,16,3,Life Sciences,1,1529,4,Female,91,2,3,Healthcare Representative,2,Single,8606,21195,1,Y,No,19,3,4,80,0,11,3,1,11,8,3,3,Darshit Gour,IT,Data Analyst,88,63.95,78.29,4.2,74.97,54,4.9,13,Yes
23,No,Travel_Rarely,507,Research & Development,20,1,Life Sciences,1,1533,1,Male,97,3,2,Laboratory Technician,3,Single,2272,24812,0,Y,No,14,3,2,80,0,5,2,3,4,3,1,2,Sumer Acharya,Marketing,Content Strategist,98,64.44,94.95,3.3,95.23,50,3.6,5,No
40,Yes,Travel_Rarely,676,Research & Development,9,4,Life Sciences,1,1534,4,Male,86,3,1,Laboratory Technician,1,Single,2018,21831,3,Y,No,14,3,2,80,0,15,3,1,5,4,1,0,Dishani Anand,Finance,Accountant,82,65.64,81.69,4.8,80.04,45,3.6,18,No
34,No,Travel_Rarely,971,Sales,1,3,Technical Degree,1,1535,4,Male,64,2,3,Sales Executive,3,Married,7083,12288,1,Y,Yes,14,3,4,80,0,10,3,3,10,9,8,6,Neysa Deep,HR,Recruitment Specialist,87,63.25,98.24,4.2,99.21,41,4.3,23,Yes
31,Yes,Travel_Frequently,561,Research & Development,3,3,Life Sciences,1,1537,4,Female,33,3,1,Research Scientist,3,Single,4084,4156,1,Y,No,12,3,1,80,0,7,2,1,7,2,7,7,Prerak Thakkar,HR,HR Manager,93,61.04,78.79,3.4,82.5,35,4.1,18,Yes
50,No,Travel_Frequently,333,Research & Development,22,5,Medical,1,1539,3,Male,88,1,4,Research Director,4,Single,14411,24450,1,Y,Yes,13,3,4,80,0,32,2,3,32,6,13,9,Divit Thaker,IT,Software Engineer,96,70.36,76.92,3.6,83.87,45,4.8,21,Yes
34,No,Travel_Rarely,1440,Sales,7,2,Technical Degree,1,1541,2,Male,55,3,1,Sales Representative,3,Married,2308,4944,0,Y,Yes,25,4,2,80,1,12,4,3,11,10,5,7,Manikya Shetty,Marketing,Marketing Executive,51,79.14,80.64,4.7,82.3,51,3.1,27,No
42,No,Travel_Rarely,1210,Research & Development,2,3,Medical,1,1542,3,Male,68,2,1,Laboratory Technician,2,Married,4841,24052,4,Y,No,14,3,2,80,1,4,3,3,1,0,0,0,Hunar Dora,IT,Data Analyst,86,94.03,99.8,3.9,84.52,45,3.4,5,No
37,No,Travel_Rarely,674,Research & Development,13,3,Medical,1,1543,1,Male,47,3,2,Research Scientist,4,Married,4285,3031,1,Y,No,17,3,1,80,0,10,2,3,10,8,3,7,Sana Basu,HR,HR Manager,88,66.5,78.02,3.8,85.4,50,3.7,23,No
29,No,Travel_Rarely,441,Research & Development,8,1,Other,1,1544,3,Female,39,1,2,Healthcare Representative,1,Married,9715,7288,3,Y,No,13,3,3,80,1,9,3,3,7,7,0,7,Navya Gala,Finance,Financial Analyst,61,88.68,79.11,4.9,97.0,40,4.8,17,No
33,No,Travel_Rarely,575,Research & Development,25,3,Life Sciences,1,1545,4,Male,44,2,2,Manufacturing Director,2,Single,4320,24152,1,Y,No,13,3,4,80,0,5,2,3,5,3,0,2,Charvi Kapadia,Marketing,Content Strategist,50,63.02,90.92,4.1,87.66,48,4.9,15,No
45,No,Travel_Rarely,950,Research & Development,28,3,Technical Degree,1,1546,4,Male,97,3,1,Research Scientist,4,Married,2132,4585,4,Y,No,20,4,4,80,1,8,3,3,5,4,0,3,Amira Bhardwaj,Sales,Sales Executive,92,73.8,97.2,3.8,82.64,40,4.8,3,Yes
42,No,Travel_Frequently,288,Research & Development,2,3,Life Sciences,1,1547,4,Male,40,3,3,Healthcare Representative,4,Married,10124,18611,2,Y,Yes,14,3,3,80,1,24,3,1,20,8,13,9,Miraan Chahal,Finance,Auditor,72,91.22,92.52,4.6,71.74,35,5.0,12,No
40,No,Travel_Rarely,1342,Sales,9,2,Medical,1,1548,1,Male,47,3,2,Sales Executive,1,Married,5473,19345,0,Y,No,12,3,4,80,0,9,5,4,8,4,7,1,Yasmin Kara,IT,Cybersecurity Specialist,67,67.47,83.66,3.6,73.29,50,4.8,21,No
33,No,Travel_Rarely,589,Research & Development,28,4,Life Sciences,1,1549,2,Male,79,3,2,Laboratory Technician,3,Married,5207,22949,1,Y,Yes,12,3,2,80,1,15,3,3,15,14,5,7,Baiju Sethi,Finance,Financial Analyst,70,64.54,82.6,4.7,72.26,47,4.9,30,No
40,No,Travel_Rarely,898,Human Resources,6,2,Medical,1,1550,3,Male,38,3,4,Manager,4,Single,16437,17381,1,Y,Yes,21,4,4,80,0,21,2,3,21,7,7,7,Myra Ganesh,Finance,Financial Analyst,73,80.07,84.7,4.2,92.34,35,4.7,11,No
24,No,Travel_Rarely,350,Research & Development,21,2,Technical Degree,1,1551,3,Male,57,2,1,Laboratory Technician,1,Divorced,2296,10036,0,Y,No,14,3,2,80,3,2,3,3,1,1,0,0,Ayesha Chadha,Finance,Auditor,76,66.19,85.63,3.1,91.58,46,4.9,9,No
40,No,Non-Travel,1142,Research & Development,8,2,Life Sciences,1,1552,4,Male,72,3,2,Healthcare Representative,4,Divorced,4069,8841,3,Y,Yes,18,3,3,80,0,8,2,3,2,2,2,2,Ritvik Wagle,HR,Employee Relations,87,77.02,79.34,4.5,95.46,47,3.8,13,No
45,No,Travel_Rarely,538,Research & Development,1,4,Technical Degree,1,1553,1,Male,66,3,3,Healthcare Representative,2,Divorced,7441,20933,1,Y,No,12,3,1,80,3,10,4,3,10,8,7,7,Lagan Lal,IT,Software Engineer,59,74.96,88.93,3.3,81.2,50,4.3,20,No
35,No,Travel_Rarely,1402,Sales,28,4,Life Sciences,1,1554,2,Female,98,2,1,Sales Representative,3,Married,2430,26204,0,Y,No,23,4,1,80,2,6,5,3,5,3,4,2,Nayantara Butala,Marketing,Content Strategist,67,62.85,94.79,4.1,82.43,48,3.7,5,No
32,No,Travel_Rarely,824,Research & Development,5,2,Life Sciences,1,1555,4,Female,67,2,2,Research Scientist,2,Married,5878,15624,3,Y,No,12,3,1,80,1,12,2,3,7,1,2,5,Miraya Chada,IT,Cybersecurity Specialist,57,73.74,97.8,3.9,73.87,49,3.7,11,No
36,No,Travel_Rarely,1157,Sales,2,4,Life Sciences,1,1556,3,Male,70,3,1,Sales Representative,4,Single,2644,17001,3,Y,Yes,21,4,4,80,0,7,3,2,3,2,1,2,Gokul Arora,Finance,Financial Analyst,72,84.49,91.24,3.7,86.21,46,4.2,27,No
48,No,Travel_Rarely,492,Sales,16,4,Life Sciences,1,1557,3,Female,96,3,2,Sales Executive,3,Divorced,6439,13693,8,Y,No,14,3,3,80,1,18,2,3,8,7,7,7,Chirag Vig,Sales,Business Development,55,90.57,99.09,4.1,77.91,47,4.0,22,No
29,No,Travel_Rarely,598,Research & Development,9,3,Life Sciences,1,1558,3,Male,91,4,1,Research Scientist,3,Married,2451,22376,6,Y,No,18,3,1,80,2,5,2,2,1,0,0,0,Rhea Brahmbhatt,Sales,Business Development,57,82.53,90.53,3.7,76.21,37,4.6,25,No
33,No,Travel_Rarely,1242,Sales,8,4,Life Sciences,1,1560,1,Male,46,3,2,Sales Executive,1,Married,6392,10589,2,Y,No,13,3,4,80,1,8,6,1,2,2,2,2,Rati Iyengar,Sales,Business Development,95,92.1,82.48,4.6,95.6,37,4.4,14,Yes
30,Yes,Travel_Rarely,740,Sales,1,3,Life Sciences,1,1562,2,Male,64,2,2,Sales Executive,1,Married,9714,5323,1,Y,No,11,3,4,80,1,10,4,3,10,8,6,7,Lagan Som,Finance,Financial Analyst,55,64.62,91.66,3.4,78.24,44,4.4,30,No
38,No,Travel_Frequently,888,Human Resources,10,4,Human Resources,1,1563,3,Male,71,3,2,Human Resources,3,Married,6077,14814,3,Y,No,11,3,3,80,0,10,2,3,6,3,1,2,Pihu Sarraf,IT,Software Engineer,79,92.06,83.47,4.9,96.88,47,5.0,12,No
35,No,Travel_Rarely,992,Research & Development,1,3,Medical,1,1564,4,Male,68,2,1,Laboratory Technician,1,Single,2450,21731,1,Y,No,19,3,2,80,0,3,3,3,3,0,1,2,Riaan Suri,Sales,Business Development,97,66.15,77.45,4.7,99.59,53,4.7,16,Yes
30,No,Travel_Rarely,1288,Sales,29,4,Technical Degree,1,1568,3,Male,33,3,3,Sales Executive,2,Married,9250,17799,3,Y,No,12,3,2,80,1,9,3,3,4,2,1,3,Divit Banik,Finance,Accountant,71,67.14,76.39,4.6,95.29,50,4.0,4,No
35,Yes,Travel_Rarely,104,Research & Development,2,3,Life Sciences,1,1569,1,Female,69,3,1,Laboratory Technician,1,Divorced,2074,26619,1,Y,Yes,12,3,4,80,1,1,2,3,1,0,0,0,Hunar Saran,Marketing,Marketing Executive,64,67.88,78.33,4.8,97.84,42,3.5,28,No
53,Yes,Travel_Rarely,607,Research & Development,2,5,Technical Degree,1,1572,3,Female,78,2,3,Manufacturing Director,4,Married,10169,14618,0,Y,No,16,3,2,80,1,34,4,3,33,7,1,9,Khushi Barad,Marketing,Content Strategist,52,82.98,75.82,4.5,89.13,45,3.4,25,No
38,Yes,Travel_Rarely,903,Research & Development,2,3,Medical,1,1573,3,Male,81,3,2,Manufacturing Director,2,Married,4855,7653,4,Y,No,11,3,1,80,2,7,2,3,5,2,1,4,Rasha Lalla,Marketing,SEO Specialist,76,63.62,80.17,4.5,83.32,45,4.4,27,No
32,No,Non-Travel,1200,Research & Development,1,4,Technical Degree,1,1574,4,Male,62,3,2,Research Scientist,1,Married,4087,25174,4,Y,No,14,3,2,80,1,9,3,2,6,5,1,2,Navya Lall,IT,Data Analyst,81,72.43,86.41,3.7,80.55,36,4.5,29,No
48,No,Travel_Rarely,1108,Research & Development,15,4,Other,1,1576,3,Female,65,3,1,Research Scientist,1,Married,2367,16530,8,Y,No,12,3,4,80,1,10,3,2,8,2,7,6,Taran Dhaliwal,Sales,Account Manager,50,73.44,86.2,3.4,77.63,35,3.3,8,No
34,No,Travel_Rarely,479,Research & Development,7,4,Medical,1,1577,1,Male,35,3,1,Research Scientist,4,Single,2972,22061,1,Y,No,13,3,3,80,0,1,4,1,1,0,0,0,Tejas Hans,HR,Employee Relations,51,60.1,85.23,3.7,89.67,36,4.3,17,No
55,No,Travel_Rarely,685,Sales,26,5,Marketing,1,1578,3,Male,60,2,5,Manager,4,Married,19586,23037,1,Y,No,21,4,3,80,1,36,3,3,36,6,2,13,Aaryahi Loyal,HR,Employee Relations,57,75.07,79.7,4.2,88.75,41,4.0,5,No
34,No,Travel_Rarely,1351,Research & Development,1,4,Life Sciences,1,1580,2,Male,45,3,2,Research Scientist,4,Married,5484,13008,9,Y,No,17,3,2,80,1,9,3,2,2,2,2,1,Aarna Din,Marketing,Marketing Executive,63,87.08,81.5,3.0,74.99,49,3.6,0,No
26,No,Travel_Rarely,474,Research & Development,3,3,Life Sciences,1,1581,1,Female,89,3,1,Research Scientist,4,Married,2061,11133,1,Y,No,21,4,1,80,0,1,5,3,1,0,0,0,Lavanya Batta,Marketing,Marketing Executive,57,78.18,96.46,5.0,84.8,48,3.5,7,No
38,No,Travel_Rarely,1245,Sales,14,3,Life Sciences,1,1582,3,Male,80,3,2,Sales Executive,2,Married,9924,12355,0,Y,No,11,3,4,80,1,10,3,3,9,8,7,7,Pihu Keer,IT,Data Analyst,82,64.33,78.27,4.1,76.74,42,3.4,0,No
38,No,Travel_Rarely,437,Sales,16,3,Life Sciences,1,1583,2,Female,90,3,2,Sales Executive,2,Single,4198,16379,2,Y,No,12,3,2,80,0,8,5,4,3,2,1,2,Jiya Rajan,Marketing,SEO Specialist,88,73.89,94.64,4.2,92.41,35,3.1,16,No
36,No,Travel_Rarely,884,Sales,1,4,Life Sciences,1,1585,2,Female,73,3,2,Sales Executive,3,Single,6815,21447,6,Y,No,13,3,1,80,0,15,5,3,1,0,0,0,Vedika Deshpande,IT,Software Engineer,86,61.25,95.97,3.4,99.37,44,3.1,15,No
29,No,Travel_Rarely,1370,Research & Development,3,1,Medical,1,1586,2,Male,87,3,1,Laboratory Technician,1,Single,4723,16213,1,Y,Yes,18,3,4,80,0,10,3,3,10,9,1,5,Arhaan Bala,Sales,Sales Executive,97,79.6,97.87,4.7,78.05,40,4.6,15,Yes
35,No,Travel_Rarely,670,Research & Development,10,4,Medical,1,1587,1,Female,51,3,2,Healthcare Representative,3,Single,6142,4223,3,Y,Yes,16,3,3,80,0,10,4,3,5,2,0,4,Emir Goel,Sales,Sales Executive,54,84.88,91.47,3.5,75.71,45,4.7,7,No
39,No,Travel_Rarely,1462,Sales,6,3,Medical,1,1588,4,Male,38,4,3,Sales Executive,3,Married,8237,4658,2,Y,No,11,3,1,80,1,11,3,3,7,6,7,6,Charvi Doctor,Marketing,Content Strategist,73,74.81,87.87,3.1,86.12,55,4.0,21,No
29,No,Travel_Frequently,995,Research & Development,2,1,Life Sciences,1,1590,1,Male,87,3,2,Healthcare Representative,4,Divorced,8853,24483,1,Y,No,19,3,4,80,1,6,0,4,6,4,1,3,Alia Tandon,HR,Recruitment Specialist,95,81.95,89.39,4.2,98.2,52,3.4,6,No
50,No,Travel_Rarely,264,Sales,9,3,Marketing,1,1591,3,Male,59,3,5,Manager,3,Married,19331,19519,4,Y,Yes,16,3,3,80,1,27,2,3,1,0,0,0,Riya Virk,IT,Cybersecurity Specialist,77,74.94,80.4,4.8,96.93,39,3.3,12,No
23,No,Travel_Rarely,977,Research & Development,10,3,Technical Degree,1,1592,4,Male,45,4,1,Research Scientist,3,Married,2073,12826,2,Y,No,16,3,4,80,1,4,2,3,2,2,2,2,Zeeshan Shetty,Finance,Accountant,68,67.03,91.02,3.9,74.97,48,4.7,29,No
36,No,Travel_Frequently,1302,Research & Development,6,4,Life Sciences,1,1594,1,Male,80,4,2,Laboratory Technician,1,Married,5562,19711,3,Y,Yes,13,3,4,80,1,9,3,3,3,2,0,2,Ayesha Ram,Finance,Auditor,81,88.38,99.75,3.3,89.16,44,3.0,1,No
42,No,Travel_Rarely,1059,Research & Development,9,2,Other,1,1595,4,Male,93,2,5,Manager,4,Single,19613,26362,8,Y,No,22,4,4,80,0,24,2,3,1,0,0,1,Sahil Lad,Sales,Sales Executive,62,91.17,76.4,3.4,73.62,40,3.7,10,No
35,No,Travel_Rarely,750,Research & Development,28,3,Life Sciences,1,1596,2,Male,46,4,2,Laboratory Technician,3,Married,3407,25348,1,Y,No,17,3,4,80,2,10,3,2,10,9,6,8,Adira Ratti,Marketing,Content Strategist,71,86.79,99.65,4.5,94.31,53,3.4,26,No
34,No,Travel_Frequently,653,Research & Development,10,4,Technical Degree,1,1597,4,Male,92,2,2,Healthcare Representative,3,Married,5063,15332,1,Y,No,14,3,2,80,1,8,3,2,8,2,7,7,Renee Deshpande,Finance,Accountant,92,83.42,93.41,4.0,90.91,35,3.3,22,No
40,No,Travel_Rarely,118,Sales,14,2,Life Sciences,1,1598,4,Female,84,3,2,Sales Executive,1,Married,4639,11262,1,Y,No,15,3,3,80,1,5,2,3,5,4,1,2,Kismat Bhatti,IT,Data Analyst,97,71.65,76.72,4.7,90.25,48,4.5,3,Yes
43,No,Travel_Rarely,990,Research & Development,27,3,Technical Degree,1,1599,4,Male,87,4,1,Laboratory Technician,2,Divorced,4876,5855,5,Y,No,12,3,3,80,1,8,0,3,6,4,0,2,Kaira Raju,Sales,Business Development,74,82.82,76.4,4.3,85.35,43,3.4,12,No
35,No,Travel_Rarely,1349,Research & Development,7,2,Life Sciences,1,1601,3,Male,63,2,1,Laboratory Technician,4,Married,2690,7713,1,Y,No,18,3,4,80,1,1,5,2,1,0,0,1,Indrajit Gulati,Finance,Accountant,72,84.73,87.83,4.5,89.58,51,3.9,18,No
46,No,Travel_Rarely,563,Sales,1,4,Life Sciences,1,1602,4,Male,56,4,4,Manager,1,Single,17567,3156,1,Y,No,15,3,2,80,0,27,5,1,26,0,0,12,Mehul Kamdar,Marketing,Content Strategist,82,70.26,95.76,3.6,75.86,45,3.8,29,No
28,Yes,Travel_Rarely,329,Research & Development,24,3,Medical,1,1604,3,Male,51,3,1,Laboratory Technician,2,Married,2408,7324,1,Y,Yes,17,3,3,80,3,1,3,3,1,1,0,0,Khushi Khatri,HR,Recruitment Specialist,75,65.27,75.57,3.2,85.35,41,3.0,27,No
22,No,Non-Travel,457,Research & Development,26,2,Other,1,1605,2,Female,85,2,1,Research Scientist,3,Married,2814,10293,1,Y,Yes,14,3,2,80,0,4,2,2,4,2,1,3,Divit Ravel,Finance,Auditor,78,67.68,92.36,4.4,78.97,55,4.5,20,No
50,No,Travel_Frequently,1234,Research & Development,20,5,Medical,1,1606,2,Male,41,3,4,Healthcare Representative,3,Married,11245,20689,2,Y,Yes,15,3,3,80,1,32,3,3,30,8,12,13,Yuvraj  Gade,IT,Data Analyst,94,90.48,97.78,4.3,86.4,35,3.3,27,No
32,No,Travel_Rarely,634,Research & Development,5,4,Other,1,1607,2,Female,35,4,1,Research Scientist,4,Married,3312,18783,3,Y,No,17,3,4,80,2,6,3,3,3,2,0,2,Vedika Ahluwalia,Finance,Financial Analyst,89,70.95,93.83,4.9,86.93,52,4.4,20,Yes
44,No,Travel_Rarely,1313,Research & Development,7,3,Medical,1,1608,2,Female,31,3,5,Research Director,4,Divorced,19049,3549,0,Y,Yes,14,3,4,80,1,23,4,2,22,7,1,10,Vaibhav Sharaf,HR,HR Manager,82,71.89,95.37,3.7,90.17,49,4.4,12,No
30,No,Travel_Rarely,241,Research & Development,7,3,Medical,1,1609,2,Male,48,2,1,Research Scientist,2,Married,2141,5348,1,Y,No,12,3,2,80,1,6,3,2,6,4,1,1,Samarth Kothari,IT,Cybersecurity Specialist,82,85.65,99.89,4.2,99.0,41,4.6,8,No
45,No,Travel_Rarely,1015,Research & Development,5,5,Medical,1,1611,3,Female,50,1,2,Laboratory Technician,1,Single,5769,23447,1,Y,Yes,14,3,1,80,0,10,3,3,10,7,1,4,Raghav Trivedi,Sales,Account Manager,61,80.52,92.15,4.5,89.08,36,3.2,29,No
45,No,Non-Travel,336,Sales,26,3,Marketing,1,1612,1,Male,52,2,2,Sales Executive,1,Married,4385,24162,1,Y,No,15,3,1,80,1,10,2,3,10,7,4,5,Reyansh D’Alia,IT,Data Analyst,100,72.38,84.41,4.7,98.06,51,4.4,28,Yes
31,No,Travel_Frequently,715,Sales,2,4,Other,1,1613,4,Male,54,3,2,Sales Executive,1,Single,5332,21602,7,Y,No,13,3,4,80,0,10,3,3,5,2,0,3,Mohanlal Manne,Marketing,Marketing Executive,95,92.43,94.77,3.2,73.36,39,4.0,22,No
36,No,Travel_Rarely,559,Research & Development,12,4,Life Sciences,1,1614,3,Female,76,3,2,Manufacturing Director,3,Married,4663,12421,9,Y,Yes,12,3,2,80,2,7,2,3,3,2,1,1,Hansh Srinivas,Marketing,SEO Specialist,58,91.59,87.19,3.8,75.97,54,3.8,17,No
34,No,Travel_Frequently,426,Research & Development,10,4,Life Sciences,1,1615,3,Male,42,4,2,Manufacturing Director,4,Divorced,4724,17000,1,Y,No,13,3,1,80,1,9,3,3,9,7,7,2,Onkar Grewal,Finance,Auditor,93,83.89,82.82,4.2,96.99,47,4.1,30,Yes
49,No,Travel_Rarely,722,Research & Development,25,4,Life Sciences,1,1617,3,Female,84,3,1,Laboratory Technician,1,Married,3211,22102,1,Y,No,14,3,4,80,1,10,3,2,9,6,1,4,Suhana Sethi,Finance,Financial Analyst,82,73.25,79.11,4.3,81.89,43,3.4,6,No
39,No,Travel_Rarely,1387,Research & Development,10,5,Medical,1,1618,2,Male,76,3,2,Manufacturing Director,1,Married,5377,3835,2,Y,No,13,3,4,80,3,10,3,3,7,7,7,7,Alisha Varty,Marketing,Content Strategist,80,82.12,92.36,3.3,78.28,40,3.2,19,No
27,No,Travel_Rarely,1302,Research & Development,19,3,Other,1,1619,4,Male,67,2,1,Laboratory Technician,1,Divorced,4066,16290,1,Y,No,11,3,1,80,2,7,3,3,7,7,0,7,Tarini Chokshi,Marketing,SEO Specialist,83,92.48,82.71,4.5,93.21,37,4.4,23,No
35,No,Travel_Rarely,819,Research & Development,18,5,Life Sciences,1,1621,2,Male,48,4,2,Research Scientist,1,Married,5208,26312,1,Y,No,11,3,4,80,0,16,2,3,16,15,1,10,Lavanya Doshi,Sales,Business Development,56,87.41,94.26,3.5,99.0,51,4.9,7,No
28,No,Travel_Rarely,580,Research & Development,27,3,Medical,1,1622,2,Female,39,1,2,Manufacturing Director,1,Divorced,4877,20460,0,Y,No,21,4,2,80,1,6,5,2,5,3,0,0,Zain Bora,HR,HR Manager,84,68.66,86.9,4.6,96.8,44,4.7,2,No
21,No,Travel_Rarely,546,Research & Development,5,1,Medical,1,1623,3,Male,97,3,1,Research Scientist,4,Single,3117,26009,1,Y,No,18,3,3,80,0,3,2,3,2,2,2,2,Romil Badal,HR,Employee Relations,74,64.98,82.92,3.9,75.34,38,3.7,11,No
18,Yes,Travel_Frequently,544,Sales,3,2,Medical,1,1624,2,Female,70,3,1,Sales Representative,4,Single,1569,18420,1,Y,Yes,12,3,3,80,0,0,2,4,0,0,0,0,Divit Srinivas,Finance,Financial Analyst,75,84.48,83.94,4.0,95.9,55,4.5,0,No
47,No,Travel_Rarely,1176,Human Resources,26,4,Life Sciences,1,1625,4,Female,98,3,5,Manager,3,Married,19658,5220,3,Y,No,11,3,3,80,1,27,2,3,5,2,1,0,Advika Golla,Marketing,Content Strategist,65,66.65,82.45,3.5,83.83,51,3.8,2,No
39,No,Travel_Rarely,170,Research & Development,3,2,Medical,1,1627,3,Male,76,2,2,Laboratory Technician,3,Divorced,3069,10302,0,Y,No,15,3,4,80,1,11,3,3,10,8,0,7,Nitya Hayre,Finance,Accountant,92,80.84,98.24,4.7,94.1,47,3.4,20,No
40,No,Travel_Rarely,884,Research & Development,15,3,Life Sciences,1,1628,1,Female,80,2,3,Manufacturing Director,3,Married,10435,25800,1,Y,No,13,3,4,80,2,18,2,3,18,15,14,12,Samaira Kota,Sales,Sales Executive,64,73.46,99.56,3.4,71.88,35,4.6,27,No
35,No,Non-Travel,208,Research & Development,8,4,Life Sciences,1,1630,3,Female,52,3,2,Healthcare Representative,3,Married,4148,12250,1,Y,No,12,3,4,80,1,15,5,3,14,11,2,9,Dhanush Lata,Marketing,Content Strategist,97,76.86,94.55,3.3,70.31,50,3.7,27,No
37,No,Travel_Rarely,671,Research & Development,19,3,Life Sciences,1,1631,3,Male,85,3,2,Manufacturing Director,3,Married,5768,26493,3,Y,No,17,3,1,80,3,9,2,2,4,3,0,2,Lagan Babu,Sales,Sales Executive,86,76.77,99.84,4.4,87.58,51,3.8,18,No
39,No,Travel_Frequently,711,Research & Development,4,3,Medical,1,1633,1,Female,81,3,2,Manufacturing Director,3,Single,5042,3140,0,Y,No,13,3,4,80,0,10,2,1,9,2,3,8,Ela Mallick,HR,Employee Relations,65,62.02,97.94,4.6,91.09,50,3.6,12,No
45,No,Travel_Rarely,1329,Research & Development,2,2,Other,1,1635,4,Female,59,2,2,Manufacturing Director,4,Divorced,5770,5388,1,Y,No,19,3,1,80,2,10,3,3,10,7,3,9,Indranil Rama,IT,Data Analyst,69,62.07,93.02,4.9,74.01,39,4.4,22,No
38,No,Travel_Rarely,397,Research & Development,2,2,Medical,1,1638,4,Female,54,2,3,Manufacturing Director,3,Married,7756,14199,3,Y,Yes,19,3,4,80,1,10,6,4,5,4,0,2,Mohanlal Swaminathan,Finance,Auditor,82,81.67,77.09,4.5,97.9,46,4.3,24,No
35,Yes,Travel_Rarely,737,Sales,10,3,Medical,1,1639,4,Male,55,2,3,Sales Executive,1,Married,10306,21530,9,Y,No,17,3,3,80,0,15,3,3,13,12,6,0,Mamooty De,IT,Software Engineer,63,89.69,92.23,4.7,76.35,36,3.1,5,No
37,No,Travel_Rarely,1470,Research & Development,10,3,Medical,1,1640,2,Female,71,3,1,Research Scientist,2,Married,3936,9953,1,Y,No,11,3,1,80,1,8,2,1,8,4,7,7,Purab Sachdeva,Sales,Account Manager,58,89.62,85.13,4.9,94.41,40,4.0,0,No
40,No,Travel_Rarely,448,Research & Development,16,3,Life Sciences,1,1641,3,Female,84,3,3,Manufacturing Director,4,Single,7945,19948,6,Y,Yes,15,3,4,80,0,18,2,2,4,2,3,3,Jivika Gaba,IT,Data Analyst,74,60.8,86.19,4.8,85.6,35,4.3,24,No
44,No,Travel_Frequently,602,Human Resources,1,5,Human Resources,1,1642,1,Male,37,3,2,Human Resources,4,Married,5743,10503,4,Y,Yes,11,3,3,80,0,14,3,3,10,7,0,2,Renee Mahal,IT,Software Engineer,50,82.71,95.13,3.9,75.03,42,3.1,6,No
48,No,Travel_Frequently,365,Research & Development,4,5,Medical,1,1644,3,Male,89,2,4,Manager,4,Married,15202,5602,2,Y,No,25,4,2,80,1,23,3,3,2,2,2,2,Divyansh Roy,IT,Cybersecurity Specialist,69,74.05,84.18,4.8,86.31,41,3.9,14,No
35,Yes,Travel_Rarely,763,Sales,15,2,Medical,1,1645,1,Male,59,1,2,Sales Executive,4,Divorced,5440,22098,6,Y,Yes,14,3,4,80,2,7,2,2,2,2,2,2,Seher Jaggi,Finance,Auditor,80,65.06,90.35,4.5,99.44,54,5.0,27,No
24,No,Travel_Frequently,567,Research & Development,2,1,Technical Degree,1,1646,1,Female,32,3,1,Research Scientist,4,Single,3760,17218,1,Y,Yes,13,3,3,80,0,6,2,3,6,3,1,3,Misha Dyal,HR,HR Manager,62,71.94,77.61,4.9,82.73,54,3.1,22,No
27,No,Travel_Rarely,486,Research & Development,8,3,Medical,1,1647,2,Female,86,4,1,Research Scientist,3,Married,3517,22490,7,Y,No,17,3,1,80,0,5,0,3,3,2,0,2,Shray Kothari,IT,Cybersecurity Specialist,85,93.1,93.9,4.8,87.4,39,3.2,5,No
27,No,Travel_Frequently,591,Research & Development,2,3,Medical,1,1648,4,Male,87,3,1,Research Scientist,4,Single,2580,6297,2,Y,No,13,3,3,80,0,6,0,2,4,2,1,2,Shlok Das,Sales,Business Development,78,79.97,97.09,3.1,84.82,42,3.2,15,No
40,Yes,Travel_Rarely,1329,Research & Development,7,3,Life Sciences,1,1649,1,Male,73,3,1,Laboratory Technician,1,Single,2166,3339,3,Y,Yes,14,3,2,80,0,10,3,1,4,2,0,3,Kashvi Dugar,IT,Data Analyst,97,83.21,90.21,4.1,82.82,39,3.6,7,No
29,No,Travel_Rarely,469,Sales,10,3,Medical,1,1650,3,Male,42,2,2,Sales Executive,3,Single,5869,23413,9,Y,No,11,3,3,80,0,8,2,3,5,2,1,4,Ela Dada,Sales,Sales Executive,94,61.17,96.36,3.9,84.59,42,3.0,8,No
36,No,Travel_Rarely,711,Research & Development,5,4,Life Sciences,1,1651,2,Female,42,3,3,Healthcare Representative,1,Married,8008,22792,4,Y,No,12,3,3,80,2,9,6,3,3,2,0,2,Kiara Bhalla,Finance,Auditor,66,83.48,79.72,4.8,71.71,48,4.3,18,No
25,No,Travel_Frequently,772,Research & Development,2,1,Life Sciences,1,1653,4,Male,77,4,2,Manufacturing Director,3,Divorced,5206,4973,1,Y,No,17,3,3,80,2,7,6,3,7,7,0,7,Arnav Sama,IT,Cybersecurity Specialist,73,69.28,79.51,3.2,91.02,35,4.8,11,No
39,No,Travel_Rarely,492,Research & Development,12,3,Medical,1,1654,4,Male,66,3,2,Manufacturing Director,2,Married,5295,7693,4,Y,No,21,4,3,80,0,7,3,3,5,4,1,0,Kabir Dey,IT,Cybersecurity Specialist,54,90.19,82.97,4.9,83.52,37,4.7,17,No
49,No,Travel_Rarely,301,Research & Development,22,4,Other,1,1655,1,Female,72,3,4,Research Director,2,Married,16413,3498,3,Y,No,16,3,2,80,2,27,2,3,4,2,1,2,Zaina Tailor,Marketing,Marketing Executive,56,68.15,89.51,4.3,77.32,47,4.6,11,No
50,No,Travel_Rarely,813,Research & Development,17,5,Life Sciences,1,1656,4,Female,50,2,3,Research Director,1,Divorced,13269,21981,5,Y,No,15,3,3,80,3,19,3,3,14,11,1,11,Riya Bora,IT,Data Analyst,88,89.68,80.68,4.2,72.86,41,4.0,2,No
20,No,Travel_Rarely,1141,Sales,2,3,Medical,1,1657,3,Female,31,3,1,Sales Representative,3,Single,2783,13251,1,Y,No,19,3,1,80,0,2,3,3,2,2,2,2,Shayak Sama,Sales,Business Development,96,85.46,94.64,3.7,94.08,49,3.8,1,No
34,No,Travel_Rarely,1130,Research & Development,3,3,Life Sciences,1,1658,4,Female,66,3,2,Research Scientist,2,Divorced,5433,19332,1,Y,No,12,3,3,80,1,11,2,3,11,8,7,9,Kiara Sunder,HR,HR Manager,69,88.01,79.53,4.5,91.7,53,3.4,20,No
36,No,Travel_Rarely,311,Research & Development,7,3,Life Sciences,1,1659,1,Male,77,3,1,Laboratory Technician,2,Single,2013,10950,2,Y,No,11,3,3,80,0,15,4,3,4,3,1,3,Alisha Khurana,Marketing,Marketing Executive,55,61.0,99.91,4.6,75.56,48,4.4,12,No
49,No,Travel_Rarely,465,Research & Development,6,1,Life Sciences,1,1661,3,Female,41,2,4,Healthcare Representative,3,Married,13966,11652,2,Y,Yes,19,3,2,80,1,30,3,3,15,11,2,12,Drishya Lalla,Marketing,SEO Specialist,51,71.53,95.64,3.8,72.76,41,3.9,9,No
36,No,Non-Travel,894,Research & Development,1,4,Medical,1,1662,4,Female,33,2,2,Manufacturing Director,3,Married,4374,15411,0,Y,No,15,3,3,80,0,4,6,3,3,2,1,2,Siya Chacko,Marketing,Marketing Executive,92,85.66,79.38,4.0,91.14,46,3.6,19,No
36,No,Travel_Rarely,1040,Research & Development,3,2,Life Sciences,1,1664,4,Male,79,4,2,Healthcare Representative,1,Divorced,6842,26308,6,Y,No,20,4,1,80,1,13,3,3,5,4,0,4,Hansh Bora,Marketing,Content Strategist,99,73.95,82.73,4.1,93.3,45,4.4,30,Yes
54,No,Travel_Rarely,584,Research & Development,22,5,Medical,1,1665,2,Female,91,3,4,Manager,3,Married,17426,18685,3,Y,No,25,4,3,80,1,36,6,3,10,8,4,7,Lakshit Magar,Sales,Business Development,78,73.14,89.4,5.0,72.73,53,3.9,20,No
43,No,Travel_Rarely,1291,Research & Development,15,2,Life Sciences,1,1666,3,Male,65,2,4,Research Director,3,Married,17603,3525,1,Y,No,24,4,1,80,1,14,3,3,14,10,6,11,Dhanush Lala,Sales,Business Development,68,61.46,88.26,4.5,75.21,49,4.5,20,No
35,Yes,Travel_Frequently,880,Sales,12,4,Other,1,1667,4,Male,36,3,2,Sales Executive,4,Single,4581,10414,3,Y,Yes,24,4,1,80,0,13,2,4,11,9,6,7,Aaryahi Dubey,Finance,Auditor,72,82.43,86.41,3.4,82.03,44,4.8,13,No
38,No,Travel_Frequently,1189,Research & Development,1,3,Life Sciences,1,1668,4,Male,90,3,2,Research Scientist,4,Married,4735,9867,7,Y,No,15,3,4,80,2,19,4,4,13,11,2,9,Zeeshan Banik,Sales,Business Development,93,80.89,81.52,3.3,88.87,52,3.8,17,No
29,No,Travel_Rarely,991,Sales,5,3,Medical,1,1669,1,Male,43,2,2,Sales Executive,2,Divorced,4187,3356,1,Y,Yes,13,3,2,80,1,10,3,2,10,0,0,9,Dhanuk Verma,Marketing,Marketing Executive,62,65.17,93.08,3.9,82.88,48,4.7,6,No
33,No,Travel_Rarely,392,Sales,2,4,Medical,1,1670,4,Male,93,3,2,Sales Executive,4,Divorced,5505,3921,1,Y,No,14,3,3,80,2,6,5,3,6,2,0,4,Divyansh Viswanathan,Marketing,SEO Specialist,73,60.48,99.82,4.8,92.1,46,3.6,26,No
32,No,Travel_Rarely,977,Research & Development,2,3,Medical,1,1671,4,Male,45,3,2,Research Scientist,2,Divorced,5470,25518,0,Y,No,13,3,3,80,2,10,4,2,9,5,1,6,Alisha Chana,Finance,Accountant,96,93.48,75.65,4.9,79.08,38,4.5,9,Yes
31,No,Travel_Rarely,1112,Sales,5,4,Life Sciences,1,1673,1,Female,67,3,2,Sales Executive,4,Married,5476,22589,1,Y,No,11,3,1,80,2,10,2,3,10,0,0,2,Ranbir Choudhury,Marketing,Content Strategist,59,87.25,81.56,3.5,85.22,48,3.5,26,No
49,No,Travel_Rarely,464,Research & Development,16,3,Medical,1,1674,4,Female,74,3,1,Laboratory Technician,1,Divorced,2587,24941,4,Y,Yes,16,3,2,80,1,17,2,2,2,2,2,2,Myra Khatri,Sales,Account Manager,66,92.26,99.67,4.3,89.0,43,3.8,5,No
38,No,Travel_Frequently,148,Research & Development,2,3,Medical,1,1675,4,Female,42,2,1,Laboratory Technician,2,Single,2440,23826,1,Y,No,22,4,2,80,0,4,3,3,4,3,3,3,Ojas Arya,IT,Software Engineer,63,76.21,89.59,3.0,92.27,51,4.9,15,No
47,No,Travel_Rarely,1225,Sales,2,4,Life Sciences,1,1676,2,Female,47,4,4,Manager,2,Divorced,15972,21086,6,Y,No,14,3,3,80,3,29,2,3,3,2,1,2,Aayush Gupta,IT,Cybersecurity Specialist,61,64.04,79.01,4.8,92.85,55,3.6,27,No
49,No,Travel_Rarely,809,Research & Development,1,3,Life Sciences,1,1677,3,Male,36,3,4,Manager,3,Single,15379,22384,4,Y,No,14,3,1,80,0,23,2,3,8,7,0,0,Heer Kunda,Finance,Accountant,68,66.47,96.84,3.1,93.7,37,4.3,21,No
41,No,Travel_Rarely,1206,Sales,23,2,Life Sciences,1,1678,4,Male,80,3,3,Sales Executive,3,Single,7082,11591,3,Y,Yes,16,3,4,80,0,21,2,3,2,0,0,2,Jayesh Sharaf,Marketing,Marketing Executive,71,92.64,79.77,4.1,78.37,45,4.9,12,No
20,No,Travel_Rarely,727,Sales,9,1,Life Sciences,1,1680,4,Male,54,3,1,Sales Representative,1,Single,2728,21082,1,Y,No,11,3,1,80,0,2,3,3,2,2,0,2,Shaan Lata,HR,Employee Relations,97,65.14,76.47,4.9,72.44,44,4.1,24,Yes
33,No,Non-Travel,530,Sales,16,3,Life Sciences,1,1681,3,Female,36,3,2,Sales Executive,4,Divorced,5368,16130,1,Y,Yes,25,4,3,80,1,7,2,3,6,5,1,2,Ivan Ram,Finance,Accountant,85,87.72,87.93,4.3,91.14,50,4.5,0,No
36,No,Travel_Rarely,1351,Research & Development,26,4,Life Sciences,1,1682,1,Male,80,3,2,Healthcare Representative,3,Married,5347,7419,6,Y,No,14,3,2,80,2,10,2,2,3,2,0,2,Aarav Rajagopalan,Sales,Account Manager,56,91.95,77.51,3.3,75.56,37,4.6,21,No
44,No,Travel_Rarely,528,Human Resources,1,3,Life Sciences,1,1683,3,Female,44,3,1,Human Resources,4,Divorced,3195,4167,4,Y,Yes,18,3,1,80,3,8,2,3,2,2,2,2,Adira D’Alia,Finance,Auditor,51,82.84,89.79,4.3,76.83,40,4.1,12,No
23,Yes,Travel_Rarely,1320,Research & Development,8,1,Medical,1,1684,4,Male,93,2,1,Laboratory Technician,3,Single,3989,20586,1,Y,Yes,11,3,1,80,0,5,2,3,5,4,1,2,Kiaan Shetty,HR,HR Manager,59,70.44,88.99,3.8,97.42,49,3.1,13,No
38,No,Travel_Rarely,1495,Research & Development,4,2,Medical,1,1687,4,Female,87,3,1,Laboratory Technician,3,Married,3306,26176,7,Y,No,19,3,4,80,1,7,5,2,0,0,0,0,Vihaan Sankar,Sales,Sales Executive,79,81.83,80.12,3.1,99.61,41,3.4,5,No
53,No,Travel_Rarely,1395,Research & Development,24,4,Medical,1,1689,2,Male,48,4,3,Healthcare Representative,4,Married,7005,3458,3,Y,No,15,3,3,80,0,11,2,3,4,3,1,2,Baiju Bhasin,Marketing,Content Strategist,55,77.72,88.43,4.4,83.63,38,3.8,4,No
48,Yes,Travel_Frequently,708,Sales,7,2,Medical,1,1691,4,Female,95,3,1,Sales Representative,3,Married,2655,11740,2,Y,Yes,11,3,3,80,2,19,3,3,9,7,7,7,Damini Verma,HR,HR Manager,56,74.67,76.66,3.1,92.95,51,4.5,6,No
32,Yes,Travel_Rarely,1259,Research & Development,2,4,Life Sciences,1,1692,4,Male,95,3,1,Laboratory Technician,2,Single,1393,24852,1,Y,No,12,3,1,80,0,1,2,3,1,0,0,0,Dhruv Sankaran,Marketing,Content Strategist,66,63.75,98.89,3.3,92.95,40,3.5,28,No
26,No,Non-Travel,786,Research & Development,7,3,Medical,1,1693,4,Male,76,3,1,Laboratory Technician,4,Single,2570,11925,1,Y,No,20,4,3,80,0,7,5,3,7,7,5,7,Vivaan Gandhi,IT,Software Engineer,81,80.58,83.56,3.6,77.29,54,4.6,20,No
55,No,Travel_Rarely,1441,Research & Development,22,3,Technical Degree,1,1694,1,Male,94,2,1,Research Scientist,2,Divorced,3537,23737,5,Y,No,12,3,4,80,1,8,1,3,4,2,1,2,Suhana Yohannan,HR,Employee Relations,64,73.39,84.63,4.2,89.47,44,4.5,21,No
34,No,Travel_Rarely,1157,Research & Development,5,2,Medical,1,1696,2,Male,57,2,2,Laboratory Technician,4,Married,3986,11912,1,Y,No,14,3,3,80,1,15,3,4,15,10,4,13,Mohanlal Boase,Sales,Business Development,87,92.46,93.54,3.4,79.73,41,4.7,28,Yes
60,No,Travel_Rarely,370,Research & Development,1,4,Medical,1,1697,3,Male,92,1,3,Healthcare Representative,4,Divorced,10883,20467,3,Y,No,20,4,3,80,1,19,2,4,1,0,0,0,Yasmin Sodhi,IT,Data Analyst,92,86.24,76.66,4.8,79.7,55,3.5,11,No
33,No,Travel_Rarely,267,Research & Development,21,3,Medical,1,1698,2,Male,79,4,1,Laboratory Technician,2,Married,2028,13637,1,Y,No,18,3,4,80,3,14,6,3,14,11,2,13,Manjari Bhargava,Sales,Sales Executive,58,94.99,99.09,3.5,85.58,44,4.0,25,No
37,No,Travel_Frequently,1278,Sales,1,4,Medical,1,1700,3,Male,31,1,2,Sales Executive,4,Divorced,9525,7677,1,Y,No,14,3,3,80,2,6,2,2,6,3,1,3,Heer Sinha,Sales,Business Development,60,74.17,95.69,3.1,77.25,35,4.1,21,No
34,No,Travel_Rarely,678,Research & Development,19,3,Life Sciences,1,1701,2,Female,35,2,1,Research Scientist,4,Married,2929,20338,1,Y,No,12,3,2,80,0,10,3,3,10,9,8,7,Hansh Karan,Marketing,SEO Specialist,50,85.45,96.03,4.0,92.06,37,3.3,1,No
23,Yes,Travel_Rarely,427,Sales,7,3,Life Sciences,1,1702,3,Male,99,3,1,Sales Representative,4,Divorced,2275,25103,1,Y,Yes,21,4,2,80,1,3,2,3,3,2,0,2,Madhup Goda,Marketing,Content Strategist,68,62.57,81.28,4.0,79.97,40,3.4,5,No
44,No,Travel_Rarely,921,Research & Development,2,3,Life Sciences,1,1703,3,Female,96,4,3,Healthcare Representative,4,Married,7879,14810,1,Y,Yes,19,3,2,80,1,9,2,3,8,7,6,7,Taran Srivastava,HR,HR Manager,64,79.49,97.49,4.6,81.0,44,3.6,2,No
35,No,Travel_Frequently,146,Research & Development,2,4,Medical,1,1704,1,Male,79,2,1,Research Scientist,4,Single,4930,13970,0,Y,Yes,14,3,3,80,0,6,2,4,5,4,1,4,Anahita Kala,Marketing,Content Strategist,53,87.12,88.02,4.6,98.95,38,3.2,26,No
43,No,Travel_Rarely,1179,Sales,2,3,Medical,1,1706,4,Male,73,3,2,Sales Executive,4,Married,7847,6069,1,Y,Yes,17,3,1,80,1,10,3,3,10,9,8,8,Priyansh Dua,Finance,Financial Analyst,76,80.11,91.63,3.6,95.74,46,3.8,3,No
24,No,Travel_Rarely,581,Research & Development,9,3,Medical,1,1707,3,Male,62,4,1,Research Scientist,3,Married,4401,17616,1,Y,No,16,3,4,80,1,5,1,3,5,3,0,4,Tushar Dyal,Finance,Financial Analyst,80,76.13,86.34,4.4,79.46,54,3.1,7,No
41,No,Travel_Rarely,918,Sales,6,3,Marketing,1,1708,4,Male,35,3,3,Sales Executive,3,Single,9241,15869,1,Y,No,12,3,2,80,0,10,3,3,10,8,8,7,Aarush Anand,HR,HR Manager,79,61.37,82.4,4.7,96.87,50,3.6,8,No
29,No,Travel_Rarely,1082,Research & Development,9,4,Medical,1,1709,4,Female,43,3,1,Laboratory Technician,3,Married,2974,25412,9,Y,No,17,3,3,80,1,9,2,3,5,3,1,2,Prerak Buch,Sales,Sales Executive,71,61.56,96.52,4.5,98.67,43,3.4,3,No
36,No,Travel_Rarely,530,Sales,2,4,Life Sciences,1,1710,3,Female,51,3,2,Sales Representative,4,Single,4502,7439,3,Y,No,15,3,3,80,0,17,2,2,13,7,6,7,Yashvi Sankar,HR,Recruitment Specialist,80,88.43,91.56,3.5,72.21,51,3.5,18,No
45,No,Non-Travel,1238,Research & Development,1,1,Life Sciences,1,1712,3,Male,74,2,3,Healthcare Representative,3,Married,10748,3395,3,Y,No,23,4,4,80,1,25,3,2,23,15,14,4,Chirag Som,Sales,Sales Executive,99,90.84,98.9,5.0,84.75,52,4.1,19,Yes
24,Yes,Travel_Rarely,240,Human Resources,22,1,Human Resources,1,1714,4,Male,58,1,1,Human Resources,3,Married,1555,11585,1,Y,No,11,3,3,80,1,1,2,3,1,0,0,0,Purab Borah,Sales,Account Manager,59,70.77,96.19,3.9,86.54,50,3.0,22,No
47,Yes,Travel_Frequently,1093,Sales,9,3,Life Sciences,1,1716,3,Male,82,1,4,Sales Executive,3,Married,12936,24164,7,Y,No,11,3,3,80,0,25,3,1,23,5,14,10,Vanya Baria,Sales,Sales Executive,62,88.43,76.64,4.4,86.07,40,4.2,10,No
26,No,Travel_Rarely,390,Research & Development,17,4,Medical,1,1718,4,Male,62,1,1,Laboratory Technician,3,Married,2305,6217,1,Y,No,15,3,3,80,3,3,3,4,3,2,0,2,Saksham Lad,IT,Software Engineer,62,91.63,92.08,3.7,84.15,45,4.4,17,No
45,No,Travel_Rarely,1005,Research & Development,28,2,Technical Degree,1,1719,4,Female,48,2,4,Research Director,2,Single,16704,17119,1,Y,No,11,3,3,80,0,21,2,3,21,6,8,6,Baiju Baria,Sales,Account Manager,58,79.87,92.64,4.5,75.94,54,3.4,7,No
32,No,Travel_Frequently,585,Research & Development,10,3,Life Sciences,1,1720,1,Male,56,3,1,Research Scientist,3,Married,3433,17360,6,Y,No,13,3,1,80,1,10,3,2,5,2,1,3,Hazel Babu,HR,Recruitment Specialist,95,70.47,81.41,3.4,78.27,36,3.5,28,No
31,No,Travel_Rarely,741,Research & Development,2,4,Life Sciences,1,1721,2,Male,69,3,1,Laboratory Technician,3,Married,3477,18103,1,Y,No,14,3,4,80,1,6,2,4,5,2,0,3,Dhruv Srinivas,Finance,Financial Analyst,63,88.41,94.44,4.4,82.85,45,4.4,0,No
41,No,Non-Travel,552,Human Resources,4,3,Human Resources,1,1722,3,Male,60,1,2,Human Resources,2,Married,6430,20794,6,Y,No,19,3,2,80,1,10,4,3,3,2,1,2,Neelofar Sunder,Marketing,Marketing Executive,79,89.14,85.18,4.9,73.88,36,3.0,2,No
40,No,Travel_Rarely,369,Research & Development,8,2,Life Sciences,1,1724,2,Female,92,3,2,Manufacturing Director,1,Married,6516,5041,2,Y,Yes,16,3,2,80,1,18,3,3,1,0,0,0,Ivana Brahmbhatt,IT,Cybersecurity Specialist,69,70.93,98.84,3.8,96.23,44,4.2,9,No
24,No,Travel_Rarely,506,Research & Development,29,1,Medical,1,1725,2,Male,91,3,1,Laboratory Technician,1,Divorced,3907,3622,1,Y,No,13,3,2,80,3,6,2,4,6,2,1,2,Nehmat Dugar,HR,HR Manager,55,83.07,83.26,4.5,75.92,55,5.0,28,No
46,No,Travel_Rarely,717,Research & Development,13,4,Life Sciences,1,1727,3,Male,34,3,2,Healthcare Representative,2,Single,5562,9697,6,Y,No,14,3,4,80,0,19,3,3,10,7,0,9,Vihaan Samra,IT,Software Engineer,66,80.41,98.32,4.6,89.22,52,3.2,5,No
35,No,Travel_Rarely,1370,Research & Development,27,4,Life Sciences,1,1728,4,Male,49,3,2,Manufacturing Director,3,Married,6883,5151,2,Y,No,16,3,2,80,1,17,3,3,7,7,0,7,Divyansh Batta,Marketing,Marketing Executive,55,82.72,81.21,4.5,95.34,43,3.8,4,No
30,No,Travel_Rarely,793,Research & Development,16,1,Life Sciences,1,1729,2,Male,33,3,1,Research Scientist,4,Married,2862,3811,1,Y,No,12,3,2,80,1,10,2,2,10,0,0,8,Adira Chakraborty,IT,Cybersecurity Specialist,51,81.35,82.69,4.3,76.95,47,4.6,5,No
47,No,Non-Travel,543,Sales,2,4,Marketing,1,1731,3,Male,87,3,2,Sales Executive,2,Married,4978,3536,7,Y,No,11,3,4,80,1,4,3,1,1,0,0,0,Tiya Rajagopal,Marketing,Content Strategist,76,75.33,77.18,3.9,83.79,50,3.8,10,No
46,No,Travel_Rarely,1277,Sales,2,3,Life Sciences,1,1732,3,Male,74,3,3,Sales Executive,4,Divorced,10368,5596,4,Y,Yes,12,3,2,80,1,13,5,2,10,6,0,3,Taimur Mander,IT,Cybersecurity Specialist,58,89.27,81.54,4.5,98.01,37,3.1,13,No
36,Yes,Travel_Rarely,1456,Sales,13,5,Marketing,1,1733,2,Male,96,2,2,Sales Executive,1,Divorced,6134,8658,5,Y,Yes,13,3,2,80,3,16,3,3,2,2,2,2,Alia Shan,Sales,Account Manager,91,69.14,87.89,3.8,88.58,53,3.9,25,No
32,Yes,Travel_Rarely,964,Sales,1,2,Life Sciences,1,1734,1,Male,34,1,2,Sales Executive,2,Single,6735,12147,6,Y,No,15,3,2,80,0,10,2,3,0,0,0,0,Manikya Ben,IT,Software Engineer,72,67.13,76.85,4.6,93.58,37,3.2,21,No
23,No,Travel_Rarely,160,Research & Development,4,1,Medical,1,1735,3,Female,51,3,1,Laboratory Technician,2,Single,3295,12862,1,Y,No,13,3,3,80,0,3,3,1,3,2,1,2,Neysa Chana,Finance,Financial Analyst,92,83.87,94.54,4.0,92.93,35,4.6,25,Yes
31,No,Travel_Frequently,163,Research & Development,24,1,Technical Degree,1,1736,4,Female,30,3,2,Manufacturing Director,4,Single,5238,6670,2,Y,No,20,4,4,80,0,9,3,2,5,4,1,4,Aarush Wagle,Sales,Sales Executive,96,62.39,76.2,3.5,72.24,40,4.8,15,Yes
39,No,Non-Travel,792,Research & Development,1,3,Life Sciences,1,1737,4,Male,77,3,2,Laboratory Technician,4,Married,6472,8989,1,Y,Yes,15,3,4,80,1,9,2,3,9,8,5,8,Sana Dalal,IT,Cybersecurity Specialist,88,66.58,78.86,3.1,89.1,38,4.7,6,Yes
32,No,Travel_Rarely,371,Sales,19,3,Life Sciences,1,1739,4,Male,80,1,3,Sales Executive,3,Married,9610,3840,3,Y,No,13,3,3,80,1,10,2,1,4,3,0,2,Shray Manda,Finance,Financial Analyst,75,62.55,81.15,3.1,70.64,53,4.2,1,No
40,No,Travel_Rarely,611,Sales,7,4,Medical,1,1740,2,Male,88,3,5,Manager,2,Single,19833,4349,1,Y,No,14,3,2,80,0,21,3,2,21,8,12,8,Mamooty Virk,Finance,Accountant,63,62.32,80.88,3.1,88.74,50,4.5,29,No
45,No,Travel_Rarely,176,Human Resources,4,3,Life Sciences,1,1744,3,Female,56,1,3,Human Resources,3,Married,9756,6595,4,Y,No,21,4,3,80,2,9,2,4,5,0,0,3,Aaryahi Bhandari,Sales,Sales Executive,65,86.84,78.45,4.2,86.9,46,3.5,10,No
30,No,Travel_Frequently,1312,Research & Development,2,4,Technical Degree,1,1745,4,Female,78,2,1,Research Scientist,1,Single,4968,26427,0,Y,No,16,3,4,80,0,10,2,3,9,7,0,7,Taran Divan,Marketing,SEO Specialist,62,86.86,86.53,4.1,97.33,46,4.9,0,No
24,No,Travel_Frequently,897,Human Resources,10,3,Medical,1,1746,1,Male,59,3,1,Human Resources,4,Married,2145,2097,0,Y,No,14,3,4,80,1,3,2,3,2,2,2,1,Saksham Chand,Marketing,SEO Specialist,90,70.04,76.39,3.9,75.33,37,4.1,9,Yes
30,Yes,Travel_Frequently,600,Human Resources,8,3,Human Resources,1,1747,3,Female,66,2,1,Human Resources,4,Divorced,2180,9732,6,Y,No,11,3,3,80,1,6,0,2,4,2,1,2,Abram Bahri,HR,HR Manager,52,94.01,88.47,3.3,80.48,47,3.8,13,No
31,No,Travel_Rarely,1003,Sales,5,3,Technical Degree,1,1749,1,Male,51,3,2,Sales Executive,3,Married,8346,20943,1,Y,No,19,3,3,80,1,6,3,3,5,2,0,2,Hiran Mahajan,Sales,Account Manager,78,62.95,79.62,4.9,84.39,43,3.7,27,No
27,No,Travel_Rarely,1054,Research & Development,8,3,Medical,1,1751,3,Female,67,3,1,Research Scientist,4,Single,3445,6152,1,Y,No,11,3,3,80,0,6,5,2,6,2,1,4,Bhavin Savant,Sales,Sales Executive,80,60.62,79.71,4.3,83.08,36,3.8,21,No
29,Yes,Travel_Rarely,428,Sales,9,3,Marketing,1,1752,2,Female,52,1,1,Sales Representative,2,Single,2760,14630,1,Y,No,13,3,3,80,0,2,3,3,2,2,2,2,Baiju Issac,Marketing,Content Strategist,98,61.93,75.75,3.7,73.59,37,3.8,20,No
29,No,Travel_Frequently,461,Research & Development,1,3,Life Sciences,1,1753,4,Male,70,4,2,Healthcare Representative,3,Single,6294,23060,8,Y,Yes,12,3,4,80,0,10,5,4,3,2,0,2,Dhanuk Roy,Sales,Account Manager,67,73.56,87.41,3.4,83.74,55,4.3,10,No
30,No,Travel_Rarely,979,Sales,15,2,Marketing,1,1754,3,Male,94,2,3,Sales Executive,1,Divorced,7140,3088,2,Y,No,11,3,1,80,1,12,2,3,7,7,1,7,Tarini Deo,Sales,Sales Executive,80,76.85,98.94,4.3,93.5,45,4.8,26,No
34,No,Travel_Rarely,181,Research & Development,2,4,Medical,1,1755,4,Male,97,4,1,Research Scientist,4,Married,2932,5586,0,Y,Yes,14,3,1,80,3,6,3,3,5,0,1,2,Dhruv Devi,Finance,Accountant,80,73.07,98.99,3.6,79.75,39,4.2,22,No
33,No,Non-Travel,1283,Sales,2,3,Marketing,1,1756,4,Female,62,3,2,Sales Executive,2,Single,5147,10697,8,Y,No,15,3,4,80,0,13,2,2,11,7,1,7,Jivika Dube,Sales,Business Development,95,91.57,99.9,3.2,98.03,44,3.9,22,No
49,No,Travel_Rarely,1313,Sales,11,4,Marketing,1,1757,4,Female,80,3,2,Sales Executive,4,Single,4507,8191,3,Y,No,12,3,3,80,0,8,1,4,5,1,0,4,Rania Wali,HR,HR Manager,87,80.77,91.48,4.4,91.9,39,3.7,0,No
33,Yes,Travel_Rarely,211,Sales,16,3,Life Sciences,1,1758,1,Female,74,3,3,Sales Executive,1,Single,8564,10092,2,Y,Yes,20,4,3,80,0,11,2,2,0,0,0,0,Jayan Borah,Marketing,Content Strategist,86,64.12,86.85,4.3,80.67,42,4.9,12,Yes
38,No,Travel_Frequently,594,Research & Development,2,2,Medical,1,1760,3,Female,75,2,1,Laboratory Technician,2,Married,2468,15963,4,Y,No,14,3,2,80,1,9,4,2,6,1,0,5,Indranil Singh,IT,Data Analyst,79,89.21,94.8,4.2,79.29,51,4.5,14,No
31,Yes,Travel_Rarely,1079,Sales,16,4,Marketing,1,1761,1,Male,70,3,3,Sales Executive,3,Married,8161,19002,2,Y,No,13,3,1,80,3,10,2,3,1,0,0,0,Divyansh Bobal,Marketing,Marketing Executive,64,85.06,88.6,4.1,81.81,38,5.0,4,No
29,No,Travel_Rarely,590,Research & Development,4,3,Technical Degree,1,1762,4,Female,91,2,1,Research Scientist,1,Divorced,2109,10007,1,Y,No,13,3,3,80,1,1,2,3,1,0,0,0,Riya Lad,Marketing,Content Strategist,70,80.64,86.24,3.9,78.1,45,4.8,13,No
30,No,Travel_Rarely,305,Research & Development,16,3,Life Sciences,1,1763,3,Male,58,4,2,Healthcare Representative,3,Married,5294,9128,3,Y,No,16,3,3,80,1,10,3,3,7,0,1,7,Raghav Sarkar,Sales,Account Manager,59,72.5,80.69,4.6,74.64,45,3.3,21,No
32,No,Non-Travel,953,Research & Development,5,4,Technical Degree,1,1764,2,Male,65,3,1,Research Scientist,2,Single,2718,17674,2,Y,No,14,3,2,80,0,12,3,3,7,7,0,7,Ivan Bajaj,Finance,Auditor,65,61.74,93.01,3.5,70.6,55,4.1,23,No
38,No,Travel_Rarely,833,Research & Development,18,3,Medical,1,1766,2,Male,60,1,2,Healthcare Representative,4,Married,5811,24539,3,Y,Yes,16,3,3,80,1,15,2,3,1,0,1,0,Oorja Banik,HR,Employee Relations,51,66.78,76.07,3.3,96.74,45,4.9,11,No
43,Yes,Travel_Frequently,807,Research & Development,17,3,Technical Degree,1,1767,3,Male,38,2,1,Research Scientist,3,Married,2437,15587,9,Y,Yes,16,3,4,80,1,6,4,3,1,0,0,0,Parinaaz Sengupta,Marketing,Marketing Executive,56,69.99,83.24,4.7,87.37,41,3.6,15,No
42,No,Travel_Rarely,855,Research & Development,12,3,Medical,1,1768,2,Male,57,3,1,Laboratory Technician,2,Divorced,2766,8952,8,Y,No,22,4,2,80,3,7,6,2,5,3,0,4,Sana Apte,Finance,Auditor,99,70.44,96.99,4.7,94.95,36,3.3,22,No
55,No,Travel_Rarely,478,Research & Development,2,3,Medical,1,1770,3,Male,60,2,5,Research Director,1,Married,19038,19805,8,Y,No,12,3,2,80,3,34,2,3,1,0,0,0,Mishti Kara,HR,HR Manager,92,89.27,96.6,3.1,98.36,40,4.7,3,Yes
33,No,Non-Travel,775,Research & Development,4,3,Technical Degree,1,1771,4,Male,90,3,2,Research Scientist,2,Divorced,3055,6194,5,Y,No,15,3,4,80,2,11,2,2,9,8,1,7,Jivika Talwar,Finance,Financial Analyst,55,81.78,87.17,3.3,71.38,38,3.5,12,No
41,No,Travel_Rarely,548,Research & Development,9,4,Life Sciences,1,1772,3,Male,94,3,1,Laboratory Technician,1,Divorced,2289,20520,1,Y,No,20,4,2,80,2,5,2,3,5,3,0,4,Nehmat Bali,Finance,Auditor,94,75.79,85.01,4.5,74.44,46,3.5,18,No
34,No,Non-Travel,1375,Sales,10,3,Life Sciences,1,1774,4,Male,87,3,2,Sales Executive,3,Divorced,4001,12313,1,Y,Yes,14,3,3,80,1,15,3,3,15,14,0,7,Jayesh Srivastava,Sales,Business Development,53,76.01,97.84,3.1,88.01,51,4.7,28,No
53,No,Non-Travel,661,Research & Development,1,4,Medical,1,1775,1,Female,60,2,4,Manufacturing Director,3,Married,12965,22308,4,Y,Yes,20,4,4,80,3,27,2,2,3,2,0,2,Gatik Batta,IT,Cybersecurity Specialist,65,60.69,94.65,3.0,91.8,43,3.5,18,No
43,No,Travel_Rarely,244,Human Resources,2,3,Life Sciences,1,1778,2,Male,97,3,1,Human Resources,4,Single,3539,5033,0,Y,No,13,3,2,80,0,10,5,3,9,7,1,8,Anay Sur,IT,Data Analyst,57,70.64,85.62,3.6,73.93,42,3.6,4,No
34,No,Travel_Rarely,511,Sales,3,2,Life Sciences,1,1779,4,Female,32,1,2,Sales Executive,4,Single,6029,25353,5,Y,No,12,3,1,80,0,6,3,3,2,2,2,2,Dhruv Lad,Finance,Accountant,53,77.12,76.64,3.5,97.64,37,4.4,15,No
21,Yes,Travel_Rarely,337,Sales,7,1,Marketing,1,1780,2,Male,31,3,1,Sales Representative,2,Single,2679,4567,1,Y,No,13,3,2,80,0,1,3,3,1,0,1,0,Seher Kala,HR,Employee Relations,53,79.23,98.62,3.8,81.39,44,3.2,30,No
38,No,Travel_Rarely,1153,Research & Development,6,2,Other,1,1782,4,Female,40,2,1,Laboratory Technician,3,Married,3702,16376,1,Y,No,11,3,2,80,1,5,3,3,5,4,0,4,Saanvi Walia,Finance,Financial Analyst,58,71.98,79.6,3.5,76.95,36,3.6,6,No
22,Yes,Travel_Rarely,1294,Research & Development,8,1,Medical,1,1783,3,Female,79,3,1,Laboratory Technician,1,Married,2398,15999,1,Y,Yes,17,3,3,80,0,1,6,3,1,0,0,0,Ryan Amble,Sales,Account Manager,85,64.99,80.11,4.9,73.61,42,4.1,24,No
31,No,Travel_Rarely,196,Sales,29,4,Marketing,1,1784,1,Female,91,2,2,Sales Executive,4,Married,5468,13402,1,Y,No,14,3,1,80,2,13,3,3,12,7,5,7,Alia Vyas,Marketing,SEO Specialist,70,94.43,93.67,4.6,83.27,38,3.6,2,No
51,No,Travel_Rarely,942,Research & Development,3,3,Technical Degree,1,1786,1,Female,53,3,3,Manager,3,Married,13116,22984,2,Y,No,11,3,4,80,0,15,2,3,2,2,2,2,Kismat Basak,IT,Data Analyst,70,87.26,99.18,4.2,88.71,38,3.5,14,No
37,No,Travel_Rarely,589,Sales,9,2,Marketing,1,1787,2,Male,46,2,2,Sales Executive,2,Married,4189,8800,1,Y,No,14,3,1,80,2,5,2,3,5,2,0,3,Khushi Sehgal,Marketing,Content Strategist,62,87.73,75.64,4.2,95.44,47,4.1,1,No
46,No,Travel_Rarely,734,Research & Development,2,4,Medical,1,1789,3,Male,46,3,5,Research Director,4,Divorced,19328,14218,7,Y,Yes,17,3,3,80,1,24,3,3,2,1,2,2,Advika Mani,HR,Recruitment Specialist,53,89.26,91.59,4.6,72.87,35,4.3,13,No
36,No,Travel_Rarely,1383,Research & Development,10,3,Life Sciences,1,1790,4,Male,90,3,3,Healthcare Representative,1,Married,8321,25949,7,Y,Yes,13,3,4,80,1,15,1,3,12,8,5,7,Kartik Basu,Marketing,Marketing Executive,81,94.98,89.72,4.3,80.63,41,4.0,24,No
44,Yes,Travel_Frequently,429,Research & Development,1,2,Medical,1,1792,3,Male,99,3,1,Research Scientist,2,Divorced,2342,11092,1,Y,Yes,12,3,3,80,3,6,2,2,5,3,2,3,Onkar Dara,HR,Recruitment Specialist,96,81.56,92.17,4.8,92.74,40,4.9,17,Yes
37,No,Travel_Rarely,1239,Human Resources,8,2,Other,1,1794,3,Male,89,3,2,Human Resources,2,Divorced,4071,12832,2,Y,No,13,3,3,80,0,19,4,2,10,0,4,7,Suhana Dube,HR,Recruitment Specialist,69,71.91,90.09,3.3,76.49,47,3.7,5,No
35,Yes,Travel_Rarely,303,Sales,27,3,Life Sciences,1,1797,3,Male,84,3,2,Sales Executive,4,Single,5813,13492,1,Y,Yes,18,3,4,80,0,10,2,3,10,7,7,7,Misha Bail,IT,Software Engineer,66,76.72,88.43,4.0,86.11,41,4.6,6,No
33,No,Travel_Rarely,867,Research & Development,8,4,Life Sciences,1,1798,4,Male,90,4,1,Research Scientist,1,Married,3143,6076,6,Y,No,19,3,2,80,1,14,1,3,10,8,7,6,Alia Chana,HR,HR Manager,89,64.69,84.51,3.0,94.85,37,3.4,10,No
28,No,Travel_Rarely,1181,Research & Development,1,3,Life Sciences,1,1799,3,Male,82,3,1,Research Scientist,4,Married,2044,5531,1,Y,No,11,3,3,80,1,5,6,4,5,3,0,3,Oorja Gour,Finance,Auditor,67,71.85,98.15,4.5,92.87,39,4.8,15,No
39,No,Travel_Rarely,1253,Research & Development,10,1,Medical,1,1800,3,Male,65,3,3,Research Director,3,Single,13464,7914,7,Y,No,21,4,3,80,0,9,3,3,4,3,2,2,Siya Lanka,Sales,Account Manager,82,75.65,83.76,4.5,94.95,35,3.2,28,No
46,No,Non-Travel,849,Sales,26,2,Life Sciences,1,1801,2,Male,98,2,2,Sales Executive,2,Single,7991,25166,8,Y,No,15,3,3,80,0,6,3,3,2,2,2,2,Zara Arora,Finance,Financial Analyst,87,72.05,91.58,5.0,80.35,55,3.9,26,No
40,No,Travel_Rarely,616,Research & Development,2,2,Life Sciences,1,1802,3,Female,99,3,1,Laboratory Technician,1,Married,3377,25605,4,Y,No,17,3,4,80,1,7,5,2,4,3,0,2,Sara Kamdar,IT,Data Analyst,66,94.01,94.25,4.4,75.91,52,3.1,17,No
42,No,Travel_Rarely,1128,Research & Development,13,3,Medical,1,1803,2,Male,95,4,2,Healthcare Representative,1,Married,5538,5696,5,Y,No,18,3,3,80,2,10,2,2,0,0,0,0,Pari Krish,Marketing,Content Strategist,80,72.35,85.73,4.2,99.47,46,3.1,4,No
35,No,Non-Travel,1180,Research & Development,2,2,Medical,1,1804,2,Male,90,3,2,Manufacturing Director,4,Divorced,5762,24442,2,Y,No,14,3,3,80,1,15,6,3,7,7,1,7,Hridaan Kapoor,HR,Recruitment Specialist,66,71.87,76.4,4.3,87.99,36,3.4,7,No
38,No,Non-Travel,1336,Human Resources,2,3,Human Resources,1,1805,1,Male,100,3,1,Human Resources,2,Divorced,2592,7129,5,Y,No,13,3,4,80,3,13,3,3,11,10,3,8,Pihu Dua,Marketing,SEO Specialist,98,67.65,81.62,3.5,76.33,49,4.9,12,Yes
34,Yes,Travel_Frequently,234,Research & Development,9,4,Life Sciences,1,1807,4,Male,93,3,2,Laboratory Technician,1,Married,5346,6208,4,Y,No,17,3,3,80,1,11,3,2,7,1,0,7,Dhanush Chaudhary,HR,Employee Relations,56,71.1,80.48,4.5,77.66,53,3.2,19,No
37,Yes,Travel_Rarely,370,Research & Development,10,4,Medical,1,1809,4,Male,58,3,2,Manufacturing Director,1,Single,4213,4992,1,Y,No,15,3,2,80,0,10,4,1,10,3,0,8,Tarini Batta,IT,Cybersecurity Specialist,83,77.4,86.09,3.9,84.31,49,4.8,2,No
39,No,Travel_Frequently,766,Sales,20,3,Life Sciences,1,1812,3,Male,83,3,2,Sales Executive,4,Divorced,4127,19188,2,Y,No,18,3,4,80,1,7,6,3,2,1,2,2,Shanaya Borra,HR,HR Manager,95,73.62,81.12,3.8,86.89,36,4.5,30,Yes
43,No,Non-Travel,343,Research & Development,9,3,Life Sciences,1,1813,1,Male,52,3,1,Research Scientist,3,Single,2438,24978,4,Y,No,13,3,3,80,0,7,2,2,3,2,1,2,Shaan Wadhwa,Marketing,Content Strategist,56,75.49,96.85,4.0,80.04,44,3.5,11,No
41,No,Travel_Rarely,447,Research & Development,5,3,Life Sciences,1,1814,2,Male,85,4,2,Healthcare Representative,2,Single,6870,15530,3,Y,No,12,3,1,80,0,11,3,1,3,2,1,2,Nayantara Hora,Marketing,Marketing Executive,53,94.03,90.92,5.0,98.71,36,3.0,6,No
41,No,Travel_Rarely,796,Sales,4,1,Marketing,1,1815,3,Female,81,3,3,Sales Executive,3,Divorced,10447,26458,0,Y,Yes,13,3,4,80,1,23,3,4,22,14,13,5,Taran Chahal,HR,HR Manager,57,73.04,86.14,4.3,93.1,42,4.7,18,No
30,No,Travel_Rarely,1092,Research & Development,10,3,Medical,1,1816,1,Female,64,3,3,Manufacturing Director,3,Single,9667,2739,9,Y,No,14,3,2,80,0,9,3,3,7,7,0,2,Kismat Badami,HR,HR Manager,56,93.25,87.21,4.5,80.48,39,4.4,1,No
26,Yes,Travel_Rarely,920,Human Resources,20,2,Medical,1,1818,4,Female,69,3,1,Human Resources,2,Married,2148,6889,0,Y,Yes,11,3,3,80,0,6,3,3,5,1,1,4,Stuvan Viswanathan,Marketing,Content Strategist,84,92.99,83.05,4.5,76.37,39,5.0,8,No
46,Yes,Travel_Rarely,261,Research & Development,21,2,Medical,1,1821,4,Female,66,3,2,Healthcare Representative,2,Married,8926,10842,4,Y,No,22,4,4,80,1,13,2,4,9,7,3,7,Kimaya Basu,Finance,Financial Analyst,92,94.51,78.42,3.5,90.0,36,3.7,6,No
40,No,Travel_Rarely,1194,Research & Development,1,3,Life Sciences,1,1822,3,Female,52,3,2,Healthcare Representative,4,Divorced,6513,9060,4,Y,No,17,3,4,80,1,12,3,3,5,3,0,3,Hunar Bhattacharyya,Finance,Accountant,86,85.0,94.63,3.8,94.7,38,3.8,14,No
34,No,Travel_Rarely,810,Sales,8,2,Technical Degree,1,1823,2,Male,92,4,2,Sales Executive,3,Married,6799,22128,1,Y,No,21,4,3,80,2,10,5,3,10,8,4,8,Arnav Bahl,Marketing,Marketing Executive,69,91.03,90.26,3.6,84.23,51,3.0,13,No
58,No,Non-Travel,350,Sales,2,3,Medical,1,1824,2,Male,52,3,4,Manager,2,Divorced,16291,22577,4,Y,No,22,4,4,80,1,37,0,2,16,9,14,14,Kashvi Sood,Sales,Account Manager,78,94.43,82.67,3.2,73.3,42,3.4,17,No
35,No,Travel_Rarely,185,Research & Development,23,4,Medical,1,1826,2,Male,91,1,1,Laboratory Technician,3,Married,2705,9696,0,Y,No,16,3,2,80,1,6,2,4,5,4,0,3,Yuvraj  Sinha,HR,HR Manager,51,88.61,85.15,4.5,73.2,39,4.3,12,No
47,No,Travel_Rarely,1001,Research & Development,4,3,Life Sciences,1,1827,3,Female,92,2,3,Manufacturing Director,2,Divorced,10333,19271,8,Y,Yes,12,3,3,80,1,28,4,3,22,11,14,10,Nayantara Ranganathan,Finance,Auditor,55,90.61,80.08,4.7,97.45,54,3.2,16,No
40,No,Travel_Rarely,750,Research & Development,12,3,Life Sciences,1,1829,2,Female,47,3,2,Healthcare Representative,1,Divorced,4448,10748,2,Y,No,12,3,2,80,1,15,3,3,7,4,7,7,Aaryahi Gaba,Marketing,SEO Specialist,60,63.05,85.97,4.5,84.94,44,4.2,30,No
54,No,Travel_Rarely,431,Research & Development,7,4,Medical,1,1830,4,Female,68,3,2,Research Scientist,4,Married,6854,15696,4,Y,No,15,3,2,80,1,14,2,2,7,1,1,7,Tiya Cheema,Finance,Accountant,81,83.33,78.66,4.3,91.83,51,5.0,7,No
31,No,Travel_Frequently,1125,Sales,7,4,Marketing,1,1833,1,Female,68,3,3,Sales Executive,1,Married,9637,8277,2,Y,No,14,3,4,80,2,9,3,3,3,2,2,2,Mishti Vala,Sales,Business Development,66,63.78,99.71,3.3,81.08,45,4.5,7,No
28,No,Travel_Rarely,1217,Research & Development,1,3,Medical,1,1834,3,Female,67,3,1,Research Scientist,1,Married,3591,12719,1,Y,No,25,4,3,80,1,3,3,3,3,2,1,2,Madhup Thaman,Finance,Auditor,87,67.49,92.71,3.3,73.17,43,4.4,29,Yes
38,No,Travel_Rarely,723,Sales,2,4,Marketing,1,1835,2,Female,77,1,2,Sales Representative,4,Married,5405,4244,2,Y,Yes,20,4,1,80,2,20,4,2,4,2,0,3,Aniruddh Dada,Marketing,SEO Specialist,63,89.66,78.05,4.5,77.49,35,3.5,2,No
26,No,Travel_Rarely,572,Sales,10,3,Medical,1,1836,3,Male,46,3,2,Sales Executive,4,Single,4684,9125,1,Y,No,13,3,1,80,0,5,4,3,5,3,1,2,Tiya Bumb,IT,Cybersecurity Specialist,50,68.15,88.6,4.6,98.15,53,4.2,23,No
58,No,Travel_Frequently,1216,Research & Development,15,4,Life Sciences,1,1837,1,Male,87,3,4,Research Director,3,Married,15787,21624,2,Y,Yes,14,3,2,80,0,23,3,3,2,2,2,2,Rohan Hegde,Marketing,Content Strategist,52,64.67,88.17,5.0,81.16,43,4.3,24,No
18,No,Non-Travel,1431,Research & Development,14,3,Medical,1,1839,2,Female,33,3,1,Research Scientist,3,Single,1514,8018,1,Y,No,16,3,3,80,0,0,4,1,0,0,0,0,Dhanuk Goda,Marketing,Content Strategist,69,78.31,91.99,3.6,73.42,39,4.9,3,No
31,Yes,Travel_Rarely,359,Human Resources,18,5,Human Resources,1,1842,4,Male,89,4,1,Human Resources,1,Married,2956,21495,0,Y,No,17,3,3,80,0,2,4,3,1,0,0,0,Pranay Bala,HR,Employee Relations,91,87.99,82.15,4.2,71.9,54,3.1,18,No
29,Yes,Travel_Rarely,350,Human Resources,13,3,Human Resources,1,1844,1,Male,56,2,1,Human Resources,1,Divorced,2335,3157,4,Y,Yes,15,3,4,80,3,4,3,3,2,2,2,0,Tanya Saha,HR,HR Manager,80,61.56,96.99,5.0,85.23,54,4.0,12,No
45,No,Non-Travel,589,Sales,2,4,Life Sciences,1,1845,3,Female,67,3,2,Sales Executive,3,Married,5154,19665,4,Y,No,22,4,2,80,2,10,3,4,8,7,5,7,Saanvi Bansal,IT,Data Analyst,92,60.71,89.34,3.4,92.13,52,3.2,15,No
36,No,Travel_Rarely,430,Research & Development,2,4,Other,1,1847,4,Female,73,3,2,Research Scientist,2,Married,6962,19573,4,Y,Yes,22,4,4,80,1,15,2,3,1,0,0,0,Nehmat Butala,Sales,Sales Executive,72,89.08,91.16,4.3,80.46,48,3.3,25,No
43,No,Travel_Frequently,1422,Sales,2,4,Life Sciences,1,1849,1,Male,92,3,2,Sales Executive,4,Married,5675,19246,1,Y,No,20,4,3,80,1,7,5,3,7,7,7,7,Sana Raval,Sales,Business Development,94,84.71,94.64,3.8,70.92,47,3.6,2,No
27,No,Travel_Frequently,1297,Research & Development,5,2,Life Sciences,1,1850,4,Female,53,3,1,Laboratory Technician,4,Single,2379,19826,0,Y,Yes,14,3,3,80,0,6,3,2,5,4,0,2,Himmat Banik,Sales,Account Manager,90,67.68,85.5,3.4,82.46,47,4.0,15,No
29,No,Travel_Frequently,574,Research & Development,20,1,Medical,1,1852,4,Male,40,3,1,Laboratory Technician,4,Married,3812,7003,1,Y,No,13,3,2,80,0,11,3,4,11,8,3,10,Riya Dara,IT,Data Analyst,73,80.77,78.75,3.9,90.24,50,3.3,21,No
32,No,Travel_Frequently,1318,Sales,10,4,Marketing,1,1853,4,Male,79,3,2,Sales Executive,4,Single,4648,26075,8,Y,No,13,3,3,80,0,4,2,4,0,0,0,0,Trisha Ghosh,Finance,Auditor,98,73.2,83.32,5.0,95.17,35,4.3,30,Yes
42,No,Non-Travel,355,Research & Development,10,4,Technical Degree,1,1854,3,Male,38,3,1,Research Scientist,3,Married,2936,6161,3,Y,No,22,4,2,80,2,10,1,2,6,3,3,3,Siya Kamdar,Marketing,SEO Specialist,99,89.32,95.5,4.5,83.3,35,3.9,22,No
47,No,Travel_Rarely,207,Research & Development,9,4,Life Sciences,1,1856,2,Female,64,3,1,Laboratory Technician,3,Single,2105,5411,4,Y,No,12,3,3,80,0,7,2,3,2,2,2,0,Baiju Gara,Finance,Financial Analyst,95,84.87,82.68,4.6,79.94,47,3.0,4,No
46,No,Travel_Rarely,706,Research & Development,2,2,Life Sciences,1,1857,4,Male,82,3,3,Manufacturing Director,4,Divorced,8578,19989,3,Y,No,14,3,3,80,1,12,4,2,9,8,4,7,Ishaan Lata,Finance,Financial Analyst,58,87.43,98.4,3.4,98.45,45,3.8,1,No
28,No,Non-Travel,280,Human Resources,1,2,Life Sciences,1,1858,3,Male,43,3,1,Human Resources,4,Divorced,2706,10494,1,Y,No,15,3,2,80,1,3,2,3,3,2,2,2,Madhav Bose,HR,Employee Relations,86,71.51,94.62,4.9,71.6,38,4.3,1,Yes
29,No,Travel_Rarely,726,Research & Development,29,1,Life Sciences,1,1859,4,Male,93,1,2,Healthcare Representative,3,Divorced,6384,21143,8,Y,No,17,3,4,80,2,11,3,3,7,0,1,6,Manikya Sekhon,HR,Recruitment Specialist,58,79.1,88.24,3.2,98.34,50,4.6,2,No
42,No,Travel_Rarely,1142,Research & Development,8,3,Life Sciences,1,1860,4,Male,81,3,1,Laboratory Technician,3,Single,3968,13624,4,Y,No,13,3,4,80,0,8,3,3,0,0,0,0,Riaan Madan,IT,Software Engineer,70,92.45,82.8,3.6,96.89,35,3.3,2,No
32,Yes,Travel_Rarely,414,Sales,2,4,Marketing,1,1862,3,Male,82,2,2,Sales Executive,2,Single,9907,26186,7,Y,Yes,12,3,3,80,0,7,3,2,2,2,2,2,Purab Uppal,Sales,Sales Executive,50,79.27,88.51,3.5,92.41,41,3.0,24,No
46,No,Travel_Rarely,1319,Sales,3,3,Technical Degree,1,1863,1,Female,45,4,4,Sales Executive,1,Divorced,13225,7739,2,Y,No,12,3,4,80,1,25,5,3,19,17,2,8,Damini Sarma,Marketing,SEO Specialist,61,75.59,97.04,4.6,86.72,42,4.2,16,No
27,No,Travel_Rarely,728,Sales,23,1,Medical,1,1864,2,Female,36,2,2,Sales Representative,3,Married,3540,7018,1,Y,No,21,4,4,80,1,9,5,3,9,8,5,8,Kaira Doctor,Marketing,SEO Specialist,96,63.88,97.25,5.0,83.76,37,4.8,28,Yes
29,No,Travel_Rarely,352,Human Resources,6,1,Medical,1,1865,4,Male,87,2,1,Human Resources,2,Married,2804,15434,1,Y,No,11,3,4,80,0,1,3,3,1,0,0,0,Aaryahi Chowdhury,Finance,Financial Analyst,86,91.89,76.95,3.9,90.91,48,3.5,22,No
43,No,Travel_Rarely,823,Research & Development,6,3,Medical,1,1866,1,Female,81,2,5,Manager,3,Married,19392,22539,7,Y,No,13,3,4,80,0,21,2,3,16,12,6,14,Kiara Tara,IT,Cybersecurity Specialist,69,91.56,96.85,4.5,96.63,55,4.4,2,No
48,No,Travel_Rarely,1224,Research & Development,10,3,Life Sciences,1,1867,4,Male,91,2,5,Research Director,2,Married,19665,13583,4,Y,No,12,3,4,80,0,29,3,3,22,10,12,9,Abram Randhawa,IT,Cybersecurity Specialist,70,77.88,95.6,3.0,82.62,35,3.2,4,No
29,Yes,Travel_Frequently,459,Research & Development,24,2,Life Sciences,1,1868,4,Male,73,2,1,Research Scientist,4,Single,2439,14753,1,Y,Yes,24,4,2,80,0,1,3,2,1,0,1,0,Rania Shetty,IT,Data Analyst,63,60.1,79.03,4.9,93.83,35,4.8,15,No
46,Yes,Travel_Rarely,1254,Sales,10,3,Life Sciences,1,1869,3,Female,64,3,3,Sales Executive,2,Married,7314,14011,5,Y,No,21,4,3,80,3,14,2,3,8,7,0,7,Indrans Varty,Marketing,SEO Specialist,56,91.92,89.45,4.6,99.73,35,3.5,30,No
27,No,Travel_Frequently,1131,Research & Development,15,3,Life Sciences,1,1870,4,Female,77,2,1,Research Scientist,1,Married,4774,23844,0,Y,No,19,3,4,80,1,8,2,2,7,6,7,3,Kartik Sheth,HR,HR Manager,69,81.67,87.32,3.5,98.73,48,4.9,18,No
39,No,Travel_Rarely,835,Research & Development,19,4,Other,1,1871,4,Male,41,3,2,Research Scientist,4,Divorced,3902,5141,8,Y,No,14,3,2,80,3,7,2,3,2,2,2,2,Samar Wali,Finance,Auditor,66,85.17,89.33,4.8,90.94,37,4.7,27,No
55,No,Travel_Rarely,836,Research & Development,2,4,Technical Degree,1,1873,2,Male,98,2,1,Research Scientist,4,Married,2662,7975,8,Y,No,20,4,2,80,1,19,2,4,5,2,0,4,Pari Buch,Finance,Auditor,83,74.77,75.93,3.5,95.24,36,4.5,25,No
28,No,Travel_Rarely,1172,Sales,3,3,Medical,1,1875,2,Female,78,3,1,Sales Representative,2,Married,2856,3692,1,Y,No,19,3,4,80,1,1,3,3,1,0,0,0,Madhup Sachar,Sales,Account Manager,76,82.02,94.29,3.5,80.89,48,4.4,7,No
30,Yes,Travel_Rarely,945,Sales,9,3,Medical,1,1876,2,Male,89,3,1,Sales Representative,4,Single,1081,16019,1,Y,No,13,3,3,80,0,1,3,2,1,0,0,0,Divij Chatterjee,Marketing,Marketing Executive,82,68.51,82.81,3.8,79.06,48,3.6,17,No
22,Yes,Travel_Rarely,391,Research & Development,7,1,Life Sciences,1,1878,4,Male,75,3,1,Research Scientist,2,Single,2472,26092,1,Y,Yes,23,4,1,80,0,1,2,3,1,0,0,0,Jayan Rajan,IT,Data Analyst,68,60.94,95.48,3.4,75.62,44,4.5,2,No
36,No,Travel_Rarely,1266,Sales,10,4,Technical Degree,1,1880,2,Female,63,2,2,Sales Executive,3,Married,5673,6060,1,Y,Yes,13,3,1,80,1,10,4,3,10,9,1,7,Krish Venkatesh,Marketing,SEO Specialist,64,94.61,78.68,3.8,71.6,42,4.3,2,No
31,No,Travel_Rarely,311,Research & Development,20,3,Life Sciences,1,1881,2,Male,89,3,2,Laboratory Technician,3,Divorced,4197,18624,1,Y,No,11,3,1,80,1,10,2,3,10,8,0,2,Bhamini Balakrishnan,Finance,Financial Analyst,80,78.34,90.57,4.8,82.35,46,4.0,20,No
34,No,Travel_Rarely,1480,Sales,4,3,Life Sciences,1,1882,3,Male,64,3,3,Sales Executive,4,Married,9713,24444,2,Y,Yes,13,3,4,80,3,9,3,3,5,3,1,0,Samiha Ghosh,IT,Cybersecurity Specialist,91,81.39,86.56,3.6,84.25,41,3.7,17,No
29,No,Travel_Rarely,592,Research & Development,7,3,Life Sciences,1,1883,4,Male,59,3,1,Laboratory Technician,1,Single,2062,19384,3,Y,No,14,3,2,80,0,11,2,3,3,2,1,2,Miraya Kapadia,Finance,Financial Analyst,76,65.26,90.84,3.0,96.19,49,3.6,14,No
37,No,Travel_Rarely,783,Research & Development,7,4,Medical,1,1885,4,Male,78,3,2,Research Scientist,1,Married,4284,13588,5,Y,Yes,22,4,3,80,1,16,2,3,5,3,0,4,Eva Sodhi,Sales,Account Manager,80,86.98,95.65,4.8,87.75,51,3.7,1,No
35,No,Travel_Rarely,219,Research & Development,16,2,Other,1,1886,4,Female,44,2,2,Manufacturing Director,2,Married,4788,25388,0,Y,Yes,11,3,4,80,0,4,2,3,3,2,0,2,Anya Kari,HR,Recruitment Specialist,56,64.37,89.83,4.9,91.32,51,4.6,9,No
45,No,Travel_Rarely,556,Research & Development,25,2,Life Sciences,1,1888,2,Female,93,2,2,Manufacturing Director,4,Married,5906,23888,0,Y,No,13,3,4,80,2,10,2,2,9,8,3,8,Divit Kaul,HR,Recruitment Specialist,69,61.33,87.38,3.2,87.12,51,4.6,18,No
36,No,Travel_Frequently,1213,Human Resources,2,1,Human Resources,1,1890,2,Male,94,2,2,Human Resources,4,Single,3886,4223,1,Y,No,21,4,4,80,0,10,2,2,10,1,0,8,Pranay Wagle,IT,Software Engineer,56,74.58,86.08,3.6,72.67,46,3.5,20,No
40,No,Travel_Rarely,1137,Research & Development,1,4,Life Sciences,1,1892,1,Male,98,3,4,Manager,1,Divorced,16823,18991,2,Y,No,11,3,1,80,1,22,3,3,19,7,11,16,Nitya Brahmbhatt,Finance,Accountant,67,81.22,96.34,3.6,96.39,37,3.7,18,No
26,No,Travel_Rarely,482,Research & Development,1,2,Life Sciences,1,1893,2,Female,90,2,1,Research Scientist,3,Married,2933,14908,1,Y,Yes,13,3,3,80,1,1,3,2,1,0,1,0,Kashvi Dey,IT,Data Analyst,65,64.88,78.56,3.1,82.83,40,3.7,9,No
27,No,Travel_Rarely,511,Sales,2,2,Medical,1,1898,1,Female,89,4,2,Sales Executive,3,Single,6500,26997,0,Y,No,14,3,2,80,0,9,5,2,8,7,0,7,Vivaan Sane,Marketing,Content Strategist,76,76.99,98.99,4.1,85.55,44,4.0,4,No
48,No,Travel_Frequently,117,Research & Development,22,3,Medical,1,1900,4,Female,58,3,4,Manager,4,Divorced,17174,2437,3,Y,No,11,3,2,80,1,24,3,3,22,17,4,7,Baiju Luthra,Marketing,Marketing Executive,73,64.06,82.71,4.6,85.82,37,4.3,8,No
44,No,Travel_Rarely,170,Research & Development,1,4,Life Sciences,1,1903,2,Male,78,4,2,Healthcare Representative,1,Married,5033,9364,2,Y,No,15,3,4,80,1,10,5,3,2,0,2,2,Anay Madan,IT,Cybersecurity Specialist,58,71.66,75.07,4.3,83.99,49,3.8,1,No
34,Yes,Non-Travel,967,Research & Development,16,4,Technical Degree,1,1905,4,Male,85,1,1,Research Scientist,1,Married,2307,14460,1,Y,Yes,23,4,2,80,1,5,2,3,5,2,3,0,Ahana  Chander,HR,Recruitment Specialist,96,66.94,97.43,3.3,78.37,37,4.6,19,Yes
56,Yes,Travel_Rarely,1162,Research & Development,24,2,Life Sciences,1,1907,1,Male,97,3,1,Laboratory Technician,4,Single,2587,10261,1,Y,No,16,3,4,80,0,5,3,3,4,2,1,0,Hazel Iyer,Marketing,Content Strategist,82,94.57,93.26,3.2,80.0,47,4.4,11,No
36,No,Travel_Rarely,335,Sales,17,2,Marketing,1,1908,3,Male,33,2,2,Sales Executive,2,Married,5507,16822,2,Y,No,16,3,3,80,2,12,1,1,4,2,1,3,Jayan Tank,Marketing,SEO Specialist,52,94.49,85.87,3.0,77.39,53,4.2,23,No
41,No,Travel_Rarely,337,Sales,8,3,Marketing,1,1909,3,Female,54,3,2,Sales Executive,2,Married,4393,26841,5,Y,No,21,4,3,80,1,14,3,3,5,4,1,4,Samaira Karnik,HR,HR Manager,90,94.78,80.47,3.8,74.62,47,3.1,4,No
42,No,Travel_Rarely,1396,Research & Development,6,3,Medical,1,1911,3,Male,83,3,3,Research Director,1,Married,13348,14842,9,Y,No,13,3,2,80,1,18,3,4,13,7,5,7,Anika Apte,HR,Recruitment Specialist,65,81.24,92.76,4.6,71.76,37,4.2,0,No
31,No,Travel_Rarely,1079,Sales,10,2,Medical,1,1912,3,Female,86,3,2,Sales Executive,4,Divorced,6583,20115,2,Y,Yes,11,3,4,80,1,8,2,3,5,2,1,4,Anahita Chakraborty,Sales,Business Development,56,80.47,81.76,4.3,87.03,43,4.0,13,No
34,No,Travel_Rarely,735,Sales,3,1,Medical,1,1915,4,Female,75,2,2,Sales Executive,4,Married,8103,16495,3,Y,Yes,12,3,3,80,0,9,3,2,4,2,0,1,Kashvi Ganguly,Marketing,SEO Specialist,55,69.5,80.5,4.7,71.15,50,4.4,24,No
31,No,Travel_Rarely,471,Research & Development,4,3,Medical,1,1916,1,Female,62,4,1,Laboratory Technician,3,Divorced,3978,16031,8,Y,No,12,3,2,80,1,4,0,2,2,2,2,2,Dharmajan Sarma,HR,Recruitment Specialist,56,74.92,91.4,4.9,99.63,54,4.0,28,No
26,No,Travel_Frequently,1096,Research & Development,6,3,Other,1,1918,3,Male,61,4,1,Laboratory Technician,4,Married,2544,7102,0,Y,No,18,3,1,80,1,8,3,3,7,7,7,7,Farhan Arora,HR,Employee Relations,61,74.89,76.23,3.3,71.65,43,3.3,28,No
45,No,Travel_Frequently,1297,Research & Development,1,4,Medical,1,1922,2,Male,44,3,2,Healthcare Representative,3,Single,5399,14511,4,Y,No,12,3,3,80,0,12,3,3,4,2,0,3,Renee Basu,HR,HR Manager,80,91.96,90.4,5.0,72.73,51,3.8,1,No
33,No,Travel_Rarely,217,Sales,10,4,Marketing,1,1924,2,Male,43,3,2,Sales Executive,3,Single,5487,10410,1,Y,No,14,3,2,80,0,10,2,2,10,4,0,9,Rhea Sarma,HR,Employee Relations,97,83.26,86.44,3.7,85.51,42,4.8,0,Yes
28,No,Travel_Frequently,783,Sales,1,2,Life Sciences,1,1927,3,Male,42,2,2,Sales Executive,4,Married,6834,19255,1,Y,Yes,12,3,3,80,1,7,2,3,7,7,0,7,Oorja Jain,HR,HR Manager,99,71.98,89.56,3.3,87.55,55,5.0,27,Yes
29,Yes,Travel_Frequently,746,Sales,24,3,Technical Degree,1,1928,3,Male,45,4,1,Sales Representative,1,Single,1091,10642,1,Y,No,17,3,4,80,0,1,3,3,1,0,0,0,Nitara Basu,Finance,Financial Analyst,97,66.8,94.77,4.4,71.23,38,4.1,7,Yes
39,No,Non-Travel,1251,Sales,21,4,Life Sciences,1,1929,1,Female,32,1,2,Sales Executive,3,Married,5736,3987,6,Y,No,19,3,3,80,1,10,1,3,3,2,1,2,Dhanuk Mander,HR,HR Manager,81,83.51,85.33,4.0,75.53,40,3.5,3,No
27,No,Travel_Rarely,1354,Research & Development,2,4,Technical Degree,1,1931,2,Male,41,3,1,Research Scientist,2,Married,2226,6073,1,Y,No,11,3,3,80,1,6,3,2,5,3,1,2,Ritvik Vohra,IT,Software Engineer,59,84.15,92.14,4.6,83.1,41,3.2,13,No
34,No,Travel_Frequently,735,Research & Development,22,4,Other,1,1932,3,Male,86,2,2,Research Scientist,4,Married,5747,26496,1,Y,Yes,15,3,2,80,0,16,3,3,15,10,6,11,Myra Subramaniam,IT,Data Analyst,58,86.34,92.69,3.4,75.4,54,4.0,11,No
28,Yes,Travel_Rarely,1475,Sales,13,2,Marketing,1,1933,4,Female,84,3,2,Sales Executive,3,Single,9854,23352,3,Y,Yes,11,3,4,80,0,6,0,3,2,0,2,2,Nehmat Mane,Finance,Financial Analyst,57,91.47,95.27,4.3,80.35,55,4.4,16,No
47,No,Non-Travel,1169,Research & Development,14,4,Technical Degree,1,1934,3,Male,64,3,2,Research Scientist,2,Married,5467,2125,8,Y,No,18,3,3,80,1,16,4,4,8,7,1,7,Dhanuk Mahal,Finance,Auditor,63,74.51,92.72,4.2,71.53,39,4.7,27,No
56,No,Travel_Rarely,1443,Sales,11,5,Marketing,1,1935,4,Female,89,2,2,Sales Executive,1,Married,5380,20328,4,Y,No,16,3,3,80,1,6,3,3,0,0,0,0,Bhavin Mangat,Marketing,Marketing Executive,90,80.89,76.67,3.9,80.05,45,4.9,28,Yes
39,No,Travel_Rarely,867,Research & Development,9,2,Medical,1,1936,1,Male,87,3,2,Manufacturing Director,1,Married,5151,12315,1,Y,No,25,4,4,80,1,10,3,3,10,0,7,9,Aaina Dalal,HR,Employee Relations,58,73.92,91.6,3.8,76.32,48,4.4,9,No
38,No,Travel_Frequently,1394,Research & Development,8,3,Medical,1,1937,4,Female,58,2,2,Research Scientist,2,Divorced,2133,18115,1,Y,Yes,16,3,3,80,1,20,3,3,20,11,0,7,Yakshit Goswami,Sales,Business Development,99,80.76,94.88,3.2,80.5,46,4.1,22,Yes
58,No,Travel_Rarely,605,Sales,21,3,Life Sciences,1,1938,4,Female,72,3,4,Manager,4,Married,17875,11761,4,Y,Yes,13,3,3,80,1,29,2,2,1,0,0,0,Rhea Sarma,Marketing,Marketing Executive,72,68.68,77.28,4.2,80.95,48,3.6,23,No
32,Yes,Travel_Frequently,238,Research & Development,5,2,Life Sciences,1,1939,1,Female,47,4,1,Research Scientist,3,Single,2432,15318,3,Y,Yes,14,3,1,80,0,8,2,3,4,1,0,3,Hrishita Kamdar,HR,Employee Relations,92,88.48,77.87,4.1,75.48,48,4.5,16,Yes
38,No,Travel_Rarely,1206,Research & Development,9,2,Life Sciences,1,1940,2,Male,71,3,1,Research Scientist,4,Divorced,4771,14293,2,Y,No,19,3,4,80,2,10,0,4,5,2,0,3,Dharmajan Basak,Sales,Business Development,61,87.06,77.11,4.0,74.86,39,3.2,15,No
49,No,Travel_Frequently,1064,Research & Development,2,1,Life Sciences,1,1941,2,Male,42,3,5,Research Director,4,Married,19161,13738,3,Y,No,15,3,4,80,0,28,3,3,5,4,4,3,Reyansh Mangal,Sales,Sales Executive,51,85.34,91.65,3.8,72.27,46,3.0,24,No
42,No,Travel_Rarely,419,Sales,12,4,Marketing,1,1943,2,Male,77,3,2,Sales Executive,4,Divorced,5087,2900,3,Y,Yes,12,3,3,80,2,14,4,3,0,0,0,0,Oorja Sabharwal,Finance,Financial Analyst,79,61.62,91.04,5.0,76.94,46,3.4,19,No
27,Yes,Travel_Frequently,1337,Human Resources,22,3,Human Resources,1,1944,1,Female,58,2,1,Human Resources,2,Married,2863,19555,1,Y,No,12,3,1,80,0,1,2,3,1,0,0,0,Aaina Suri,Sales,Business Development,61,61.28,98.94,3.0,81.52,49,4.7,6,No
35,No,Travel_Rarely,682,Sales,18,4,Medical,1,1945,2,Male,71,3,2,Sales Executive,1,Married,5561,15975,0,Y,No,16,3,4,80,1,6,2,1,5,3,0,4,Alisha Mall,IT,Software Engineer,89,60.89,80.62,4.8,71.95,50,5.0,10,Yes
28,No,Non-Travel,1103,Research & Development,16,3,Medical,1,1947,3,Male,49,3,1,Research Scientist,3,Single,2144,2122,1,Y,No,14,3,3,80,0,5,3,2,5,3,1,4,Reyansh Dutta,Finance,Accountant,74,75.0,75.11,3.9,72.34,46,3.4,2,No
31,No,Non-Travel,976,Research & Development,3,2,Medical,1,1948,3,Male,48,3,1,Research Scientist,1,Divorced,3065,3995,1,Y,Yes,13,3,4,80,1,4,3,4,4,2,2,3,Ritvik Virk,Marketing,Marketing Executive,70,86.54,81.59,4.6,91.87,46,4.6,1,No
36,No,Non-Travel,1351,Research & Development,9,4,Life Sciences,1,1949,1,Male,66,4,1,Laboratory Technician,2,Married,2810,9238,1,Y,No,22,4,2,80,0,5,3,3,5,4,0,2,Pranay Shukla,Marketing,Marketing Executive,55,60.56,92.47,3.6,81.18,46,4.8,29,No
34,No,Travel_Rarely,937,Sales,1,3,Marketing,1,1950,1,Male,32,3,3,Sales Executive,4,Single,9888,6770,1,Y,No,21,4,1,80,0,14,3,2,14,8,2,1,Vidur Kurian,Marketing,SEO Specialist,64,71.58,85.02,4.7,84.84,37,5.0,17,No
34,No,Travel_Rarely,1239,Sales,13,4,Medical,1,1951,4,Male,39,3,3,Sales Executive,3,Divorced,8628,22914,1,Y,No,18,3,3,80,1,9,2,2,8,7,1,1,Azad Wason,IT,Cybersecurity Specialist,78,78.06,96.27,4.1,97.91,51,4.6,7,No
26,No,Travel_Rarely,157,Research & Development,1,3,Medical,1,1952,3,Male,95,3,1,Laboratory Technician,1,Single,2867,20006,0,Y,No,13,3,4,80,0,8,6,2,7,7,7,6,Zara Chatterjee,Sales,Account Manager,56,90.41,91.51,3.9,87.93,45,4.9,16,No
29,No,Travel_Rarely,136,Research & Development,1,3,Life Sciences,1,1954,1,Male,89,3,2,Healthcare Representative,1,Married,5373,6225,0,Y,No,12,3,1,80,1,6,5,2,5,3,0,2,Riaan Subramaniam,HR,Employee Relations,91,67.76,80.87,3.4,86.74,45,3.8,8,No
32,No,Non-Travel,1146,Research & Development,15,4,Medical,1,1955,3,Female,34,3,2,Healthcare Representative,4,Divorced,6667,16542,5,Y,No,18,3,2,80,1,9,6,3,5,1,1,2,Yuvraj  Bhat,Marketing,Marketing Executive,73,78.26,96.89,3.2,86.9,37,4.6,24,No
31,No,Travel_Frequently,1125,Research & Development,1,3,Life Sciences,1,1956,4,Male,48,1,2,Research Scientist,1,Married,5003,5771,1,Y,No,21,4,2,80,0,10,6,3,10,8,8,7,Ela Gole,Marketing,Content Strategist,57,84.34,80.36,3.4,86.23,42,3.3,1,No
28,Yes,Travel_Rarely,1404,Research & Development,17,3,Technical Degree,1,1960,3,Male,32,2,1,Laboratory Technician,4,Divorced,2367,18779,5,Y,No,12,3,1,80,1,6,2,2,4,1,0,3,Kismat Doctor,HR,Recruitment Specialist,83,93.32,81.13,4.1,70.19,51,3.9,11,No
38,No,Travel_Rarely,1404,Sales,1,3,Life Sciences,1,1961,1,Male,59,2,1,Sales Representative,1,Single,2858,11473,4,Y,No,14,3,1,80,0,20,3,2,1,0,0,0,Ehsaan Dada,Sales,Business Development,75,68.13,87.9,3.8,89.01,49,4.1,1,No
35,No,Travel_Rarely,1224,Sales,7,4,Life Sciences,1,1962,3,Female,55,3,2,Sales Executive,4,Married,5204,13586,1,Y,Yes,11,3,4,80,0,10,2,3,10,8,0,9,Lakshay Mangat,HR,Recruitment Specialist,68,92.04,88.28,4.5,80.96,46,4.4,7,No
27,No,Travel_Rarely,954,Sales,9,3,Marketing,1,1965,4,Male,44,3,2,Sales Executive,4,Single,4105,5099,1,Y,No,14,3,1,80,0,7,5,3,7,7,0,7,Romil Jaggi,Finance,Accountant,92,65.2,75.5,5.0,80.45,40,3.9,11,No
32,No,Travel_Rarely,1373,Research & Development,5,4,Life Sciences,1,1966,4,Male,56,2,2,Manufacturing Director,4,Single,9679,10138,8,Y,No,24,4,2,80,0,8,1,3,1,0,0,0,Bhavin Shankar,Marketing,Content Strategist,63,78.95,91.14,3.7,73.44,37,4.8,27,No
31,Yes,Travel_Frequently,754,Sales,26,4,Marketing,1,1967,1,Male,63,3,2,Sales Executive,4,Married,5617,21075,1,Y,Yes,11,3,3,80,0,10,4,3,10,7,0,8,Samiha Sule,Finance,Accountant,71,74.74,80.35,3.5,88.23,50,3.6,15,No
53,Yes,Travel_Rarely,1168,Sales,24,4,Life Sciences,1,1968,1,Male,66,3,3,Sales Executive,1,Single,10448,5843,6,Y,Yes,13,3,2,80,0,15,2,2,2,2,2,2,Oorja Khalsa,IT,Cybersecurity Specialist,73,73.18,89.9,4.1,72.95,44,4.8,29,No
54,No,Travel_Rarely,155,Research & Development,9,2,Life Sciences,1,1969,1,Female,67,3,2,Research Scientist,3,Married,2897,22474,3,Y,No,11,3,3,80,2,9,6,2,4,3,2,3,Mahika Sane,Finance,Financial Analyst,51,74.04,99.8,4.2,97.62,51,3.3,4,No
33,No,Travel_Frequently,1303,Research & Development,7,2,Life Sciences,1,1970,4,Male,36,3,2,Healthcare Representative,3,Divorced,5968,18079,1,Y,No,20,4,3,80,3,9,2,3,9,7,2,8,Nitya Dugal,Finance,Auditor,55,93.54,88.23,3.5,99.42,46,4.0,29,No
43,No,Travel_Rarely,574,Research & Development,11,3,Life Sciences,1,1971,1,Male,30,3,3,Healthcare Representative,3,Married,7510,16873,1,Y,No,17,3,2,80,1,10,1,3,10,9,0,9,Lakshay Edwin,Marketing,Marketing Executive,78,69.65,87.05,5.0,91.61,55,4.4,0,No
38,No,Travel_Frequently,1444,Human Resources,1,4,Other,1,1972,4,Male,88,3,1,Human Resources,2,Married,2991,5224,0,Y,Yes,11,3,2,80,1,7,2,3,6,2,1,2,Umang Ramaswamy,Marketing,SEO Specialist,91,74.67,85.89,3.9,85.09,44,3.1,12,No
55,No,Travel_Rarely,189,Human Resources,26,4,Human Resources,1,1973,3,Male,71,4,5,Manager,2,Married,19636,25811,4,Y,Yes,18,3,1,80,1,35,0,3,10,9,1,4,Shayak Deshpande,IT,Software Engineer,65,85.0,88.92,4.8,87.21,49,4.9,22,No
31,No,Travel_Rarely,1276,Research & Development,2,1,Medical,1,1974,4,Female,59,1,1,Laboratory Technician,4,Divorced,1129,17536,1,Y,Yes,11,3,3,80,3,1,4,3,1,0,0,0,Aniruddh Din,Marketing,SEO Specialist,84,67.1,88.16,4.1,99.78,53,3.9,10,No
39,No,Travel_Rarely,119,Sales,15,4,Marketing,1,1975,2,Male,77,3,4,Sales Executive,1,Single,13341,25098,0,Y,No,12,3,1,80,0,21,3,3,20,8,11,10,Ranbir Sawhney,Finance,Auditor,50,65.51,87.82,4.1,91.92,47,3.9,30,No
42,No,Non-Travel,335,Research & Development,23,2,Life Sciences,1,1976,4,Male,37,2,2,Research Scientist,3,Single,4332,14811,1,Y,No,12,3,4,80,0,20,2,3,20,9,3,7,Vedika Ranganathan,IT,Cybersecurity Specialist,82,89.43,79.28,3.5,97.09,48,4.7,24,No
31,No,Non-Travel,697,Research & Development,10,3,Medical,1,1979,3,Female,40,3,3,Research Director,3,Married,11031,26862,4,Y,No,20,4,3,80,1,13,2,4,11,7,4,8,Akarsh Venkatesh,HR,Recruitment Specialist,86,82.41,84.18,3.6,79.3,54,4.7,25,Yes
54,No,Travel_Rarely,157,Research & Development,10,3,Medical,1,1980,3,Female,77,3,2,Manufacturing Director,1,Single,4440,25198,6,Y,Yes,19,3,4,80,0,9,3,3,5,2,1,4,Jayant Devi,Sales,Account Manager,56,70.83,94.1,4.0,77.28,38,3.9,10,No
24,No,Travel_Rarely,771,Research & Development,1,2,Life Sciences,1,1981,2,Male,45,2,2,Healthcare Representative,3,Single,4617,14120,1,Y,No,12,3,2,80,0,4,2,2,4,3,1,2,Jiya Master,Sales,Account Manager,54,76.25,85.49,4.5,73.8,41,4.7,11,No
23,No,Travel_Rarely,571,Research & Development,12,2,Other,1,1982,4,Male,78,3,1,Laboratory Technician,4,Single,2647,13672,1,Y,No,13,3,3,80,0,5,6,4,5,2,1,4,Hunar Boase,Sales,Sales Executive,57,81.58,88.7,4.5,79.96,39,3.1,4,No
40,No,Travel_Frequently,692,Research & Development,11,3,Technical Degree,1,1985,4,Female,73,3,2,Laboratory Technician,3,Married,6323,26849,1,Y,No,11,3,1,80,1,10,2,4,10,9,9,4,Nishith Ganguly,Marketing,Content Strategist,63,85.6,95.02,3.6,70.35,51,4.6,23,No
40,No,Travel_Rarely,444,Sales,2,2,Marketing,1,1986,2,Female,92,3,2,Sales Executive,2,Married,5677,4258,3,Y,No,14,3,3,80,1,15,4,3,11,8,5,10,Madhup Andra,IT,Data Analyst,83,73.57,77.48,3.2,98.17,40,3.4,1,No
25,No,Travel_Rarely,309,Human Resources,2,3,Human Resources,1,1987,3,Female,82,3,1,Human Resources,2,Married,2187,19655,4,Y,No,14,3,3,80,0,6,3,3,2,0,1,2,Akarsh Chokshi,Finance,Auditor,71,60.77,89.64,4.6,81.76,50,4.6,2,No
30,No,Travel_Rarely,911,Research & Development,1,2,Medical,1,1989,4,Male,76,3,1,Laboratory Technician,2,Married,3748,4077,1,Y,No,13,3,3,80,0,12,6,2,12,8,1,7,Aarav Shere,HR,Recruitment Specialist,99,92.57,94.51,3.1,92.58,43,3.3,19,No
25,No,Travel_Rarely,977,Research & Development,2,1,Other,1,1992,4,Male,57,3,1,Laboratory Technician,3,Divorced,3977,7298,6,Y,Yes,19,3,3,80,1,7,2,2,2,2,0,2,Veer Dugal,Sales,Account Manager,70,70.55,79.79,3.0,80.32,38,3.9,6,No
47,No,Travel_Rarely,1180,Research & Development,25,3,Medical,1,1993,1,Male,84,3,3,Healthcare Representative,3,Single,8633,13084,2,Y,No,23,4,2,80,0,25,3,3,17,14,12,11,Ela Upadhyay,Finance,Accountant,97,65.8,81.14,3.2,89.53,37,3.7,7,No
33,No,Non-Travel,1313,Research & Development,1,2,Medical,1,1994,2,Male,59,2,1,Laboratory Technician,3,Divorced,2008,20439,1,Y,No,12,3,3,80,3,1,2,2,1,1,0,0,Tushar Srivastava,Finance,Accountant,76,93.87,96.31,4.0,85.25,52,4.1,17,No
38,No,Travel_Rarely,1321,Sales,1,4,Life Sciences,1,1995,4,Male,86,3,2,Sales Executive,2,Married,4440,7636,0,Y,No,15,3,1,80,2,16,3,3,15,13,5,8,Faiyaz Bhargava,IT,Software Engineer,65,91.71,89.43,3.3,94.97,55,3.6,29,No
31,No,Travel_Rarely,1154,Sales,2,2,Life Sciences,1,1996,1,Male,54,3,1,Sales Representative,3,Married,3067,6393,0,Y,No,19,3,3,80,1,3,1,3,2,2,1,2,Neysa Sahota,Finance,Auditor,66,83.85,98.12,3.7,87.71,52,4.6,20,No
38,No,Travel_Frequently,508,Research & Development,6,4,Life Sciences,1,1997,1,Male,72,2,2,Manufacturing Director,3,Married,5321,14284,2,Y,No,11,3,4,80,1,10,1,3,8,3,7,7,Anahita Sidhu,HR,Recruitment Specialist,76,92.25,85.09,3.9,74.68,37,4.1,24,No
42,No,Travel_Rarely,557,Research & Development,18,4,Life Sciences,1,1998,4,Male,35,3,2,Research Scientist,1,Divorced,5410,11189,6,Y,Yes,17,3,3,80,1,9,3,2,4,3,1,2,Myra Hayre,HR,HR Manager,80,63.11,79.65,3.7,93.51,45,4.0,14,No
41,No,Travel_Rarely,642,Research & Development,1,3,Life Sciences,1,1999,4,Male,76,3,1,Research Scientist,4,Married,2782,21412,3,Y,No,22,4,1,80,1,12,3,3,5,3,1,0,Dhanuk Basu,Sales,Account Manager,98,89.42,78.41,3.9,85.92,43,3.9,20,No
47,No,Non-Travel,1162,Research & Development,1,1,Medical,1,2000,3,Female,98,3,3,Research Director,2,Married,11957,17231,0,Y,No,18,3,1,80,2,14,3,1,13,8,5,12,Arhaan Jha,Finance,Financial Analyst,91,76.32,81.6,3.7,75.44,48,4.8,9,Yes
35,No,Travel_Rarely,1490,Research & Development,11,4,Medical,1,2003,4,Male,43,3,1,Laboratory Technician,3,Married,2660,20232,7,Y,Yes,11,3,3,80,1,5,3,3,2,2,2,2,Badal Swamy,HR,HR Manager,56,79.24,94.97,3.3,76.96,50,3.9,14,No
22,No,Travel_Rarely,581,Research & Development,1,2,Life Sciences,1,2007,4,Male,63,3,1,Research Scientist,3,Single,3375,17624,0,Y,No,12,3,4,80,0,4,2,4,3,2,1,2,Divit Kamdar,Marketing,SEO Specialist,54,70.07,76.46,4.0,86.87,55,4.4,2,No
35,No,Travel_Rarely,1395,Research & Development,9,4,Medical,1,2008,2,Male,48,3,2,Research Scientist,3,Single,5098,18698,1,Y,No,19,3,2,80,0,10,5,3,10,7,0,8,Diya Dubey,Finance,Financial Analyst,78,78.14,89.61,3.8,92.15,38,5.0,12,No
33,No,Travel_Rarely,501,Research & Development,15,2,Medical,1,2009,2,Female,95,3,2,Healthcare Representative,4,Married,4878,21653,0,Y,Yes,13,3,1,80,1,10,6,3,9,7,8,1,Arhaan Brahmbhatt,Sales,Sales Executive,96,94.91,90.15,4.6,87.44,49,3.8,5,No
32,No,Travel_Rarely,267,Research & Development,29,4,Life Sciences,1,2010,3,Female,49,2,1,Laboratory Technician,2,Single,2837,15919,1,Y,No,13,3,3,80,0,6,3,3,6,2,4,1,Suhana Bains,Finance,Financial Analyst,61,60.75,94.63,4.1,88.87,53,4.2,0,No
40,No,Travel_Rarely,543,Research & Development,1,4,Life Sciences,1,2012,1,Male,83,3,1,Laboratory Technician,4,Married,2406,4060,8,Y,No,19,3,3,80,2,8,3,2,1,0,0,0,Samiha Jain,HR,Employee Relations,94,74.95,76.84,4.9,92.49,53,4.3,5,Yes
32,No,Travel_Rarely,234,Sales,1,4,Medical,1,2013,2,Male,68,2,1,Sales Representative,2,Married,2269,18024,0,Y,No,14,3,2,80,1,3,2,3,2,2,2,2,Veer Kala,Marketing,Content Strategist,57,63.4,94.47,4.7,81.71,38,4.9,8,No
39,No,Travel_Rarely,116,Research & Development,24,1,Life Sciences,1,2014,1,Male,52,3,2,Research Scientist,4,Single,4108,5340,7,Y,No,13,3,1,80,0,18,2,3,7,7,1,7,Madhup Mahal,Finance,Auditor,86,79.6,80.9,3.8,99.3,37,3.8,29,No
38,No,Travel_Rarely,201,Research & Development,10,3,Medical,1,2015,2,Female,99,1,3,Research Director,3,Married,13206,3376,3,Y,No,12,3,1,80,1,20,3,3,18,16,1,11,Ela Chana,Marketing,SEO Specialist,64,88.81,88.89,4.4,83.84,40,4.0,4,No
32,No,Travel_Rarely,801,Sales,1,4,Marketing,1,2016,3,Female,48,3,3,Sales Executive,4,Married,10422,24032,1,Y,No,19,3,3,80,2,14,3,3,14,10,5,7,Nitara Jhaveri,Marketing,Marketing Executive,77,90.91,98.66,3.3,97.73,36,4.3,11,No
37,No,Travel_Rarely,161,Research & Development,10,3,Life Sciences,1,2017,3,Female,42,4,3,Research Director,4,Married,13744,15471,1,Y,Yes,25,4,1,80,1,16,2,3,16,11,6,8,Zara Sarin,HR,Employee Relations,97,64.46,85.52,4.3,71.54,42,3.2,7,No
25,No,Travel_Rarely,1382,Sales,8,2,Other,1,2018,1,Female,85,3,2,Sales Executive,3,Divorced,4907,13684,0,Y,Yes,22,4,2,80,1,6,3,2,5,3,0,4,Ivan Garde,HR,Employee Relations,64,86.07,91.49,3.2,93.44,48,4.3,4,No
52,No,Non-Travel,585,Sales,29,4,Life Sciences,1,2019,1,Male,40,3,1,Sales Representative,4,Divorced,3482,19788,2,Y,No,15,3,2,80,2,16,3,2,9,8,0,0,Zain Bora,IT,Data Analyst,69,60.46,81.82,4.1,86.21,39,4.2,6,No
44,No,Travel_Rarely,1037,Research & Development,1,3,Medical,1,2020,2,Male,42,3,1,Research Scientist,4,Single,2436,13422,6,Y,Yes,12,3,3,80,0,6,2,3,4,3,1,2,Madhup Trivedi,HR,Employee Relations,63,77.05,83.2,3.1,84.35,40,3.5,29,No
21,No,Travel_Rarely,501,Sales,5,1,Medical,1,2021,3,Male,58,3,1,Sales Representative,1,Single,2380,25479,1,Y,Yes,11,3,4,80,0,2,6,3,2,2,1,2,Anay Rattan,Sales,Account Manager,67,64.12,86.05,4.1,97.89,35,3.4,28,No
39,No,Non-Travel,105,Research & Development,9,3,Life Sciences,1,2022,4,Male,87,3,5,Manager,4,Single,19431,15302,2,Y,No,13,3,3,80,0,21,3,2,6,0,1,3,Khushi Thaman,Finance,Financial Analyst,82,76.02,84.14,4.0,72.52,51,3.3,20,No
23,Yes,Travel_Frequently,638,Sales,9,3,Marketing,1,2023,4,Male,33,3,1,Sales Representative,1,Married,1790,26956,1,Y,No,19,3,1,80,1,1,3,2,1,0,1,0,Myra Vala,Sales,Account Manager,64,89.89,99.14,4.2,96.67,53,3.3,5,No
36,No,Travel_Rarely,557,Sales,3,3,Medical,1,2024,1,Female,94,2,3,Sales Executive,4,Married,7644,12695,0,Y,No,19,3,3,80,2,10,2,3,9,7,3,4,Mahika Acharya,IT,Software Engineer,61,74.64,92.57,4.7,91.25,47,3.4,16,No
36,No,Travel_Frequently,688,Research & Development,4,2,Life Sciences,1,2025,4,Female,97,3,2,Manufacturing Director,2,Divorced,5131,9192,7,Y,No,13,3,2,80,3,18,3,3,4,2,0,2,Aaryahi Vala,Finance,Accountant,77,71.56,96.89,4.2,83.15,47,4.6,1,No
56,No,Non-Travel,667,Research & Development,1,4,Life Sciences,1,2026,3,Male,57,3,2,Healthcare Representative,3,Divorced,6306,26236,1,Y,No,21,4,1,80,1,13,2,2,13,12,1,9,Shlok Dugar,Marketing,Marketing Executive,98,88.93,80.74,4.4,95.3,42,3.5,1,No
29,Yes,Travel_Rarely,1092,Research & Development,1,4,Medical,1,2027,1,Male,36,3,1,Research Scientist,4,Married,4787,26124,9,Y,Yes,14,3,2,80,3,4,3,4,2,2,2,2,Heer Khurana,HR,HR Manager,65,66.61,91.25,4.1,80.21,51,3.5,2,No
42,No,Travel_Rarely,300,Research & Development,2,3,Life Sciences,1,2031,1,Male,56,3,5,Manager,3,Married,18880,17312,5,Y,No,11,3,1,80,0,24,2,2,22,6,4,14,Adah Iyengar,Sales,Sales Executive,59,64.86,90.94,4.5,86.66,48,3.1,22,No
56,Yes,Travel_Rarely,310,Research & Development,7,2,Technical Degree,1,2032,4,Male,72,3,1,Laboratory Technician,3,Married,2339,3666,8,Y,No,11,3,4,80,1,14,4,1,10,9,9,8,Anaya Kashyap,Sales,Account Manager,65,93.32,95.84,3.6,71.59,42,4.9,18,No
41,No,Travel_Rarely,582,Research & Development,28,4,Life Sciences,1,2034,1,Female,60,2,4,Manufacturing Director,2,Married,13570,5640,0,Y,No,23,4,3,80,1,21,3,3,20,7,0,10,Vritika Bakshi,IT,Software Engineer,63,87.43,76.25,4.2,76.62,42,3.4,3,No
34,No,Travel_Rarely,704,Sales,28,3,Marketing,1,2035,4,Female,95,2,2,Sales Executive,3,Married,6712,8978,1,Y,No,21,4,4,80,2,8,2,3,8,7,1,7,Madhup Samra,HR,Recruitment Specialist,84,63.64,99.8,4.7,77.24,46,3.8,27,No
36,No,Non-Travel,301,Sales,15,4,Marketing,1,2036,4,Male,88,1,2,Sales Executive,4,Divorced,5406,10436,1,Y,No,24,4,1,80,1,15,4,2,15,12,11,11,Romil Iyengar,HR,Recruitment Specialist,81,75.64,89.08,3.3,89.32,53,3.6,4,No
41,No,Travel_Rarely,930,Sales,3,3,Life Sciences,1,2037,3,Male,57,2,2,Sales Executive,2,Divorced,8938,12227,2,Y,No,11,3,3,80,1,14,5,3,5,4,0,4,Mehul Rout,Finance,Auditor,59,85.78,78.67,3.0,84.54,36,4.5,2,No
32,No,Travel_Rarely,529,Research & Development,2,3,Technical Degree,1,2038,4,Male,78,3,1,Research Scientist,1,Single,2439,11288,1,Y,No,14,3,4,80,0,4,4,3,4,2,1,2,Myra Badami,IT,Software Engineer,62,91.4,97.91,4.0,77.08,47,4.9,30,No
35,No,Travel_Rarely,1146,Human Resources,26,4,Life Sciences,1,2040,3,Female,31,3,3,Human Resources,4,Single,8837,16642,1,Y,Yes,16,3,3,80,0,9,2,3,9,0,1,7,Shanaya Kaur,IT,Cybersecurity Specialist,65,74.54,90.12,3.6,76.2,41,4.4,23,No
38,No,Travel_Rarely,345,Sales,10,2,Life Sciences,1,2041,1,Female,100,3,2,Sales Executive,4,Married,5343,5982,1,Y,No,11,3,3,80,1,10,1,3,10,7,1,9,Indrajit Deol,IT,Cybersecurity Specialist,57,60.62,91.67,4.6,81.76,55,4.8,10,No
50,Yes,Travel_Frequently,878,Sales,1,4,Life Sciences,1,2044,2,Male,94,3,2,Sales Executive,3,Divorced,6728,14255,7,Y,No,12,3,4,80,2,12,3,3,6,3,0,1,Vihaan Tiwari,Finance,Auditor,59,84.19,86.44,3.4,78.89,47,4.3,23,No
36,No,Travel_Rarely,1120,Sales,11,4,Marketing,1,2045,2,Female,100,2,2,Sales Executive,4,Married,6652,14369,4,Y,No,13,3,1,80,1,8,2,2,6,3,0,0,Anvi Sant,Marketing,Content Strategist,97,87.15,86.45,3.4,77.45,50,4.5,3,Yes
45,No,Travel_Rarely,374,Sales,20,3,Life Sciences,1,2046,4,Female,50,3,2,Sales Executive,3,Single,4850,23333,8,Y,No,15,3,3,80,0,8,3,3,5,3,0,1,Gokul Ramaswamy,Sales,Sales Executive,65,68.72,81.09,3.7,82.76,40,4.3,27,No
40,No,Travel_Rarely,1322,Research & Development,2,4,Life Sciences,1,2048,3,Male,52,2,1,Research Scientist,3,Single,2809,2725,2,Y,No,14,3,4,80,0,8,2,3,2,2,2,2,Pari Mangal,Finance,Auditor,68,70.76,96.04,4.0,91.74,40,3.3,14,No
35,No,Travel_Frequently,1199,Research & Development,18,4,Life Sciences,1,2049,3,Male,80,3,2,Healthcare Representative,3,Married,5689,24594,1,Y,Yes,14,3,4,80,2,10,2,4,10,2,0,2,Badal Shanker,Finance,Auditor,64,67.35,84.74,4.4,84.03,47,3.3,17,No
40,No,Travel_Rarely,1194,Research & Development,2,4,Medical,1,2051,3,Female,98,3,1,Research Scientist,3,Married,2001,12549,2,Y,No,14,3,2,80,3,20,2,3,5,3,0,2,Ishaan Anne,Marketing,Content Strategist,83,62.7,79.01,3.2,73.32,52,3.6,19,No
35,No,Travel_Rarely,287,Research & Development,1,4,Life Sciences,1,2052,3,Female,62,1,1,Research Scientist,4,Married,2977,8952,1,Y,No,12,3,4,80,1,4,5,3,4,3,1,1,Veer Biswas,Finance,Auditor,71,81.42,94.1,3.5,76.04,39,3.8,21,No
29,No,Travel_Rarely,1378,Research & Development,13,2,Other,1,2053,4,Male,46,2,2,Laboratory Technician,2,Married,4025,23679,4,Y,Yes,13,3,1,80,1,10,2,3,4,3,0,3,Madhav Anand,HR,HR Manager,85,65.17,82.35,3.6,94.88,52,4.7,22,No
29,No,Travel_Rarely,468,Research & Development,28,4,Medical,1,2054,4,Female,73,2,1,Research Scientist,1,Single,3785,8489,1,Y,No,14,3,2,80,0,5,3,1,5,4,0,4,Siya Krish,Sales,Sales Executive,60,91.26,87.84,3.7,87.51,43,3.4,22,No
50,Yes,Travel_Rarely,410,Sales,28,3,Marketing,1,2055,4,Male,39,2,3,Sales Executive,1,Divorced,10854,16586,4,Y,Yes,13,3,2,80,1,20,3,3,3,2,2,0,Saira Balay,Sales,Account Manager,62,77.35,98.36,3.9,85.81,55,4.3,12,No
39,No,Travel_Rarely,722,Sales,24,1,Marketing,1,2056,2,Female,60,2,4,Sales Executive,4,Married,12031,8828,0,Y,No,11,3,1,80,1,21,2,2,20,9,9,6,Riaan Lad,HR,HR Manager,81,80.23,89.23,4.2,97.15,45,3.3,0,No
31,No,Non-Travel,325,Research & Development,5,3,Medical,1,2057,2,Male,74,3,2,Manufacturing Director,1,Single,9936,3787,0,Y,No,19,3,2,80,0,10,2,3,9,4,1,7,Armaan Saini,HR,HR Manager,82,60.81,99.13,4.4,76.43,50,3.6,16,No
26,No,Travel_Rarely,1167,Sales,5,3,Other,1,2060,4,Female,30,2,1,Sales Representative,3,Single,2966,21378,0,Y,No,18,3,4,80,0,5,2,3,4,2,0,0,Navya Shankar,Marketing,SEO Specialist,61,69.62,76.35,3.4,96.77,35,4.0,24,No
36,No,Travel_Frequently,884,Research & Development,23,2,Medical,1,2061,3,Male,41,4,2,Laboratory Technician,4,Married,2571,12290,4,Y,No,17,3,3,80,1,17,3,3,5,2,0,3,Rasha Kapoor,Finance,Accountant,75,79.72,96.59,3.2,73.98,45,3.2,30,No
39,No,Travel_Rarely,613,Research & Development,6,1,Medical,1,2062,4,Male,42,2,3,Healthcare Representative,1,Married,9991,21457,4,Y,No,15,3,1,80,1,9,5,3,7,7,1,7,Emir Cherian,Sales,Account Manager,63,85.73,78.63,4.1,84.06,50,3.3,13,No
27,No,Travel_Rarely,155,Research & Development,4,3,Life Sciences,1,2064,2,Male,87,4,2,Manufacturing Director,2,Married,6142,5174,1,Y,Yes,20,4,2,80,1,6,0,3,6,2,0,3,Samiha Solanki,Marketing,Marketing Executive,54,83.37,98.3,4.8,89.21,53,4.4,29,No
49,No,Travel_Frequently,1023,Sales,2,3,Medical,1,2065,4,Male,63,2,2,Sales Executive,2,Married,5390,13243,2,Y,No,14,3,4,80,0,17,3,2,9,6,0,8,Elakshi Borah,HR,HR Manager,94,83.54,82.81,3.3,71.43,52,4.2,25,Yes
34,No,Travel_Rarely,628,Research & Development,8,3,Medical,1,2068,2,Male,82,4,2,Laboratory Technician,3,Married,4404,10228,2,Y,No,12,3,1,80,0,6,3,4,4,3,1,2,Dhanush Mahal,Marketing,Marketing Executive,50,62.25,94.0,4.2,94.71,43,4.8,10,No
