Age,Attrition,BusinessTravel,DailyRate,Department,DistanceFromHome,Education,EducationField,EmployeeCount,EmployeeID,EnvironmentSatisfaction,Gender,HourlyRate,JobInvolvement,JobLevel,JobRole,JobSatisfaction,MaritalStatus,MonthlyIncome,MonthlyRate,NumCompaniesWorked,Over18,OverTime,PercentSalaryHike,PerformanceRating,RelationshipSatisfaction,StandardHours,StockOptionLevel,TotalWorkingYears,TrainingTimesLastYear,WorkLifeBalance,YearsAtCompany,YearsInCurrentRole,YearsSinceLastPromotion,YearsWithCurrManager,Attrition_Risk_Score,Risk_Category,Overall_Satisfaction,Income_Per_Company_Year,Engagement_Index,Automated_HR_Action,Target_ONET_Code,Current_Skills,Skill_Gap,Skill_Match_Pct,Recommendation
41,Yes,Travel_Rarely,1102,Sales,1,2,Life Sciences,1,1,2,Female,94,3,2,Sales Executive,4,Single,5993,19479,8,Y,Yes,11,3,1,80,0,8,0,1,6,4,0,5,0.8886695,High Risk,2.3333333333333335,856.1428571428571,2.3333333333333335,HIGH RISK: HR review; retention conversation; career-path and compensation review.,53-3031.00,"Critical Thinking, Reading Comprehension, Active Listening, Speaking, Microsoft Excel","Writing, Microsoft Office software",71.43,Start: Writing
49,No,Travel_Frequently,279,Research & Development,8,1,Life Sciences,1,2,3,Male,61,2,2,Research Scientist,2,Married,5130,24907,1,Y,No,23,4,4,80,1,10,3,3,10,7,1,7,0.06598877,Low Risk,3.0,466.3636363636364,2.6666666666666665,LOW RISK: Continue standard career development and engagement tracking.,15-1221.00,"Apache Spark, Docker, C++, Ansible software, GitHub, Reading Comprehension, Git, Science, Monitoring, Apache Kafka, Mathematics, Writing, C, Go, Speaking, Active Listening, Apache Hadoop","Active Learning, Critical Thinking, Learning Strategies, Amazon Web Services AWS software, Bash",77.27,Start: Active Learning
37,Yes,Travel_Rarely,1373,Research & Development,2,2,Other,1,4,4,Male,92,2,1,Laboratory Technician,3,Single,2090,2396,6,Y,Yes,15,3,2,80,0,7,3,3,0,0,0,0,0.59551066,Medium Risk,3.0,2090.0,3.3333333333333335,MEDIUM RISK: Manager check-in; mentorship; targeted development plan.,51-9083.00,"Microsoft PowerPoint, Microsoft Excel, Microsoft Word, Microsoft Office software, SAP software, Critical Thinking, Monitoring","Reading Comprehension, Microsoft Outlook",77.78,Start: Reading Comprehension
33,No,Travel_Frequently,1392,Research & Development,3,4,Life Sciences,1,5,4,Female,56,3,1,Research Scientist,3,Married,2909,23159,1,Y,Yes,11,3,3,80,0,8,3,3,8,7,3,0,0.5689308,Medium Risk,3.3333333333333335,323.22222222222223,3.3333333333333335,MEDIUM RISK: Manager check-in; mentorship; targeted development plan.,15-1221.00,"GitHub, Ansible software, Critical Thinking, C, Learning Strategies, Apache Spark, Active Learning, Writing, Amazon Web Services AWS software, Reading Comprehension, Apache Hadoop, Monitoring, Mathematics, Active Listening, Apache Kafka, C++, Speaking, Science","Bash, Docker, Git, Go",81.82,Start: Bash
27,No,Travel_Rarely,591,Research & Development,2,1,Medical,1,7,1,Male,40,3,1,Laboratory Technician,2,Married,3468,16632,9,Y,No,12,3,4,80,1,6,3,3,2,2,2,2,0.4362848,Medium Risk,2.3333333333333335,1156.0,2.0,MEDIUM RISK: Manager check-in; mentorship; targeted development plan.,51-9083.00,"Microsoft Outlook, Microsoft Office software, Critical Thinking, Microsoft Word, Reading Comprehension","Monitoring, Microsoft Excel, Microsoft PowerPoint, SAP software",55.56,Start: Monitoring
32,No,Travel_Frequently,1005,Research & Development,2,2,Life Sciences,1,8,4,Male,79,3,1,Laboratory Technician,4,Single,3068,11864,0,Y,No,13,3,3,80,0,8,2,2,7,7,3,6,0.04851338,Low Risk,3.6666666666666665,383.5,3.3333333333333335,LOW RISK: Continue standard career development and engagement tracking.,51-9083.00,"Microsoft Outlook, Reading Comprehension, Critical Thinking, Microsoft PowerPoint, Microsoft Office software, Monitoring, Microsoft Excel","Microsoft Word, SAP software",77.78,Start: Microsoft Word
59,No,Travel_Rarely,1324,Research & Development,3,3,Medical,1,10,3,Female,81,4,1,Laboratory Technician,1,Married,2670,9964,4,Y,Yes,20,4,1,80,3,12,3,2,1,0,0,0,0.2492939,Low Risk,1.6666666666666667,1335.0,2.0,LOW RISK: Continue standard career development and engagement tracking.,51-9083.00,"Microsoft Word, Microsoft Excel, SAP software, Microsoft Office software, Microsoft Outlook, Reading Comprehension","Critical Thinking, Monitoring, Microsoft PowerPoint",66.67,Start: Critical Thinking
30,No,Travel_Rarely,1358,Research & Development,24,1,Life Sciences,1,11,4,Male,67,3,1,Laboratory Technician,3,Divorced,2693,13335,1,Y,No,22,4,2,80,1,1,2,3,1,0,0,0,0.37564373,Low Risk,3.0,1346.5,3.3333333333333335,LOW RISK: Continue standard career development and engagement tracking.,51-9083.00,"Microsoft Office software, Microsoft PowerPoint, Critical Thinking, Microsoft Excel, Reading Comprehension, SAP software","Monitoring, Microsoft Outlook, Microsoft Word",66.67,Start: Monitoring
38,No,Travel_Frequently,216,Research & Development,23,3,Life Sciences,1,12,4,Male,44,2,3,Manufacturing Director,3,Single,9526,8787,0,Y,No,21,4,2,80,0,10,2,3,9,7,1,8,0.12273176,Low Risk,3.0,952.6,3.3333333333333335,LOW RISK: Continue standard career development and engagement tracking.,51-9195.05,"Microsoft Outlook, Monitoring, Active Listening","Critical Thinking, Microsoft Excel",60.0,Start: Critical Thinking
36,No,Travel_Rarely,1299,Research & Development,27,3,Medical,1,13,3,Male,94,3,2,Healthcare Representative,3,Married,5237,16577,6,Y,No,13,3,2,80,2,17,3,2,7,7,7,7,0.05047854,Low Risk,2.6666666666666665,654.625,2.6666666666666665,LOW RISK: Continue standard career development and engagement tracking.,43-4051.00,"Reading Comprehension, Speaking, Intuit QuickBooks, Kronos Workforce Timekeeper, Writing, Critical Thinking, Adobe Creative Cloud software, Microsoft Outlook, Adobe Photoshop, Monitoring, Adobe Illustrator, Adobe Acrobat, Apple macOS, Active Listening","Microsoft Excel, Microsoft Office software, Facebook, Google Docs",77.78,Start: Microsoft Excel
35,No,Travel_Rarely,809,Research & Development,16,3,Medical,1,14,1,Male,84,4,1,Laboratory Technician,2,Married,2426,16479,0,Y,No,13,3,3,80,1,6,5,3,5,4,0,3,0.1176039,Low Risk,2.0,404.3333333333333,2.0,LOW RISK: Continue standard career development and engagement tracking.,51-9083.00,"SAP software, Microsoft Office software, Critical Thinking, Microsoft Word, Microsoft Outlook","Reading Comprehension, Monitoring, Microsoft Excel, Microsoft PowerPoint",55.56,Start: Reading Comprehension
29,No,Travel_Rarely,153,Research & Development,15,2,Life Sciences,1,15,4,Female,49,2,2,Laboratory Technician,3,Single,4193,12682,0,Y,Yes,12,3,4,80,0,10,3,3,9,5,0,8,0.21691597,Low Risk,3.6666666666666665,419.3,3.3333333333333335,LOW RISK: Continue standard career development and engagement tracking.,51-9083.00,"Microsoft PowerPoint, Reading Comprehension, Monitoring, Microsoft Excel, Microsoft Word, Microsoft Office software, Critical Thinking, SAP software",Microsoft Outlook,88.89,Start: Microsoft Outlook
31,No,Travel_Rarely,670,Research & Development,26,1,Life Sciences,1,16,1,Male,31,3,1,Research Scientist,3,Divorced,2911,15170,1,Y,No,17,3,4,80,1,5,1,2,5,2,4,3,0.11574366,Low Risk,2.6666666666666665,485.1666666666667,2.0,LOW RISK: Continue standard career development and engagement tracking.,15-1221.00,"Speaking, Apache Kafka, C, Go, Apache Hadoop, Writing, Monitoring, Active Learning, Critical Thinking, Apache Spark, Reading Comprehension, Ansible software","Mathematics, Active Listening, Learning Strategies, Science, Amazon Web Services AWS software, Bash, C++, Docker, Git, GitHub",54.55,Start: Mathematics
34,No,Travel_Rarely,1346,Research & Development,19,2,Medical,1,18,2,Male,93,3,1,Laboratory Technician,4,Divorced,2661,8758,0,Y,No,11,3,3,80,1,3,2,3,2,2,1,2,0.042085797,Low Risk,3.0,887.0,3.0,LOW RISK: Continue standard career development and engagement tracking.,51-9083.00,"Reading Comprehension, Microsoft PowerPoint, Microsoft Word, Monitoring, Microsoft Office software, Microsoft Excel","Critical Thinking, Microsoft Outlook, SAP software",66.67,Start: Critical Thinking
28,Yes,Travel_Rarely,103,Research & Development,24,3,Life Sciences,1,19,3,Male,50,2,1,Laboratory Technician,3,Single,2028,12947,5,Y,Yes,14,3,2,80,0,6,4,3,4,2,0,3,0.9749111,High Risk,2.6666666666666665,405.6,3.0,HIGH RISK: HR review; retention conversation; career-path and compensation review.,51-9083.00,"Reading Comprehension, Critical Thinking, Microsoft Excel, Microsoft Word, Microsoft Office software","Monitoring, Microsoft Outlook, Microsoft PowerPoint, SAP software",55.56,Start: Monitoring
29,No,Travel_Rarely,1389,Research & Development,21,4,Life Sciences,1,20,2,Female,51,4,3,Manufacturing Director,1,Divorced,9980,10195,1,Y,No,11,3,3,80,1,10,1,3,10,9,8,8,0.06464212,Low Risk,2.0,907.2727272727273,2.0,LOW RISK: Continue standard career development and engagement tracking.,51-9195.05,"Monitoring, Microsoft Outlook, Active Listening","Critical Thinking, Microsoft Excel",60.0,Start: Critical Thinking
32,No,Travel_Rarely,334,Research & Development,5,2,Life Sciences,1,21,1,Male,80,4,1,Research Scientist,2,Divorced,3298,15053,0,Y,Yes,12,3,4,80,2,7,5,2,6,2,0,5,0.08308214,Low Risk,2.3333333333333335,471.14285714285717,1.6666666666666667,LOW RISK: Continue standard career development and engagement tracking.,15-1221.00,"Apache Spark, Git, Apache Kafka, Writing, Speaking, Reading Comprehension, Amazon Web Services AWS software, Monitoring, C, Docker","Active Learning, Mathematics, Critical Thinking, Active Listening, Learning Strategies, Science, Ansible software, Apache Hadoop, Bash, C++, GitHub, Go",45.45,Start: Active Learning
22,No,Non-Travel,1123,Research & Development,16,2,Medical,1,22,4,Male,96,4,1,Laboratory Technician,4,Divorced,2935,7324,1,Y,Yes,13,3,2,80,2,1,2,2,1,0,0,0,0.5020993,Medium Risk,3.3333333333333335,1467.5,3.3333333333333335,MEDIUM RISK: Manager check-in; mentorship; targeted development plan.,51-9083.00,"Microsoft Word, Microsoft PowerPoint, SAP software, Critical Thinking, Microsoft Excel","Reading Comprehension, Monitoring, Microsoft Office software, Microsoft Outlook",55.56,Start: Reading Comprehension
53,No,Travel_Rarely,1219,Sales,2,4,Life Sciences,1,23,1,Female,78,2,4,Manager,4,Married,15427,22021,2,Y,No,16,3,3,80,0,31,3,3,25,8,3,7,0.03424302,Low Risk,2.6666666666666665,593.3461538461538,2.6666666666666665,LOW RISK: Continue standard career development and engagement tracking.,47-1011.03,"Microsoft Outlook, Critical Thinking, Mathematics, Monitoring, Autodesk Revit, Microsoft PowerPoint, Autodesk AutoCAD Civil 3D, Microsoft Excel, Learning Strategies, Oracle Primavera Enterprise Project Portfolio Management, Active Listening, Microsoft Project, Active Learning, Microsoft Visio, Microsoft Office software, Speaking, Reading Comprehension","Writing, Autodesk AutoCAD, Microsoft Windows, Microsoft Word",80.95,Start: Writing
38,No,Travel_Rarely,371,Research & Development,2,3,Life Sciences,1,24,4,Male,45,3,1,Research Scientist,4,Single,3944,4306,5,Y,Yes,11,3,3,80,0,6,3,3,3,2,1,2,0.24335806,Low Risk,3.6666666666666665,986.0,3.6666666666666665,LOW RISK: Continue standard career development and engagement tracking.,15-1221.00,"Active Listening, Amazon Web Services AWS software, Apache Kafka, Ansible software, Git, Apache Hadoop, Reading Comprehension, Writing, Learning Strategies, Science, Go, Apache Spark, Mathematics, Docker, Active Learning, Bash, Critical Thinking, GitHub","Speaking, Monitoring, C, C++",81.82,Start: Speaking
24,No,Non-Travel,673,Research & Development,11,2,Other,1,26,1,Female,96,4,2,Manufacturing Director,3,Divorced,4011,8232,0,Y,No,18,3,4,80,1,5,5,2,4,2,1,3,0.0265943,Low Risk,2.6666666666666665,802.2,2.0,LOW RISK: Continue standard career development and engagement tracking.,51-9195.05,"Microsoft Excel, Monitoring","Critical Thinking, Active Listening, Microsoft Outlook",40.0,Start: Critical Thinking
36,Yes,Travel_Rarely,1218,Sales,9,4,Life Sciences,1,27,3,Male,82,2,1,Sales Representative,1,Single,3407,6986,7,Y,No,23,4,2,80,0,10,4,3,5,3,0,3,0.80849946,High Risk,2.0,567.8333333333334,2.3333333333333335,HIGH RISK: HR review; retention conversation; career-path and compensation review.,41-4012.00,"Writing, Active Learning, Microsoft Outlook, Microsoft Office software, Microsoft PowerPoint, Speaking, Reading Comprehension, Salesforce software, Adobe Photoshop, Adobe Illustrator, Autodesk AutoCAD, Adobe Acrobat, Adobe InDesign, Apple macOS, Microsoft Excel, Active Listening","Critical Thinking, Monitoring, Adobe Creative Cloud software",84.21,Start: Critical Thinking
34,No,Travel_Rarely,419,Research & Development,7,4,Life Sciences,1,28,1,Female,53,3,3,Research Director,2,Single,11994,21293,0,Y,No,11,3,3,80,0,13,4,3,12,6,2,11,0.035702635,Low Risk,2.0,922.6153846153846,2.0,LOW RISK: Continue standard career development and engagement tracking.,27-2041.00,"Active Learning, Critical Thinking, Active Listening, Writing, Microsoft Excel, Microsoft Word, Monitoring","Speaking, Reading Comprehension, Learning Strategies, Microsoft Office software, Microsoft Outlook, Microsoft PowerPoint",53.85,Start: Speaking
21,No,Travel_Rarely,391,Research & Development,15,2,Life Sciences,1,30,3,Male,96,3,1,Research Scientist,4,Single,1232,19281,1,Y,No,14,3,4,80,0,0,6,3,0,0,0,0,0.3313557,Low Risk,3.6666666666666665,1232.0,3.3333333333333335,LOW RISK: Continue standard career development and engagement tracking.,15-1221.00,"Active Learning, Docker, Ansible software, Speaking, Monitoring, C++, Apache Kafka, Writing, Amazon Web Services AWS software, Bash, Go, Learning Strategies, Apache Hadoop, Mathematics, Reading Comprehension, C","Critical Thinking, Active Listening, Science, Apache Spark, Git, GitHub",72.73,Start: Critical Thinking
34,Yes,Travel_Rarely,699,Research & Development,6,1,Medical,1,31,2,Male,83,3,1,Research Scientist,1,Single,2960,17102,2,Y,No,11,3,3,80,0,8,2,3,4,2,1,3,0.11152883,Low Risk,2.0,592.0,2.0,LOW RISK: Continue standard career development and engagement tracking.,15-1221.00,"Science, Mathematics, Active Learning, Writing, Git, Apache Spark, Learning Strategies, C, C++, Critical Thinking, Amazon Web Services AWS software","Reading Comprehension, Active Listening, Speaking, Monitoring, Ansible software, Apache Hadoop, Apache Kafka, Bash, Docker, GitHub, Go",50.0,Start: Reading Comprehension
53,No,Travel_Rarely,1282,Research & Development,5,3,Other,1,32,3,Female,58,3,5,Manager,3,Divorced,19094,10735,4,Y,No,11,3,4,80,1,26,3,2,14,13,4,8,0.01977011,Low Risk,3.3333333333333335,1272.9333333333334,2.6666666666666665,LOW RISK: Continue standard career development and engagement tracking.,47-1011.03,"Oracle Primavera Enterprise Project Portfolio Management, Active Learning, Microsoft Project, Microsoft Outlook, Autodesk AutoCAD, Microsoft Office software, Learning Strategies, Writing, Autodesk Revit, Autodesk AutoCAD Civil 3D, Critical Thinking","Reading Comprehension, Monitoring, Active Listening, Speaking, Mathematics, Microsoft Excel, Microsoft PowerPoint, Microsoft Visio, Microsoft Windows, Microsoft Word",52.38,Start: Reading Comprehension
32,Yes,Travel_Frequently,1125,Research & Development,16,1,Life Sciences,1,33,2,Female,72,1,1,Research Scientist,1,Single,3919,4681,1,Y,Yes,22,4,2,80,0,10,5,3,10,2,6,7,0.9321326,High Risk,1.6666666666666667,356.27272727272725,2.0,HIGH RISK: HR review; retention conversation; career-path and compensation review.,15-1221.00,"Go, Git, C, Amazon Web Services AWS software, Mathematics, Apache Kafka, Docker, Apache Hadoop, Reading Comprehension, Science, Ansible software, Apache Spark","Active Learning, Critical Thinking, Active Listening, Writing, Speaking, Monitoring, Learning Strategies, Bash, C++, GitHub",54.55,Start: Active Learning
42,No,Travel_Rarely,691,Sales,8,4,Marketing,1,35,3,Male,48,3,2,Sales Executive,2,Married,6825,21173,0,Y,No,11,3,4,80,1,10,2,3,9,7,4,2,0.08824123,Low Risk,3.0,682.5,2.6666666666666665,LOW RISK: Continue standard career development and engagement tracking.,53-3031.00,"Microsoft Excel, Reading Comprehension, Critical Thinking, Active Listening","Speaking, Writing, Microsoft Office software",57.14,Start: Speaking
44,No,Travel_Rarely,477,Research & Development,7,4,Medical,1,36,1,Female,42,2,3,Healthcare Representative,4,Married,10248,2094,3,Y,No,14,3,4,80,1,24,4,3,22,6,5,17,0.045112662,Low Risk,3.0,445.5652173913044,2.6666666666666665,LOW RISK: Continue standard career development and engagement tracking.,43-4051.00,"Critical Thinking, Adobe Photoshop, Adobe Acrobat, Active Listening, Adobe Illustrator, Microsoft Excel, Adobe Creative Cloud software, Microsoft Outlook","Speaking, Reading Comprehension, Writing, Monitoring, Microsoft Office software, Apple macOS, Facebook, Google Docs, Intuit QuickBooks, Kronos Workforce Timekeeper",44.44,Start: Speaking
46,No,Travel_Rarely,705,Sales,2,4,Marketing,1,38,2,Female,83,3,5,Manager,1,Single,18947,22822,3,Y,No,12,3,4,80,0,22,2,2,2,2,2,1,0.05367022,Low Risk,2.3333333333333335,6315.666666666667,1.6666666666666667,LOW RISK: Continue standard career development and engagement tracking.,47-1011.03,"Learning Strategies, Microsoft PowerPoint, Reading Comprehension, Oracle Primavera Enterprise Project Portfolio Management, Active Listening, Microsoft Office software, Monitoring, Autodesk Revit, Mathematics, Critical Thinking, Microsoft Project, Microsoft Outlook, Microsoft Windows, Speaking, Writing, Microsoft Excel, Microsoft Word","Active Learning, Autodesk AutoCAD, Autodesk AutoCAD Civil 3D, Microsoft Visio",80.95,Start: Active Learning
33,No,Travel_Rarely,924,Research & Development,2,3,Medical,1,39,3,Male,78,3,1,Laboratory Technician,4,Single,2496,6670,4,Y,No,11,3,4,80,0,7,3,3,1,1,0,0,0.35955858,Low Risk,3.6666666666666665,1248.0,3.3333333333333335,LOW RISK: Continue standard career development and engagement tracking.,51-9083.00,"Microsoft Word, SAP software, Microsoft Office software, Monitoring, Microsoft Excel, Microsoft Outlook, Reading Comprehension, Microsoft PowerPoint",Critical Thinking,88.89,Start: Critical Thinking
44,No,Travel_Rarely,1459,Research & Development,10,4,Other,1,40,4,Male,41,3,2,Healthcare Representative,4,Married,6465,19121,2,Y,Yes,13,3,4,80,0,9,5,4,4,2,1,3,0.042766634,Low Risk,4.0,1293.0,4.0,LOW RISK: Continue standard career development and engagement tracking.,43-4051.00,"Adobe Creative Cloud software, Microsoft Excel, Intuit QuickBooks, Active Listening, Critical Thinking, Apple macOS, Reading Comprehension, Microsoft Outlook, Adobe Photoshop, Adobe Illustrator, Microsoft Office software","Speaking, Writing, Monitoring, Adobe Acrobat, Facebook, Google Docs, Kronos Workforce Timekeeper",61.11,Start: Speaking
30,No,Travel_Rarely,125,Research & Development,9,2,Medical,1,41,4,Male,83,2,1,Laboratory Technician,3,Single,2206,16117,1,Y,No,13,3,1,80,0,10,5,3,10,0,1,8,0.17122796,Low Risk,2.6666666666666665,200.54545454545453,3.3333333333333335,LOW RISK: Continue standard career development and engagement tracking.,51-9083.00,"Reading Comprehension, Microsoft Office software, Monitoring, Critical Thinking, Microsoft Word","Microsoft Excel, Microsoft Outlook, Microsoft PowerPoint, SAP software",55.56,Start: Microsoft Excel
39,Yes,Travel_Rarely,895,Sales,5,3,Technical Degree,1,42,4,Male,56,3,2,Sales Representative,4,Married,2086,3335,3,Y,No,14,3,3,80,1,19,6,4,1,0,0,0,0.7272469,High Risk,3.6666666666666665,1043.0,4.0,HIGH RISK: HR review; retention conversation; career-path and compensation review.,41-4012.00,"Salesforce software, Critical Thinking, Apple macOS, Monitoring, Microsoft PowerPoint, Adobe Acrobat, Microsoft Outlook, Active Learning, Writing, Adobe Illustrator, Adobe Creative Cloud software","Active Listening, Speaking, Reading Comprehension, Microsoft Excel, Microsoft Office software, Adobe InDesign, Adobe Photoshop, Autodesk AutoCAD",57.89,Start: Active Listening
24,Yes,Travel_Rarely,813,Research & Development,1,3,Medical,1,45,2,Male,61,3,1,Research Scientist,4,Married,2293,3020,2,Y,Yes,16,3,1,80,1,6,2,2,2,0,2,0,0.85263,High Risk,2.3333333333333335,764.3333333333334,2.6666666666666665,HIGH RISK: HR review; retention conversation; career-path and compensation review.,15-1221.00,"Reading Comprehension, Critical Thinking, Learning Strategies, Science, Monitoring, Speaking, Active Learning, Writing, C++, Apache Spark, Git, C, Bash, GitHub, Apache Kafka, Ansible software, Mathematics","Active Listening, Amazon Web Services AWS software, Apache Hadoop, Docker, Go",77.27,Start: Active Listening
43,No,Travel_Rarely,1273,Research & Development,2,2,Medical,1,46,4,Female,72,4,1,Research Scientist,3,Divorced,2645,21923,1,Y,No,12,3,4,80,2,6,3,2,5,3,1,4,0.0036141223,Low Risk,3.6666666666666665,440.8333333333333,3.0,LOW RISK: Continue standard career development and engagement tracking.,15-1221.00,"C++, Amazon Web Services AWS software, Apache Kafka, Learning Strategies, Monitoring, Bash, Reading Comprehension, Active Learning, Science, Apache Hadoop, C","Mathematics, Critical Thinking, Active Listening, Writing, Speaking, Ansible software, Apache Spark, Docker, Git, GitHub, Go",50.0,Start: Mathematics
50,Yes,Travel_Rarely,869,Sales,3,2,Marketing,1,47,1,Male,86,2,1,Sales Representative,3,Married,2683,3810,1,Y,Yes,14,3,3,80,0,3,2,3,3,2,0,2,0.66517,Medium Risk,2.3333333333333335,670.75,2.3333333333333335,MEDIUM RISK: Manager check-in; mentorship; targeted development plan.,41-4012.00,"Microsoft Excel, Speaking, Critical Thinking, Microsoft Outlook, Adobe Creative Cloud software, Microsoft PowerPoint, Monitoring, Adobe InDesign, Adobe Photoshop","Active Listening, Reading Comprehension, Writing, Active Learning, Microsoft Office software, Salesforce software, Adobe Acrobat, Adobe Illustrator, Apple macOS, Autodesk AutoCAD",47.37,Start: Active Listening
35,No,Travel_Rarely,890,Sales,2,3,Marketing,1,49,4,Female,97,3,1,Sales Representative,4,Married,2014,9687,1,Y,No,13,3,1,80,0,2,3,3,2,2,2,2,0.22136587,Low Risk,3.0,671.3333333333334,3.6666666666666665,LOW RISK: Continue standard career development and engagement tracking.,41-4012.00,"Reading Comprehension, Critical Thinking, Adobe Illustrator, Speaking, Adobe Acrobat, Microsoft Outlook, Microsoft Office software, Adobe Creative Cloud software, Active Learning, Salesforce software, Adobe InDesign","Active Listening, Writing, Monitoring, Microsoft Excel, Microsoft PowerPoint, Adobe Photoshop, Apple macOS, Autodesk AutoCAD",57.89,Start: Active Listening
36,No,Travel_Rarely,852,Research & Development,5,4,Life Sciences,1,51,2,Female,82,2,1,Research Scientist,1,Married,3419,13072,9,Y,Yes,14,3,4,80,1,6,3,4,1,1,0,0,0.23019956,Low Risk,2.3333333333333335,1709.5,2.3333333333333335,LOW RISK: Continue standard career development and engagement tracking.,15-1221.00,"Docker, C++, Ansible software, Bash, Monitoring, C, Mathematics, Active Learning, Writing, Reading Comprehension, Apache Hadoop, Amazon Web Services AWS software, Apache Spark, Critical Thinking","Active Listening, Speaking, Learning Strategies, Science, Apache Kafka, Git, GitHub, Go",63.64,Start: Active Listening
33,No,Travel_Frequently,1141,Sales,1,3,Life Sciences,1,52,3,Female,42,4,2,Sales Executive,1,Married,5376,3193,2,Y,No,19,3,1,80,2,10,3,3,5,3,1,3,0.06936478,Low Risk,1.6666666666666667,896.0,2.3333333333333335,LOW RISK: Continue standard career development and engagement tracking.,53-3031.00,"Speaking, Critical Thinking, Active Listening, Writing","Reading Comprehension, Microsoft Excel, Microsoft Office software",57.14,Start: Reading Comprehension
35,No,Travel_Rarely,464,Research & Development,4,2,Other,1,53,3,Male,75,3,1,Laboratory Technician,4,Divorced,1951,10910,1,Y,No,12,3,3,80,1,1,3,3,1,0,0,0,0.2417075,Low Risk,3.3333333333333335,975.5,3.3333333333333335,LOW RISK: Continue standard career development and engagement tracking.,51-9083.00,"Microsoft Office software, SAP software, Microsoft Outlook, Critical Thinking, Microsoft Word, Microsoft PowerPoint, Reading Comprehension","Monitoring, Microsoft Excel",77.78,Start: Monitoring
27,No,Travel_Rarely,1240,Research & Development,2,4,Life Sciences,1,54,4,Female,33,3,1,Laboratory Technician,1,Divorced,2341,19715,1,Y,No,13,3,4,80,1,1,6,3,1,0,0,0,0.54186654,Medium Risk,3.0,1170.5,2.6666666666666665,MEDIUM RISK: Manager check-in; mentorship; targeted development plan.,51-9083.00,"Reading Comprehension, Microsoft Outlook, Microsoft Office software, Microsoft Excel, Microsoft Word, Microsoft PowerPoint","Critical Thinking, Monitoring, SAP software",66.67,Start: Critical Thinking
26,Yes,Travel_Rarely,1357,Research & Development,25,3,Life Sciences,1,55,1,Male,48,1,1,Laboratory Technician,3,Single,2293,10558,1,Y,No,12,3,3,80,0,1,2,2,1,0,0,1,0.95893586,High Risk,2.3333333333333335,1146.5,2.0,HIGH RISK: HR review; retention conversation; career-path and compensation review.,51-9083.00,"Microsoft Office software, Microsoft PowerPoint, Critical Thinking, Microsoft Outlook, Reading Comprehension","Monitoring, Microsoft Excel, Microsoft Word, SAP software",55.56,Start: Monitoring
27,No,Travel_Frequently,994,Sales,8,3,Life Sciences,1,56,4,Male,37,3,3,Sales Executive,3,Single,8726,2975,1,Y,No,15,3,4,80,0,9,0,3,9,8,1,7,0.07666807,Low Risk,3.6666666666666665,872.6,3.3333333333333335,LOW RISK: Continue standard career development and engagement tracking.,53-3031.00,"Active Listening, Microsoft Excel, Microsoft Office software","Speaking, Critical Thinking, Reading Comprehension, Writing",42.86,Start: Speaking
30,No,Travel_Frequently,721,Research & Development,1,2,Medical,1,57,3,Female,58,3,2,Laboratory Technician,4,Single,4011,10781,1,Y,No,23,4,4,80,0,12,2,3,12,8,3,7,0.07908542,Low Risk,3.6666666666666665,308.53846153846155,3.3333333333333335,LOW RISK: Continue standard career development and engagement tracking.,51-9083.00,"Microsoft Outlook, Reading Comprehension, Critical Thinking, Monitoring, Microsoft PowerPoint, SAP software, Microsoft Word","Microsoft Excel, Microsoft Office software",77.78,Start: Microsoft Excel
41,Yes,Travel_Rarely,1360,Research & Development,12,3,Technical Degree,1,58,2,Female,49,3,5,Research Director,3,Married,19545,16280,1,Y,No,12,3,4,80,0,23,0,3,22,15,15,8,0.023621092,Low Risk,3.0,849.7826086956521,2.6666666666666665,LOW RISK: Continue standard career development and engagement tracking.,27-2041.00,"Monitoring, Reading Comprehension, Active Learning, Microsoft Office software, Active Listening, Microsoft Word, Speaking, Microsoft Excel, Critical Thinking, Learning Strategies","Writing, Microsoft Outlook, Microsoft PowerPoint",76.92,Start: Writing
34,No,Non-Travel,1065,Sales,23,4,Marketing,1,60,2,Male,72,3,2,Sales Executive,3,Single,4568,10034,0,Y,No,20,4,3,80,0,10,2,3,9,5,8,7,0.07626806,Low Risk,2.6666666666666665,456.8,2.6666666666666665,LOW RISK: Continue standard career development and engagement tracking.,53-3031.00,"Active Listening, Speaking, Writing, Microsoft Excel","Critical Thinking, Reading Comprehension, Microsoft Office software",57.14,Start: Critical Thinking
37,No,Travel_Rarely,408,Research & Development,19,2,Life Sciences,1,61,2,Male,73,3,1,Research Scientist,2,Married,3022,10227,4,Y,No,21,4,1,80,0,8,1,3,1,0,0,0,0.33977798,Low Risk,1.6666666666666667,1511.0,2.3333333333333335,LOW RISK: Continue standard career development and engagement tracking.,15-1221.00,"Science, Git, C, Apache Spark, Docker, Go, Critical Thinking, Monitoring, Bash, Active Learning","Reading Comprehension, Mathematics, Active Listening, Writing, Speaking, Learning Strategies, Amazon Web Services AWS software, Ansible software, Apache Hadoop, Apache Kafka, C++, GitHub",45.45,Start: Reading Comprehension
46,No,Travel_Frequently,1211,Sales,5,4,Marketing,1,62,1,Male,98,3,2,Sales Executive,4,Single,5772,20445,4,Y,Yes,21,4,3,80,0,14,4,3,9,6,0,8,0.31052554,Low Risk,2.6666666666666665,577.2,2.6666666666666665,LOW RISK: Continue standard career development and engagement tracking.,53-3031.00,"Reading Comprehension, Critical Thinking, Writing, Microsoft Office software, Active Listening","Speaking, Microsoft Excel",71.43,Start: Speaking
35,No,Travel_Rarely,1229,Research & Development,8,1,Life Sciences,1,63,4,Male,36,4,1,Laboratory Technician,4,Married,2269,4892,1,Y,No,19,3,4,80,0,1,2,3,1,0,0,1,0.117842816,Low Risk,4.0,1134.5,3.6666666666666665,LOW RISK: Continue standard career development and engagement tracking.,51-9083.00,"Microsoft PowerPoint, Microsoft Office software, Monitoring, Microsoft Outlook, Critical Thinking, Microsoft Excel","Reading Comprehension, Microsoft Word, SAP software",66.67,Start: Reading Comprehension
48,Yes,Travel_Rarely,626,Research & Development,1,2,Life Sciences,1,64,1,Male,98,2,3,Laboratory Technician,3,Single,5381,19294,9,Y,Yes,13,3,4,80,0,23,2,3,1,0,0,0,0.92678213,High Risk,2.6666666666666665,2690.5,2.3333333333333335,HIGH RISK: HR review; retention conversation; career-path and compensation review.,51-9083.00,"Reading Comprehension, Microsoft Word, Microsoft PowerPoint, Microsoft Excel, Monitoring, Critical Thinking","Microsoft Office software, Microsoft Outlook, SAP software",66.67,Start: Microsoft Office software
28,Yes,Travel_Rarely,1434,Research & Development,5,4,Technical Degree,1,65,3,Male,50,3,1,Laboratory Technician,3,Single,3441,11179,1,Y,Yes,13,3,3,80,0,2,3,2,2,2,2,2,0.9167121,High Risk,3.0,1147.0,2.6666666666666665,HIGH RISK: HR review; retention conversation; career-path and compensation review.,51-9083.00,"Microsoft PowerPoint, Monitoring, SAP software, Critical Thinking, Microsoft Word, Microsoft Excel","Reading Comprehension, Microsoft Office software, Microsoft Outlook",66.67,Start: Reading Comprehension
44,No,Travel_Rarely,1488,Sales,1,5,Marketing,1,68,2,Female,75,3,2,Sales Executive,1,Divorced,5454,4009,5,Y,Yes,21,4,3,80,1,9,2,2,4,3,1,3,0.13026373,Low Risk,2.0,1090.8,1.6666666666666667,LOW RISK: Continue standard career development and engagement tracking.,53-3031.00,"Speaking, Reading Comprehension, Critical Thinking, Active Listening","Writing, Microsoft Excel, Microsoft Office software",57.14,Start: Writing
35,No,Non-Travel,1097,Research & Development,11,2,Medical,1,70,3,Male,79,2,3,Healthcare Representative,1,Married,9884,8302,2,Y,Yes,13,3,3,80,1,10,3,3,4,0,2,3,0.048359886,Low Risk,2.3333333333333335,1976.8,2.3333333333333335,LOW RISK: Continue standard career development and engagement tracking.,43-4051.00,"Speaking, Writing, Microsoft Office software, Facebook, Monitoring, Microsoft Outlook, Apple macOS, Intuit QuickBooks, Critical Thinking, Microsoft Excel, Adobe Acrobat, Google Docs","Active Listening, Reading Comprehension, Adobe Creative Cloud software, Adobe Illustrator, Adobe Photoshop, Kronos Workforce Timekeeper",66.67,Start: Active Listening
26,No,Travel_Rarely,1443,Sales,23,3,Marketing,1,72,3,Female,47,2,2,Sales Executive,4,Married,4157,21436,7,Y,Yes,19,3,3,80,1,5,2,2,2,2,0,0,0.38941246,Low Risk,3.3333333333333335,1385.6666666666667,3.0,LOW RISK: Continue standard career development and engagement tracking.,53-3031.00,"Microsoft Excel, Speaking, Reading Comprehension, Microsoft Office software, Active Listening","Critical Thinking, Writing",71.43,Start: Critical Thinking
33,No,Travel_Frequently,515,Research & Development,1,2,Life Sciences,1,73,1,Female,98,3,3,Research Director,4,Single,13458,15146,1,Y,Yes,12,3,3,80,0,15,1,3,15,14,8,12,0.10452023,Low Risk,2.6666666666666665,841.125,2.6666666666666665,LOW RISK: Continue standard career development and engagement tracking.,27-2041.00,"Reading Comprehension, Active Listening, Learning Strategies, Monitoring, Microsoft Outlook, Critical Thinking, Writing","Speaking, Active Learning, Microsoft Excel, Microsoft Office software, Microsoft PowerPoint, Microsoft Word",53.85,Start: Speaking
35,No,Travel_Frequently,853,Sales,18,5,Life Sciences,1,74,2,Male,71,3,3,Sales Executive,1,Married,9069,11031,1,Y,No,22,4,4,80,1,9,3,2,9,8,1,8,0.18108551,Low Risk,2.3333333333333335,906.9,1.6666666666666667,LOW RISK: Continue standard career development and engagement tracking.,53-3031.00,"Speaking, Microsoft Office software, Critical Thinking, Microsoft Excel","Active Listening, Reading Comprehension, Writing",57.14,Start: Active Listening
35,No,Travel_Rarely,1142,Research & Development,23,4,Medical,1,75,3,Female,30,3,1,Laboratory Technician,1,Married,4014,16002,3,Y,Yes,15,3,3,80,1,4,3,3,2,2,2,2,0.26128456,Low Risk,2.3333333333333335,1338.0,2.3333333333333335,LOW RISK: Continue standard career development and engagement tracking.,51-9083.00,"Microsoft PowerPoint, Microsoft Office software, Microsoft Excel, SAP software","Reading Comprehension, Critical Thinking, Monitoring, Microsoft Outlook, Microsoft Word",44.44,Start: Reading Comprehension
31,No,Travel_Rarely,655,Research & Development,7,4,Life Sciences,1,76,4,Male,48,3,2,Laboratory Technician,4,Divorced,5915,9528,3,Y,No,22,4,4,80,1,10,3,2,7,7,1,7,0.06642456,Low Risk,4.0,739.375,3.3333333333333335,LOW RISK: Continue standard career development and engagement tracking.,51-9083.00,"SAP software, Critical Thinking, Reading Comprehension, Microsoft Office software, Microsoft Excel","Monitoring, Microsoft Outlook, Microsoft PowerPoint, Microsoft Word",55.56,Start: Monitoring
37,No,Travel_Rarely,1115,Research & Development,1,4,Life Sciences,1,77,1,Male,51,2,2,Manufacturing Director,3,Divorced,5993,2689,1,Y,No,18,3,3,80,1,7,2,4,7,5,0,7,0.014851463,Low Risk,2.3333333333333335,749.125,2.6666666666666665,LOW RISK: Continue standard career development and engagement tracking.,51-9195.05,"Microsoft Outlook, Monitoring, Active Listening, Microsoft Excel",Critical Thinking,80.0,Start: Critical Thinking
32,No,Travel_Rarely,427,Research & Development,1,3,Medical,1,78,1,Male,33,3,2,Manufacturing Director,4,Married,6162,10877,1,Y,Yes,22,4,2,80,1,9,3,3,9,8,7,8,0.1355191,Low Risk,2.3333333333333335,616.2,2.6666666666666665,LOW RISK: Continue standard career development and engagement tracking.,51-9195.05,"Active Listening, Microsoft Excel, Monitoring","Critical Thinking, Microsoft Outlook",60.0,Start: Critical Thinking
38,No,Travel_Frequently,653,Research & Development,29,5,Life Sciences,1,79,4,Female,50,3,2,Laboratory Technician,4,Single,2406,5456,1,Y,No,11,3,4,80,0,10,2,3,10,3,9,9,0.17206879,Low Risk,4.0,218.72727272727272,3.6666666666666665,LOW RISK: Continue standard career development and engagement tracking.,51-9083.00,"Reading Comprehension, Monitoring, Microsoft Outlook, Microsoft Office software, Critical Thinking, Microsoft Excel","Microsoft PowerPoint, Microsoft Word, SAP software",66.67,Start: Microsoft PowerPoint
50,No,Travel_Rarely,989,Research & Development,7,2,Medical,1,80,2,Female,43,2,5,Research Director,3,Divorced,18740,16701,5,Y,Yes,12,3,4,80,1,29,2,2,27,3,13,8,0.093170226,Low Risk,3.0,669.2857142857143,2.3333333333333335,LOW RISK: Continue standard career development and engagement tracking.,27-2041.00,"Reading Comprehension, Learning Strategies, Microsoft Outlook, Critical Thinking, Microsoft Excel, Writing, Active Listening, Monitoring, Microsoft Office software, Microsoft PowerPoint","Speaking, Active Learning, Microsoft Word",76.92,Start: Speaking
59,No,Travel_Rarely,1435,Sales,25,3,Life Sciences,1,81,1,Female,99,3,3,Sales Executive,1,Single,7637,2354,7,Y,No,11,3,4,80,0,28,3,2,21,16,7,9,0.2320533,Low Risk,2.0,347.1363636363636,1.3333333333333333,LOW RISK: Continue standard career development and engagement tracking.,53-3031.00,"Speaking, Writing, Reading Comprehension, Microsoft Office software, Active Listening, Critical Thinking",Microsoft Excel,85.71,Start: Microsoft Excel
36,No,Travel_Rarely,1223,Research & Development,8,3,Technical Degree,1,83,3,Female,59,3,3,Healthcare Representative,3,Divorced,10096,8202,1,Y,No,13,3,2,80,3,17,2,3,17,14,12,8,0.022989174,Low Risk,2.6666666666666665,560.8888888888889,3.0,LOW RISK: Continue standard career development and engagement tracking.,43-4051.00,"Microsoft Excel, Microsoft Outlook, Microsoft Office software, Adobe Acrobat, Kronos Workforce Timekeeper, Adobe Creative Cloud software, Critical Thinking, Adobe Illustrator, Active Listening, Adobe Photoshop, Facebook, Google Docs","Speaking, Reading Comprehension, Writing, Monitoring, Apple macOS, Intuit QuickBooks",66.67,Start: Speaking
55,No,Travel_Rarely,836,Research & Development,8,3,Medical,1,84,4,Female,33,3,4,Manager,3,Divorced,14756,19730,2,Y,Yes,14,3,3,80,3,21,2,3,5,0,0,2,0.059663087,Low Risk,3.3333333333333335,2459.3333333333335,3.3333333333333335,LOW RISK: Continue standard career development and engagement tracking.,47-1011.03,"Microsoft Office software, Microsoft Visio, Critical Thinking, Autodesk AutoCAD Civil 3D, Microsoft PowerPoint, Mathematics, Microsoft Word, Active Learning, Learning Strategies, Active Listening, Writing, Microsoft Excel, Microsoft Outlook, Autodesk Revit","Reading Comprehension, Monitoring, Speaking, Autodesk AutoCAD, Microsoft Project, Microsoft Windows, Oracle Primavera Enterprise Project Portfolio Management",66.67,Start: Reading Comprehension
36,No,Travel_Frequently,1195,Research & Development,11,3,Life Sciences,1,85,2,Male,95,2,2,Manufacturing Director,2,Single,6499,22656,1,Y,No,13,3,3,80,0,6,3,3,6,5,0,3,0.16028967,Low Risk,2.3333333333333335,928.4285714285714,2.3333333333333335,LOW RISK: Continue standard career development and engagement tracking.,51-9195.05,"Active Listening, Microsoft Outlook, Critical Thinking","Monitoring, Microsoft Excel",60.0,Start: Monitoring
45,No,Travel_Rarely,1339,Research & Development,7,3,Life Sciences,1,86,2,Male,59,3,3,Research Scientist,1,Divorced,9724,18787,2,Y,No,17,3,3,80,1,25,2,3,1,0,0,0,0.016716925,Low Risk,2.0,4862.0,2.0,LOW RISK: Continue standard career development and engagement tracking.,15-1221.00,"Active Listening, C++, Active Learning, Monitoring, C, Speaking, Mathematics, Writing, Critical Thinking, Git, Reading Comprehension, Science, Apache Hadoop, Apache Spark, GitHub, Ansible software, Docker, Bash","Learning Strategies, Amazon Web Services AWS software, Apache Kafka, Go",81.82,Start: Learning Strategies
35,No,Travel_Frequently,664,Research & Development,1,3,Medical,1,88,2,Male,79,3,1,Research Scientist,1,Married,2194,5868,4,Y,No,13,3,4,80,1,5,2,2,3,2,1,2,0.15471701,Low Risk,2.3333333333333335,548.5,1.6666666666666667,LOW RISK: Continue standard career development and engagement tracking.,15-1221.00,"Learning Strategies, C, Docker, Reading Comprehension, Amazon Web Services AWS software, Bash, C++, Apache Kafka, Apache Hadoop, GitHub, Apache Spark, Science, Critical Thinking, Writing, Monitoring, Mathematics","Active Learning, Active Listening, Speaking, Ansible software, Git, Go",72.73,Start: Active Learning
36,Yes,Travel_Rarely,318,Research & Development,9,3,Medical,1,90,4,Male,79,2,1,Research Scientist,3,Married,3388,21777,0,Y,Yes,17,3,1,80,1,2,0,2,1,0,0,0,0.2290556,Low Risk,2.6666666666666665,1694.0,3.0,LOW RISK: Continue standard career development and engagement tracking.,15-1221.00,"Bash, Critical Thinking, Active Learning, Amazon Web Services AWS software, Apache Kafka, Git, Apache Spark, Active Listening, Monitoring, GitHub, C++, Reading Comprehension, Writing, Learning Strategies","Mathematics, Speaking, Science, Ansible software, Apache Hadoop, C, Docker, Go",63.64,Start: Mathematics
59,No,Travel_Frequently,1225,Sales,1,1,Life Sciences,1,91,1,Female,57,2,2,Sales Executive,3,Single,5473,24668,7,Y,No,11,3,4,80,0,20,2,2,4,3,1,3,0.18416831,Low Risk,2.6666666666666665,1094.6,2.0,LOW RISK: Continue standard career development and engagement tracking.,53-3031.00,"Reading Comprehension, Writing, Microsoft Excel, Speaking, Critical Thinking, Active Listening",Microsoft Office software,85.71,Start: Microsoft Office software
29,No,Travel_Rarely,1328,Research & Development,2,3,Life Sciences,1,94,3,Male,76,3,1,Research Scientist,2,Married,2703,4956,0,Y,No,23,4,4,80,1,6,3,3,5,4,0,4,0.013709851,Low Risk,3.0,450.5,2.6666666666666665,LOW RISK: Continue standard career development and engagement tracking.,15-1221.00,"C, Ansible software, Bash, Active Listening, Monitoring, Active Learning, Apache Kafka, Go, Science, Learning Strategies","Reading Comprehension, Mathematics, Critical Thinking, Writing, Speaking, Amazon Web Services AWS software, Apache Hadoop, Apache Spark, C++, Docker, Git, GitHub",45.45,Start: Reading Comprehension
31,No,Travel_Rarely,1082,Research & Development,1,4,Medical,1,95,3,Male,87,3,1,Research Scientist,2,Single,2501,18775,1,Y,No,17,3,2,80,0,1,4,3,1,1,1,0,0.29437432,Low Risk,2.3333333333333335,1250.5,2.6666666666666665,LOW RISK: Continue standard career development and engagement tracking.,15-1221.00,"Apache Kafka, Mathematics, Apache Spark, Amazon Web Services AWS software, Monitoring, GitHub, Writing, Active Listening, Bash, C, Learning Strategies, Docker, Git, Critical Thinking, Science, Reading Comprehension, Apache Hadoop","Active Learning, Speaking, Ansible software, C++, Go",77.27,Start: Active Learning
32,No,Travel_Rarely,548,Research & Development,1,3,Life Sciences,1,96,2,Male,66,3,2,Research Scientist,2,Married,6220,7346,1,Y,No,17,3,2,80,2,10,3,3,10,4,0,9,0.02407599,Low Risk,2.0,565.4545454545455,2.3333333333333335,LOW RISK: Continue standard career development and engagement tracking.,15-1221.00,"Monitoring, Active Learning, Docker, Reading Comprehension, Ansible software, Active Listening, Git, Critical Thinking, Apache Spark, Speaking, C++, Mathematics, Amazon Web Services AWS software, Writing, Bash","Learning Strategies, Science, Apache Hadoop, Apache Kafka, C, GitHub, Go",68.18,Start: Learning Strategies
36,No,Travel_Rarely,132,Research & Development,6,3,Life Sciences,1,97,2,Female,55,4,1,Laboratory Technician,4,Married,3038,22002,3,Y,No,12,3,2,80,0,5,3,3,1,0,0,0,0.10466782,Low Risk,2.6666666666666665,1519.0,3.0,LOW RISK: Continue standard career development and engagement tracking.,51-9083.00,"Microsoft Word, Microsoft Excel, Monitoring, SAP software, Critical Thinking, Microsoft PowerPoint","Reading Comprehension, Microsoft Office software, Microsoft Outlook",66.67,Start: Reading Comprehension
31,No,Travel_Rarely,746,Research & Development,8,4,Life Sciences,1,98,3,Female,61,3,2,Manufacturing Director,4,Single,4424,20682,1,Y,No,23,4,4,80,0,11,2,3,11,7,1,8,0.06004235,Low Risk,3.6666666666666665,368.6666666666667,3.3333333333333335,LOW RISK: Continue standard career development and engagement tracking.,51-9195.05,"Critical Thinking, Microsoft Excel, Active Listening, Monitoring",Microsoft Outlook,80.0,Start: Microsoft Outlook
35,No,Travel_Rarely,776,Sales,1,4,Marketing,1,100,3,Male,32,2,2,Sales Executive,1,Single,4312,23016,0,Y,No,14,3,2,80,0,16,2,3,15,13,2,8,0.05435734,Low Risk,2.0,269.5,2.3333333333333335,LOW RISK: Continue standard career development and engagement tracking.,53-3031.00,"Microsoft Office software, Speaking, Microsoft Excel, Writing","Active Listening, Critical Thinking, Reading Comprehension",57.14,Start: Active Listening
45,No,Travel_Rarely,193,Research & Development,6,4,Other,1,101,4,Male,52,3,3,Research Director,1,Married,13245,15067,4,Y,Yes,14,3,2,80,0,17,3,4,0,0,0,0,0.07215711,Low Risk,2.3333333333333335,13245.0,3.0,LOW RISK: Continue standard career development and engagement tracking.,27-2041.00,"Critical Thinking, Microsoft Office software, Active Learning, Reading Comprehension, Writing, Microsoft Outlook, Learning Strategies, Microsoft PowerPoint, Microsoft Word","Active Listening, Speaking, Monitoring, Microsoft Excel",69.23,Start: Active Listening
37,No,Travel_Rarely,397,Research & Development,7,4,Medical,1,102,1,Male,30,3,3,Research Director,3,Single,13664,25258,4,Y,No,13,3,1,80,0,16,3,4,5,2,0,2,0.065833494,Low Risk,1.6666666666666667,2277.3333333333335,2.6666666666666665,LOW RISK: Continue standard career development and engagement tracking.,27-2041.00,"Microsoft PowerPoint, Active Listening, Writing, Reading Comprehension, Microsoft Excel, Critical Thinking, Monitoring, Microsoft Word, Speaking, Learning Strategies","Active Learning, Microsoft Office software, Microsoft Outlook",76.92,Start: Active Learning
46,No,Travel_Rarely,945,Human Resources,5,2,Medical,1,103,2,Male,80,3,2,Human Resources,2,Divorced,5021,10425,8,Y,Yes,22,4,4,80,1,16,2,3,4,2,0,2,0.21511073,Low Risk,2.6666666666666665,1004.2,2.3333333333333335,LOW RISK: Continue standard career development and engagement tracking.,43-4161.00,"Microsoft Outlook, Microsoft Office software, Reading Comprehension, Microsoft Access, Google Docs, Microsoft Excel, Active Listening, Writing, Critical Thinking","Speaking, Monitoring, Active Learning, Microsoft PowerPoint, Microsoft Word, Applicant tracking software, Oracle HRIS, Microsoft SharePoint, Microsoft Visio, Oracle PeopleSoft",47.37,Start: Speaking
30,No,Travel_Rarely,852,Research & Development,1,1,Life Sciences,1,104,4,Male,55,2,2,Laboratory Technician,4,Married,5126,15998,1,Y,Yes,12,3,3,80,2,10,1,2,10,8,3,0,0.08998809,Low Risk,3.6666666666666665,466.0,3.3333333333333335,LOW RISK: Continue standard career development and engagement tracking.,51-9083.00,"Microsoft Office software, Microsoft Excel, Microsoft Outlook, Critical Thinking","Reading Comprehension, Monitoring, Microsoft PowerPoint, Microsoft Word, SAP software",44.44,Start: Reading Comprehension
35,No,Travel_Rarely,1214,Research & Development,1,3,Medical,1,105,2,Male,30,2,1,Research Scientist,3,Single,2859,26278,1,Y,No,18,3,1,80,0,6,3,3,6,4,0,4,0.047417354,Low Risk,2.0,408.42857142857144,2.6666666666666665,LOW RISK: Continue standard career development and engagement tracking.,15-1221.00,"Active Learning, Critical Thinking, C++, C, Git, Reading Comprehension, Ansible software, Science, Go, Mathematics, Apache Spark, Amazon Web Services AWS software, Writing, Apache Hadoop","Active Listening, Speaking, Monitoring, Learning Strategies, Apache Kafka, Bash, Docker, GitHub",63.64,Start: Active Listening
55,No,Travel_Rarely,111,Sales,1,2,Life Sciences,1,106,1,Male,70,3,3,Sales Executive,4,Married,10239,18092,3,Y,No,14,3,4,80,1,24,4,3,1,0,1,0,0.15396357,Low Risk,3.0,5119.5,2.6666666666666665,LOW RISK: Continue standard career development and engagement tracking.,53-3031.00,"Writing, Speaking, Reading Comprehension, Critical Thinking","Active Listening, Microsoft Excel, Microsoft Office software",57.14,Start: Active Listening
38,No,Non-Travel,573,Research & Development,6,3,Medical,1,107,2,Female,79,1,2,Research Scientist,4,Divorced,5329,15717,7,Y,Yes,12,3,4,80,3,17,3,3,13,11,1,9,0.043408755,Low Risk,3.3333333333333335,380.64285714285717,3.0,LOW RISK: Continue standard career development and engagement tracking.,15-1221.00,"Monitoring, Apache Kafka, Apache Spark, Critical Thinking, C, Mathematics, Active Learning, Git, Apache Hadoop, Speaking","Reading Comprehension, Active Listening, Writing, Learning Strategies, Science, Amazon Web Services AWS software, Ansible software, Bash, C++, Docker, GitHub, Go",45.45,Start: Reading Comprehension
34,No,Travel_Rarely,1153,Research & Development,1,2,Medical,1,110,1,Male,94,3,2,Manufacturing Director,2,Married,4325,17736,1,Y,No,15,3,3,80,0,5,2,3,5,2,1,3,0.08548629,Low Risk,2.0,720.8333333333334,2.0,LOW RISK: Continue standard career development and engagement tracking.,51-9195.05,"Microsoft Excel, Monitoring","Critical Thinking, Active Listening, Microsoft Outlook",40.0,Start: Critical Thinking
56,No,Travel_Rarely,1400,Research & Development,7,3,Life Sciences,1,112,4,Male,49,1,3,Manufacturing Director,4,Single,7260,21698,4,Y,No,11,3,1,80,0,37,3,2,6,4,0,2,0.085710384,Low Risk,3.0,1037.142857142857,3.3333333333333335,LOW RISK: Continue standard career development and engagement tracking.,51-9195.05,"Critical Thinking, Microsoft Excel, Monitoring","Active Listening, Microsoft Outlook",60.0,Start: Active Listening
23,No,Travel_Rarely,541,Sales,2,1,Technical Degree,1,113,3,Male,62,3,1,Sales Representative,1,Divorced,2322,9518,3,Y,No,13,3,3,80,1,3,3,3,0,0,0,0,0.5077894,Medium Risk,2.3333333333333335,2322.0,2.3333333333333335,MEDIUM RISK: Manager check-in; mentorship; targeted development plan.,41-4012.00,"Critical Thinking, Microsoft Office software, Reading Comprehension, Autodesk AutoCAD, Adobe Illustrator, Adobe InDesign, Microsoft PowerPoint, Monitoring, Adobe Creative Cloud software","Active Listening, Speaking, Writing, Active Learning, Microsoft Excel, Microsoft Outlook, Salesforce software, Adobe Acrobat, Adobe Photoshop, Apple macOS",47.37,Start: Active Listening
51,No,Travel_Rarely,432,Research & Development,9,4,Life Sciences,1,116,4,Male,96,3,1,Laboratory Technician,4,Married,2075,18725,3,Y,No,23,4,2,80,2,10,4,3,4,2,0,3,0.10940836,Low Risk,3.3333333333333335,415.0,3.6666666666666665,LOW RISK: Continue standard career development and engagement tracking.,51-9083.00,"Microsoft Excel, Microsoft PowerPoint, Microsoft Outlook, SAP software, Reading Comprehension, Microsoft Office software, Critical Thinking, Monitoring",Microsoft Word,88.89,Start: Microsoft Word
30,No,Travel_Rarely,288,Research & Development,2,3,Life Sciences,1,117,3,Male,99,2,2,Healthcare Representative,4,Married,4152,15830,1,Y,No,19,3,1,80,3,11,3,3,11,10,10,8,0.055098858,Low Risk,2.6666666666666665,346.0,3.3333333333333335,LOW RISK: Continue standard career development and engagement tracking.,43-4051.00,"Writing, Adobe Acrobat, Microsoft Office software, Google Docs, Adobe Illustrator, Active Listening, Adobe Photoshop, Intuit QuickBooks, Critical Thinking, Monitoring","Speaking, Reading Comprehension, Microsoft Excel, Microsoft Outlook, Adobe Creative Cloud software, Apple macOS, Facebook, Kronos Workforce Timekeeper",55.56,Start: Speaking
46,Yes,Travel_Rarely,669,Sales,9,2,Medical,1,118,3,Male,64,2,3,Sales Executive,4,Single,9619,13596,1,Y,No,16,3,4,80,0,9,3,3,9,8,4,7,0.7250707,High Risk,3.6666666666666665,961.9,3.3333333333333335,HIGH RISK: HR review; retention conversation; career-path and compensation review.,53-3031.00,"Active Listening, Speaking, Critical Thinking, Writing, Microsoft Excel","Reading Comprehension, Microsoft Office software",71.43,Start: Reading Comprehension
40,No,Travel_Frequently,530,Research & Development,1,4,Life Sciences,1,119,3,Male,78,2,4,Healthcare Representative,2,Married,13503,14115,1,Y,No,22,4,4,80,1,22,3,2,22,3,11,11,0.014894542,Low Risk,3.0,587.0869565217391,2.3333333333333335,LOW RISK: Continue standard career development and engagement tracking.,43-4051.00,"Critical Thinking, Microsoft Office software, Adobe Creative Cloud software, Adobe Illustrator, Kronos Workforce Timekeeper, Microsoft Excel, Microsoft Outlook, Adobe Acrobat, Apple macOS, Active Listening, Google Docs, Adobe Photoshop","Speaking, Reading Comprehension, Writing, Monitoring, Facebook, Intuit QuickBooks",66.67,Start: Speaking
51,No,Travel_Rarely,632,Sales,21,4,Marketing,1,120,3,Male,71,3,2,Sales Executive,4,Single,5441,8423,0,Y,Yes,22,4,4,80,0,11,2,1,10,7,1,0,0.3662485,Low Risk,3.6666666666666665,494.6363636363636,2.6666666666666665,LOW RISK: Continue standard career development and engagement tracking.,53-3031.00,"Reading Comprehension, Speaking, Active Listening, Critical Thinking, Writing","Microsoft Excel, Microsoft Office software",71.43,Start: Microsoft Excel
30,No,Travel_Rarely,1334,Sales,4,2,Medical,1,121,3,Female,63,2,2,Sales Executive,2,Divorced,5209,19760,1,Y,Yes,12,3,2,80,3,11,4,2,11,8,2,7,0.054357547,Low Risk,2.3333333333333335,434.0833333333333,2.3333333333333335,LOW RISK: Continue standard career development and engagement tracking.,53-3031.00,"Microsoft Excel, Active Listening, Microsoft Office software, Writing, Reading Comprehension","Speaking, Critical Thinking",71.43,Start: Speaking
46,No,Travel_Frequently,638,Research & Development,1,3,Medical,1,124,3,Male,40,2,3,Healthcare Representative,1,Married,10673,3142,2,Y,Yes,13,3,3,80,1,21,5,2,10,9,9,5,0.12002172,Low Risk,2.3333333333333335,970.2727272727273,2.0,LOW RISK: Continue standard career development and engagement tracking.,43-4051.00,"Facebook, Adobe Acrobat, Kronos Workforce Timekeeper, Monitoring, Adobe Photoshop, Writing, Microsoft Office software, Intuit QuickBooks, Google Docs, Microsoft Outlook, Microsoft Excel","Active Listening, Speaking, Critical Thinking, Reading Comprehension, Adobe Creative Cloud software, Adobe Illustrator, Apple macOS",61.11,Start: Active Listening
32,No,Travel_Rarely,1093,Sales,6,4,Medical,1,125,2,Male,87,3,2,Sales Executive,3,Single,5010,24301,1,Y,No,16,3,1,80,0,12,0,3,11,8,5,7,0.25019014,Low Risk,2.0,417.5,2.6666666666666665,LOW RISK: Continue standard career development and engagement tracking.,53-3031.00,"Microsoft Office software, Reading Comprehension, Active Listening, Writing","Speaking, Critical Thinking, Microsoft Excel",57.14,Start: Speaking
54,No,Travel_Rarely,1217,Research & Development,2,4,Technical Degree,1,126,1,Female,60,3,3,Research Director,3,Married,13549,24001,9,Y,No,12,3,1,80,1,16,5,1,4,3,0,3,0.021784432,Low Risk,1.6666666666666667,2709.8,1.6666666666666667,LOW RISK: Continue standard career development and engagement tracking.,27-2041.00,"Speaking, Microsoft Excel, Reading Comprehension, Microsoft Office software, Critical Thinking, Microsoft PowerPoint, Microsoft Word","Active Listening, Monitoring, Writing, Active Learning, Learning Strategies, Microsoft Outlook",53.85,Start: Active Listening
24,No,Travel_Rarely,1353,Sales,3,2,Other,1,128,1,Female,33,3,2,Sales Executive,3,Married,4999,17519,0,Y,No,21,4,1,80,1,4,2,2,3,2,0,2,0.111699365,Low Risk,1.6666666666666667,1249.75,2.0,LOW RISK: Continue standard career development and engagement tracking.,53-3031.00,"Microsoft Office software, Reading Comprehension, Writing, Microsoft Excel","Active Listening, Speaking, Critical Thinking",57.14,Start: Active Listening
28,No,Non-Travel,120,Sales,4,3,Medical,1,129,2,Male,43,3,2,Sales Executive,3,Married,4221,8863,1,Y,No,15,3,2,80,0,5,3,4,5,4,0,4,0.06858969,Low Risk,2.3333333333333335,703.5,3.0,LOW RISK: Continue standard career development and engagement tracking.,53-3031.00,"Microsoft Excel, Speaking, Critical Thinking, Reading Comprehension, Microsoft Office software","Active Listening, Writing",71.43,Start: Active Listening
58,No,Travel_Rarely,682,Sales,10,4,Medical,1,131,4,Male,37,3,4,Sales Executive,3,Single,13872,24409,0,Y,No,13,3,3,80,0,38,1,2,37,10,1,8,0.08474713,Low Risk,3.3333333333333335,365.05263157894734,3.0,LOW RISK: Continue standard career development and engagement tracking.,53-3031.00,"Writing, Active Listening, Reading Comprehension, Microsoft Excel, Critical Thinking, Speaking",Microsoft Office software,85.71,Start: Microsoft Office software
44,No,Non-Travel,489,Research & Development,23,3,Medical,1,132,2,Male,67,3,2,Laboratory Technician,2,Married,2042,25043,4,Y,No,12,3,3,80,1,17,3,4,3,2,1,2,0.04672875,Low Risk,2.3333333333333335,510.5,2.6666666666666665,LOW RISK: Continue standard career development and engagement tracking.,51-9083.00,"Reading Comprehension, SAP software, Microsoft Word, Critical Thinking, Microsoft PowerPoint, Monitoring, Microsoft Outlook, Microsoft Office software",Microsoft Excel,88.89,Start: Microsoft Excel
37,Yes,Travel_Rarely,807,Human Resources,6,4,Human Resources,1,133,3,Male,63,3,1,Human Resources,1,Divorced,2073,23648,4,Y,Yes,22,4,4,80,0,7,3,3,3,2,0,2,0.87272954,High Risk,2.6666666666666665,518.25,2.3333333333333335,HIGH RISK: HR review; retention conversation; career-path and compensation review.,43-4161.00,"Microsoft Excel, Oracle HRIS, Speaking, Applicant tracking software, Microsoft Access, Reading Comprehension, Active Learning, Microsoft Outlook, Microsoft Visio, Microsoft PowerPoint, Monitoring, Microsoft SharePoint","Active Listening, Writing, Critical Thinking, Microsoft Office software, Microsoft Word, Google Docs, Oracle PeopleSoft",63.16,Start: Active Listening
32,No,Travel_Rarely,827,Research & Development,1,1,Life Sciences,1,134,4,Male,71,3,1,Research Scientist,1,Single,2956,15178,1,Y,No,13,3,4,80,0,1,2,3,1,0,0,0,0.10217212,Low Risk,3.0,1478.0,2.6666666666666665,LOW RISK: Continue standard career development and engagement tracking.,15-1221.00,"GitHub, Amazon Web Services AWS software, C++, Apache Spark, Active Listening, Speaking, Science, Learning Strategies, Mathematics, Go, Writing","Active Learning, Reading Comprehension, Critical Thinking, Monitoring, Ansible software, Apache Hadoop, Apache Kafka, Bash, C, Docker, Git",50.0,Start: Active Learning
20,Yes,Travel_Frequently,871,Research & Development,6,3,Life Sciences,1,137,4,Female,66,2,1,Laboratory Technician,4,Single,2926,19783,1,Y,Yes,18,3,2,80,0,1,5,3,1,0,1,0,0.96821815,High Risk,3.3333333333333335,1463.0,3.6666666666666665,HIGH RISK: HR review; retention conversation; career-path and compensation review.,51-9083.00,"Reading Comprehension, Microsoft Outlook, Microsoft Word, Microsoft PowerPoint, Microsoft Office software, SAP software, Monitoring, Critical Thinking",Microsoft Excel,88.89,Start: Microsoft Excel
34,No,Travel_Rarely,665,Research & Development,6,4,Other,1,138,1,Female,41,3,2,Research Scientist,3,Single,4809,12482,1,Y,No,14,3,3,80,0,16,3,3,16,13,2,10,0.06606051,Low Risk,2.3333333333333335,282.88235294117646,2.3333333333333335,LOW RISK: Continue standard career development and engagement tracking.,15-1221.00,"Bash, Critical Thinking, Docker, Apache Kafka, Active Learning, Go, GitHub, Monitoring, C, Git, Apache Spark, C++, Learning Strategies, Mathematics, Active Listening, Writing, Reading Comprehension, Apache Hadoop, Amazon Web Services AWS software","Speaking, Science, Ansible software",86.36,Start: Speaking
37,No,Non-Travel,1040,Research & Development,2,2,Life Sciences,1,139,3,Male,100,2,2,Healthcare Representative,4,Divorced,5163,15850,5,Y,No,14,3,4,80,1,17,2,4,1,0,0,0,0.026063759,Low Risk,3.6666666666666665,2581.5,3.6666666666666665,LOW RISK: Continue standard career development and engagement tracking.,43-4051.00,"Writing, Critical Thinking, Google Docs, Adobe Acrobat, Adobe Illustrator, Apple macOS, Microsoft Excel, Microsoft Outlook, Active Listening, Facebook, Intuit QuickBooks","Speaking, Reading Comprehension, Monitoring, Microsoft Office software, Adobe Creative Cloud software, Adobe Photoshop, Kronos Workforce Timekeeper",61.11,Start: Speaking
59,No,Non-Travel,1420,Human Resources,2,4,Human Resources,1,140,3,Female,32,2,5,Manager,4,Married,18844,21922,9,Y,No,21,4,4,80,1,30,3,3,3,2,2,2,0.010728171,Low Risk,3.6666666666666665,4711.0,3.3333333333333335,LOW RISK: Continue standard career development and engagement tracking.,47-1011.03,"Microsoft Outlook, Microsoft PowerPoint, Autodesk AutoCAD, Active Learning, Microsoft Excel, Microsoft Office software, Speaking, Monitoring, Autodesk Revit, Microsoft Word, Autodesk AutoCAD Civil 3D, Active Listening, Microsoft Visio","Reading Comprehension, Critical Thinking, Writing, Mathematics, Learning Strategies, Microsoft Project, Microsoft Windows, Oracle Primavera Enterprise Project Portfolio Management",61.9,Start: Reading Comprehension
50,No,Travel_Frequently,1115,Research & Development,1,3,Life Sciences,1,141,1,Female,73,3,5,Research Director,2,Married,18172,9755,3,Y,Yes,19,3,1,80,0,28,1,2,8,3,0,7,0.08745425,Low Risk,1.3333333333333333,2019.111111111111,1.6666666666666667,LOW RISK: Continue standard career development and engagement tracking.,27-2041.00,"Reading Comprehension, Microsoft PowerPoint, Writing, Microsoft Office software, Microsoft Excel, Microsoft Word, Critical Thinking, Monitoring, Speaking","Active Listening, Active Learning, Learning Strategies, Microsoft Outlook",69.23,Start: Active Listening
25,Yes,Travel_Rarely,240,Sales,5,3,Marketing,1,142,3,Male,46,2,2,Sales Executive,3,Single,5744,26959,1,Y,Yes,11,3,4,80,0,6,1,3,6,4,0,3,0.8365342,High Risk,3.3333333333333335,820.5714285714286,3.0,HIGH RISK: HR review; retention conversation; career-path and compensation review.,53-3031.00,"Speaking, Microsoft Excel, Microsoft Office software, Reading Comprehension","Active Listening, Critical Thinking, Writing",57.14,Start: Active Listening
25,No,Travel_Rarely,1280,Research & Development,7,1,Medical,1,143,4,Male,64,2,1,Research Scientist,4,Married,2889,26897,1,Y,No,11,3,3,80,2,2,2,3,2,2,2,1,0.025199706,Low Risk,3.6666666666666665,963.0,3.6666666666666665,LOW RISK: Continue standard career development and engagement tracking.,15-1221.00,"Reading Comprehension, Apache Hadoop, Mathematics, Writing, Active Listening, C++, GitHub, Active Learning, Apache Spark, Amazon Web Services AWS software","Critical Thinking, Speaking, Monitoring, Learning Strategies, Science, Ansible software, Apache Kafka, Bash, C, Docker, Git, Go",45.45,Start: Critical Thinking
22,No,Travel_Rarely,534,Research & Development,15,3,Medical,1,144,2,Female,59,3,1,Laboratory Technician,4,Single,2871,23785,1,Y,No,15,3,3,80,0,1,5,3,0,0,0,0,0.76869804,High Risk,3.0,2871.0,3.0,HIGH RISK: HR review; retention conversation; career-path and compensation review.,51-9083.00,"Critical Thinking, Microsoft Outlook, SAP software, Monitoring, Microsoft Word, Microsoft Office software, Microsoft PowerPoint","Reading Comprehension, Microsoft Excel",77.78,Start: Reading Comprehension
51,No,Travel_Frequently,1456,Research & Development,1,4,Medical,1,145,1,Female,30,2,3,Healthcare Representative,1,Single,7484,25796,3,Y,No,20,4,3,80,0,23,1,2,13,12,12,8,0.05111763,Low Risk,1.6666666666666667,534.5714285714286,1.3333333333333333,LOW RISK: Continue standard career development and engagement tracking.,43-4051.00,"Monitoring, Microsoft Outlook, Google Docs, Microsoft Excel, Microsoft Office software, Adobe Photoshop, Writing, Critical Thinking, Apple macOS, Active Listening, Adobe Illustrator, Adobe Acrobat, Reading Comprehension, Facebook","Speaking, Adobe Creative Cloud software, Intuit QuickBooks, Kronos Workforce Timekeeper",77.78,Start: Speaking
34,Yes,Travel_Frequently,658,Research & Development,7,3,Life Sciences,1,147,1,Male,66,1,2,Laboratory Technician,3,Single,6074,22887,1,Y,Yes,24,4,4,80,0,9,3,3,9,7,0,6,0.91250545,High Risk,2.6666666666666665,607.4,2.3333333333333335,HIGH RISK: HR review; retention conversation; career-path and compensation review.,51-9083.00,"SAP software, Reading Comprehension, Critical Thinking, Microsoft Word, Microsoft Outlook, Monitoring","Microsoft Excel, Microsoft Office software, Microsoft PowerPoint",66.67,Start: Microsoft Excel
54,No,Non-Travel,142,Human Resources,26,3,Human Resources,1,148,4,Female,30,4,4,Manager,4,Single,17328,13871,2,Y,Yes,12,3,3,80,0,23,3,3,5,3,4,4,0.05429384,Low Risk,3.6666666666666665,2888.0,3.6666666666666665,LOW RISK: Continue standard career development and engagement tracking.,47-1011.03,"Active Learning, Oracle Primavera Enterprise Project Portfolio Management, Mathematics, Microsoft Visio, Microsoft Windows, Monitoring, Learning Strategies, Reading Comprehension, Microsoft Excel, Microsoft Office software, Active Listening, Autodesk AutoCAD, Autodesk Revit, Microsoft Project, Critical Thinking","Speaking, Writing, Autodesk AutoCAD Civil 3D, Microsoft Outlook, Microsoft PowerPoint, Microsoft Word",71.43,Start: Speaking
24,No,Travel_Rarely,1127,Research & Development,18,1,Life Sciences,1,150,2,Male,52,3,1,Laboratory Technician,3,Married,2774,13257,0,Y,No,12,3,3,80,1,6,2,3,5,3,1,2,0.06512168,Low Risk,2.6666666666666665,462.3333333333333,2.6666666666666665,LOW RISK: Continue standard career development and engagement tracking.,51-9083.00,"Microsoft Outlook, Microsoft Excel, Monitoring, Critical Thinking, Reading Comprehension, Microsoft Office software, SAP software","Microsoft PowerPoint, Microsoft Word",77.78,Start: Microsoft PowerPoint
34,No,Travel_Rarely,1031,Research & Development,6,4,Life Sciences,1,151,3,Female,45,2,2,Research Scientist,2,Divorced,4505,15000,6,Y,No,15,3,3,80,1,12,3,3,1,0,0,0,0.049944088,Low Risk,2.6666666666666665,2252.5,2.6666666666666665,LOW RISK: Continue standard career development and engagement tracking.,15-1221.00,"Science, Docker, Apache Spark, Writing, GitHub, Go, Monitoring, Apache Hadoop, Active Listening, Mathematics, Speaking, Apache Kafka, Git, C, Reading Comprehension, Critical Thinking, Bash, C++","Active Learning, Learning Strategies, Amazon Web Services AWS software, Ansible software",81.82,Start: Active Learning
37,No,Travel_Rarely,1189,Sales,3,3,Life Sciences,1,152,3,Male,87,3,3,Sales Executive,4,Single,7428,14506,2,Y,No,12,3,1,80,0,12,3,3,5,3,1,3,0.13576281,Low Risk,2.6666666666666665,1238.0,3.3333333333333335,LOW RISK: Continue standard career development and engagement tracking.,53-3031.00,"Microsoft Excel, Speaking, Active Listening, Reading Comprehension","Critical Thinking, Writing, Microsoft Office software",57.14,Start: Critical Thinking
34,No,Travel_Rarely,1354,Research & Development,5,3,Medical,1,153,3,Female,45,2,3,Manager,1,Single,11631,5615,2,Y,No,12,3,4,80,0,14,6,3,11,10,5,8,0.053233117,Low Risk,2.6666666666666665,969.25,2.3333333333333335,LOW RISK: Continue standard career development and engagement tracking.,47-1011.03,"Active Learning, Microsoft Outlook, Learning Strategies, Monitoring, Writing, Autodesk Revit, Microsoft PowerPoint, Microsoft Office software, Critical Thinking, Microsoft Windows, Speaking, Microsoft Visio, Microsoft Word, Autodesk AutoCAD Civil 3D, Mathematics, Microsoft Excel, Oracle Primavera Enterprise Project Portfolio Management","Reading Comprehension, Active Listening, Autodesk AutoCAD, Microsoft Project",80.95,Start: Reading Comprehension
36,No,Travel_Frequently,1467,Sales,11,2,Technical Degree,1,154,2,Female,92,3,3,Sales Executive,4,Married,9738,22952,0,Y,No,14,3,3,80,1,10,6,3,9,7,2,8,0.04832923,Low Risk,3.0,973.8,3.0,LOW RISK: Continue standard career development and engagement tracking.,53-3031.00,"Active Listening, Speaking, Writing, Microsoft Excel, Microsoft Office software, Reading Comprehension",Critical Thinking,85.71,Start: Critical Thinking
36,No,Travel_Rarely,922,Research & Development,3,2,Life Sciences,1,155,1,Female,39,3,1,Laboratory Technician,4,Divorced,2835,2561,5,Y,No,22,4,1,80,1,7,2,3,1,0,0,0,0.19012292,Low Risk,2.0,1417.5,2.6666666666666665,LOW RISK: Continue standard career development and engagement tracking.,51-9083.00,"Microsoft Outlook, Monitoring, Microsoft PowerPoint, Microsoft Word, SAP software","Reading Comprehension, Critical Thinking, Microsoft Excel, Microsoft Office software",55.56,Start: Reading Comprehension
43,No,Travel_Frequently,394,Sales,26,2,Life Sciences,1,158,3,Male,92,3,4,Manager,4,Married,16959,19494,1,Y,Yes,12,3,4,80,2,25,3,4,25,12,4,12,0.061013374,Low Risk,3.6666666666666665,652.2692307692307,3.6666666666666665,LOW RISK: Continue standard career development and engagement tracking.,47-1011.03,"Autodesk AutoCAD, Oracle Primavera Enterprise Project Portfolio Management, Microsoft PowerPoint, Critical Thinking, Microsoft Windows, Monitoring, Microsoft Visio, Writing, Microsoft Project, Speaking, Microsoft Excel, Active Learning, Reading Comprehension, Microsoft Word, Autodesk AutoCAD Civil 3D, Microsoft Outlook","Active Listening, Mathematics, Learning Strategies, Autodesk Revit, Microsoft Office software",76.19,Start: Active Listening
30,No,Travel_Frequently,1312,Research & Development,23,3,Life Sciences,1,159,1,Male,96,1,1,Research Scientist,3,Divorced,2613,22310,1,Y,No,25,4,3,80,3,10,2,2,10,7,0,9,0.16968994,Low Risk,2.3333333333333335,237.54545454545453,2.0,LOW RISK: Continue standard career development and engagement tracking.,15-1221.00,"Writing, Reading Comprehension, Speaking, Docker, Amazon Web Services AWS software, C, Apache Kafka, Go, Active Learning, GitHub, Bash, Learning Strategies, Critical Thinking, C++, Apache Spark, Monitoring, Apache Hadoop","Mathematics, Active Listening, Science, Ansible software, Git",77.27,Start: Mathematics
33,No,Non-Travel,750,Sales,22,2,Marketing,1,160,3,Male,95,3,2,Sales Executive,2,Married,6146,15480,0,Y,No,13,3,1,80,1,8,2,4,7,7,0,7,0.070135236,Low Risk,2.0,768.25,3.0,LOW RISK: Continue standard career development and engagement tracking.,53-3031.00,"Speaking, Microsoft Excel, Writing, Critical Thinking, Active Listening","Reading Comprehension, Microsoft Office software",71.43,Start: Reading Comprehension
56,Yes,Travel_Rarely,441,Research & Development,14,4,Life Sciences,1,161,2,Female,72,3,1,Research Scientist,2,Married,4963,4510,9,Y,Yes,18,3,1,80,3,7,2,3,5,4,4,3,0.25245708,Low Risk,1.6666666666666667,827.1666666666666,2.3333333333333335,LOW RISK: Continue standard career development and engagement tracking.,15-1221.00,"Bash, Go, Active Learning, Learning Strategies, Reading Comprehension, Apache Spark, C, GitHub, Science, Mathematics, Docker, Monitoring, Git, Active Listening, C++","Critical Thinking, Writing, Speaking, Amazon Web Services AWS software, Ansible software, Apache Hadoop, Apache Kafka",68.18,Start: Critical Thinking
51,No,Travel_Rarely,684,Research & Development,6,3,Life Sciences,1,162,1,Male,51,3,5,Research Director,3,Single,19537,6462,7,Y,No,13,3,3,80,0,23,5,3,20,18,15,15,0.10696841,Low Risk,2.3333333333333335,930.3333333333334,2.3333333333333335,LOW RISK: Continue standard career development and engagement tracking.,27-2041.00,"Learning Strategies, Microsoft Excel, Critical Thinking, Active Learning, Microsoft Word, Reading Comprehension, Monitoring, Microsoft PowerPoint, Microsoft Office software, Microsoft Outlook","Active Listening, Speaking, Writing",76.92,Start: Active Listening
31,Yes,Travel_Rarely,249,Sales,6,4,Life Sciences,1,163,2,Male,76,1,2,Sales Executive,3,Married,6172,20739,4,Y,Yes,18,3,2,80,0,12,3,2,7,7,7,7,0.9447721,High Risk,2.3333333333333335,771.5,2.3333333333333335,HIGH RISK: HR review; retention conversation; career-path and compensation review.,53-3031.00,"Microsoft Office software, Writing, Microsoft Excel, Reading Comprehension, Speaking, Active Listening",Critical Thinking,85.71,Start: Critical Thinking
26,No,Travel_Rarely,841,Research & Development,6,3,Other,1,164,3,Female,46,2,1,Research Scientist,2,Married,2368,23300,1,Y,No,19,3,3,80,0,5,3,2,5,4,4,3,0.15466064,Low Risk,2.6666666666666665,394.6666666666667,2.3333333333333335,LOW RISK: Continue standard career development and engagement tracking.,15-1221.00,"Git, Apache Kafka, Go, Learning Strategies, Amazon Web Services AWS software, Ansible software, Active Learning, Critical Thinking, Apache Hadoop, Active Listening, Science, Speaking, Reading Comprehension, GitHub","Mathematics, Writing, Monitoring, Apache Spark, Bash, C, C++, Docker",63.64,Start: Mathematics
58,Yes,Travel_Rarely,147,Research & Development,23,4,Medical,1,165,4,Female,94,3,3,Healthcare Representative,4,Married,10312,3465,1,Y,No,12,3,4,80,1,40,3,2,40,10,15,6,0.08711446,Low Risk,4.0,251.5121951219512,3.3333333333333335,LOW RISK: Continue standard career development and engagement tracking.,43-4051.00,"Adobe Creative Cloud software, Facebook, Critical Thinking, Kronos Workforce Timekeeper, Google Docs, Microsoft Excel, Monitoring, Apple macOS, Microsoft Office software, Adobe Photoshop","Active Listening, Speaking, Reading Comprehension, Writing, Microsoft Outlook, Adobe Acrobat, Adobe Illustrator, Intuit QuickBooks",55.56,Start: Active Listening
19,Yes,Travel_Rarely,528,Sales,22,1,Marketing,1,167,4,Male,50,3,1,Sales Representative,3,Single,1675,26820,1,Y,Yes,19,3,4,80,0,0,2,2,0,0,0,0,0.98484856,High Risk,3.6666666666666665,1675.0,3.0,HIGH RISK: HR review; retention conversation; career-path and compensation review.,41-4012.00,"Adobe Photoshop, Adobe Acrobat, Active Listening, Monitoring, Salesforce software, Reading Comprehension, Autodesk AutoCAD, Adobe Illustrator, Apple macOS, Speaking","Critical Thinking, Writing, Active Learning, Microsoft Excel, Microsoft Office software, Microsoft Outlook, Microsoft PowerPoint, Adobe Creative Cloud software, Adobe InDesign",52.63,Start: Critical Thinking
22,No,Travel_Rarely,594,Research & Development,2,1,Technical Degree,1,169,3,Male,100,3,1,Laboratory Technician,4,Married,2523,19299,0,Y,No,14,3,3,80,1,3,2,3,2,1,2,1,0.12250729,Low Risk,3.3333333333333335,841.0,3.3333333333333335,LOW RISK: Continue standard career development and engagement tracking.,51-9083.00,"Microsoft Outlook, Microsoft Word, Microsoft PowerPoint, Critical Thinking, Reading Comprehension, Monitoring, Microsoft Excel, SAP software",Microsoft Office software,88.89,Start: Microsoft Office software
49,No,Travel_Rarely,470,Research & Development,20,4,Medical,1,170,3,Female,96,3,2,Manufacturing Director,1,Married,6567,5549,1,Y,No,14,3,3,80,0,16,2,2,15,11,5,11,0.13255018,Low Risk,2.3333333333333335,410.4375,2.0,LOW RISK: Continue standard career development and engagement tracking.,51-9195.05,"Microsoft Excel, Microsoft Outlook, Monitoring, Active Listening",Critical Thinking,80.0,Start: Critical Thinking
43,No,Travel_Frequently,957,Research & Development,28,3,Medical,1,171,2,Female,72,4,1,Research Scientist,3,Single,4739,16090,4,Y,No,12,3,4,80,0,18,2,3,3,2,1,2,0.13019063,Low Risk,3.0,1184.75,2.6666666666666665,LOW RISK: Continue standard career development and engagement tracking.,15-1221.00,"C++, Speaking, Git, Docker, Mathematics, Ansible software, Apache Spark, Reading Comprehension, Writing, C, Amazon Web Services AWS software, Learning Strategies, Apache Kafka, Active Listening, Critical Thinking","Active Learning, Monitoring, Science, Apache Hadoop, Bash, GitHub, Go",68.18,Start: Active Learning
50,No,Travel_Frequently,809,Sales,12,3,Marketing,1,174,3,Female,77,3,3,Sales Executive,4,Single,9208,6645,4,Y,No,11,3,4,80,0,16,3,3,2,2,2,1,0.1675747,Low Risk,3.6666666666666665,3069.3333333333335,3.3333333333333335,LOW RISK: Continue standard career development and engagement tracking.,53-3031.00,"Writing, Speaking, Reading Comprehension, Critical Thinking, Active Listening, Microsoft Excel",Microsoft Office software,85.71,Start: Microsoft Office software
31,Yes,Travel_Rarely,542,Sales,20,3,Life Sciences,1,175,2,Female,71,1,2,Sales Executive,3,Married,4559,24788,3,Y,Yes,11,3,3,80,1,4,2,3,2,2,2,2,0.54029894,Medium Risk,2.6666666666666665,1519.6666666666667,2.6666666666666665,MEDIUM RISK: Manager check-in; mentorship; targeted development plan.,53-3031.00,"Writing, Microsoft Excel, Microsoft Office software, Critical Thinking, Active Listening, Speaking",Reading Comprehension,85.71,Start: Reading Comprehension
41,No,Travel_Rarely,802,Sales,9,1,Life Sciences,1,176,3,Male,96,3,3,Sales Executive,3,Divorced,8189,21196,3,Y,Yes,13,3,3,80,1,12,2,3,9,7,0,7,0.1568332,Low Risk,3.0,818.9,3.0,LOW RISK: Continue standard career development and engagement tracking.,53-3031.00,"Critical Thinking, Microsoft Office software, Speaking","Active Listening, Reading Comprehension, Writing, Microsoft Excel",42.86,Start: Active Listening
26,No,Travel_Rarely,1355,Human Resources,25,1,Life Sciences,1,177,3,Female,61,3,1,Human Resources,3,Married,2942,8916,1,Y,No,23,4,4,80,1,8,3,3,8,7,5,7,0.09995917,Low Risk,3.3333333333333335,326.8888888888889,3.0,LOW RISK: Continue standard career development and engagement tracking.,43-4161.00,"Active Learning, Speaking, Reading Comprehension, Monitoring, Microsoft Visio, Oracle PeopleSoft, Active Listening, Microsoft Excel, Microsoft Word, Critical Thinking","Writing, Microsoft Office software, Microsoft Outlook, Microsoft PowerPoint, Applicant tracking software, Oracle HRIS, Google Docs, Microsoft Access, Microsoft SharePoint",52.63,Start: Writing
36,No,Travel_Rarely,216,Research & Development,6,2,Medical,1,178,2,Male,84,3,2,Manufacturing Director,2,Divorced,4941,2819,6,Y,No,20,4,4,80,2,7,0,3,3,2,0,1,0.034436516,Low Risk,2.6666666666666665,1235.25,2.3333333333333335,LOW RISK: Continue standard career development and engagement tracking.,51-9195.05,"Monitoring, Critical Thinking, Microsoft Excel, Active Listening",Microsoft Outlook,80.0,Start: Microsoft Outlook
51,Yes,Travel_Frequently,1150,Research & Development,8,4,Life Sciences,1,179,1,Male,53,1,3,Manufacturing Director,4,Single,10650,25150,2,Y,No,15,3,4,80,0,18,2,3,4,2,0,3,0.09344729,Low Risk,3.0,2130.0,2.6666666666666665,LOW RISK: Continue standard career development and engagement tracking.,51-9195.05,"Active Listening, Critical Thinking, Microsoft Outlook","Monitoring, Microsoft Excel",60.0,Start: Monitoring
39,No,Travel_Rarely,1329,Sales,4,4,Life Sciences,1,182,4,Female,47,2,2,Sales Executive,3,Married,5902,14590,4,Y,No,14,3,3,80,1,17,1,4,15,11,5,9,0.039830122,Low Risk,3.3333333333333335,368.875,3.6666666666666665,LOW RISK: Continue standard career development and engagement tracking.,53-3031.00,"Reading Comprehension, Microsoft Office software, Active Listening, Critical Thinking, Writing","Speaking, Microsoft Excel",71.43,Start: Speaking
25,No,Travel_Rarely,959,Sales,28,3,Life Sciences,1,183,1,Male,41,2,2,Sales Executive,3,Married,8639,24835,2,Y,No,18,3,4,80,0,6,3,3,2,2,2,2,0.4127121,Medium Risk,2.6666666666666665,2879.6666666666665,2.3333333333333335,MEDIUM RISK: Manager check-in; mentorship; targeted development plan.,53-3031.00,"Speaking, Writing, Active Listening, Microsoft Office software","Critical Thinking, Reading Comprehension, Microsoft Excel",57.14,Start: Critical Thinking
30,No,Travel_Rarely,1240,Human Resources,9,3,Human Resources,1,184,3,Male,48,3,2,Human Resources,4,Married,6347,13982,0,Y,Yes,19,3,4,80,0,12,2,1,11,9,4,7,0.081773534,Low Risk,3.6666666666666665,528.9166666666666,2.6666666666666665,LOW RISK: Continue standard career development and engagement tracking.,43-4161.00,"Oracle PeopleSoft, Applicant tracking software, Microsoft Outlook, Microsoft Word, Microsoft Visio, Microsoft SharePoint, Microsoft PowerPoint, Microsoft Excel, Reading Comprehension, Monitoring, Critical Thinking, Active Listening, Microsoft Access, Speaking, Writing, Microsoft Office software","Active Learning, Oracle HRIS, Google Docs",84.21,Start: Active Learning
32,Yes,Travel_Rarely,1033,Research & Development,9,3,Medical,1,190,1,Female,41,3,1,Laboratory Technician,1,Single,4200,10224,7,Y,No,22,4,1,80,0,10,2,4,5,4,0,4,0.9155937,High Risk,1.0,700.0,2.0,HIGH RISK: HR review; retention conversation; career-path and compensation review.,51-9083.00,"Critical Thinking, Microsoft Outlook, Microsoft PowerPoint, Microsoft Excel, Microsoft Office software, Microsoft Word","Reading Comprehension, Monitoring, SAP software",66.67,Start: Reading Comprehension
45,No,Travel_Rarely,1316,Research & Development,29,3,Medical,1,192,3,Male,83,3,1,Research Scientist,4,Single,3452,9752,5,Y,No,13,3,2,80,0,9,2,2,6,5,0,3,0.09253116,Low Risk,3.0,493.14285714285717,3.0,LOW RISK: Continue standard career development and engagement tracking.,15-1221.00,"Speaking, Writing, Amazon Web Services AWS software, Apache Hadoop, GitHub, Reading Comprehension, Apache Kafka, Mathematics, Bash, Active Listening, Docker, C, Apache Spark, Monitoring","Active Learning, Critical Thinking, Learning Strategies, Science, Ansible software, C++, Git, Go",63.64,Start: Active Learning
38,No,Travel_Rarely,364,Research & Development,3,5,Technical Degree,1,193,4,Female,32,3,2,Research Scientist,3,Single,4317,2302,3,Y,Yes,20,4,2,80,0,19,2,3,3,2,2,2,0.073454,Low Risk,3.0,1079.25,3.3333333333333335,LOW RISK: Continue standard career development and engagement tracking.,15-1221.00,"Active Learning, Learning Strategies, Speaking, C, Science, C++, Monitoring, Reading Comprehension, Apache Hadoop, Git, Ansible software, Bash, Apache Kafka, Docker, Go, Apache Spark, Writing","Mathematics, Critical Thinking, Active Listening, Amazon Web Services AWS software, GitHub",77.27,Start: Mathematics
30,No,Travel_Rarely,438,Research & Development,18,3,Life Sciences,1,194,1,Female,75,3,1,Research Scientist,3,Single,2632,23910,1,Y,No,14,3,3,80,0,5,4,2,5,4,0,4,0.26519087,Low Risk,2.3333333333333335,438.6666666666667,2.0,LOW RISK: Continue standard career development and engagement tracking.,15-1221.00,"Monitoring, C, Docker, Apache Spark, Git, GitHub, Writing, Ansible software, Speaking, Bash","Active Learning, Reading Comprehension, Mathematics, Critical Thinking, Active Listening, Learning Strategies, Science, Amazon Web Services AWS software, Apache Hadoop, Apache Kafka, C++, Go",45.45,Start: Active Learning
32,No,Travel_Frequently,689,Sales,9,2,Medical,1,195,4,Male,35,1,2,Sales Executive,4,Divorced,4668,22812,0,Y,No,17,3,4,80,3,9,2,4,8,7,0,7,0.103633955,Low Risk,4.0,518.6666666666666,4.0,LOW RISK: Continue standard career development and engagement tracking.,53-3031.00,"Writing, Reading Comprehension, Active Listening, Microsoft Excel, Microsoft Office software","Speaking, Critical Thinking",71.43,Start: Speaking
30,No,Travel_Rarely,201,Research & Development,5,3,Technical Degree,1,197,4,Female,84,3,1,Research Scientist,1,Divorced,3204,10415,5,Y,No,14,3,4,80,1,8,3,3,3,2,2,2,0.05575359,Low Risk,3.0,801.0,2.6666666666666665,LOW RISK: Continue standard career development and engagement tracking.,15-1221.00,"Science, Ansible software, C, Git, Active Learning, C++, Learning Strategies, Apache Spark, Mathematics, Apache Hadoop, GitHub, Apache Kafka, Bash, Docker, Critical Thinking, Go, Speaking, Amazon Web Services AWS software","Reading Comprehension, Active Listening, Writing, Monitoring",81.82,Start: Reading Comprehension
30,No,Travel_Rarely,1427,Research & Development,2,1,Medical,1,198,2,Male,35,2,1,Laboratory Technician,4,Single,2720,11162,0,Y,No,13,3,4,80,0,6,3,3,5,3,1,2,0.07994858,Low Risk,3.3333333333333335,453.3333333333333,3.0,LOW RISK: Continue standard career development and engagement tracking.,51-9083.00,"Microsoft Word, Microsoft Outlook, Microsoft Office software, Monitoring, Critical Thinking, Microsoft PowerPoint","Reading Comprehension, Microsoft Excel, SAP software",66.67,Start: Reading Comprehension
41,No,Travel_Frequently,857,Research & Development,10,3,Life Sciences,1,199,4,Male,91,2,4,Manager,1,Divorced,17181,12888,4,Y,No,13,3,2,80,1,21,2,2,7,6,7,7,0.10540727,Low Risk,2.3333333333333335,2147.625,2.3333333333333335,LOW RISK: Continue standard career development and engagement tracking.,47-1011.03,"Speaking, Active Listening, Microsoft PowerPoint, Microsoft Outlook, Microsoft Windows, Mathematics, Oracle Primavera Enterprise Project Portfolio Management, Active Learning, Learning Strategies, Microsoft Excel","Reading Comprehension, Monitoring, Critical Thinking, Writing, Autodesk AutoCAD, Autodesk AutoCAD Civil 3D, Autodesk Revit, Microsoft Office software, Microsoft Project, Microsoft Visio, Microsoft Word",47.62,Start: Reading Comprehension
41,No,Travel_Rarely,933,Research & Development,9,4,Life Sciences,1,200,3,Male,94,3,1,Laboratory Technician,1,Married,2238,6961,2,Y,No,21,4,4,80,1,7,2,3,5,0,1,4,0.105886385,Low Risk,2.6666666666666665,373.0,2.3333333333333335,LOW RISK: Continue standard career development and engagement tracking.,51-9083.00,"Microsoft Office software, Critical Thinking, Microsoft PowerPoint, Microsoft Excel, Reading Comprehension, Microsoft Outlook, SAP software","Monitoring, Microsoft Word",77.78,Start: Monitoring
19,No,Travel_Rarely,1181,Research & Development,3,1,Medical,1,201,2,Female,79,3,1,Laboratory Technician,2,Single,1483,16102,1,Y,No,14,3,4,80,0,1,3,3,1,0,0,0,0.5881822,Medium Risk,2.6666666666666665,741.5,2.3333333333333335,MEDIUM RISK: Manager check-in; mentorship; targeted development plan.,51-9083.00,"Monitoring, Microsoft Office software, Critical Thinking, Microsoft Excel","Reading Comprehension, Microsoft Outlook, Microsoft PowerPoint, Microsoft Word, SAP software",44.44,Start: Reading Comprehension
40,No,Travel_Frequently,1395,Research & Development,26,3,Medical,1,202,2,Female,54,3,2,Research Scientist,2,Divorced,5605,8504,1,Y,No,11,3,1,80,1,20,2,3,20,7,2,13,0.03235837,Low Risk,1.6666666666666667,266.9047619047619,2.3333333333333335,LOW RISK: Continue standard career development and engagement tracking.,15-1221.00,"Active Listening, C++, Learning Strategies, C, Monitoring, Science, Mathematics, Speaking, GitHub, Active Learning","Reading Comprehension, Critical Thinking, Writing, Amazon Web Services AWS software, Ansible software, Apache Hadoop, Apache Kafka, Apache Spark, Bash, Docker, Git, Go",45.45,Start: Reading Comprehension
35,No,Travel_Rarely,662,Sales,1,5,Marketing,1,204,3,Male,94,3,3,Sales Executive,2,Married,7295,11439,1,Y,No,13,3,1,80,2,10,3,3,10,8,0,6,0.1461475,Low Risk,2.0,663.1818181818181,2.6666666666666665,LOW RISK: Continue standard career development and engagement tracking.,53-3031.00,"Microsoft Office software, Active Listening, Writing, Reading Comprehension, Microsoft Excel","Speaking, Critical Thinking",71.43,Start: Speaking
53,No,Travel_Rarely,1436,Sales,6,2,Marketing,1,205,2,Male,34,3,2,Sales Representative,3,Married,2306,16047,2,Y,Yes,20,4,4,80,1,13,3,1,7,7,4,5,0.17430478,Low Risk,3.0,288.25,2.0,LOW RISK: Continue standard career development and engagement tracking.,41-4012.00,"Writing, Active Learning, Critical Thinking, Microsoft Office software, Adobe InDesign, Adobe Illustrator, Speaking, Salesforce software, Autodesk AutoCAD","Active Listening, Reading Comprehension, Monitoring, Microsoft Excel, Microsoft Outlook, Microsoft PowerPoint, Adobe Acrobat, Adobe Creative Cloud software, Adobe Photoshop, Apple macOS",47.37,Start: Active Listening
45,No,Travel_Rarely,194,Research & Development,9,3,Life Sciences,1,206,2,Male,60,3,2,Laboratory Technician,2,Divorced,2348,10901,8,Y,No,18,3,3,80,1,20,2,1,17,9,0,15,0.20893775,Low Risk,2.3333333333333335,130.44444444444446,1.6666666666666667,LOW RISK: Continue standard career development and engagement tracking.,51-9083.00,"Critical Thinking, Microsoft Outlook, Microsoft PowerPoint, SAP software, Monitoring, Microsoft Office software, Microsoft Excel, Microsoft Word",Reading Comprehension,88.89,Start: Reading Comprehension
32,No,Travel_Frequently,967,Sales,8,3,Marketing,1,207,2,Female,43,3,3,Sales Executive,4,Single,8998,15589,1,Y,No,14,3,4,80,0,9,2,3,9,8,3,7,0.09662081,Low Risk,3.3333333333333335,899.8,3.0,LOW RISK: Continue standard career development and engagement tracking.,53-3031.00,"Reading Comprehension, Active Listening, Writing, Microsoft Excel, Critical Thinking, Microsoft Office software",Speaking,85.71,Start: Speaking
29,No,Non-Travel,1496,Research & Development,1,1,Technical Degree,1,208,4,Male,41,3,2,Manufacturing Director,3,Married,4319,26283,1,Y,No,13,3,1,80,1,10,1,3,10,7,0,9,0.03307132,Low Risk,2.6666666666666665,392.6363636363636,3.3333333333333335,LOW RISK: Continue standard career development and engagement tracking.,51-9195.05,"Microsoft Excel, Active Listening","Critical Thinking, Monitoring, Microsoft Outlook",40.0,Start: Critical Thinking
51,No,Travel_Rarely,1169,Research & Development,7,4,Medical,1,211,2,Male,34,2,2,Manufacturing Director,3,Married,6132,13983,2,Y,No,17,3,3,80,0,10,2,3,1,0,0,0,0.07420907,Low Risk,2.6666666666666665,3066.0,2.6666666666666665,LOW RISK: Continue standard career development and engagement tracking.,51-9195.05,"Critical Thinking, Active Listening, Monitoring, Microsoft Outlook",Microsoft Excel,80.0,Start: Microsoft Excel
58,No,Travel_Rarely,1145,Research & Development,9,3,Medical,1,214,2,Female,75,2,1,Research Scientist,2,Married,3346,11873,4,Y,Yes,20,4,2,80,1,9,3,2,1,0,0,0,0.1968953,Low Risk,2.0,1673.0,2.0,LOW RISK: Continue standard career development and engagement tracking.,15-1221.00,"Bash, Critical Thinking, Mathematics, Apache Kafka, Monitoring, Amazon Web Services AWS software, Active Listening, Ansible software, Active Learning, Go, GitHub","Reading Comprehension, Writing, Speaking, Learning Strategies, Science, Apache Hadoop, Apache Spark, C, C++, Docker, Git",50.0,Start: Reading Comprehension
40,No,Travel_Rarely,630,Sales,4,4,Marketing,1,215,3,Male,67,2,3,Sales Executive,4,Married,10855,8552,7,Y,No,11,3,1,80,1,15,2,2,12,11,2,11,0.20138745,Low Risk,2.6666666666666665,835.0,3.0,LOW RISK: Continue standard career development and engagement tracking.,53-3031.00,"Active Listening, Microsoft Excel, Microsoft Office software, Critical Thinking","Speaking, Reading Comprehension, Writing",57.14,Start: Speaking
34,No,Travel_Frequently,303,Sales,2,4,Marketing,1,216,3,Female,75,3,1,Sales Representative,3,Married,2231,11314,6,Y,No,18,3,4,80,1,6,3,3,4,3,1,2,0.24170311,Low Risk,3.3333333333333335,446.2,3.0,LOW RISK: Continue standard career development and engagement tracking.,41-4012.00,"Microsoft PowerPoint, Microsoft Office software, Adobe Creative Cloud software, Adobe Illustrator, Microsoft Outlook, Apple macOS, Reading Comprehension, Monitoring, Active Learning, Salesforce software","Active Listening, Speaking, Critical Thinking, Writing, Microsoft Excel, Adobe Acrobat, Adobe InDesign, Adobe Photoshop, Autodesk AutoCAD",52.63,Start: Active Listening
22,No,Travel_Rarely,1256,Research & Development,19,1,Medical,1,217,3,Male,80,3,1,Research Scientist,4,Married,2323,11992,1,Y,No,24,4,1,80,2,2,6,3,2,2,2,2,0.116551295,Low Risk,2.6666666666666665,774.3333333333334,3.3333333333333335,LOW RISK: Continue standard career development and engagement tracking.,15-1221.00,"Git, C++, Critical Thinking, Monitoring, Go, Writing, Learning Strategies, Apache Spark, Science, C, Reading Comprehension, Apache Hadoop, Mathematics","Active Learning, Active Listening, Speaking, Amazon Web Services AWS software, Ansible software, Apache Kafka, Bash, Docker, GitHub",59.09,Start: Active Learning
27,No,Non-Travel,691,Research & Development,9,3,Medical,1,218,4,Male,57,3,1,Research Scientist,2,Divorced,2024,5970,6,Y,No,18,3,4,80,1,6,1,1,2,2,2,2,0.107494876,Low Risk,3.3333333333333335,674.6666666666666,2.3333333333333335,LOW RISK: Continue standard career development and engagement tracking.,15-1221.00,"Speaking, Science, Active Listening, Git, Apache Spark, Ansible software, Reading Comprehension, Writing, Amazon Web Services AWS software, Go, C, Active Learning, GitHub, Apache Kafka","Mathematics, Critical Thinking, Monitoring, Learning Strategies, Apache Hadoop, Bash, C++, Docker",63.64,Start: Mathematics
28,No,Travel_Rarely,440,Research & Development,21,3,Medical,1,221,3,Male,42,3,1,Research Scientist,4,Married,2713,6672,1,Y,No,11,3,3,80,1,5,2,1,5,2,0,2,0.14622821,Low Risk,3.3333333333333335,452.1666666666667,2.6666666666666665,LOW RISK: Continue standard career development and engagement tracking.,15-1221.00,"Active Listening, Learning Strategies, Docker, Science, Writing, Go, Apache Spark, Bash, Active Learning, Apache Kafka, Ansible software, Critical Thinking, C, Apache Hadoop","Reading Comprehension, Mathematics, Speaking, Monitoring, Amazon Web Services AWS software, C++, Git, GitHub",63.64,Start: Reading Comprehension
57,No,Travel_Rarely,334,Research & Development,24,2,Life Sciences,1,223,3,Male,83,4,3,Healthcare Representative,4,Divorced,9439,23402,3,Y,Yes,16,3,2,80,1,12,2,1,5,3,1,4,0.08397211,Low Risk,3.0,1573.1666666666667,2.6666666666666665,LOW RISK: Continue standard career development and engagement tracking.,43-4051.00,"Microsoft Excel, Apple macOS, Adobe Acrobat, Active Listening, Monitoring, Microsoft Office software, Microsoft Outlook, Adobe Illustrator, Kronos Workforce Timekeeper, Writing, Adobe Photoshop","Speaking, Critical Thinking, Reading Comprehension, Adobe Creative Cloud software, Facebook, Google Docs, Intuit QuickBooks",61.11,Start: Speaking
27,No,Non-Travel,1450,Research & Development,3,3,Medical,1,224,3,Male,79,2,1,Research Scientist,3,Divorced,2566,25326,1,Y,Yes,15,3,4,80,1,1,2,2,1,1,0,1,0.09650248,Low Risk,3.3333333333333335,1283.0,2.6666666666666665,LOW RISK: Continue standard career development and engagement tracking.,15-1221.00,"Docker, Ansible software, Reading Comprehension, Go, GitHub, Amazon Web Services AWS software, Critical Thinking, Apache Hadoop, Monitoring, Apache Spark, Apache Kafka, Speaking, Bash, Active Listening, Writing, Mathematics","Active Learning, Learning Strategies, Science, C, C++, Git",72.73,Start: Active Learning
50,No,Travel_Rarely,1452,Research & Development,11,3,Life Sciences,1,226,3,Female,53,3,5,Manager,2,Single,19926,17053,3,Y,No,15,3,2,80,0,21,5,3,5,4,4,4,0.057649802,Low Risk,2.3333333333333335,3321.0,2.6666666666666665,LOW RISK: Continue standard career development and engagement tracking.,47-1011.03,"Writing, Mathematics, Microsoft Visio, Autodesk AutoCAD, Microsoft Excel, Monitoring, Critical Thinking, Microsoft Word, Active Listening, Microsoft Project, Autodesk Revit, Learning Strategies","Reading Comprehension, Speaking, Active Learning, Autodesk AutoCAD Civil 3D, Microsoft Office software, Microsoft Outlook, Microsoft PowerPoint, Microsoft Windows, Oracle Primavera Enterprise Project Portfolio Management",57.14,Start: Reading Comprehension
41,No,Travel_Rarely,465,Research & Development,14,3,Life Sciences,1,227,1,Male,56,3,1,Research Scientist,3,Divorced,2451,4609,4,Y,No,12,3,1,80,1,13,2,3,9,8,1,8,0.11323317,Low Risk,1.6666666666666667,245.1,2.3333333333333335,LOW RISK: Continue standard career development and engagement tracking.,15-1221.00,"Ansible software, GitHub, Apache Spark, C++, Critical Thinking, C, Mathematics, Writing, Go, Reading Comprehension, Amazon Web Services AWS software, Active Listening, Speaking","Active Learning, Monitoring, Learning Strategies, Science, Apache Hadoop, Apache Kafka, Bash, Docker, Git",59.09,Start: Active Learning
30,No,Travel_Rarely,1339,Sales,5,3,Life Sciences,1,228,2,Female,41,3,3,Sales Executive,4,Married,9419,8053,2,Y,No,12,3,3,80,1,12,2,3,10,9,7,4,0.08643152,Low Risk,3.0,856.2727272727273,3.0,LOW RISK: Continue standard career development and engagement tracking.,53-3031.00,"Speaking, Reading Comprehension, Critical Thinking, Microsoft Excel, Writing, Active Listening",Microsoft Office software,85.71,Start: Microsoft Office software
38,No,Travel_Rarely,702,Sales,1,4,Life Sciences,1,230,1,Female,59,2,2,Sales Executive,4,Single,8686,12930,4,Y,No,22,4,3,80,0,12,2,4,8,3,0,7,0.16962984,Low Risk,2.6666666666666665,965.1111111111111,3.0,LOW RISK: Continue standard career development and engagement tracking.,53-3031.00,"Writing, Critical Thinking, Microsoft Office software, Reading Comprehension, Speaking, Microsoft Excel",Active Listening,85.71,Start: Active Listening
32,No,Travel_Rarely,120,Research & Development,6,5,Life Sciences,1,231,3,Male,43,3,1,Research Scientist,3,Single,3038,12430,3,Y,No,20,4,1,80,0,8,2,3,5,4,1,4,0.09932054,Low Risk,2.3333333333333335,506.3333333333333,3.0,LOW RISK: Continue standard career development and engagement tracking.,15-1221.00,"Writing, Amazon Web Services AWS software, Monitoring, Science, Bash, Apache Kafka, GitHub, Go, Learning Strategies, C++, Apache Spark, Mathematics, Active Listening, Git","Active Learning, Reading Comprehension, Critical Thinking, Speaking, Ansible software, Apache Hadoop, C, Docker",63.64,Start: Active Learning
27,No,Travel_Rarely,1157,Research & Development,17,3,Technical Degree,1,233,3,Male,51,3,1,Research Scientist,2,Married,3058,13364,0,Y,Yes,16,3,4,80,1,6,3,2,5,2,1,1,0.12480559,Low Risk,3.0,509.6666666666667,2.3333333333333335,LOW RISK: Continue standard career development and engagement tracking.,15-1221.00,"Monitoring, Apache Kafka, Git, Ansible software, Active Listening, Speaking, C, Writing, Science, Amazon Web Services AWS software, Critical Thinking, Learning Strategies","Active Learning, Reading Comprehension, Mathematics, Apache Hadoop, Apache Spark, Bash, C++, Docker, GitHub, Go",54.55,Start: Active Learning
19,Yes,Travel_Frequently,602,Sales,1,1,Technical Degree,1,235,3,Female,100,1,1,Sales Representative,1,Single,2325,20989,0,Y,No,21,4,1,80,0,1,5,4,0,0,0,0,0.9508608,High Risk,1.6666666666666667,2325.0,2.6666666666666665,HIGH RISK: HR review; retention conversation; career-path and compensation review.,41-4012.00,"Autodesk AutoCAD, Adobe Acrobat, Adobe InDesign, Monitoring, Adobe Photoshop, Salesforce software, Writing, Adobe Illustrator, Reading Comprehension, Microsoft Office software","Active Listening, Speaking, Critical Thinking, Active Learning, Microsoft Excel, Microsoft Outlook, Microsoft PowerPoint, Adobe Creative Cloud software, Apple macOS",52.63,Start: Active Listening
36,No,Travel_Frequently,1480,Research & Development,3,2,Medical,1,238,4,Male,30,3,1,Laboratory Technician,2,Single,2088,15062,4,Y,No,12,3,3,80,0,13,3,2,8,7,7,2,0.16994798,Low Risk,3.0,232.0,2.6666666666666665,LOW RISK: Continue standard career development and engagement tracking.,51-9083.00,"Critical Thinking, Microsoft Outlook, Reading Comprehension, Microsoft Excel, SAP software, Monitoring, Microsoft PowerPoint, Microsoft Word",Microsoft Office software,88.89,Start: Microsoft Office software
30,No,Non-Travel,111,Research & Development,9,3,Medical,1,239,3,Male,66,3,2,Laboratory Technician,1,Divorced,3072,11012,1,Y,No,11,3,3,80,2,12,4,3,12,9,6,10,0.09469177,Low Risk,2.3333333333333335,236.30769230769232,2.3333333333333335,LOW RISK: Continue standard career development and engagement tracking.,51-9083.00,"SAP software, Microsoft Office software, Reading Comprehension, Microsoft Word, Microsoft Outlook","Critical Thinking, Monitoring, Microsoft Excel, Microsoft PowerPoint",55.56,Start: Critical Thinking
45,No,Travel_Rarely,1268,Sales,4,2,Life Sciences,1,240,3,Female,30,3,2,Sales Executive,1,Divorced,5006,6319,4,Y,Yes,11,3,1,80,1,9,3,4,5,4,0,3,0.19193988,Low Risk,1.6666666666666667,834.3333333333334,2.6666666666666665,LOW RISK: Continue standard career development and engagement tracking.,53-3031.00,"Critical Thinking, Writing, Reading Comprehension, Microsoft Excel","Active Listening, Speaking, Microsoft Office software",57.14,Start: Active Listening
56,No,Travel_Rarely,713,Research & Development,8,3,Life Sciences,1,241,3,Female,67,3,1,Research Scientist,1,Divorced,4257,13939,4,Y,Yes,18,3,3,80,1,19,3,3,2,2,2,2,0.08935701,Low Risk,2.3333333333333335,1419.0,2.3333333333333335,LOW RISK: Continue standard career development and engagement tracking.,15-1221.00,"Science, Ansible software, Apache Hadoop, Speaking, Bash, Reading Comprehension, Mathematics, Learning Strategies, C, Go, Monitoring, Amazon Web Services AWS software, GitHub, Git, Critical Thinking, Apache Kafka","Active Learning, Active Listening, Writing, Apache Spark, C++, Docker",72.73,Start: Active Learning
33,No,Travel_Rarely,134,Research & Development,2,3,Life Sciences,1,242,3,Male,90,3,1,Research Scientist,4,Single,2500,10515,0,Y,No,14,3,1,80,0,4,2,4,3,1,0,2,0.05095312,Low Risk,2.6666666666666665,625.0,3.6666666666666665,LOW RISK: Continue standard career development and engagement tracking.,15-1221.00,"Learning Strategies, Monitoring, Active Listening, GitHub, Speaking, Critical Thinking, C, Mathematics, Go, Reading Comprehension, Git","Active Learning, Writing, Science, Amazon Web Services AWS software, Ansible software, Apache Hadoop, Apache Kafka, Apache Spark, Bash, C++, Docker",50.0,Start: Active Learning
19,Yes,Travel_Rarely,303,Research & Development,2,3,Life Sciences,1,243,2,Male,47,2,1,Laboratory Technician,4,Single,1102,9241,1,Y,No,22,4,3,80,0,1,3,2,1,0,1,0,0.9302292,High Risk,3.0,551.0,2.6666666666666665,HIGH RISK: HR review; retention conversation; career-path and compensation review.,51-9083.00,"Microsoft Office software, Microsoft PowerPoint, Reading Comprehension, Critical Thinking, Microsoft Excel","Monitoring, Microsoft Outlook, Microsoft Word, SAP software",55.56,Start: Monitoring
46,No,Travel_Rarely,526,Sales,1,2,Marketing,1,244,2,Female,92,3,3,Sales Executive,1,Divorced,10453,2137,1,Y,No,25,4,3,80,3,24,2,3,24,13,15,7,0.03400807,Low Risk,2.0,418.12,2.0,LOW RISK: Continue standard career development and engagement tracking.,53-3031.00,"Microsoft Excel, Speaking, Active Listening, Microsoft Office software","Critical Thinking, Reading Comprehension, Writing",57.14,Start: Critical Thinking
38,No,Travel_Rarely,1380,Research & Development,9,2,Life Sciences,1,245,3,Female,75,3,1,Laboratory Technician,4,Single,2288,6319,1,Y,No,12,3,3,80,0,2,3,3,2,2,2,1,0.15693796,Low Risk,3.3333333333333335,762.6666666666666,3.3333333333333335,LOW RISK: Continue standard career development and engagement tracking.,51-9083.00,"Microsoft Word, Microsoft PowerPoint, Microsoft Excel, Microsoft Office software, Monitoring","Reading Comprehension, Critical Thinking, Microsoft Outlook, SAP software",55.56,Start: Reading Comprehension
31,No,Travel_Rarely,140,Research & Development,12,1,Medical,1,246,3,Female,95,3,1,Research Scientist,4,Married,3929,6984,8,Y,Yes,23,4,3,80,1,7,0,3,4,2,0,2,0.15242988,Low Risk,3.3333333333333335,785.8,3.3333333333333335,LOW RISK: Continue standard career development and engagement tracking.,15-1221.00,"Learning Strategies, C++, GitHub, Reading Comprehension, Active Listening, Ansible software, Amazon Web Services AWS software, Mathematics, Bash, Apache Hadoop","Active Learning, Critical Thinking, Writing, Speaking, Monitoring, Science, Apache Kafka, Apache Spark, C, Docker, Git, Go",45.45,Start: Active Learning
34,No,Travel_Rarely,629,Research & Development,27,2,Medical,1,247,4,Female,95,3,1,Research Scientist,2,Single,2311,5711,2,Y,No,15,3,4,80,0,9,3,3,3,2,1,2,0.09684058,Low Risk,3.3333333333333335,577.75,3.0,LOW RISK: Continue standard career development and engagement tracking.,15-1221.00,"Ansible software, Learning Strategies, Science, Monitoring, Go, Mathematics, Active Listening, Docker, Speaking, Active Learning, C, Git, Amazon Web Services AWS software, Apache Spark, C++","Reading Comprehension, Critical Thinking, Writing, Apache Hadoop, Apache Kafka, Bash, GitHub",68.18,Start: Reading Comprehension
41,Yes,Travel_Rarely,1356,Sales,20,2,Marketing,1,248,2,Female,70,3,1,Sales Representative,2,Single,3140,21728,1,Y,Yes,22,4,4,80,0,4,5,2,4,3,0,2,0.6364747,Medium Risk,2.6666666666666665,628.0,2.0,MEDIUM RISK: Manager check-in; mentorship; targeted development plan.,41-4012.00,"Active Listening, Microsoft Office software, Autodesk AutoCAD, Monitoring, Adobe Creative Cloud software, Critical Thinking, Adobe Illustrator, Speaking, Adobe InDesign, Active Learning, Adobe Acrobat, Reading Comprehension, Microsoft Outlook, Microsoft PowerPoint","Writing, Microsoft Excel, Salesforce software, Adobe Photoshop, Apple macOS",73.68,Start: Writing
50,No,Travel_Rarely,328,Research & Development,1,3,Medical,1,249,3,Male,86,2,1,Laboratory Technician,3,Married,3690,3425,2,Y,No,15,3,4,80,1,5,2,2,3,2,0,2,0.07817608,Low Risk,3.3333333333333335,922.5,2.6666666666666665,LOW RISK: Continue standard career development and engagement tracking.,51-9083.00,"Microsoft Office software, Microsoft Outlook, Microsoft Excel, SAP software, Microsoft Word","Reading Comprehension, Critical Thinking, Monitoring, Microsoft PowerPoint",55.56,Start: Reading Comprehension
53,No,Travel_Rarely,1084,Research & Development,13,2,Medical,1,250,4,Female,57,4,2,Manufacturing Director,1,Divorced,4450,26250,1,Y,No,11,3,3,80,2,5,3,3,4,2,1,3,0.022490406,Low Risk,2.6666666666666665,890.0,2.6666666666666665,LOW RISK: Continue standard career development and engagement tracking.,51-9195.05,"Active Listening, Critical Thinking, Microsoft Excel","Monitoring, Microsoft Outlook",60.0,Start: Monitoring
33,No,Travel_Rarely,931,Research & Development,14,3,Medical,1,252,4,Female,72,3,1,Research Scientist,2,Married,2756,4673,1,Y,No,13,3,4,80,1,8,5,3,8,7,1,6,0.025169428,Low Risk,3.3333333333333335,306.22222222222223,3.0,LOW RISK: Continue standard career development and engagement tracking.,15-1221.00,"Amazon Web Services AWS software, Go, Active Learning, Learning Strategies, Monitoring, C++, Mathematics, Apache Hadoop, C, Science, Git, Active Listening, Bash, Reading Comprehension, Docker, Writing","Critical Thinking, Speaking, Ansible software, Apache Kafka, Apache Spark, GitHub",72.73,Start: Critical Thinking
40,No,Travel_Rarely,989,Research & Development,4,1,Medical,1,253,4,Female,46,3,5,Manager,3,Married,19033,6499,1,Y,No,14,3,2,80,1,21,2,3,20,8,9,9,0.01260558,Low Risk,3.0,906.3333333333334,3.3333333333333335,LOW RISK: Continue standard career development and engagement tracking.,47-1011.03,"Microsoft Windows, Active Learning, Microsoft Visio, Autodesk AutoCAD, Writing, Reading Comprehension, Mathematics, Monitoring, Speaking, Autodesk AutoCAD Civil 3D, Microsoft Office software, Active Listening, Microsoft Excel, Critical Thinking, Microsoft Outlook, Autodesk Revit, Oracle Primavera Enterprise Project Portfolio Management","Learning Strategies, Microsoft PowerPoint, Microsoft Project, Microsoft Word",80.95,Start: Learning Strategies
55,No,Travel_Rarely,692,Research & Development,14,4,Medical,1,254,3,Male,61,4,5,Research Director,2,Single,18722,13339,8,Y,No,11,3,4,80,0,36,3,3,24,15,2,15,0.05920963,Low Risk,3.0,748.88,2.6666666666666665,LOW RISK: Continue standard career development and engagement tracking.,27-2041.00,"Active Learning, Active Listening, Writing, Microsoft PowerPoint, Microsoft Office software, Microsoft Excel, Speaking, Critical Thinking, Reading Comprehension, Monitoring","Learning Strategies, Microsoft Outlook, Microsoft Word",76.92,Start: Learning Strategies
34,No,Travel_Frequently,1069,Research & Development,2,1,Life Sciences,1,256,4,Male,45,2,2,Manufacturing Director,3,Married,9547,14074,1,Y,No,17,3,3,80,0,10,2,2,10,9,1,9,0.043300223,Low Risk,3.3333333333333335,867.9090909090909,3.0,LOW RISK: Continue standard career development and engagement tracking.,51-9195.05,"Microsoft Excel, Microsoft Outlook, Critical Thinking","Active Listening, Monitoring",60.0,Start: Active Listening
51,No,Travel_Rarely,313,Research & Development,3,3,Medical,1,258,4,Female,98,3,4,Healthcare Representative,2,Single,13734,7192,3,Y,No,18,3,3,80,0,21,6,3,7,7,1,0,0.015341395,Low Risk,3.0,1716.75,3.0,LOW RISK: Continue standard career development and engagement tracking.,43-4051.00,"Adobe Photoshop, Google Docs, Facebook, Writing, Active Listening, Monitoring, Kronos Workforce Timekeeper, Intuit QuickBooks, Microsoft Excel, Adobe Creative Cloud software, Apple macOS, Adobe Acrobat, Microsoft Outlook, Adobe Illustrator, Speaking","Critical Thinking, Reading Comprehension, Microsoft Office software",83.33,Start: Critical Thinking
52,No,Travel_Rarely,699,Research & Development,1,4,Life Sciences,1,259,3,Male,65,2,5,Manager,3,Married,19999,5678,0,Y,No,14,3,1,80,1,34,5,3,33,18,11,9,0.060291417,Low Risk,2.3333333333333335,588.2058823529412,3.0,LOW RISK: Continue standard career development and engagement tracking.,47-1011.03,"Microsoft PowerPoint, Autodesk AutoCAD Civil 3D, Oracle Primavera Enterprise Project Portfolio Management, Microsoft Visio, Monitoring, Critical Thinking, Microsoft Office software, Active Listening, Autodesk AutoCAD, Mathematics, Microsoft Project, Microsoft Outlook, Learning Strategies, Speaking, Autodesk Revit, Microsoft Word","Reading Comprehension, Writing, Active Learning, Microsoft Excel, Microsoft Windows",76.19,Start: Reading Comprehension
27,No,Travel_Rarely,894,Research & Development,9,3,Medical,1,260,4,Female,99,3,1,Research Scientist,2,Single,2279,11781,1,Y,No,16,3,4,80,0,7,2,2,7,7,0,3,0.20280652,Low Risk,3.3333333333333335,284.875,2.6666666666666665,LOW RISK: Continue standard career development and engagement tracking.,15-1221.00,"Apache Spark, Bash, Speaking, Git, Ansible software, GitHub, Apache Kafka, C++, Active Listening, Monitoring, Mathematics, Apache Hadoop, Go, Learning Strategies, Writing","Active Learning, Reading Comprehension, Critical Thinking, Science, Amazon Web Services AWS software, C, Docker",68.18,Start: Active Learning
35,Yes,Travel_Rarely,556,Research & Development,23,2,Life Sciences,1,261,2,Male,50,2,2,Manufacturing Director,3,Married,5916,15497,3,Y,Yes,13,3,1,80,0,8,1,3,1,0,0,1,0.88530684,High Risk,2.0,2958.0,2.6666666666666665,HIGH RISK: HR review; retention conversation; career-path and compensation review.,51-9195.05,"Microsoft Outlook, Monitoring, Microsoft Excel","Critical Thinking, Active Listening",60.0,Start: Critical Thinking
43,No,Non-Travel,1344,Research & Development,7,3,Medical,1,262,4,Male,37,4,1,Research Scientist,4,Divorced,2089,5228,4,Y,No,14,3,4,80,3,7,3,4,5,4,2,2,0.021476723,Low Risk,4.0,348.1666666666667,4.0,LOW RISK: Continue standard career development and engagement tracking.,15-1221.00,"Amazon Web Services AWS software, Apache Hadoop, C, Go, GitHub, C++, Bash, Active Learning, Apache Spark, Apache Kafka, Learning Strategies, Speaking, Writing, Docker","Reading Comprehension, Mathematics, Critical Thinking, Active Listening, Monitoring, Science, Ansible software, Git",63.64,Start: Reading Comprehension
45,No,Non-Travel,1195,Research & Development,2,2,Medical,1,264,1,Male,65,2,4,Manager,4,Married,16792,20462,9,Y,No,23,4,4,80,1,22,1,3,20,8,11,8,0.02168086,Low Risk,3.0,799.6190476190476,2.6666666666666665,LOW RISK: Continue standard career development and engagement tracking.,47-1011.03,"Autodesk Revit, Active Listening, Microsoft Outlook, Autodesk AutoCAD Civil 3D, Oracle Primavera Enterprise Project Portfolio Management, Autodesk AutoCAD, Microsoft Visio, Microsoft Office software, Learning Strategies, Mathematics, Microsoft Project, Active Learning, Writing, Critical Thinking, Speaking, Microsoft Windows, Reading Comprehension, Monitoring","Microsoft Excel, Microsoft PowerPoint, Microsoft Word",85.71,Start: Microsoft Excel
37,No,Travel_Rarely,290,Research & Development,21,3,Life Sciences,1,267,2,Male,65,4,1,Research Scientist,1,Married,3564,22977,1,Y,Yes,12,3,1,80,1,8,3,2,8,7,1,7,0.17350325,Low Risk,1.3333333333333333,396.0,1.6666666666666667,LOW RISK: Continue standard career development and engagement tracking.,15-1221.00,"Learning Strategies, Bash, Apache Hadoop, GitHub, C, Mathematics, Monitoring, Git, Apache Kafka, Go, C++, Ansible software","Active Learning, Reading Comprehension, Critical Thinking, Active Listening, Writing, Speaking, Science, Amazon Web Services AWS software, Apache Spark, Docker",54.55,Start: Active Learning
35,No,Travel_Frequently,138,Research & Development,2,3,Medical,1,269,2,Female,37,3,2,Laboratory Technician,2,Single,4425,15986,5,Y,No,11,3,4,80,0,10,5,3,6,2,1,2,0.19434695,Low Risk,2.6666666666666665,632.1428571428571,2.3333333333333335,LOW RISK: Continue standard career development and engagement tracking.,51-9083.00,"Microsoft Word, Reading Comprehension, Microsoft Office software, Microsoft Outlook, Microsoft PowerPoint, SAP software, Critical Thinking, Microsoft Excel",Monitoring,88.89,Start: Monitoring
42,No,Non-Travel,926,Research & Development,21,2,Medical,1,270,3,Female,36,3,2,Manufacturing Director,3,Divorced,5265,16439,2,Y,No,16,3,2,80,1,11,5,3,5,3,0,2,0.013815405,Low Risk,2.6666666666666665,877.5,3.0,LOW RISK: Continue standard career development and engagement tracking.,51-9195.05,"Critical Thinking, Microsoft Outlook, Microsoft Excel","Active Listening, Monitoring",60.0,Start: Active Listening
38,No,Travel_Rarely,1261,Research & Development,2,4,Life Sciences,1,271,4,Male,88,3,2,Manufacturing Director,3,Married,6553,7259,9,Y,No,14,3,2,80,0,14,3,3,1,0,0,0,0.09389342,Low Risk,3.0,3276.5,3.3333333333333335,LOW RISK: Continue standard career development and engagement tracking.,51-9195.05,"Microsoft Excel, Monitoring, Microsoft Outlook, Active Listening",Critical Thinking,80.0,Start: Critical Thinking
38,No,Travel_Rarely,1084,Research & Development,29,3,Technical Degree,1,273,4,Male,54,3,2,Manufacturing Director,4,Married,6261,4185,3,Y,No,18,3,1,80,1,9,3,1,7,7,1,7,0.06564213,Low Risk,3.0,782.625,3.0,LOW RISK: Continue standard career development and engagement tracking.,51-9195.05,"Active Listening, Monitoring, Critical Thinking","Microsoft Excel, Microsoft Outlook",60.0,Start: Microsoft Excel
27,No,Travel_Frequently,472,Research & Development,1,1,Technical Degree,1,274,3,Male,60,2,2,Manufacturing Director,1,Married,4298,9679,5,Y,No,19,3,3,80,1,6,1,3,2,2,2,0,0.27463678,Low Risk,2.3333333333333335,1432.6666666666667,2.3333333333333335,LOW RISK: Continue standard career development and engagement tracking.,51-9195.05,"Microsoft Outlook, Monitoring, Microsoft Excel","Critical Thinking, Active Listening",60.0,Start: Critical Thinking
49,No,Non-Travel,1002,Research & Development,18,4,Life Sciences,1,275,4,Male,92,3,2,Manufacturing Director,4,Divorced,6804,23793,1,Y,Yes,15,3,1,80,2,7,0,3,7,7,1,7,0.057668027,Low Risk,3.0,850.5,3.6666666666666665,LOW RISK: Continue standard career development and engagement tracking.,51-9195.05,"Critical Thinking, Microsoft Outlook, Active Listening","Monitoring, Microsoft Excel",60.0,Start: Monitoring
34,No,Travel_Frequently,878,Research & Development,10,4,Medical,1,277,4,Male,43,3,1,Research Scientist,3,Divorced,3815,5972,1,Y,Yes,17,3,4,80,1,5,4,4,5,3,2,0,0.34221298,Low Risk,3.6666666666666665,635.8333333333334,3.6666666666666665,LOW RISK: Continue standard career development and engagement tracking.,15-1221.00,"Mathematics, Go, Reading Comprehension, Monitoring, Critical Thinking, Apache Spark, Apache Hadoop, Bash, Writing, Docker, Active Learning, C, Science, GitHub","Active Listening, Speaking, Learning Strategies, Amazon Web Services AWS software, Ansible software, Apache Kafka, C++, Git",63.64,Start: Active Listening
40,No,Travel_Rarely,905,Research & Development,19,2,Medical,1,281,3,Male,99,3,2,Laboratory Technician,4,Married,2741,16523,8,Y,Yes,15,3,3,80,1,15,2,4,7,2,3,7,0.22143945,Low Risk,3.3333333333333335,342.625,3.6666666666666665,LOW RISK: Continue standard career development and engagement tracking.,51-9083.00,"SAP software, Microsoft Excel, Critical Thinking, Microsoft Office software, Monitoring, Reading Comprehension","Microsoft Outlook, Microsoft PowerPoint, Microsoft Word",66.67,Start: Microsoft Outlook
38,Yes,Travel_Rarely,1180,Research & Development,29,1,Medical,1,282,2,Male,70,3,2,Healthcare Representative,1,Married,6673,11354,7,Y,Yes,19,3,2,80,0,17,2,3,1,0,0,0,0.8649615,High Risk,1.6666666666666667,3336.5,2.0,HIGH RISK: HR review; retention conversation; career-path and compensation review.,43-4051.00,"Adobe Illustrator, Microsoft Outlook, Microsoft Office software, Microsoft Excel, Adobe Photoshop, Monitoring, Critical Thinking, Kronos Workforce Timekeeper","Active Listening, Speaking, Reading Comprehension, Writing, Adobe Acrobat, Adobe Creative Cloud software, Apple macOS, Facebook, Google Docs, Intuit QuickBooks",44.44,Start: Active Listening
29,Yes,Travel_Rarely,121,Sales,27,3,Marketing,1,283,2,Female,35,3,3,Sales Executive,4,Married,7639,24525,1,Y,No,22,4,4,80,3,10,3,2,10,4,1,9,0.71546704,High Risk,3.3333333333333335,694.4545454545455,2.6666666666666665,HIGH RISK: HR review; retention conversation; career-path and compensation review.,53-3031.00,"Microsoft Excel, Speaking, Microsoft Office software, Critical Thinking, Writing, Reading Comprehension",Active Listening,85.71,Start: Active Listening
22,No,Travel_Rarely,1136,Research & Development,5,3,Life Sciences,1,284,4,Male,60,4,1,Research Scientist,2,Divorced,2328,12392,1,Y,Yes,16,3,1,80,1,4,2,2,4,2,2,2,0.33313513,Low Risk,2.3333333333333335,465.6,2.6666666666666665,LOW RISK: Continue standard career development and engagement tracking.,15-1221.00,"Active Listening, Docker, Apache Spark, Reading Comprehension, Speaking, Ansible software, Learning Strategies, GitHub, Active Learning, Monitoring","Mathematics, Critical Thinking, Writing, Science, Amazon Web Services AWS software, Apache Hadoop, Apache Kafka, Bash, C, C++, Git, Go",45.45,Start: Mathematics
36,No,Travel_Frequently,635,Research & Development,18,1,Medical,1,286,2,Female,73,3,1,Laboratory Technician,4,Single,2153,7703,1,Y,No,13,3,1,80,0,8,2,3,8,1,1,7,0.15196244,Low Risk,2.3333333333333335,239.22222222222223,3.0,LOW RISK: Continue standard career development and engagement tracking.,51-9083.00,"Microsoft Outlook, Microsoft Office software, Microsoft Excel, SAP software, Critical Thinking, Reading Comprehension","Monitoring, Microsoft PowerPoint, Microsoft Word",66.67,Start: Monitoring
40,No,Non-Travel,1151,Research & Development,9,5,Life Sciences,1,287,4,Male,63,2,2,Healthcare Representative,4,Married,4876,14242,9,Y,No,14,3,4,80,1,5,5,1,3,2,0,2,0.027875774,Low Risk,4.0,1219.0,3.0,LOW RISK: Continue standard career development and engagement tracking.,43-4051.00,"Reading Comprehension, Speaking, Adobe Acrobat, Adobe Photoshop, Kronos Workforce Timekeeper, Intuit QuickBooks, Apple macOS, Microsoft Excel, Google Docs, Adobe Creative Cloud software, Active Listening","Critical Thinking, Writing, Monitoring, Microsoft Office software, Microsoft Outlook, Adobe Illustrator, Facebook",61.11,Start: Critical Thinking
46,No,Travel_Rarely,644,Research & Development,1,4,Medical,1,288,4,Male,97,3,3,Healthcare Representative,1,Divorced,9396,12368,7,Y,No,16,3,3,80,1,17,3,3,4,2,0,3,0.08957072,Low Risk,2.6666666666666665,1879.2,2.6666666666666665,LOW RISK: Continue standard career development and engagement tracking.,43-4051.00,"Monitoring, Microsoft Office software, Facebook, Microsoft Excel, Kronos Workforce Timekeeper, Intuit QuickBooks, Writing, Reading Comprehension, Adobe Acrobat, Microsoft Outlook, Adobe Creative Cloud software, Speaking, Active Listening, Adobe Illustrator, Adobe Photoshop","Critical Thinking, Apple macOS, Google Docs",83.33,Start: Critical Thinking
32,Yes,Travel_Rarely,1045,Sales,4,4,Medical,1,291,4,Male,32,1,3,Sales Executive,4,Married,10400,25812,1,Y,No,11,3,3,80,0,14,2,2,14,8,9,8,0.8400735,High Risk,3.6666666666666665,693.3333333333334,3.3333333333333335,HIGH RISK: HR review; retention conversation; career-path and compensation review.,53-3031.00,"Active Listening, Writing, Reading Comprehension, Speaking, Microsoft Excel","Critical Thinking, Microsoft Office software",71.43,Start: Critical Thinking
30,No,Non-Travel,829,Research & Development,1,1,Life Sciences,1,292,3,Male,88,2,3,Manufacturing Director,3,Single,8474,20925,1,Y,No,22,4,3,80,0,12,2,3,11,8,5,8,0.027680907,Low Risk,3.0,706.1666666666666,3.0,LOW RISK: Continue standard career development and engagement tracking.,51-9195.05,"Critical Thinking, Microsoft Outlook, Monitoring","Active Listening, Microsoft Excel",60.0,Start: Active Listening
27,No,Travel_Frequently,1242,Sales,20,3,Life Sciences,1,293,4,Female,90,3,2,Sales Executive,3,Single,9981,12916,1,Y,No,14,3,4,80,0,7,2,3,7,7,0,7,0.16065042,Low Risk,3.6666666666666665,1247.625,3.3333333333333335,LOW RISK: Continue standard career development and engagement tracking.,53-3031.00,"Microsoft Excel, Microsoft Office software, Writing, Active Listening, Reading Comprehension","Speaking, Critical Thinking",71.43,Start: Speaking
51,No,Travel_Rarely,1469,Research & Development,8,4,Life Sciences,1,296,2,Male,81,2,3,Research Director,2,Married,12490,15736,5,Y,No,16,3,4,80,2,16,5,1,10,9,4,7,0.058125056,Low Risk,2.6666666666666665,1135.4545454545455,1.6666666666666667,LOW RISK: Continue standard career development and engagement tracking.,27-2041.00,"Microsoft PowerPoint, Microsoft Office software, Microsoft Word, Active Learning, Learning Strategies, Critical Thinking, Active Listening, Speaking, Microsoft Excel","Monitoring, Reading Comprehension, Writing, Microsoft Outlook",69.23,Start: Monitoring
30,Yes,Travel_Rarely,1005,Research & Development,3,3,Technical Degree,1,297,4,Female,88,3,1,Research Scientist,1,Single,2657,8556,5,Y,Yes,11,3,3,80,0,8,5,3,5,2,0,4,0.85612845,High Risk,2.6666666666666665,442.8333333333333,2.6666666666666665,HIGH RISK: HR review; retention conversation; career-path and compensation review.,15-1221.00,"Amazon Web Services AWS software, Active Learning, Science, Speaking, Go, Mathematics, C++, Active Listening, Docker, Ansible software, C","Reading Comprehension, Critical Thinking, Writing, Monitoring, Learning Strategies, Apache Hadoop, Apache Kafka, Apache Spark, Bash, Git, GitHub",50.0,Start: Reading Comprehension
41,No,Travel_Rarely,896,Sales,6,3,Life Sciences,1,298,4,Female,75,3,3,Manager,4,Single,13591,14674,3,Y,Yes,18,3,3,80,0,16,3,3,1,0,0,0,0.07755084,Low Risk,3.6666666666666665,6795.5,3.6666666666666665,LOW RISK: Continue standard career development and engagement tracking.,47-1011.03,"Microsoft Visio, Microsoft Office software, Oracle Primavera Enterprise Project Portfolio Management, Autodesk AutoCAD, Critical Thinking, Microsoft Windows, Speaking, Microsoft Outlook, Microsoft Word, Reading Comprehension, Monitoring, Microsoft Project, Active Listening, Autodesk Revit, Learning Strategies, Autodesk AutoCAD Civil 3D, Microsoft PowerPoint","Writing, Active Learning, Mathematics, Microsoft Excel",80.95,Start: Writing
30,Yes,Travel_Frequently,334,Sales,26,4,Marketing,1,299,3,Female,52,2,2,Sales Executive,1,Single,6696,22967,5,Y,No,15,3,3,80,0,9,5,2,6,3,0,1,0.9416538,High Risk,2.3333333333333335,956.5714285714286,2.0,HIGH RISK: HR review; retention conversation; career-path and compensation review.,53-3031.00,"Microsoft Office software, Critical Thinking, Speaking","Active Listening, Reading Comprehension, Writing, Microsoft Excel",42.86,Start: Active Listening
29,Yes,Travel_Rarely,992,Research & Development,1,3,Technical Degree,1,300,3,Male,85,3,1,Research Scientist,3,Single,2058,19757,0,Y,No,14,3,4,80,0,7,1,2,6,2,1,5,0.058237668,Low Risk,3.3333333333333335,294.0,2.6666666666666665,LOW RISK: Continue standard career development and engagement tracking.,15-1221.00,"Apache Hadoop, Apache Kafka, Amazon Web Services AWS software, Git, Monitoring, Go, Reading Comprehension, Science, Critical Thinking, Ansible software, Learning Strategies, Mathematics, Writing, C, Bash, Speaking, Active Learning","Active Listening, Apache Spark, C++, Docker, GitHub",77.27,Start: Active Listening
45,No,Non-Travel,1052,Sales,6,3,Medical,1,302,4,Female,57,2,3,Sales Executive,4,Single,8865,16840,6,Y,No,12,3,4,80,0,23,2,3,19,7,12,8,0.08290922,Low Risk,4.0,443.25,3.6666666666666665,LOW RISK: Continue standard career development and engagement tracking.,53-3031.00,"Active Listening, Critical Thinking, Speaking, Microsoft Excel, Reading Comprehension, Microsoft Office software",Writing,85.71,Start: Writing
54,No,Travel_Rarely,1147,Sales,3,3,Marketing,1,303,4,Female,52,3,2,Sales Executive,1,Married,5940,17011,2,Y,No,14,3,4,80,1,16,4,3,6,2,0,5,0.046310704,Low Risk,3.0,848.5714285714286,2.6666666666666665,LOW RISK: Continue standard career development and engagement tracking.,53-3031.00,"Writing, Microsoft Excel, Active Listening, Critical Thinking, Reading Comprehension, Microsoft Office software",Speaking,85.71,Start: Speaking
36,No,Travel_Rarely,1396,Research & Development,5,2,Life Sciences,1,304,4,Male,62,3,2,Laboratory Technician,2,Single,5914,9945,8,Y,No,16,3,4,80,0,16,3,4,13,11,3,7,0.11790821,Low Risk,3.3333333333333335,422.42857142857144,3.3333333333333335,LOW RISK: Continue standard career development and engagement tracking.,51-9083.00,"Microsoft PowerPoint, Microsoft Word, Microsoft Office software, Reading Comprehension, Microsoft Excel, Microsoft Outlook, Critical Thinking, SAP software",Monitoring,88.89,Start: Monitoring
33,No,Travel_Rarely,147,Research & Development,4,4,Medical,1,305,3,Female,47,2,1,Research Scientist,2,Married,2622,13248,6,Y,No,21,4,4,80,0,7,3,3,3,2,1,1,0.16799654,Low Risk,3.0,655.5,2.6666666666666665,LOW RISK: Continue standard career development and engagement tracking.,15-1221.00,"Apache Kafka, Git, Learning Strategies, Apache Hadoop, GitHub, Amazon Web Services AWS software, Bash, Mathematics, Active Listening, Monitoring, Docker, C, Critical Thinking, Writing, C++, Speaking, Science, Ansible software","Active Learning, Reading Comprehension, Apache Spark, Go",81.82,Start: Active Learning
37,No,Travel_Frequently,663,Research & Development,11,3,Other,1,306,2,Male,47,3,3,Research Director,4,Divorced,12185,10056,1,Y,Yes,14,3,3,80,3,10,1,3,10,8,0,7,0.06362958,Low Risk,3.0,1107.7272727272727,3.0,LOW RISK: Continue standard career development and engagement tracking.,27-2041.00,"Monitoring, Microsoft Word, Microsoft Outlook, Reading Comprehension, Speaking, Writing, Microsoft Excel","Active Listening, Critical Thinking, Active Learning, Learning Strategies, Microsoft Office software, Microsoft PowerPoint",53.85,Start: Active Listening
38,No,Travel_Rarely,119,Sales,3,3,Life Sciences,1,307,1,Male,76,3,3,Sales Executive,3,Divorced,10609,9647,0,Y,No,12,3,3,80,2,17,6,2,16,10,5,13,0.07531098,Low Risk,2.3333333333333335,624.0588235294117,2.0,LOW RISK: Continue standard career development and engagement tracking.,53-3031.00,"Speaking, Active Listening, Microsoft Excel, Critical Thinking, Reading Comprehension, Microsoft Office software",Writing,85.71,Start: Writing
31,No,Non-Travel,979,Research & Development,1,4,Medical,1,308,3,Male,90,1,2,Manufacturing Director,3,Married,4345,4381,0,Y,No,12,3,4,80,1,6,2,3,5,4,1,4,0.015684947,Low Risk,3.3333333333333335,724.1666666666666,3.0,LOW RISK: Continue standard career development and engagement tracking.,51-9195.05,"Microsoft Outlook, Critical Thinking, Active Listening","Monitoring, Microsoft Excel",60.0,Start: Monitoring
59,No,Travel_Rarely,142,Research & Development,3,3,Life Sciences,1,309,3,Male,70,2,1,Research Scientist,4,Married,2177,8456,3,Y,No,17,3,1,80,1,7,6,3,1,0,0,0,0.06846065,Low Risk,2.6666666666666665,1088.5,3.3333333333333335,LOW RISK: Continue standard career development and engagement tracking.,15-1221.00,"Git, Critical Thinking, Amazon Web Services AWS software, Bash, C, Learning Strategies, Apache Kafka, Ansible software, Apache Spark, GitHub, Mathematics","Active Learning, Reading Comprehension, Active Listening, Writing, Speaking, Monitoring, Science, Apache Hadoop, C++, Docker, Go",50.0,Start: Active Learning
37,No,Travel_Frequently,319,Sales,4,4,Marketing,1,311,1,Male,41,3,1,Sales Representative,4,Divorced,2793,2539,4,Y,No,17,3,3,80,1,13,2,3,9,8,5,8,0.0908621,Low Risk,2.6666666666666665,279.3,2.6666666666666665,LOW RISK: Continue standard career development and engagement tracking.,41-4012.00,"Speaking, Adobe Creative Cloud software, Apple macOS, Active Listening, Adobe Photoshop, Salesforce software, Monitoring, Microsoft Outlook, Writing, Autodesk AutoCAD","Reading Comprehension, Critical Thinking, Active Learning, Microsoft Excel, Microsoft Office software, Microsoft PowerPoint, Adobe Acrobat, Adobe Illustrator, Adobe InDesign",52.63,Start: Reading Comprehension
29,No,Travel_Frequently,1413,Sales,1,1,Medical,1,312,2,Female,42,3,3,Sales Executive,4,Married,7918,6599,1,Y,No,14,3,4,80,1,11,5,3,11,10,4,1,0.039782126,Low Risk,3.3333333333333335,659.8333333333334,3.0,LOW RISK: Continue standard career development and engagement tracking.,53-3031.00,"Microsoft Office software, Speaking, Critical Thinking, Writing","Active Listening, Reading Comprehension, Microsoft Excel",57.14,Start: Active Listening
35,No,Travel_Frequently,944,Sales,1,3,Marketing,1,314,3,Female,92,3,3,Sales Executive,3,Single,8789,9096,1,Y,No,14,3,1,80,0,10,3,4,10,7,0,8,0.17985132,Low Risk,2.3333333333333335,799.0,3.3333333333333335,LOW RISK: Continue standard career development and engagement tracking.,53-3031.00,"Active Listening, Reading Comprehension, Microsoft Office software, Speaking","Critical Thinking, Writing, Microsoft Excel",57.14,Start: Critical Thinking
29,Yes,Travel_Rarely,896,Research & Development,18,1,Medical,1,315,3,Male,86,2,1,Research Scientist,4,Single,2389,14961,1,Y,Yes,13,3,3,80,0,4,3,2,4,3,0,1,0.67619437,Medium Risk,3.3333333333333335,477.8,3.0,MEDIUM RISK: Manager check-in; mentorship; targeted development plan.,15-1221.00,"Go, Reading Comprehension, Science, Apache Kafka, Apache Hadoop, GitHub, Active Learning, Amazon Web Services AWS software, Ansible software, Docker, Monitoring, C++, Critical Thinking, Active Listening, Apache Spark, Git, Bash, C, Writing","Mathematics, Speaking, Learning Strategies",86.36,Start: Mathematics
52,No,Travel_Rarely,1323,Research & Development,2,3,Life Sciences,1,316,3,Female,89,2,1,Laboratory Technician,4,Single,3212,3300,7,Y,No,15,3,2,80,0,6,3,2,2,2,2,2,0.12646252,Low Risk,3.0,1070.6666666666667,3.0,LOW RISK: Continue standard career development and engagement tracking.,51-9083.00,"Microsoft Office software, Microsoft Word, Microsoft Outlook, SAP software","Reading Comprehension, Critical Thinking, Monitoring, Microsoft Excel, Microsoft PowerPoint",44.44,Start: Reading Comprehension
42,No,Travel_Rarely,532,Research & Development,4,2,Technical Degree,1,319,3,Male,58,3,5,Manager,4,Married,19232,4933,1,Y,No,11,3,4,80,0,22,3,3,22,17,11,15,0.02586193,Low Risk,3.6666666666666665,836.1739130434783,3.3333333333333335,LOW RISK: Continue standard career development and engagement tracking.,47-1011.03,"Autodesk AutoCAD, Reading Comprehension, Active Learning, Microsoft Excel, Autodesk AutoCAD Civil 3D, Oracle Primavera Enterprise Project Portfolio Management, Microsoft Project, Microsoft Outlook, Learning Strategies, Speaking","Monitoring, Active Listening, Critical Thinking, Writing, Mathematics, Autodesk Revit, Microsoft Office software, Microsoft PowerPoint, Microsoft Visio, Microsoft Windows, Microsoft Word",47.62,Start: Monitoring
59,No,Travel_Rarely,818,Human Resources,6,2,Medical,1,321,2,Male,52,3,1,Human Resources,3,Married,2267,25657,8,Y,No,17,3,4,80,0,7,2,2,2,2,2,2,0.20229577,Low Risk,3.0,755.6666666666666,2.3333333333333335,LOW RISK: Continue standard career development and engagement tracking.,43-4161.00,"Microsoft Office software, Microsoft Excel, Monitoring, Critical Thinking, Oracle PeopleSoft, Writing, Speaking, Microsoft Visio, Microsoft SharePoint, Google Docs, Active Learning, Reading Comprehension, Microsoft Word, Applicant tracking software, Microsoft Outlook","Active Listening, Microsoft PowerPoint, Oracle HRIS, Microsoft Access",78.95,Start: Active Listening
50,No,Travel_Rarely,854,Sales,1,4,Medical,1,323,4,Female,68,3,5,Manager,4,Divorced,19517,24118,3,Y,No,11,3,3,80,1,32,3,2,7,0,0,6,0.021407938,Low Risk,3.6666666666666665,2439.625,3.3333333333333335,LOW RISK: Continue standard career development and engagement tracking.,47-1011.03,"Microsoft Project, Microsoft PowerPoint, Active Listening, Microsoft Windows, Critical Thinking, Speaking, Microsoft Word, Microsoft Visio, Learning Strategies, Writing, Mathematics, Autodesk Revit, Autodesk AutoCAD, Microsoft Excel, Active Learning, Monitoring","Reading Comprehension, Autodesk AutoCAD Civil 3D, Microsoft Office software, Microsoft Outlook, Oracle Primavera Enterprise Project Portfolio Management",76.19,Start: Reading Comprehension
33,Yes,Travel_Rarely,813,Research & Development,14,3,Medical,1,325,3,Male,58,3,1,Laboratory Technician,4,Married,2436,22149,5,Y,Yes,13,3,3,80,1,8,2,1,5,4,0,4,0.9329181,High Risk,3.3333333333333335,406.0,2.6666666666666665,HIGH RISK: HR review; retention conversation; career-path and compensation review.,51-9083.00,"Microsoft Word, Reading Comprehension, Monitoring, Microsoft Excel, SAP software","Critical Thinking, Microsoft Office software, Microsoft Outlook, Microsoft PowerPoint",55.56,Start: Critical Thinking
43,No,Travel_Rarely,1034,Sales,16,3,Marketing,1,327,4,Female,80,3,4,Manager,4,Married,16064,7744,5,Y,Yes,22,4,3,80,1,22,3,3,17,13,1,9,0.067024015,Low Risk,3.6666666666666665,892.4444444444445,3.6666666666666665,LOW RISK: Continue standard career development and engagement tracking.,47-1011.03,"Learning Strategies, Monitoring, Microsoft Outlook, Microsoft Windows, Critical Thinking, Microsoft Word, Autodesk AutoCAD Civil 3D, Microsoft PowerPoint, Mathematics, Microsoft Office software, Active Listening, Oracle Primavera Enterprise Project Portfolio Management","Reading Comprehension, Speaking, Writing, Active Learning, Autodesk AutoCAD, Autodesk Revit, Microsoft Excel, Microsoft Project, Microsoft Visio",57.14,Start: Reading Comprehension
33,Yes,Travel_Rarely,465,Research & Development,2,2,Life Sciences,1,328,1,Female,39,3,1,Laboratory Technician,1,Married,2707,21509,7,Y,No,20,4,1,80,0,13,3,4,9,7,1,7,0.8371903,High Risk,1.0,270.7,2.0,HIGH RISK: HR review; retention conversation; career-path and compensation review.,51-9083.00,"SAP software, Microsoft Outlook, Microsoft Excel, Microsoft PowerPoint","Reading Comprehension, Critical Thinking, Monitoring, Microsoft Office software, Microsoft Word",44.44,Start: Reading Comprehension
52,No,Non-Travel,771,Sales,2,4,Life Sciences,1,329,1,Male,79,2,5,Manager,3,Single,19068,21030,1,Y,Yes,18,3,4,80,0,33,2,4,33,7,15,12,0.15327263,Low Risk,2.6666666666666665,560.8235294117648,2.6666666666666665,LOW RISK: Continue standard career development and engagement tracking.,47-1011.03,"Microsoft Office software, Microsoft Windows, Learning Strategies, Microsoft Project, Monitoring, Autodesk Revit, Active Listening, Critical Thinking, Microsoft Excel, Microsoft Outlook, Mathematics, Speaking, Microsoft PowerPoint","Reading Comprehension, Writing, Active Learning, Autodesk AutoCAD, Autodesk AutoCAD Civil 3D, Microsoft Visio, Microsoft Word, Oracle Primavera Enterprise Project Portfolio Management",61.9,Start: Reading Comprehension
32,No,Travel_Rarely,1401,Sales,4,2,Life Sciences,1,330,3,Female,56,3,1,Sales Representative,2,Married,3931,20990,2,Y,No,11,3,1,80,1,6,5,3,4,3,1,2,0.14563563,Low Risk,2.0,786.2,2.6666666666666665,LOW RISK: Continue standard career development and engagement tracking.,41-4012.00,"Microsoft Excel, Reading Comprehension, Adobe Acrobat, Microsoft PowerPoint, Adobe Illustrator, Adobe InDesign, Writing, Monitoring, Speaking, Active Learning, Critical Thinking, Autodesk AutoCAD, Microsoft Office software, Salesforce software","Active Listening, Microsoft Outlook, Adobe Creative Cloud software, Adobe Photoshop, Apple macOS",73.68,Start: Active Listening
32,Yes,Travel_Rarely,515,Research & Development,1,3,Life Sciences,1,331,4,Male,62,2,1,Laboratory Technician,3,Single,3730,9571,0,Y,Yes,14,3,4,80,0,4,2,1,3,2,1,2,0.40767747,Medium Risk,3.6666666666666665,932.5,2.6666666666666665,MEDIUM RISK: Manager check-in; mentorship; targeted development plan.,51-9083.00,"Microsoft Excel, Microsoft Word, Microsoft PowerPoint, Microsoft Office software, Critical Thinking","Reading Comprehension, Monitoring, Microsoft Outlook, SAP software",55.56,Start: Reading Comprehension
39,No,Travel_Rarely,1431,Research & Development,1,4,Medical,1,332,3,Female,96,3,1,Laboratory Technician,3,Divorced,2232,15417,7,Y,No,14,3,3,80,3,7,1,3,3,2,1,2,0.04997626,Low Risk,3.0,558.0,3.0,LOW RISK: Continue standard career development and engagement tracking.,51-9083.00,"Reading Comprehension, Critical Thinking, Microsoft Outlook, Microsoft Excel, Monitoring, SAP software, Microsoft Office software, Microsoft PowerPoint",Microsoft Word,88.89,Start: Microsoft Word
32,No,Non-Travel,976,Sales,26,4,Marketing,1,333,3,Male,100,3,2,Sales Executive,4,Married,4465,12069,0,Y,No,18,3,1,80,0,4,2,3,3,2,2,2,0.09296104,Low Risk,2.6666666666666665,1116.25,3.3333333333333335,LOW RISK: Continue standard career development and engagement tracking.,53-3031.00,"Microsoft Excel, Reading Comprehension, Critical Thinking","Active Listening, Speaking, Writing, Microsoft Office software",42.86,Start: Active Listening
41,No,Travel_Rarely,1411,Research & Development,19,2,Life Sciences,1,334,3,Male,36,3,2,Research Scientist,1,Divorced,3072,19877,2,Y,No,16,3,1,80,2,17,2,2,1,0,0,0,0.06778605,Low Risk,1.6666666666666667,1536.0,2.0,LOW RISK: Continue standard career development and engagement tracking.,15-1221.00,"Learning Strategies, Ansible software, C, Bash, Git, Go, Amazon Web Services AWS software, Speaking, Science, Apache Hadoop, Docker, GitHub, Monitoring, Apache Spark, Apache Kafka, Critical Thinking, Active Learning","Reading Comprehension, Mathematics, Active Listening, Writing, C++",77.27,Start: Reading Comprehension
40,No,Travel_Rarely,1300,Research & Development,24,2,Technical Degree,1,335,1,Male,62,3,2,Research Scientist,4,Divorced,3319,24447,1,Y,No,17,3,1,80,2,9,3,3,9,8,4,7,0.034530353,Low Risk,2.0,331.9,2.6666666666666665,LOW RISK: Continue standard career development and engagement tracking.,15-1221.00,"Writing, Monitoring, Reading Comprehension, Critical Thinking, Speaking, Apache Hadoop, GitHub, Apache Kafka, Ansible software, C++, Learning Strategies, Active Listening","Active Learning, Mathematics, Science, Amazon Web Services AWS software, Apache Spark, Bash, C, Docker, Git, Go",54.55,Start: Active Learning
45,No,Travel_Rarely,252,Research & Development,1,3,Other,1,336,3,Male,70,4,5,Manager,4,Married,19202,15970,0,Y,No,11,3,3,80,1,25,2,3,24,0,1,7,0.008575134,Low Risk,3.3333333333333335,768.08,3.3333333333333335,LOW RISK: Continue standard career development and engagement tracking.,47-1011.03,"Oracle Primavera Enterprise Project Portfolio Management, Microsoft Outlook, Speaking, Microsoft Excel, Microsoft PowerPoint, Learning Strategies, Microsoft Windows, Critical Thinking, Autodesk AutoCAD Civil 3D, Mathematics, Microsoft Word, Microsoft Visio, Autodesk Revit, Microsoft Project, Autodesk AutoCAD, Reading Comprehension","Monitoring, Active Listening, Writing, Active Learning, Microsoft Office software",76.19,Start: Monitoring
31,No,Travel_Frequently,1327,Research & Development,3,4,Medical,1,337,2,Male,73,3,3,Research Director,3,Divorced,13675,13523,9,Y,No,12,3,1,80,1,9,3,3,2,2,2,2,0.12764609,Low Risk,2.0,4558.333333333333,2.6666666666666665,LOW RISK: Continue standard career development and engagement tracking.,27-2041.00,"Microsoft Word, Monitoring, Critical Thinking, Active Learning, Microsoft PowerPoint, Microsoft Outlook, Speaking","Active Listening, Reading Comprehension, Writing, Learning Strategies, Microsoft Excel, Microsoft Office software",53.85,Start: Active Listening
33,No,Travel_Rarely,832,Research & Development,5,4,Life Sciences,1,338,3,Female,63,2,1,Research Scientist,4,Married,2911,14776,1,Y,No,13,3,3,80,1,2,2,2,2,2,0,2,0.029487152,Low Risk,3.3333333333333335,970.3333333333334,3.0,LOW RISK: Continue standard career development and engagement tracking.,15-1221.00,"Reading Comprehension, C, Go, Writing, Apache Spark, Git, Learning Strategies, Apache Hadoop, Active Learning, Speaking","Mathematics, Critical Thinking, Active Listening, Monitoring, Science, Amazon Web Services AWS software, Ansible software, Apache Kafka, Bash, C++, Docker, GitHub",45.45,Start: Mathematics
34,No,Travel_Rarely,470,Research & Development,2,4,Life Sciences,1,339,4,Male,84,2,2,Manufacturing Director,1,Married,5957,23687,6,Y,No,13,3,2,80,1,13,3,3,11,9,5,9,0.062610425,Low Risk,2.3333333333333335,496.4166666666667,2.6666666666666665,LOW RISK: Continue standard career development and engagement tracking.,51-9195.05,"Microsoft Excel, Microsoft Outlook, Active Listening","Critical Thinking, Monitoring",60.0,Start: Critical Thinking
37,No,Travel_Rarely,1017,Research & Development,1,2,Medical,1,340,3,Female,83,2,1,Research Scientist,1,Married,3920,18697,2,Y,No,14,3,1,80,1,17,2,2,3,1,0,2,0.039495867,Low Risk,1.6666666666666667,980.0,2.0,LOW RISK: Continue standard career development and engagement tracking.,15-1221.00,"Speaking, Ansible software, Docker, Mathematics, Apache Hadoop, Writing, Go, Apache Spark, Learning Strategies, Active Learning, Amazon Web Services AWS software, Critical Thinking, Reading Comprehension, Science","Active Listening, Monitoring, Apache Kafka, Bash, C, C++, Git, GitHub",63.64,Start: Active Listening
45,No,Travel_Frequently,1199,Research & Development,7,4,Life Sciences,1,341,1,Male,77,4,2,Manufacturing Director,3,Married,6434,5118,4,Y,No,17,3,4,80,1,9,1,3,3,2,0,2,0.03047707,Low Risk,2.6666666666666665,1608.5,2.3333333333333335,LOW RISK: Continue standard career development and engagement tracking.,51-9195.05,"Microsoft Outlook, Critical Thinking","Active Listening, Monitoring, Microsoft Excel",40.0,Start: Active Listening
37,Yes,Travel_Frequently,504,Research & Development,10,3,Medical,1,342,1,Male,61,3,3,Manufacturing Director,3,Divorced,10048,22573,6,Y,No,11,3,2,80,2,17,5,3,1,0,0,0,0.848847,High Risk,2.0,5024.0,2.3333333333333335,HIGH RISK: HR review; retention conversation; career-path and compensation review.,51-9195.05,"Microsoft Excel, Active Listening, Critical Thinking, Monitoring",Microsoft Outlook,80.0,Start: Microsoft Outlook
39,No,Travel_Frequently,505,Research & Development,2,4,Technical Degree,1,343,3,Female,64,3,3,Healthcare Representative,3,Single,10938,6420,0,Y,No,25,4,4,80,0,20,1,3,19,6,11,8,0.052902456,Low Risk,3.3333333333333335,546.9,3.0,LOW RISK: Continue standard career development and engagement tracking.,43-4051.00,"Apple macOS, Monitoring, Writing, Google Docs, Microsoft Outlook, Adobe Creative Cloud software, Speaking, Kronos Workforce Timekeeper, Intuit QuickBooks, Adobe Photoshop, Active Listening, Adobe Illustrator","Critical Thinking, Reading Comprehension, Microsoft Excel, Microsoft Office software, Adobe Acrobat, Facebook",66.67,Start: Critical Thinking
29,No,Travel_Rarely,665,Research & Development,15,3,Life Sciences,1,346,3,Male,60,3,1,Research Scientist,4,Single,2340,22673,1,Y,No,19,3,1,80,0,6,1,3,6,5,1,5,0.12529579,Low Risk,2.6666666666666665,334.2857142857143,3.3333333333333335,LOW RISK: Continue standard career development and engagement tracking.,15-1221.00,"Active Learning, Bash, C++, C, Speaking, Git, Critical Thinking, Apache Kafka, Active Listening, Ansible software, Monitoring, Docker, Writing","Reading Comprehension, Mathematics, Learning Strategies, Science, Amazon Web Services AWS software, Apache Hadoop, Apache Spark, GitHub, Go",59.09,Start: Reading Comprehension
42,No,Travel_Rarely,916,Research & Development,17,2,Life Sciences,1,347,4,Female,82,4,2,Research Scientist,1,Single,6545,23016,3,Y,Yes,13,3,3,80,0,10,1,3,3,2,0,2,0.16845524,Low Risk,2.6666666666666665,1636.25,2.6666666666666665,LOW RISK: Continue standard career development and engagement tracking.,15-1221.00,"Bash, GitHub, Active Learning, Apache Kafka, Monitoring, Go, Writing, Git, Mathematics, Critical Thinking, Reading Comprehension","Active Listening, Speaking, Learning Strategies, Science, Amazon Web Services AWS software, Ansible software, Apache Hadoop, Apache Spark, C, C++, Docker",50.0,Start: Active Listening
29,No,Travel_Rarely,1247,Sales,20,2,Marketing,1,349,4,Male,45,3,2,Sales Executive,4,Divorced,6931,10732,2,Y,No,14,3,4,80,1,10,2,3,3,2,0,2,0.05412503,Low Risk,4.0,1732.75,3.6666666666666665,LOW RISK: Continue standard career development and engagement tracking.,53-3031.00,"Speaking, Reading Comprehension, Microsoft Office software","Active Listening, Critical Thinking, Writing, Microsoft Excel",42.86,Start: Active Listening
25,No,Travel_Rarely,685,Research & Development,1,3,Life Sciences,1,350,1,Female,62,3,2,Manufacturing Director,3,Married,4898,7505,0,Y,No,12,3,4,80,2,5,3,3,4,2,1,2,0.046680357,Low Risk,2.6666666666666665,979.6,2.3333333333333335,LOW RISK: Continue standard career development and engagement tracking.,51-9195.05,"Critical Thinking, Microsoft Outlook, Monitoring","Active Listening, Microsoft Excel",60.0,Start: Active Listening
42,No,Travel_Rarely,269,Research & Development,2,3,Medical,1,351,4,Female,56,2,1,Laboratory Technician,1,Divorced,2593,8007,0,Y,Yes,11,3,3,80,1,10,4,3,9,6,7,8,0.15861118,Low Risk,2.6666666666666665,259.3,2.6666666666666665,LOW RISK: Continue standard career development and engagement tracking.,51-9083.00,"SAP software, Microsoft Excel, Microsoft Outlook, Reading Comprehension, Microsoft Word, Microsoft Office software","Critical Thinking, Monitoring, Microsoft PowerPoint",66.67,Start: Critical Thinking
40,No,Travel_Rarely,1416,Research & Development,2,2,Medical,1,352,1,Male,49,3,5,Research Director,3,Divorced,19436,5949,0,Y,No,19,3,4,80,1,22,5,3,21,7,3,9,0.00657133,Low Risk,2.6666666666666665,883.4545454545455,2.3333333333333335,LOW RISK: Continue standard career development and engagement tracking.,27-2041.00,"Microsoft Outlook, Writing, Monitoring, Active Learning, Speaking, Microsoft PowerPoint, Microsoft Excel","Active Listening, Critical Thinking, Reading Comprehension, Learning Strategies, Microsoft Office software, Microsoft Word",53.85,Start: Active Listening
51,No,Travel_Rarely,833,Research & Development,1,3,Life Sciences,1,353,3,Male,96,3,1,Research Scientist,4,Married,2723,23231,1,Y,No,11,3,2,80,0,1,0,2,1,0,0,0,0.06319521,Low Risk,3.0,1361.5,3.0,LOW RISK: Continue standard career development and engagement tracking.,15-1221.00,"Mathematics, GitHub, Active Listening, Apache Hadoop, Apache Spark, Critical Thinking, Monitoring, Bash, C, Git, Reading Comprehension, Go, C++, Docker","Active Learning, Writing, Speaking, Learning Strategies, Science, Amazon Web Services AWS software, Ansible software, Apache Kafka",63.64,Start: Active Learning
31,Yes,Travel_Frequently,307,Research & Development,29,2,Medical,1,355,3,Male,71,2,1,Laboratory Technician,2,Single,3479,11652,0,Y,No,11,3,2,80,0,6,2,4,5,4,1,4,0.77615035,High Risk,2.3333333333333335,579.8333333333334,3.0,HIGH RISK: HR review; retention conversation; career-path and compensation review.,51-9083.00,"SAP software, Microsoft Word, Critical Thinking, Microsoft Office software, Microsoft PowerPoint, Reading Comprehension, Microsoft Outlook","Monitoring, Microsoft Excel",77.78,Start: Monitoring
32,No,Travel_Frequently,1311,Research & Development,7,3,Life Sciences,1,359,2,Male,100,4,1,Laboratory Technician,2,Married,2794,26062,1,Y,No,20,4,3,80,0,5,3,1,5,1,0,3,0.2749294,Low Risk,2.3333333333333335,465.6666666666667,1.6666666666666667,LOW RISK: Continue standard career development and engagement tracking.,51-9083.00,"Microsoft PowerPoint, SAP software, Reading Comprehension, Microsoft Excel, Microsoft Outlook, Monitoring","Critical Thinking, Microsoft Office software, Microsoft Word",66.67,Start: Critical Thinking
38,No,Non-Travel,1327,Sales,2,2,Life Sciences,1,361,4,Male,39,2,2,Sales Executive,4,Married,5249,19682,3,Y,No,18,3,4,80,1,13,0,3,8,7,7,5,0.012583858,Low Risk,4.0,583.2222222222222,3.6666666666666665,LOW RISK: Continue standard career development and engagement tracking.,53-3031.00,"Critical Thinking, Microsoft Excel, Speaking, Writing, Active Listening","Reading Comprehension, Microsoft Office software",71.43,Start: Reading Comprehension
32,No,Travel_Rarely,128,Research & Development,2,1,Technical Degree,1,362,4,Male,84,2,2,Laboratory Technician,1,Single,2176,19737,4,Y,No,13,3,4,80,0,9,5,3,6,2,0,4,0.12521216,Low Risk,3.0,310.85714285714283,2.6666666666666665,LOW RISK: Continue standard career development and engagement tracking.,51-9083.00,"Microsoft Excel, Microsoft Word, Microsoft Outlook, Microsoft PowerPoint, Microsoft Office software, Monitoring","Reading Comprehension, Critical Thinking, SAP software",66.67,Start: Reading Comprehension
46,No,Travel_Rarely,488,Sales,2,3,Technical Degree,1,363,3,Female,75,1,4,Manager,2,Married,16872,14977,3,Y,Yes,12,3,2,80,1,28,2,2,7,7,7,7,0.23780723,Low Risk,2.3333333333333335,2109.0,2.3333333333333335,LOW RISK: Continue standard career development and engagement tracking.,47-1011.03,"Microsoft PowerPoint, Autodesk AutoCAD Civil 3D, Learning Strategies, Microsoft Project, Oracle Primavera Enterprise Project Portfolio Management, Monitoring, Speaking, Microsoft Office software, Critical Thinking, Microsoft Visio, Active Learning, Microsoft Outlook, Microsoft Excel, Reading Comprehension","Active Listening, Writing, Mathematics, Autodesk AutoCAD, Autodesk Revit, Microsoft Windows, Microsoft Word",66.67,Start: Active Listening
28,Yes,Travel_Rarely,529,Research & Development,2,4,Life Sciences,1,364,1,Male,79,3,1,Laboratory Technician,3,Single,3485,14935,2,Y,No,11,3,3,80,0,5,5,1,0,0,0,0,0.91232693,High Risk,2.3333333333333335,3485.0,1.6666666666666667,HIGH RISK: HR review; retention conversation; career-path and compensation review.,51-9083.00,"Microsoft Outlook, Microsoft Excel, Reading Comprehension, Monitoring, Microsoft PowerPoint","Critical Thinking, Microsoft Office software, Microsoft Word, SAP software",55.56,Start: Critical Thinking
29,No,Travel_Rarely,1210,Sales,2,3,Medical,1,366,1,Male,78,2,2,Sales Executive,2,Married,6644,3687,2,Y,No,19,3,2,80,2,10,2,3,0,0,0,0,0.1571274,Low Risk,1.6666666666666667,6644.0,2.0,LOW RISK: Continue standard career development and engagement tracking.,53-3031.00,"Microsoft Office software, Speaking, Writing","Active Listening, Critical Thinking, Reading Comprehension, Microsoft Excel",42.86,Start: Active Listening
31,No,Travel_Rarely,1463,Research & Development,23,3,Medical,1,367,2,Male,64,2,2,Healthcare Representative,4,Married,5582,14408,0,Y,No,21,4,2,80,1,10,2,3,9,0,7,8,0.028636841,Low Risk,2.6666666666666665,558.2,3.0,LOW RISK: Continue standard career development and engagement tracking.,43-4051.00,"Intuit QuickBooks, Microsoft Outlook, Microsoft Office software, Reading Comprehension, Speaking, Adobe Illustrator, Adobe Photoshop, Apple macOS, Monitoring, Active Listening, Google Docs","Critical Thinking, Writing, Microsoft Excel, Adobe Acrobat, Adobe Creative Cloud software, Facebook, Kronos Workforce Timekeeper",61.11,Start: Critical Thinking
25,No,Non-Travel,675,Research & Development,5,2,Life Sciences,1,369,2,Male,85,4,2,Healthcare Representative,1,Divorced,4000,18384,1,Y,No,12,3,4,80,2,6,2,3,6,3,1,5,0.021658348,Low Risk,2.3333333333333335,571.4285714285714,2.0,LOW RISK: Continue standard career development and engagement tracking.,43-4051.00,"Active Listening, Adobe Photoshop, Microsoft Office software, Speaking, Apple macOS, Adobe Acrobat, Adobe Creative Cloud software, Google Docs, Intuit QuickBooks, Critical Thinking, Monitoring, Microsoft Outlook, Adobe Illustrator, Reading Comprehension, Facebook","Writing, Microsoft Excel, Kronos Workforce Timekeeper",83.33,Start: Writing
45,No,Travel_Rarely,1385,Research & Development,20,2,Medical,1,372,3,Male,79,3,4,Healthcare Representative,4,Married,13496,7501,0,Y,Yes,14,3,2,80,0,21,2,3,20,7,4,10,0.03595967,Low Risk,3.0,642.6666666666666,3.3333333333333335,LOW RISK: Continue standard career development and engagement tracking.,43-4051.00,"Adobe Illustrator, Google Docs, Microsoft Excel, Intuit QuickBooks, Microsoft Outlook, Active Listening, Apple macOS, Kronos Workforce Timekeeper","Speaking, Critical Thinking, Reading Comprehension, Writing, Monitoring, Microsoft Office software, Adobe Acrobat, Adobe Creative Cloud software, Adobe Photoshop, Facebook",44.44,Start: Speaking
36,No,Travel_Rarely,1403,Research & Development,6,3,Life Sciences,1,373,4,Male,47,3,1,Laboratory Technician,4,Married,3210,20251,0,Y,No,11,3,3,80,1,16,4,3,15,13,10,11,0.016885577,Low Risk,3.6666666666666665,200.625,3.6666666666666665,LOW RISK: Continue standard career development and engagement tracking.,51-9083.00,"Monitoring, Critical Thinking, Microsoft Outlook, SAP software, Reading Comprehension","Microsoft Excel, Microsoft Office software, Microsoft PowerPoint, Microsoft Word",55.56,Start: Microsoft Excel
55,No,Travel_Rarely,452,Research & Development,1,3,Medical,1,374,4,Male,81,3,5,Manager,1,Single,19045,18938,0,Y,Yes,14,3,3,80,0,37,2,3,36,10,4,13,0.093262106,Low Risk,2.6666666666666665,514.7297297297297,2.6666666666666665,LOW RISK: Continue standard career development and engagement tracking.,47-1011.03,"Autodesk Revit, Writing, Mathematics, Autodesk AutoCAD, Microsoft Excel, Microsoft PowerPoint, Microsoft Office software, Speaking, Microsoft Windows, Microsoft Word, Monitoring","Reading Comprehension, Active Listening, Critical Thinking, Active Learning, Learning Strategies, Autodesk AutoCAD Civil 3D, Microsoft Outlook, Microsoft Project, Microsoft Visio, Oracle Primavera Enterprise Project Portfolio Management",52.38,Start: Reading Comprehension
47,Yes,Non-Travel,666,Research & Development,29,4,Life Sciences,1,376,1,Male,88,3,3,Manager,2,Married,11849,10268,1,Y,Yes,12,3,4,80,1,10,2,2,10,7,9,9,0.85407984,High Risk,2.3333333333333335,1077.1818181818182,1.6666666666666667,HIGH RISK: HR review; retention conversation; career-path and compensation review.,47-1011.03,"Microsoft Visio, Learning Strategies, Writing, Microsoft Word, Microsoft Project, Mathematics, Autodesk Revit, Active Learning, Active Listening, Oracle Primavera Enterprise Project Portfolio Management, Critical Thinking, Microsoft Excel, Reading Comprehension, Microsoft Office software, Microsoft Windows","Monitoring, Speaking, Autodesk AutoCAD, Autodesk AutoCAD Civil 3D, Microsoft Outlook, Microsoft PowerPoint",71.43,Start: Monitoring
28,No,Travel_Rarely,1158,Research & Development,9,3,Medical,1,377,4,Male,94,3,1,Research Scientist,4,Married,2070,2613,1,Y,No,23,4,4,80,1,5,3,2,5,2,0,4,0.036391277,Low Risk,4.0,345.0,3.3333333333333335,LOW RISK: Continue standard career development and engagement tracking.,15-1221.00,"Apache Hadoop, Active Listening, Reading Comprehension, Apache Kafka, C++, Amazon Web Services AWS software, Ansible software, Learning Strategies, Science, Critical Thinking, GitHub, Apache Spark, Speaking, Docker, Writing, Monitoring, Mathematics, Bash","Active Learning, C, Git, Go",81.82,Start: Active Learning
37,No,Travel_Rarely,228,Sales,6,4,Medical,1,378,3,Male,98,3,2,Sales Executive,4,Married,6502,22825,4,Y,No,14,3,2,80,1,7,5,4,5,4,0,1,0.0574401,Low Risk,3.0,1083.6666666666667,3.6666666666666665,LOW RISK: Continue standard career development and engagement tracking.,53-3031.00,"Microsoft Excel, Active Listening, Writing, Critical Thinking","Speaking, Reading Comprehension, Microsoft Office software",57.14,Start: Speaking
21,No,Travel_Rarely,996,Research & Development,3,2,Medical,1,379,4,Male,100,2,1,Research Scientist,3,Single,3230,10531,1,Y,No,17,3,1,80,0,3,4,4,3,2,1,0,0.4062731,Medium Risk,2.6666666666666665,807.5,3.6666666666666665,MEDIUM RISK: Manager check-in; mentorship; targeted development plan.,15-1221.00,"Science, Mathematics, Go, Apache Spark, Active Learning, Learning Strategies, Monitoring, C, C++, Speaking, Critical Thinking, Ansible software, Git, Docker, Bash, Writing, Reading Comprehension, Active Listening, GitHub","Amazon Web Services AWS software, Apache Hadoop, Apache Kafka",86.36,Start: Amazon Web Services AWS software
37,No,Non-Travel,728,Research & Development,1,4,Medical,1,380,1,Female,80,3,3,Research Director,4,Divorced,13603,11677,2,Y,Yes,18,3,1,80,2,15,2,3,5,2,0,2,0.018720174,Low Risk,2.0,2267.1666666666665,2.6666666666666665,LOW RISK: Continue standard career development and engagement tracking.,27-2041.00,"Active Learning, Microsoft PowerPoint, Learning Strategies, Microsoft Office software, Microsoft Excel, Writing, Microsoft Outlook, Speaking","Active Listening, Critical Thinking, Monitoring, Reading Comprehension, Microsoft Word",61.54,Start: Active Listening
35,No,Travel_Rarely,1315,Research & Development,22,3,Life Sciences,1,381,2,Female,71,4,3,Manager,2,Divorced,11996,19100,7,Y,No,18,3,2,80,1,10,6,2,7,7,6,2,0.03719778,Low Risk,2.0,1499.5,2.0,LOW RISK: Continue standard career development and engagement tracking.,47-1011.03,"Active Learning, Microsoft Project, Autodesk AutoCAD Civil 3D, Oracle Primavera Enterprise Project Portfolio Management, Autodesk Revit, Microsoft Visio, Microsoft Windows, Microsoft Excel, Microsoft Office software, Writing, Microsoft PowerPoint, Autodesk AutoCAD, Learning Strategies","Reading Comprehension, Monitoring, Active Listening, Speaking, Critical Thinking, Mathematics, Microsoft Outlook, Microsoft Word",61.9,Start: Reading Comprehension
38,No,Travel_Rarely,322,Sales,7,2,Medical,1,382,1,Female,44,4,2,Sales Executive,1,Divorced,5605,19191,1,Y,Yes,24,4,3,80,1,8,3,3,8,0,7,7,0.12646568,Low Risk,1.6666666666666667,622.7777777777778,1.6666666666666667,LOW RISK: Continue standard career development and engagement tracking.,53-3031.00,"Speaking, Writing, Microsoft Excel, Reading Comprehension, Critical Thinking","Active Listening, Microsoft Office software",71.43,Start: Active Listening
26,No,Travel_Frequently,1479,Research & Development,1,3,Life Sciences,1,384,3,Female,84,3,2,Manufacturing Director,2,Divorced,6397,26767,1,Y,No,20,4,1,80,1,6,6,1,6,5,1,4,0.07815689,Low Risk,2.0,913.8571428571429,2.0,LOW RISK: Continue standard career development and engagement tracking.,51-9195.05,"Active Listening, Microsoft Excel, Monitoring","Critical Thinking, Microsoft Outlook",60.0,Start: Critical Thinking
50,No,Travel_Rarely,797,Research & Development,4,1,Life Sciences,1,385,1,Male,96,3,5,Research Director,2,Divorced,19144,15815,3,Y,No,14,3,1,80,2,28,4,2,10,4,1,6,0.04605891,Low Risk,1.3333333333333333,1740.3636363636363,1.6666666666666667,LOW RISK: Continue standard career development and engagement tracking.,27-2041.00,"Speaking, Microsoft Outlook, Microsoft Excel, Reading Comprehension, Monitoring, Active Learning, Writing, Microsoft Word, Microsoft Office software, Critical Thinking","Active Listening, Learning Strategies, Microsoft PowerPoint",76.92,Start: Active Listening
53,No,Travel_Rarely,1070,Research & Development,3,4,Medical,1,386,3,Male,45,3,4,Research Director,3,Married,17584,21016,3,Y,Yes,16,3,4,80,3,21,5,2,5,3,1,3,0.0374252,Low Risk,3.3333333333333335,2930.6666666666665,2.6666666666666665,LOW RISK: Continue standard career development and engagement tracking.,27-2041.00,"Microsoft Word, Microsoft Outlook, Microsoft Excel, Reading Comprehension, Microsoft Office software, Active Learning","Active Listening, Critical Thinking, Speaking, Monitoring, Writing, Learning Strategies, Microsoft PowerPoint",46.15,Start: Active Listening
42,No,Travel_Rarely,635,Sales,1,1,Life Sciences,1,387,2,Male,99,3,2,Sales Executive,3,Married,4907,24532,1,Y,No,25,4,3,80,0,20,3,3,20,16,11,6,0.04837584,Low Risk,2.6666666666666665,233.66666666666666,2.6666666666666665,LOW RISK: Continue standard career development and engagement tracking.,53-3031.00,"Critical Thinking, Writing, Microsoft Excel, Speaking","Active Listening, Reading Comprehension, Microsoft Office software",57.14,Start: Active Listening
29,No,Travel_Frequently,442,Sales,2,2,Life Sciences,1,388,2,Male,44,3,2,Sales Executive,4,Single,4554,20260,1,Y,No,18,3,1,80,0,10,3,2,10,7,0,9,0.20203283,Low Risk,2.3333333333333335,414.0,2.6666666666666665,LOW RISK: Continue standard career development and engagement tracking.,53-3031.00,"Microsoft Office software, Critical Thinking, Speaking, Microsoft Excel, Reading Comprehension","Active Listening, Writing",71.43,Start: Active Listening
55,No,Travel_Rarely,147,Research & Development,20,2,Technical Degree,1,389,2,Male,37,3,2,Laboratory Technician,4,Married,5415,15972,3,Y,Yes,19,3,4,80,1,12,4,3,10,7,0,8,0.09801685,Low Risk,3.3333333333333335,492.27272727272725,3.0,LOW RISK: Continue standard career development and engagement tracking.,51-9083.00,"Monitoring, Microsoft Word, Microsoft Outlook, Critical Thinking, SAP software, Microsoft Excel, Reading Comprehension","Microsoft Office software, Microsoft PowerPoint",77.78,Start: Microsoft Office software
26,No,Travel_Frequently,496,Research & Development,11,2,Medical,1,390,1,Male,60,3,2,Healthcare Representative,1,Married,4741,22722,1,Y,Yes,13,3,3,80,1,5,3,3,5,3,3,3,0.37683964,Low Risk,1.6666666666666667,790.1666666666666,1.6666666666666667,LOW RISK: Continue standard career development and engagement tracking.,43-4051.00,"Adobe Photoshop, Monitoring, Adobe Illustrator, Microsoft Office software, Microsoft Outlook, Google Docs, Critical Thinking, Speaking, Writing, Apple macOS, Reading Comprehension","Active Listening, Microsoft Excel, Adobe Acrobat, Adobe Creative Cloud software, Facebook, Intuit QuickBooks, Kronos Workforce Timekeeper",61.11,Start: Active Listening
37,No,Travel_Rarely,1372,Research & Development,1,3,Life Sciences,1,391,4,Female,42,3,1,Research Scientist,4,Single,2115,15881,1,Y,No,12,3,2,80,0,17,3,3,17,12,5,7,0.008700282,Low Risk,3.3333333333333335,117.5,3.6666666666666665,LOW RISK: Continue standard career development and engagement tracking.,15-1221.00,"Apache Hadoop, Git, C, Speaking, Critical Thinking, C++, Learning Strategies, Amazon Web Services AWS software, Science, Writing, Active Listening, Monitoring, Go, Docker, Bash, Ansible software, Active Learning, Apache Kafka","Reading Comprehension, Mathematics, Apache Spark, GitHub",81.82,Start: Reading Comprehension
44,Yes,Travel_Frequently,920,Research & Development,24,3,Life Sciences,1,392,4,Male,43,3,1,Laboratory Technician,3,Divorced,3161,19920,3,Y,Yes,22,4,4,80,1,19,0,1,1,0,0,0,0.9344877,High Risk,3.6666666666666665,1580.5,2.6666666666666665,HIGH RISK: HR review; retention conversation; career-path and compensation review.,51-9083.00,"Microsoft Office software, Monitoring, Microsoft PowerPoint, Microsoft Excel, Critical Thinking","Reading Comprehension, Microsoft Outlook, Microsoft Word, SAP software",55.56,Start: Reading Comprehension
38,No,Travel_Rarely,688,Research & Development,23,4,Life Sciences,1,393,4,Male,82,3,2,Healthcare Representative,4,Divorced,5745,18899,9,Y,No,14,3,2,80,1,10,2,3,2,2,1,2,0.06759096,Low Risk,3.3333333333333335,1915.0,3.6666666666666665,LOW RISK: Continue standard career development and engagement tracking.,43-4051.00,"Adobe Illustrator, Intuit QuickBooks, Speaking, Adobe Creative Cloud software, Active Listening, Monitoring, Critical Thinking, Microsoft Office software, Facebook, Adobe Acrobat, Adobe Photoshop, Apple macOS, Google Docs, Microsoft Outlook, Kronos Workforce Timekeeper","Reading Comprehension, Writing, Microsoft Excel",83.33,Start: Reading Comprehension
26,Yes,Travel_Rarely,1449,Research & Development,16,4,Medical,1,394,1,Male,45,3,1,Laboratory Technician,2,Divorced,2373,14180,2,Y,Yes,13,3,4,80,1,5,2,3,3,2,0,2,0.905562,High Risk,2.3333333333333335,593.25,2.0,HIGH RISK: HR review; retention conversation; career-path and compensation review.,51-9083.00,"Microsoft Office software, Monitoring, Critical Thinking, Microsoft Word, SAP software, Microsoft PowerPoint","Reading Comprehension, Microsoft Excel, Microsoft Outlook",66.67,Start: Reading Comprehension
28,No,Travel_Rarely,1117,Research & Development,8,2,Life Sciences,1,395,4,Female,66,3,1,Research Scientist,4,Single,3310,4488,1,Y,No,21,4,4,80,0,5,3,3,5,3,0,2,0.029043779,Low Risk,4.0,551.6666666666666,3.6666666666666665,LOW RISK: Continue standard career development and engagement tracking.,15-1221.00,"Active Learning, Learning Strategies, Reading Comprehension, Amazon Web Services AWS software, Science, Writing, Critical Thinking, Docker, GitHub, Bash, Apache Hadoop, Mathematics","Active Listening, Speaking, Monitoring, Ansible software, Apache Kafka, Apache Spark, C, C++, Git, Go",54.55,Start: Active Listening
49,No,Travel_Frequently,636,Research & Development,10,4,Life Sciences,1,396,3,Female,35,3,5,Research Director,1,Single,18665,25594,9,Y,Yes,11,3,4,80,0,22,4,3,3,2,1,2,0.14403825,Low Risk,2.6666666666666665,4666.25,2.3333333333333335,LOW RISK: Continue standard career development and engagement tracking.,27-2041.00,"Speaking, Writing, Critical Thinking, Microsoft PowerPoint, Monitoring, Microsoft Office software, Learning Strategies","Active Listening, Reading Comprehension, Active Learning, Microsoft Excel, Microsoft Outlook, Microsoft Word",53.85,Start: Active Listening
36,No,Travel_Rarely,506,Research & Development,3,3,Technical Degree,1,397,3,Male,30,3,2,Research Scientist,2,Single,4485,26285,4,Y,No,12,3,4,80,0,10,2,3,8,0,7,7,0.10605048,Low Risk,3.0,498.3333333333333,2.6666666666666665,LOW RISK: Continue standard career development and engagement tracking.,15-1221.00,"Bash, Ansible software, Mathematics, Git, Active Listening, Critical Thinking, Apache Spark, Apache Kafka, C, Reading Comprehension, Monitoring, Science, Speaking, Active Learning, Apache Hadoop","Writing, Learning Strategies, Amazon Web Services AWS software, C++, Docker, GitHub, Go",68.18,Start: Writing
31,No,Travel_Frequently,444,Sales,5,3,Marketing,1,399,4,Female,84,3,1,Sales Representative,2,Divorced,2789,3909,1,Y,No,11,3,3,80,1,2,5,2,2,2,2,2,0.51056224,Medium Risk,3.0,929.6666666666666,2.6666666666666665,MEDIUM RISK: Manager check-in; mentorship; targeted development plan.,41-4012.00,"Microsoft Outlook, Autodesk AutoCAD, Critical Thinking, Adobe Acrobat, Active Listening, Salesforce software, Adobe InDesign, Adobe Creative Cloud software, Microsoft Excel, Active Learning","Speaking, Reading Comprehension, Writing, Monitoring, Microsoft Office software, Microsoft PowerPoint, Adobe Illustrator, Adobe Photoshop, Apple macOS",52.63,Start: Speaking
26,Yes,Travel_Rarely,950,Sales,4,4,Marketing,1,401,4,Male,48,2,2,Sales Executive,4,Single,5828,8450,1,Y,Yes,12,3,2,80,0,8,0,3,8,7,7,4,0.45594665,Medium Risk,3.3333333333333335,647.5555555555555,3.6666666666666665,MEDIUM RISK: Manager check-in; mentorship; targeted development plan.,53-3031.00,"Writing, Critical Thinking, Reading Comprehension, Microsoft Office software, Microsoft Excel","Active Listening, Speaking",71.43,Start: Active Listening
37,No,Travel_Frequently,889,Research & Development,9,3,Medical,1,403,2,Male,53,3,1,Research Scientist,4,Married,2326,11411,1,Y,Yes,12,3,3,80,3,4,3,2,4,2,1,2,0.33732373,Low Risk,3.0,465.2,2.6666666666666665,LOW RISK: Continue standard career development and engagement tracking.,15-1221.00,"Reading Comprehension, Apache Kafka, Speaking, Bash, GitHub, C, Active Learning, Amazon Web Services AWS software, Ansible software, Go, C++, Apache Hadoop, Monitoring","Mathematics, Critical Thinking, Active Listening, Writing, Learning Strategies, Science, Apache Spark, Docker, Git",59.09,Start: Mathematics
42,No,Travel_Frequently,555,Sales,26,3,Marketing,1,404,3,Female,77,3,4,Sales Executive,2,Married,13525,14864,5,Y,No,14,3,4,80,1,23,2,4,20,4,4,8,0.10671148,Low Risk,3.0,644.047619047619,3.0,LOW RISK: Continue standard career development and engagement tracking.,53-3031.00,"Active Listening, Reading Comprehension, Microsoft Office software, Speaking, Writing","Critical Thinking, Microsoft Excel",71.43,Start: Critical Thinking
18,Yes,Travel_Rarely,230,Research & Development,3,3,Life Sciences,1,405,3,Male,54,3,1,Laboratory Technician,3,Single,1420,25233,1,Y,No,13,3,3,80,0,0,2,3,0,0,0,0,0.94279253,High Risk,3.0,1420.0,3.0,HIGH RISK: HR review; retention conversation; career-path and compensation review.,51-9083.00,"Reading Comprehension, Microsoft Word, SAP software, Microsoft Outlook, Microsoft PowerPoint, Critical Thinking","Monitoring, Microsoft Excel, Microsoft Office software",66.67,Start: Monitoring
35,No,Travel_Rarely,1232,Sales,16,3,Marketing,1,406,3,Male,96,3,3,Sales Executive,2,Married,8020,5100,0,Y,No,15,3,3,80,2,12,3,2,11,9,6,9,0.0591675,Low Risk,2.6666666666666665,668.3333333333334,2.3333333333333335,LOW RISK: Continue standard career development and engagement tracking.,53-3031.00,"Writing, Microsoft Excel, Critical Thinking, Reading Comprehension","Active Listening, Speaking, Microsoft Office software",57.14,Start: Active Listening
36,No,Travel_Frequently,566,Research & Development,18,4,Life Sciences,1,407,3,Male,81,4,1,Laboratory Technician,4,Married,3688,7122,4,Y,No,18,3,4,80,2,4,2,3,1,0,0,0,0.15055603,Low Risk,3.6666666666666665,1844.0,3.3333333333333335,LOW RISK: Continue standard career development and engagement tracking.,51-9083.00,"Microsoft PowerPoint, Critical Thinking, Reading Comprehension, Monitoring, Microsoft Office software, Microsoft Word, SAP software, Microsoft Excel",Microsoft Outlook,88.89,Start: Microsoft Outlook
51,No,Travel_Rarely,1302,Research & Development,2,3,Medical,1,408,4,Male,84,1,2,Manufacturing Director,2,Divorced,5482,16321,5,Y,No,18,3,4,80,1,13,3,3,4,1,1,2,0.062828094,Low Risk,3.3333333333333335,1096.4,3.0,LOW RISK: Continue standard career development and engagement tracking.,51-9195.05,"Active Listening, Monitoring","Critical Thinking, Microsoft Excel, Microsoft Outlook",40.0,Start: Critical Thinking
41,No,Travel_Rarely,334,Sales,2,4,Life Sciences,1,410,4,Male,88,3,4,Manager,2,Single,16015,15896,1,Y,No,19,3,2,80,0,22,2,3,22,10,0,4,0.029980723,Low Risk,2.6666666666666665,696.304347826087,3.0,LOW RISK: Continue standard career development and engagement tracking.,47-1011.03,"Autodesk AutoCAD, Learning Strategies, Microsoft Word, Microsoft Project, Critical Thinking, Microsoft Windows, Microsoft Outlook, Microsoft Excel, Oracle Primavera Enterprise Project Portfolio Management, Speaking","Reading Comprehension, Monitoring, Active Listening, Writing, Active Learning, Mathematics, Autodesk AutoCAD Civil 3D, Autodesk Revit, Microsoft Office software, Microsoft PowerPoint, Microsoft Visio",47.62,Start: Reading Comprehension
18,No,Travel_Rarely,812,Sales,10,3,Medical,1,411,4,Female,69,2,1,Sales Representative,3,Single,1200,9724,1,Y,No,12,3,1,80,0,0,2,3,0,0,0,0,0.93192434,High Risk,2.6666666666666665,1200.0,3.3333333333333335,HIGH RISK: HR review; retention conversation; career-path and compensation review.,41-4012.00,"Microsoft Excel, Reading Comprehension, Critical Thinking, Writing, Apple macOS, Monitoring, Active Learning, Autodesk AutoCAD, Adobe Creative Cloud software, Adobe Photoshop, Adobe Acrobat, Active Listening, Speaking","Microsoft Office software, Microsoft Outlook, Microsoft PowerPoint, Salesforce software, Adobe Illustrator, Adobe InDesign",68.42,Start: Microsoft Office software
28,No,Travel_Rarely,1476,Research & Development,16,2,Medical,1,412,2,Male,68,4,2,Healthcare Representative,1,Single,5661,4824,0,Y,No,19,3,3,80,0,9,2,3,8,3,0,7,0.09963042,Low Risk,2.0,629.0,2.0,LOW RISK: Continue standard career development and engagement tracking.,43-4051.00,"Microsoft Excel, Facebook, Monitoring, Adobe Illustrator, Intuit QuickBooks, Writing, Critical Thinking, Microsoft Office software, Speaking, Adobe Creative Cloud software, Active Listening, Adobe Acrobat, Adobe Photoshop, Kronos Workforce Timekeeper","Reading Comprehension, Microsoft Outlook, Apple macOS, Google Docs",77.78,Start: Reading Comprehension
31,No,Travel_Rarely,218,Sales,7,3,Technical Degree,1,416,2,Male,100,4,2,Sales Executive,4,Married,6929,12241,4,Y,No,11,3,2,80,1,10,3,2,8,7,7,7,0.17973348,Low Risk,2.6666666666666665,769.8888888888889,2.6666666666666665,LOW RISK: Continue standard career development and engagement tracking.,53-3031.00,"Reading Comprehension, Speaking, Critical Thinking, Microsoft Excel","Active Listening, Writing, Microsoft Office software",57.14,Start: Active Listening
39,No,Travel_Rarely,1132,Research & Development,1,3,Medical,1,417,3,Male,48,4,3,Healthcare Representative,4,Divorced,9613,10942,0,Y,No,17,3,1,80,3,19,5,2,18,10,3,7,0.013331462,Low Risk,2.6666666666666665,505.94736842105266,3.0,LOW RISK: Continue standard career development and engagement tracking.,43-4051.00,"Apple macOS, Active Listening, Google Docs, Microsoft Outlook, Monitoring, Kronos Workforce Timekeeper, Adobe Illustrator, Writing, Microsoft Office software","Speaking, Critical Thinking, Reading Comprehension, Microsoft Excel, Adobe Acrobat, Adobe Creative Cloud software, Adobe Photoshop, Facebook, Intuit QuickBooks",50.0,Start: Speaking
36,No,Non-Travel,1105,Research & Development,24,4,Life Sciences,1,419,2,Female,47,3,2,Laboratory Technician,2,Married,5674,6927,7,Y,No,15,3,3,80,1,11,3,3,9,8,0,8,0.048280794,Low Risk,2.3333333333333335,567.4,2.3333333333333335,LOW RISK: Continue standard career development and engagement tracking.,51-9083.00,"Reading Comprehension, Microsoft Excel, Monitoring, SAP software, Microsoft PowerPoint, Microsoft Office software","Critical Thinking, Microsoft Outlook, Microsoft Word",66.67,Start: Critical Thinking
32,No,Travel_Rarely,906,Sales,7,3,Life Sciences,1,420,4,Male,91,2,2,Sales Executive,3,Married,5484,16985,1,Y,No,14,3,3,80,1,13,3,2,13,8,4,8,0.06372248,Low Risk,3.3333333333333335,391.7142857142857,3.0,LOW RISK: Continue standard career development and engagement tracking.,53-3031.00,"Microsoft Office software, Microsoft Excel, Critical Thinking","Active Listening, Speaking, Reading Comprehension, Writing",42.86,Start: Active Listening
38,No,Travel_Rarely,849,Research & Development,25,2,Life Sciences,1,421,1,Female,81,2,3,Research Director,2,Married,12061,26707,3,Y,No,17,3,3,80,1,19,2,3,10,8,0,1,0.056498803,Low Risk,2.0,1096.4545454545455,2.0,LOW RISK: Continue standard career development and engagement tracking.,27-2041.00,"Microsoft Office software, Microsoft Outlook, Active Learning, Microsoft PowerPoint, Active Listening, Critical Thinking, Learning Strategies, Writing, Speaking","Monitoring, Reading Comprehension, Microsoft Excel, Microsoft Word",69.23,Start: Monitoring
58,No,Non-Travel,390,Research & Development,1,4,Life Sciences,1,422,4,Male,32,1,2,Healthcare Representative,3,Divorced,5660,17056,2,Y,Yes,13,3,4,80,1,12,2,3,5,3,1,2,0.036433022,Low Risk,3.6666666666666665,943.3333333333334,3.3333333333333335,LOW RISK: Continue standard career development and engagement tracking.,43-4051.00,"Kronos Workforce Timekeeper, Intuit QuickBooks, Speaking, Writing, Active Listening, Facebook, Critical Thinking, Reading Comprehension, Adobe Photoshop, Microsoft Excel","Monitoring, Microsoft Office software, Microsoft Outlook, Adobe Acrobat, Adobe Creative Cloud software, Adobe Illustrator, Apple macOS, Google Docs",55.56,Start: Monitoring
31,No,Travel_Rarely,691,Research & Development,5,4,Technical Degree,1,423,3,Male,86,3,1,Research Scientist,4,Married,4821,10077,0,Y,Yes,12,3,3,80,1,6,4,3,5,2,0,3,0.039577913,Low Risk,3.3333333333333335,803.5,3.3333333333333335,LOW RISK: Continue standard career development and engagement tracking.,15-1221.00,"Reading Comprehension, Bash, Apache Spark, Docker, GitHub, Active Learning, Speaking, C, Monitoring, Git, Mathematics, Science, Ansible software, Apache Hadoop, C++, Writing, Amazon Web Services AWS software, Learning Strategies","Critical Thinking, Active Listening, Apache Kafka, Go",81.82,Start: Critical Thinking
31,No,Travel_Rarely,106,Human Resources,2,3,Human Resources,1,424,1,Male,62,2,2,Human Resources,1,Married,6410,17822,3,Y,No,12,3,4,80,0,9,1,3,2,2,1,0,0.60424644,Medium Risk,2.0,2136.6666666666665,1.6666666666666667,MEDIUM RISK: Manager check-in; mentorship; targeted development plan.,43-4161.00,"Speaking, Reading Comprehension, Google Docs, Microsoft Word, Oracle PeopleSoft, Microsoft Outlook, Microsoft Access, Monitoring, Critical Thinking, Microsoft Visio, Oracle HRIS, Microsoft Excel, Applicant tracking software","Active Listening, Writing, Active Learning, Microsoft Office software, Microsoft PowerPoint, Microsoft SharePoint",68.42,Start: Active Listening
45,No,Travel_Frequently,1249,Research & Development,7,3,Life Sciences,1,425,1,Male,97,3,3,Laboratory Technician,1,Divorced,5210,20308,1,Y,No,18,3,1,80,1,24,2,3,24,9,9,11,0.085408755,Low Risk,1.0,208.4,1.6666666666666667,LOW RISK: Continue standard career development and engagement tracking.,51-9083.00,"Microsoft Office software, Microsoft Excel, Microsoft Word, Critical Thinking, Microsoft Outlook, Microsoft PowerPoint, Reading Comprehension","Monitoring, SAP software",77.78,Start: Monitoring
31,No,Travel_Rarely,192,Research & Development,2,4,Life Sciences,1,426,3,Male,32,3,1,Research Scientist,4,Divorced,2695,7747,0,Y,Yes,18,3,2,80,1,3,2,1,2,2,2,2,0.04924324,Low Risk,3.0,898.3333333333334,2.6666666666666665,LOW RISK: Continue standard career development and engagement tracking.,15-1221.00,"Active Listening, C++, GitHub, Critical Thinking, Go, Speaking, Git, Ansible software, Learning Strategies, Bash, Mathematics, Apache Spark, Amazon Web Services AWS software, C, Apache Kafka, Docker","Active Learning, Reading Comprehension, Writing, Monitoring, Science, Apache Hadoop",72.73,Start: Active Learning
33,No,Travel_Frequently,553,Research & Development,5,4,Life Sciences,1,428,4,Female,74,3,3,Manager,2,Married,11878,23364,6,Y,No,11,3,2,80,2,12,2,3,10,6,8,8,0.17335884,Low Risk,2.6666666666666665,1079.8181818181818,3.0,LOW RISK: Continue standard career development and engagement tracking.,47-1011.03,"Autodesk AutoCAD Civil 3D, Speaking, Oracle Primavera Enterprise Project Portfolio Management, Active Listening, Writing, Active Learning, Learning Strategies, Mathematics, Reading Comprehension, Microsoft PowerPoint, Autodesk AutoCAD","Monitoring, Critical Thinking, Autodesk Revit, Microsoft Excel, Microsoft Office software, Microsoft Outlook, Microsoft Project, Microsoft Visio, Microsoft Windows, Microsoft Word",52.38,Start: Monitoring
39,No,Travel_Rarely,117,Research & Development,10,1,Medical,1,429,3,Male,99,3,4,Manager,1,Married,17068,5355,1,Y,Yes,14,3,4,80,0,21,3,3,21,9,11,10,0.086899385,Low Risk,2.6666666666666665,775.8181818181819,2.3333333333333335,LOW RISK: Continue standard career development and engagement tracking.,47-1011.03,"Autodesk Revit, Reading Comprehension, Monitoring, Active Listening, Microsoft Project, Microsoft Windows, Autodesk AutoCAD Civil 3D, Microsoft Outlook, Active Learning, Oracle Primavera Enterprise Project Portfolio Management, Critical Thinking, Microsoft PowerPoint, Speaking, Microsoft Office software","Writing, Mathematics, Learning Strategies, Autodesk AutoCAD, Microsoft Excel, Microsoft Visio, Microsoft Word",66.67,Start: Writing
43,No,Travel_Frequently,185,Research & Development,10,4,Life Sciences,1,430,3,Female,33,3,1,Laboratory Technician,4,Single,2455,10675,0,Y,No,19,3,1,80,0,9,5,3,8,7,1,7,0.0781661,Low Risk,2.6666666666666665,272.77777777777777,3.3333333333333335,LOW RISK: Continue standard career development and engagement tracking.,51-9083.00,"Microsoft Excel, Microsoft Outlook, Microsoft Word, Monitoring, Critical Thinking","Reading Comprehension, Microsoft Office software, Microsoft PowerPoint, SAP software",55.56,Start: Reading Comprehension
49,No,Travel_Rarely,1091,Research & Development,1,2,Technical Degree,1,431,3,Female,90,2,4,Healthcare Representative,3,Single,13964,17810,7,Y,Yes,12,3,4,80,0,25,2,3,7,1,0,7,0.13822098,Low Risk,3.3333333333333335,1745.5,3.0,LOW RISK: Continue standard career development and engagement tracking.,43-4051.00,"Adobe Illustrator, Intuit QuickBooks, Adobe Photoshop, Speaking, Facebook, Microsoft Excel, Microsoft Office software, Microsoft Outlook, Critical Thinking, Adobe Creative Cloud software, Adobe Acrobat, Google Docs","Active Listening, Reading Comprehension, Writing, Monitoring, Apple macOS, Kronos Workforce Timekeeper",66.67,Start: Active Listening
52,Yes,Travel_Rarely,723,Research & Development,8,4,Medical,1,433,3,Male,85,2,2,Research Scientist,2,Married,4941,17747,2,Y,No,15,3,1,80,0,11,3,2,8,2,7,7,0.7480147,High Risk,2.0,549.0,2.3333333333333335,HIGH RISK: HR review; retention conversation; career-path and compensation review.,15-1221.00,"Docker, C, Amazon Web Services AWS software, Monitoring, Mathematics, Go, Apache Hadoop, Bash, C++, Reading Comprehension, Learning Strategies, Apache Kafka, Writing, Ansible software, Active Learning","Critical Thinking, Active Listening, Speaking, Science, Apache Spark, Git, GitHub",68.18,Start: Critical Thinking
27,No,Travel_Rarely,1220,Research & Development,5,3,Life Sciences,1,434,3,Female,85,3,1,Research Scientist,2,Single,2478,20938,1,Y,Yes,12,3,2,80,0,4,2,2,4,3,1,2,0.60317385,Medium Risk,2.3333333333333335,495.6,2.3333333333333335,MEDIUM RISK: Manager check-in; mentorship; targeted development plan.,15-1221.00,"Critical Thinking, Writing, Apache Hadoop, Learning Strategies, Reading Comprehension, Amazon Web Services AWS software, Ansible software, Speaking, Go, Active Learning, Docker, Mathematics","Active Listening, Monitoring, Science, Apache Kafka, Apache Spark, Bash, C, C++, Git, GitHub",54.55,Start: Active Listening
32,No,Travel_Rarely,588,Sales,8,2,Technical Degree,1,436,3,Female,65,2,2,Sales Executive,2,Married,5228,24624,1,Y,Yes,11,3,4,80,0,13,2,3,13,12,11,9,0.37635255,Low Risk,3.0,373.42857142857144,2.6666666666666665,LOW RISK: Continue standard career development and engagement tracking.,53-3031.00,"Microsoft Office software, Active Listening, Speaking, Reading Comprehension, Writing","Critical Thinking, Microsoft Excel",71.43,Start: Critical Thinking
27,No,Travel_Rarely,1377,Sales,2,3,Life Sciences,1,437,4,Male,74,3,2,Sales Executive,3,Single,4478,5242,1,Y,Yes,11,3,1,80,0,5,3,3,5,4,0,4,0.49560416,Medium Risk,2.6666666666666665,746.3333333333334,3.3333333333333335,MEDIUM RISK: Manager check-in; mentorship; targeted development plan.,53-3031.00,"Microsoft Excel, Microsoft Office software, Reading Comprehension, Speaking","Active Listening, Critical Thinking, Writing",57.14,Start: Active Listening
31,No,Travel_Rarely,691,Sales,7,3,Marketing,1,438,4,Male,73,3,2,Sales Executive,4,Divorced,7547,7143,4,Y,No,12,3,4,80,3,13,3,3,7,7,1,7,0.06747036,Low Risk,4.0,943.375,3.6666666666666665,LOW RISK: Continue standard career development and engagement tracking.,53-3031.00,"Microsoft Excel, Writing, Speaking, Microsoft Office software","Active Listening, Critical Thinking, Reading Comprehension",57.14,Start: Active Listening
32,No,Travel_Rarely,1018,Research & Development,2,4,Medical,1,439,1,Female,74,4,2,Research Scientist,4,Single,5055,10557,7,Y,No,16,3,3,80,0,10,0,2,7,7,0,7,0.12141555,Low Risk,2.6666666666666665,631.875,2.3333333333333335,LOW RISK: Continue standard career development and engagement tracking.,15-1221.00,"Docker, Speaking, Ansible software, Apache Spark, Bash, Critical Thinking, C, Writing, Learning Strategies, Active Learning, Active Listening, Git, Mathematics","Reading Comprehension, Monitoring, Science, Amazon Web Services AWS software, Apache Hadoop, Apache Kafka, C++, GitHub, Go",59.09,Start: Reading Comprehension
28,Yes,Travel_Rarely,1157,Research & Development,2,4,Medical,1,440,1,Male,84,1,1,Research Scientist,4,Married,3464,24737,5,Y,Yes,13,3,4,80,0,5,4,2,3,2,2,2,0.9229523,High Risk,3.0,866.0,2.3333333333333335,HIGH RISK: HR review; retention conversation; career-path and compensation review.,15-1221.00,"Amazon Web Services AWS software, Learning Strategies, Apache Kafka, Bash, Writing, Mathematics, Apache Hadoop, Docker, Speaking, Active Listening, C++, Critical Thinking, Apache Spark, GitHub","Active Learning, Reading Comprehension, Monitoring, Science, Ansible software, C, Git, Go",63.64,Start: Active Learning
30,No,Travel_Rarely,1275,Research & Development,28,2,Medical,1,441,4,Female,64,3,2,Research Scientist,4,Married,5775,11934,1,Y,No,13,3,4,80,2,11,2,3,10,8,1,9,0.00927128,Low Risk,4.0,525.0,3.6666666666666665,LOW RISK: Continue standard career development and engagement tracking.,15-1221.00,"Mathematics, Apache Spark, Learning Strategies, Critical Thinking, Monitoring, C, Git, Amazon Web Services AWS software, Go, Active Listening, Writing","Active Learning, Reading Comprehension, Speaking, Science, Ansible software, Apache Hadoop, Apache Kafka, Bash, C++, Docker, GitHub",50.0,Start: Active Learning
31,No,Travel_Frequently,798,Research & Development,7,2,Life Sciences,1,442,3,Female,48,2,3,Manufacturing Director,3,Married,8943,14034,1,Y,No,24,4,1,80,1,10,2,3,10,9,8,9,0.2023863,Low Risk,2.3333333333333335,813.0,3.0,LOW RISK: Continue standard career development and engagement tracking.,51-9195.05,"Monitoring, Critical Thinking, Active Listening","Microsoft Excel, Microsoft Outlook",60.0,Start: Microsoft Excel
39,No,Travel_Frequently,672,Research & Development,7,2,Medical,1,444,3,Male,54,2,5,Manager,4,Married,19272,21141,1,Y,No,15,3,1,80,1,21,2,3,21,9,13,3,0.04579302,Low Risk,2.6666666666666665,876.0,3.3333333333333335,LOW RISK: Continue standard career development and engagement tracking.,47-1011.03,"Speaking, Microsoft Outlook, Microsoft Project, Critical Thinking, Microsoft Word, Autodesk AutoCAD Civil 3D, Reading Comprehension, Autodesk AutoCAD, Autodesk Revit, Monitoring, Microsoft Visio, Microsoft Windows, Microsoft Office software, Oracle Primavera Enterprise Project Portfolio Management, Writing, Mathematics","Active Listening, Active Learning, Learning Strategies, Microsoft Excel, Microsoft PowerPoint",76.19,Start: Active Listening
39,Yes,Travel_Rarely,1162,Sales,3,2,Medical,1,445,4,Female,41,3,2,Sales Executive,3,Married,5238,17778,4,Y,Yes,18,3,1,80,0,12,3,2,1,0,0,0,0.77959836,High Risk,2.6666666666666665,2619.0,3.0,HIGH RISK: HR review; retention conversation; career-path and compensation review.,53-3031.00,"Microsoft Excel, Reading Comprehension, Speaking, Active Listening, Critical Thinking, Microsoft Office software",Writing,85.71,Start: Writing
33,No,Travel_Frequently,508,Sales,10,3,Marketing,1,446,2,Male,46,2,2,Sales Executive,4,Single,4682,4317,3,Y,No,14,3,3,80,0,9,6,2,7,7,0,1,0.19678392,Low Risk,3.0,585.25,2.6666666666666665,LOW RISK: Continue standard career development and engagement tracking.,53-3031.00,"Speaking, Critical Thinking, Active Listening","Reading Comprehension, Writing, Microsoft Excel, Microsoft Office software",42.86,Start: Reading Comprehension
47,No,Travel_Rarely,1482,Research & Development,5,5,Life Sciences,1,447,4,Male,42,3,5,Research Director,3,Married,18300,16375,4,Y,No,11,3,2,80,1,21,2,3,3,2,1,1,0.01079416,Low Risk,3.0,4575.0,3.3333333333333335,LOW RISK: Continue standard career development and engagement tracking.,27-2041.00,"Speaking, Active Listening, Critical Thinking, Microsoft Excel, Learning Strategies, Microsoft Word, Microsoft Outlook","Monitoring, Reading Comprehension, Writing, Active Learning, Microsoft Office software, Microsoft PowerPoint",53.85,Start: Monitoring
43,No,Travel_Frequently,559,Research & Development,10,4,Life Sciences,1,448,3,Female,82,2,2,Laboratory Technician,3,Divorced,5257,6227,1,Y,No,11,3,2,80,1,9,3,4,9,7,0,0,0.26806414,Low Risk,2.6666666666666665,525.7,3.3333333333333335,LOW RISK: Continue standard career development and engagement tracking.,51-9083.00,"Microsoft PowerPoint, Critical Thinking, Microsoft Excel, Microsoft Outlook, Reading Comprehension","Monitoring, Microsoft Office software, Microsoft Word, SAP software",55.56,Start: Monitoring
27,No,Non-Travel,210,Sales,1,1,Marketing,1,449,3,Male,73,3,2,Sales Executive,2,Married,6349,22107,0,Y,Yes,13,3,4,80,1,6,0,3,5,4,1,4,0.045938876,Low Risk,3.0,1058.1666666666667,2.6666666666666665,LOW RISK: Continue standard career development and engagement tracking.,53-3031.00,"Critical Thinking, Microsoft Excel, Active Listening, Microsoft Office software, Reading Comprehension","Speaking, Writing",71.43,Start: Speaking
54,No,Travel_Frequently,928,Research & Development,20,4,Life Sciences,1,450,4,Female,31,3,2,Research Scientist,3,Single,4869,16885,3,Y,No,12,3,4,80,0,20,4,2,4,3,0,3,0.07441044,Low Risk,3.6666666666666665,973.8,3.0,LOW RISK: Continue standard career development and engagement tracking.,15-1221.00,"Critical Thinking, Reading Comprehension, Bash, Ansible software, Go, Docker, Learning Strategies, Writing, Apache Spark, Apache Kafka, C++, Active Listening, Mathematics, Science, Apache Hadoop, Monitoring","Active Learning, Speaking, Amazon Web Services AWS software, C, Git, GitHub",72.73,Start: Active Learning
43,No,Travel_Rarely,1001,Research & Development,7,3,Life Sciences,1,451,3,Female,43,3,3,Healthcare Representative,1,Married,9985,9262,8,Y,No,16,3,1,80,1,10,1,2,1,0,0,0,0.19965237,Low Risk,1.6666666666666667,4992.5,2.0,LOW RISK: Continue standard career development and engagement tracking.,43-4051.00,"Monitoring, Adobe Illustrator, Kronos Workforce Timekeeper, Google Docs, Intuit QuickBooks, Microsoft Outlook, Reading Comprehension, Apple macOS, Active Listening, Facebook, Adobe Creative Cloud software, Microsoft Excel, Adobe Photoshop","Speaking, Critical Thinking, Writing, Microsoft Office software, Adobe Acrobat",72.22,Start: Speaking
45,No,Travel_Rarely,549,Research & Development,8,4,Other,1,452,4,Male,75,3,2,Research Scientist,4,Married,3697,9278,9,Y,No,14,3,1,80,2,12,3,3,10,9,9,8,0.04067184,Low Risk,3.0,336.09090909090907,3.6666666666666665,LOW RISK: Continue standard career development and engagement tracking.,15-1221.00,"Amazon Web Services AWS software, Active Listening, Active Learning, Science, Git, Monitoring, Learning Strategies, Apache Hadoop, Mathematics, Critical Thinking, Apache Kafka, Writing, Go, C++, Speaking, Reading Comprehension","Ansible software, Apache Spark, Bash, C, Docker, GitHub",72.73,Start: Ansible software
40,No,Travel_Rarely,1124,Sales,1,2,Medical,1,453,2,Male,57,1,2,Sales Executive,4,Married,7457,13273,2,Y,Yes,22,4,3,80,3,6,2,2,4,3,0,2,0.17441493,Low Risk,3.0,1491.4,2.6666666666666665,LOW RISK: Continue standard career development and engagement tracking.,53-3031.00,"Reading Comprehension, Speaking, Active Listening, Microsoft Office software, Critical Thinking","Writing, Microsoft Excel",71.43,Start: Writing
29,Yes,Travel_Rarely,318,Research & Development,8,4,Other,1,454,2,Male,77,1,1,Laboratory Technician,1,Married,2119,4759,1,Y,Yes,11,3,4,80,0,7,4,2,7,7,0,7,0.95186216,High Risk,2.3333333333333335,264.875,1.6666666666666667,HIGH RISK: HR review; retention conversation; career-path and compensation review.,51-9083.00,"SAP software, Critical Thinking, Microsoft Excel, Microsoft Office software, Microsoft Word, Microsoft PowerPoint","Reading Comprehension, Monitoring, Microsoft Outlook",66.67,Start: Reading Comprehension
29,No,Travel_Rarely,738,Research & Development,9,5,Other,1,455,2,Male,30,2,1,Laboratory Technician,4,Single,3983,7621,0,Y,No,17,3,3,80,0,4,2,3,3,2,2,2,0.08217653,Low Risk,3.0,995.75,3.0,LOW RISK: Continue standard career development and engagement tracking.,51-9083.00,"SAP software, Reading Comprehension, Critical Thinking, Monitoring, Microsoft Office software, Microsoft Word, Microsoft PowerPoint","Microsoft Excel, Microsoft Outlook",77.78,Start: Microsoft Excel
30,No,Travel_Rarely,570,Sales,5,3,Marketing,1,456,4,Female,30,2,2,Sales Executive,3,Divorced,6118,5431,1,Y,No,13,3,3,80,3,10,2,3,10,9,1,2,0.066560656,Low Risk,3.3333333333333335,556.1818181818181,3.3333333333333335,LOW RISK: Continue standard career development and engagement tracking.,53-3031.00,"Writing, Active Listening, Microsoft Excel, Microsoft Office software","Speaking, Critical Thinking, Reading Comprehension",57.14,Start: Speaking
27,No,Travel_Rarely,1130,Sales,8,4,Marketing,1,458,2,Female,56,3,2,Sales Executive,2,Married,6214,3415,1,Y,No,18,3,1,80,1,8,3,3,8,7,0,7,0.11404966,Low Risk,1.6666666666666667,690.4444444444445,2.3333333333333335,LOW RISK: Continue standard career development and engagement tracking.,53-3031.00,"Speaking, Microsoft Office software, Critical Thinking, Reading Comprehension","Active Listening, Writing, Microsoft Excel",57.14,Start: Active Listening
37,No,Travel_Rarely,1192,Research & Development,5,2,Medical,1,460,4,Male,61,3,2,Manufacturing Director,4,Divorced,6347,23177,7,Y,No,16,3,3,80,2,8,2,2,6,2,0,4,0.029543404,Low Risk,3.6666666666666665,906.7142857142857,3.3333333333333335,LOW RISK: Continue standard career development and engagement tracking.,51-9195.05,"Active Listening, Microsoft Outlook, Monitoring","Critical Thinking, Microsoft Excel",60.0,Start: Critical Thinking
38,No,Travel_Rarely,343,Research & Development,15,2,Life Sciences,1,461,3,Male,92,2,3,Research Director,4,Divorced,11510,15682,0,Y,Yes,14,3,2,80,1,12,3,3,11,10,2,9,0.04227843,Low Risk,3.0,959.1666666666666,3.3333333333333335,LOW RISK: Continue standard career development and engagement tracking.,27-2041.00,"Critical Thinking, Microsoft Excel, Monitoring, Microsoft Office software, Reading Comprehension, Microsoft Outlook, Writing, Active Learning, Active Listening","Speaking, Learning Strategies, Microsoft PowerPoint, Microsoft Word",69.23,Start: Speaking
31,No,Travel_Rarely,1232,Research & Development,7,4,Medical,1,462,3,Female,39,3,3,Manufacturing Director,4,Single,7143,25713,1,Y,Yes,14,3,3,80,0,11,2,2,11,9,4,10,0.10351546,Low Risk,3.3333333333333335,595.25,3.0,LOW RISK: Continue standard career development and engagement tracking.,51-9195.05,"Microsoft Excel, Active Listening, Critical Thinking","Monitoring, Microsoft Outlook",60.0,Start: Monitoring
29,No,Travel_Rarely,144,Sales,10,1,Marketing,1,463,4,Female,39,2,2,Sales Executive,2,Divorced,8268,11866,1,Y,Yes,14,3,1,80,2,7,2,3,7,7,1,7,0.1952594,Low Risk,2.3333333333333335,1033.5,3.0,LOW RISK: Continue standard career development and engagement tracking.,53-3031.00,"Critical Thinking, Reading Comprehension, Active Listening","Speaking, Writing, Microsoft Excel, Microsoft Office software",42.86,Start: Speaking
35,No,Travel_Rarely,1296,Research & Development,5,4,Technical Degree,1,464,3,Male,62,3,3,Manufacturing Director,2,Single,8095,18264,0,Y,No,13,3,4,80,0,17,5,3,16,6,0,13,0.014772287,Low Risk,3.0,476.1764705882353,2.6666666666666665,LOW RISK: Continue standard career development and engagement tracking.,51-9195.05,"Monitoring, Active Listening, Microsoft Excel, Critical Thinking",Microsoft Outlook,80.0,Start: Microsoft Outlook
23,No,Travel_Rarely,1309,Research & Development,26,1,Life Sciences,1,465,3,Male,83,3,1,Research Scientist,4,Divorced,2904,16092,1,Y,No,12,3,3,80,2,4,2,2,4,2,0,2,0.019108528,Low Risk,3.3333333333333335,580.8,3.0,LOW RISK: Continue standard career development and engagement tracking.,15-1221.00,"Active Learning, Docker, C++, Writing, Reading Comprehension, Active Listening, Ansible software, Bash, Apache Spark, Amazon Web Services AWS software","Mathematics, Critical Thinking, Speaking, Monitoring, Learning Strategies, Science, Apache Hadoop, Apache Kafka, C, Git, GitHub, Go",45.45,Start: Mathematics
41,No,Travel_Rarely,483,Research & Development,6,3,Medical,1,466,4,Male,95,2,2,Manufacturing Director,2,Single,6032,10110,6,Y,Yes,15,3,4,80,0,8,3,3,5,4,1,2,0.28537735,Low Risk,3.3333333333333335,1005.3333333333334,3.0,LOW RISK: Continue standard career development and engagement tracking.,51-9195.05,"Active Listening, Critical Thinking, Monitoring","Microsoft Excel, Microsoft Outlook",60.0,Start: Microsoft Excel
47,No,Travel_Frequently,1309,Sales,4,1,Medical,1,467,2,Male,99,3,2,Sales Representative,3,Single,2976,25751,3,Y,No,19,3,1,80,0,5,3,3,0,0,0,0,0.28430584,Low Risk,2.0,2976.0,2.6666666666666665,LOW RISK: Continue standard career development and engagement tracking.,41-4012.00,"Active Learning, Writing, Monitoring, Autodesk AutoCAD, Microsoft Office software, Reading Comprehension, Speaking, Active Listening, Adobe Illustrator","Critical Thinking, Microsoft Excel, Microsoft Outlook, Microsoft PowerPoint, Salesforce software, Adobe Acrobat, Adobe Creative Cloud software, Adobe InDesign, Adobe Photoshop, Apple macOS",47.37,Start: Critical Thinking
42,No,Travel_Rarely,810,Research & Development,23,5,Life Sciences,1,468,1,Female,44,3,4,Research Director,4,Single,15992,15901,2,Y,No,14,3,2,80,0,16,2,3,1,0,0,0,0.030815698,Low Risk,2.3333333333333335,7996.0,2.6666666666666665,LOW RISK: Continue standard career development and engagement tracking.,27-2041.00,"Microsoft Word, Learning Strategies, Microsoft Outlook, Speaking, Microsoft PowerPoint, Monitoring, Critical Thinking, Active Learning, Microsoft Office software, Reading Comprehension, Writing","Active Listening, Microsoft Excel",84.62,Start: Active Listening
29,No,Non-Travel,746,Sales,2,3,Life Sciences,1,469,4,Male,61,3,2,Sales Executive,3,Married,4649,16928,1,Y,No,14,3,1,80,1,4,3,2,4,3,0,2,0.054870706,Low Risk,2.6666666666666665,929.8,3.0,LOW RISK: Continue standard career development and engagement tracking.,53-3031.00,"Microsoft Excel, Writing, Microsoft Office software, Critical Thinking","Active Listening, Speaking, Reading Comprehension",57.14,Start: Active Listening
42,No,Travel_Rarely,544,Human Resources,2,1,Technical Degree,1,470,3,Male,52,3,1,Human Resources,3,Divorced,2696,24017,0,Y,Yes,11,3,3,80,1,4,5,3,3,2,1,0,0.20913185,Low Risk,3.0,674.0,3.0,LOW RISK: Continue standard career development and engagement tracking.,43-4161.00,"Speaking, Reading Comprehension, Writing, Microsoft Excel, Active Listening, Oracle PeopleSoft, Microsoft Office software, Applicant tracking software, Microsoft SharePoint","Critical Thinking, Monitoring, Active Learning, Microsoft Outlook, Microsoft PowerPoint, Microsoft Word, Oracle HRIS, Google Docs, Microsoft Access, Microsoft Visio",47.37,Start: Critical Thinking
32,No,Travel_Rarely,1062,Research & Development,2,3,Medical,1,471,3,Female,75,3,1,Laboratory Technician,2,Married,2370,3956,1,Y,No,13,3,3,80,1,8,4,3,8,0,0,7,0.09433045,Low Risk,2.6666666666666665,263.3333333333333,2.6666666666666665,LOW RISK: Continue standard career development and engagement tracking.,51-9083.00,"Monitoring, SAP software, Microsoft PowerPoint, Critical Thinking, Microsoft Outlook","Reading Comprehension, Microsoft Excel, Microsoft Office software, Microsoft Word",55.56,Start: Reading Comprehension
48,No,Travel_Rarely,530,Sales,29,1,Medical,1,473,1,Female,91,3,3,Manager,3,Married,12504,23978,3,Y,No,21,4,2,80,1,15,3,1,0,0,0,0,0.13525777,Low Risk,2.0,12504.0,1.6666666666666667,LOW RISK: Continue standard career development and engagement tracking.,47-1011.03,"Active Learning, Microsoft Office software, Mathematics, Learning Strategies, Autodesk AutoCAD, Microsoft Visio, Microsoft Word, Active Listening, Monitoring, Autodesk Revit, Autodesk AutoCAD Civil 3D, Microsoft Excel, Writing, Oracle Primavera Enterprise Project Portfolio Management","Reading Comprehension, Speaking, Critical Thinking, Microsoft Outlook, Microsoft PowerPoint, Microsoft Project, Microsoft Windows",66.67,Start: Reading Comprehension
37,No,Travel_Rarely,1319,Research & Development,6,3,Medical,1,474,3,Male,51,4,2,Research Scientist,1,Divorced,5974,17001,4,Y,Yes,13,3,1,80,2,13,2,3,7,7,6,7,0.049930986,Low Risk,1.6666666666666667,746.75,2.3333333333333335,LOW RISK: Continue standard career development and engagement tracking.,15-1221.00,"Apache Hadoop, Reading Comprehension, Amazon Web Services AWS software, C++, Git, Active Listening, GitHub, Go, Bash, Apache Spark, Ansible software, Apache Kafka, Writing, Speaking, Active Learning","Mathematics, Critical Thinking, Monitoring, Learning Strategies, Science, C, Docker",68.18,Start: Mathematics
30,No,Non-Travel,641,Sales,25,2,Technical Degree,1,475,4,Female,85,3,2,Sales Executive,3,Married,4736,6069,7,Y,Yes,12,3,2,80,1,4,2,4,2,2,2,2,0.21946009,Low Risk,3.0,1578.6666666666667,3.6666666666666665,LOW RISK: Continue standard career development and engagement tracking.,53-3031.00,"Writing, Microsoft Office software, Microsoft Excel, Speaking","Active Listening, Critical Thinking, Reading Comprehension",57.14,Start: Active Listening
26,No,Travel_Rarely,933,Sales,1,3,Life Sciences,1,476,3,Male,57,3,2,Sales Executive,3,Married,5296,20156,1,Y,No,17,3,2,80,1,8,3,3,8,7,7,7,0.060254734,Low Risk,2.6666666666666665,588.4444444444445,3.0,LOW RISK: Continue standard career development and engagement tracking.,53-3031.00,"Active Listening, Microsoft Office software, Speaking","Critical Thinking, Reading Comprehension, Writing, Microsoft Excel",42.86,Start: Critical Thinking
42,No,Travel_Rarely,1332,Research & Development,2,4,Other,1,477,1,Male,98,2,2,Healthcare Representative,4,Single,6781,17078,3,Y,No,23,4,2,80,0,14,6,3,1,0,0,0,0.029129516,Low Risk,2.3333333333333335,3390.5,2.6666666666666665,LOW RISK: Continue standard career development and engagement tracking.,43-4051.00,"Microsoft Outlook, Kronos Workforce Timekeeper, Google Docs, Microsoft Office software, Intuit QuickBooks, Adobe Creative Cloud software, Speaking, Adobe Photoshop, Adobe Acrobat","Active Listening, Critical Thinking, Reading Comprehension, Writing, Monitoring, Microsoft Excel, Adobe Illustrator, Apple macOS, Facebook",50.0,Start: Active Listening
21,Yes,Travel_Frequently,756,Sales,1,1,Technical Degree,1,478,1,Female,99,2,1,Sales Representative,2,Single,2174,9150,1,Y,Yes,11,3,3,80,0,3,3,3,3,2,1,2,0.92011565,High Risk,2.0,543.5,2.0,HIGH RISK: HR review; retention conversation; career-path and compensation review.,41-4012.00,"Reading Comprehension, Adobe Illustrator, Critical Thinking, Autodesk AutoCAD, Active Learning, Adobe Creative Cloud software, Active Listening, Salesforce software, Microsoft Outlook, Adobe Photoshop, Microsoft PowerPoint","Speaking, Writing, Monitoring, Microsoft Excel, Microsoft Office software, Adobe Acrobat, Adobe InDesign, Apple macOS",57.89,Start: Speaking
36,No,Non-Travel,845,Sales,1,5,Medical,1,479,4,Female,45,3,2,Sales Executive,4,Single,6653,15276,4,Y,No,15,3,2,80,0,7,6,3,1,0,0,0,0.022900384,Low Risk,3.3333333333333335,3326.5,3.6666666666666665,LOW RISK: Continue standard career development and engagement tracking.,53-3031.00,"Speaking, Writing, Microsoft Excel, Active Listening, Critical Thinking, Reading Comprehension",Microsoft Office software,85.71,Start: Microsoft Office software
36,No,Travel_Frequently,541,Sales,3,4,Medical,1,481,1,Male,48,2,3,Sales Executive,4,Married,9699,7246,4,Y,No,11,3,1,80,1,16,2,3,13,9,1,12,0.19855481,Low Risk,2.0,692.7857142857143,2.6666666666666665,LOW RISK: Continue standard career development and engagement tracking.,53-3031.00,"Microsoft Office software, Speaking, Critical Thinking, Microsoft Excel, Writing, Reading Comprehension",Active Listening,85.71,Start: Active Listening
57,No,Travel_Rarely,593,Research & Development,1,4,Medical,1,482,4,Male,88,3,2,Healthcare Representative,3,Married,6755,2967,2,Y,No,11,3,3,80,0,15,2,3,3,2,1,2,0.021595808,Low Risk,3.3333333333333335,1688.75,3.3333333333333335,LOW RISK: Continue standard career development and engagement tracking.,43-4051.00,"Microsoft Outlook, Monitoring, Apple macOS, Google Docs, Microsoft Excel, Facebook, Adobe Creative Cloud software, Adobe Illustrator, Critical Thinking","Active Listening, Speaking, Reading Comprehension, Writing, Microsoft Office software, Adobe Acrobat, Adobe Photoshop, Intuit QuickBooks, Kronos Workforce Timekeeper",50.0,Start: Active Listening
40,No,Travel_Rarely,1171,Research & Development,10,4,Life Sciences,1,483,4,Female,46,4,1,Laboratory Technician,3,Married,2213,22495,3,Y,Yes,13,3,3,80,1,10,3,3,7,7,1,7,0.10861685,Low Risk,3.3333333333333335,276.625,3.3333333333333335,LOW RISK: Continue standard career development and engagement tracking.,51-9083.00,"Critical Thinking, Reading Comprehension, Monitoring, SAP software, Microsoft Excel","Microsoft Office software, Microsoft Outlook, Microsoft PowerPoint, Microsoft Word",55.56,Start: Microsoft Office software
21,No,Non-Travel,895,Sales,9,2,Medical,1,484,1,Male,39,3,1,Sales Representative,4,Single,2610,2851,1,Y,No,24,4,3,80,0,3,3,2,3,2,2,2,0.17709255,Low Risk,2.6666666666666665,652.5,2.3333333333333335,LOW RISK: Continue standard career development and engagement tracking.,41-4012.00,"Salesforce software, Autodesk AutoCAD, Critical Thinking, Adobe InDesign, Microsoft Outlook, Speaking, Apple macOS, Monitoring, Writing, Active Learning, Microsoft Excel, Reading Comprehension, Microsoft Office software, Adobe Acrobat","Active Listening, Microsoft PowerPoint, Adobe Creative Cloud software, Adobe Illustrator, Adobe Photoshop",73.68,Start: Active Listening
33,Yes,Travel_Rarely,350,Sales,5,3,Marketing,1,485,4,Female,34,3,1,Sales Representative,3,Single,2851,9150,1,Y,Yes,13,3,2,80,0,1,2,3,1,0,0,0,0.9412587,High Risk,3.0,1425.5,3.3333333333333335,HIGH RISK: HR review; retention conversation; career-path and compensation review.,41-4012.00,"Autodesk AutoCAD, Adobe Photoshop, Adobe Illustrator, Microsoft Outlook, Active Listening, Writing, Microsoft Office software, Salesforce software, Monitoring, Active Learning","Speaking, Reading Comprehension, Critical Thinking, Microsoft Excel, Microsoft PowerPoint, Adobe Acrobat, Adobe Creative Cloud software, Adobe InDesign, Apple macOS",52.63,Start: Speaking
37,No,Travel_Rarely,921,Research & Development,10,3,Medical,1,486,3,Female,98,3,1,Laboratory Technician,1,Married,3452,17663,6,Y,No,20,4,2,80,1,17,3,3,5,4,0,3,0.15575404,Low Risk,2.0,575.3333333333334,2.3333333333333335,LOW RISK: Continue standard career development and engagement tracking.,51-9083.00,"Microsoft Office software, Monitoring, Critical Thinking, Microsoft Excel, Microsoft Word, SAP software","Reading Comprehension, Microsoft Outlook, Microsoft PowerPoint",66.67,Start: Reading Comprehension
46,No,Non-Travel,1144,Research & Development,7,4,Medical,1,487,3,Female,30,3,2,Manufacturing Director,3,Married,5258,16044,2,Y,No,14,3,3,80,0,7,2,4,1,0,0,0,0.03449252,Low Risk,3.0,2629.0,3.3333333333333335,LOW RISK: Continue standard career development and engagement tracking.,51-9195.05,"Microsoft Excel, Active Listening, Critical Thinking","Monitoring, Microsoft Outlook",60.0,Start: Monitoring
41,Yes,Travel_Frequently,143,Sales,4,3,Marketing,1,488,1,Male,56,3,2,Sales Executive,2,Single,9355,9558,1,Y,No,18,3,3,80,0,8,5,3,8,7,7,7,0.77516115,High Risk,2.0,1039.4444444444443,2.0,HIGH RISK: HR review; retention conversation; career-path and compensation review.,53-3031.00,"Speaking, Writing, Microsoft Office software","Active Listening, Critical Thinking, Reading Comprehension, Microsoft Excel",42.86,Start: Active Listening
50,No,Travel_Rarely,1046,Research & Development,10,3,Technical Degree,1,491,4,Male,100,2,3,Healthcare Representative,4,Single,10496,2755,6,Y,No,15,3,4,80,0,20,2,3,4,3,1,3,0.049344536,Low Risk,4.0,2099.2,3.6666666666666665,LOW RISK: Continue standard career development and engagement tracking.,43-4051.00,"Intuit QuickBooks, Adobe Creative Cloud software, Microsoft Outlook, Speaking, Active Listening, Adobe Photoshop, Google Docs, Adobe Acrobat, Microsoft Excel","Critical Thinking, Reading Comprehension, Writing, Monitoring, Microsoft Office software, Adobe Illustrator, Apple macOS, Facebook, Kronos Workforce Timekeeper",50.0,Start: Critical Thinking
40,Yes,Travel_Rarely,575,Sales,22,2,Marketing,1,492,3,Male,68,2,2,Sales Executive,3,Married,6380,6110,2,Y,Yes,12,3,1,80,2,8,6,3,6,4,1,0,0.7818979,High Risk,2.3333333333333335,911.4285714285714,3.0,HIGH RISK: HR review; retention conversation; career-path and compensation review.,53-3031.00,"Microsoft Office software, Writing, Reading Comprehension, Microsoft Excel, Speaking","Active Listening, Critical Thinking",71.43,Start: Active Listening
31,No,Travel_Rarely,408,Research & Development,9,4,Life Sciences,1,493,3,Male,42,2,1,Research Scientist,2,Single,2657,7551,0,Y,Yes,16,3,4,80,0,3,5,3,2,2,2,2,0.2623432,Low Risk,3.0,885.6666666666666,2.6666666666666665,LOW RISK: Continue standard career development and engagement tracking.,15-1221.00,"C++, Speaking, Critical Thinking, Apache Spark, Writing, Amazon Web Services AWS software, Reading Comprehension, Go, Active Learning, GitHub, Learning Strategies, Docker, Ansible software, Git","Mathematics, Active Listening, Monitoring, Science, Apache Hadoop, Apache Kafka, Bash, C",63.64,Start: Mathematics
21,Yes,Travel_Rarely,156,Sales,12,3,Life Sciences,1,494,3,Female,90,4,1,Sales Representative,2,Single,2716,25422,1,Y,No,15,3,4,80,0,1,0,3,1,0,0,0,0.9063195,High Risk,3.0,1358.0,2.6666666666666665,HIGH RISK: HR review; retention conversation; career-path and compensation review.,41-4012.00,"Monitoring, Adobe Acrobat, Microsoft Outlook, Critical Thinking, Microsoft PowerPoint, Microsoft Office software, Adobe Photoshop, Apple macOS, Adobe Creative Cloud software","Active Listening, Speaking, Reading Comprehension, Writing, Active Learning, Microsoft Excel, Salesforce software, Adobe Illustrator, Adobe InDesign, Autodesk AutoCAD",47.37,Start: Active Listening
29,No,Travel_Rarely,1283,Research & Development,23,3,Life Sciences,1,495,4,Male,54,3,1,Research Scientist,4,Single,2201,18168,9,Y,No,16,3,4,80,0,6,4,3,3,2,1,2,0.14268135,Low Risk,4.0,550.25,3.6666666666666665,LOW RISK: Continue standard career development and engagement tracking.,15-1221.00,"Apache Spark, C, Science, Learning Strategies, Apache Hadoop, Go, Writing, Critical Thinking, Git, C++, Active Listening, Active Learning, GitHub","Reading Comprehension, Mathematics, Speaking, Monitoring, Amazon Web Services AWS software, Ansible software, Apache Kafka, Bash, Docker",59.09,Start: Reading Comprehension
35,No,Travel_Rarely,755,Research & Development,9,4,Life Sciences,1,496,3,Male,97,2,2,Healthcare Representative,2,Single,6540,19394,9,Y,No,19,3,3,80,0,10,5,3,1,1,0,0,0.2520646,Low Risk,2.6666666666666665,3270.0,2.6666666666666665,LOW RISK: Continue standard career development and engagement tracking.,43-4051.00,"Microsoft Outlook, Adobe Acrobat, Apple macOS, Writing, Adobe Creative Cloud software, Critical Thinking, Microsoft Office software, Kronos Workforce Timekeeper, Adobe Illustrator, Facebook, Intuit QuickBooks, Active Listening, Adobe Photoshop, Monitoring","Speaking, Reading Comprehension, Microsoft Excel, Google Docs",77.78,Start: Speaking
27,No,Travel_Rarely,1469,Research & Development,1,2,Medical,1,497,4,Male,82,3,1,Laboratory Technician,2,Divorced,3816,17881,1,Y,No,11,3,2,80,1,5,2,3,5,2,0,4,0.118616216,Low Risk,2.6666666666666665,636.0,3.0,LOW RISK: Continue standard career development and engagement tracking.,51-9083.00,"Microsoft Word, Reading Comprehension, Microsoft Office software, Microsoft PowerPoint, Monitoring, Microsoft Excel, Microsoft Outlook","Critical Thinking, SAP software",77.78,Start: Critical Thinking
28,No,Travel_Rarely,304,Sales,9,4,Life Sciences,1,498,2,Male,92,3,2,Sales Executive,4,Single,5253,20750,1,Y,No,16,3,4,80,0,7,1,3,7,5,0,7,0.20235701,Low Risk,3.3333333333333335,656.625,3.0,LOW RISK: Continue standard career development and engagement tracking.,53-3031.00,"Reading Comprehension, Microsoft Excel, Microsoft Office software, Critical Thinking","Active Listening, Speaking, Writing",57.14,Start: Active Listening
49,No,Travel_Rarely,1261,Research & Development,7,3,Other,1,499,2,Male,31,2,3,Healthcare Representative,3,Single,10965,12066,8,Y,No,24,4,3,80,0,26,2,3,5,2,0,0,0.029971162,Low Risk,2.6666666666666665,1827.5,2.6666666666666665,LOW RISK: Continue standard career development and engagement tracking.,43-4051.00,"Adobe Creative Cloud software, Writing, Google Docs, Critical Thinking, Speaking, Microsoft Outlook, Facebook, Adobe Acrobat, Monitoring, Intuit QuickBooks, Microsoft Excel, Adobe Photoshop, Kronos Workforce Timekeeper, Reading Comprehension","Active Listening, Microsoft Office software, Adobe Illustrator, Apple macOS",77.78,Start: Active Listening
51,No,Travel_Rarely,1178,Sales,14,2,Life Sciences,1,500,3,Female,87,3,2,Sales Executive,4,Married,4936,14862,4,Y,No,11,3,3,80,1,18,2,2,7,7,0,7,0.06664339,Low Risk,3.3333333333333335,617.0,3.0,LOW RISK: Continue standard career development and engagement tracking.,53-3031.00,"Writing, Reading Comprehension, Critical Thinking, Active Listening, Microsoft Excel","Speaking, Microsoft Office software",71.43,Start: Speaking
36,No,Travel_Rarely,329,Research & Development,2,3,Life Sciences,1,501,4,Female,96,3,1,Research Scientist,3,Married,2543,11868,4,Y,No,13,3,2,80,1,6,3,3,2,2,2,2,0.039384417,Low Risk,3.0,847.6666666666666,3.3333333333333335,LOW RISK: Continue standard career development and engagement tracking.,15-1221.00,"GitHub, Science, Git, Apache Hadoop, Speaking, Monitoring, Critical Thinking, Active Learning, Go, Apache Spark, Active Listening, Ansible software, Bash, Apache Kafka, Writing, C++","Reading Comprehension, Mathematics, Learning Strategies, Amazon Web Services AWS software, C, Docker",72.73,Start: Reading Comprehension
34,Yes,Non-Travel,1362,Sales,19,3,Marketing,1,502,1,Male,67,4,2,Sales Executive,4,Single,5304,4652,8,Y,Yes,13,3,2,80,0,9,3,2,5,2,0,4,0.9119995,High Risk,2.3333333333333335,884.0,2.3333333333333335,HIGH RISK: HR review; retention conversation; career-path and compensation review.,53-3031.00,"Critical Thinking, Speaking, Active Listening, Microsoft Excel, Writing, Microsoft Office software",Reading Comprehension,85.71,Start: Reading Comprehension
55,No,Travel_Rarely,1311,Research & Development,2,3,Life Sciences,1,505,3,Female,97,3,4,Manager,4,Single,16659,23258,2,Y,Yes,13,3,3,80,0,30,2,3,5,4,1,2,0.033068217,Low Risk,3.3333333333333335,2776.5,3.3333333333333335,LOW RISK: Continue standard career development and engagement tracking.,47-1011.03,"Writing, Microsoft PowerPoint, Active Learning, Learning Strategies, Monitoring, Microsoft Word, Mathematics, Autodesk Revit, Microsoft Office software, Speaking, Microsoft Excel, Active Listening, Microsoft Visio, Microsoft Project, Autodesk AutoCAD, Critical Thinking","Reading Comprehension, Autodesk AutoCAD Civil 3D, Microsoft Outlook, Microsoft Windows, Oracle Primavera Enterprise Project Portfolio Management",76.19,Start: Reading Comprehension
24,No,Travel_Rarely,1371,Sales,10,4,Marketing,1,507,4,Female,77,3,2,Sales Executive,3,Divorced,4260,5915,1,Y,Yes,12,3,4,80,1,5,2,4,5,2,0,3,0.09722407,Low Risk,3.6666666666666665,710.0,3.6666666666666665,LOW RISK: Continue standard career development and engagement tracking.,53-3031.00,"Active Listening, Reading Comprehension, Microsoft Excel, Microsoft Office software, Speaking","Critical Thinking, Writing",71.43,Start: Critical Thinking
30,No,Travel_Rarely,202,Sales,2,1,Technical Degree,1,508,3,Male,72,3,1,Sales Representative,2,Married,2476,17434,1,Y,No,18,3,1,80,1,1,3,3,1,0,0,0,0.35360476,Low Risk,2.0,1238.0,2.6666666666666665,LOW RISK: Continue standard career development and engagement tracking.,41-4012.00,"Microsoft Office software, Speaking, Monitoring, Adobe Creative Cloud software, Apple macOS, Microsoft Outlook, Adobe InDesign, Adobe Acrobat, Reading Comprehension, Adobe Illustrator, Autodesk AutoCAD, Writing, Microsoft Excel","Active Listening, Critical Thinking, Active Learning, Microsoft PowerPoint, Salesforce software, Adobe Photoshop",68.42,Start: Active Listening
26,Yes,Travel_Frequently,575,Research & Development,3,1,Technical Degree,1,510,3,Male,73,3,1,Research Scientist,1,Single,3102,6582,0,Y,No,22,4,3,80,0,7,2,3,6,4,0,4,0.21532674,Low Risk,2.3333333333333335,443.14285714285717,2.3333333333333335,LOW RISK: Continue standard career development and engagement tracking.,15-1221.00,"Amazon Web Services AWS software, Speaking, Apache Hadoop, GitHub, Learning Strategies, C, Science, Bash, Docker, Active Learning, Apache Spark, Ansible software","Reading Comprehension, Mathematics, Critical Thinking, Active Listening, Writing, Monitoring, Apache Kafka, C++, Git, Go",54.55,Start: Reading Comprehension
22,No,Travel_Rarely,253,Research & Development,11,3,Medical,1,511,1,Female,43,3,1,Research Scientist,2,Married,2244,24440,1,Y,No,13,3,4,80,1,2,1,3,2,1,1,2,0.15787926,Low Risk,2.3333333333333335,748.0,2.0,LOW RISK: Continue standard career development and engagement tracking.,15-1221.00,"GitHub, Docker, Active Listening, Ansible software, Monitoring, C++, Apache Kafka, Science, Mathematics, C, Writing, Speaking, Bash, Critical Thinking","Active Learning, Reading Comprehension, Learning Strategies, Amazon Web Services AWS software, Apache Hadoop, Apache Spark, Git, Go",63.64,Start: Active Learning
36,No,Travel_Rarely,164,Sales,2,2,Medical,1,513,2,Male,61,2,3,Sales Executive,3,Married,7596,3809,1,Y,No,13,3,2,80,2,10,2,3,10,9,9,0,0.18669128,Low Risk,2.3333333333333335,690.5454545454545,2.6666666666666665,LOW RISK: Continue standard career development and engagement tracking.,53-3031.00,"Speaking, Reading Comprehension, Critical Thinking, Writing, Microsoft Office software","Active Listening, Microsoft Excel",71.43,Start: Active Listening
30,Yes,Travel_Frequently,464,Research & Development,4,3,Technical Degree,1,514,3,Male,40,3,1,Research Scientist,4,Single,2285,3427,9,Y,Yes,23,4,3,80,0,3,4,3,1,0,0,0,0.94495547,High Risk,3.3333333333333335,1142.5,3.3333333333333335,HIGH RISK: HR review; retention conversation; career-path and compensation review.,15-1221.00,"Active Listening, Go, C++, Apache Hadoop, Monitoring, Speaking, Learning Strategies, Active Learning, Bash, Writing, Reading Comprehension, Science, Apache Spark, Critical Thinking","Mathematics, Amazon Web Services AWS software, Ansible software, Apache Kafka, C, Docker, Git, GitHub",63.64,Start: Mathematics
37,No,Travel_Rarely,1107,Research & Development,14,3,Life Sciences,1,515,4,Female,95,3,1,Laboratory Technician,1,Divorced,3034,26914,1,Y,No,12,3,3,80,1,18,2,2,18,7,12,17,0.061693113,Low Risk,2.6666666666666665,159.68421052631578,2.3333333333333335,LOW RISK: Continue standard career development and engagement tracking.,51-9083.00,"Microsoft PowerPoint, Microsoft Excel, Reading Comprehension, Critical Thinking, SAP software","Monitoring, Microsoft Office software, Microsoft Outlook, Microsoft Word",55.56,Start: Monitoring
40,No,Travel_Rarely,759,Sales,2,2,Marketing,1,516,4,Female,46,3,2,Sales Executive,2,Divorced,5715,22553,7,Y,No,12,3,3,80,2,8,5,3,5,4,1,3,0.0810383,Low Risk,3.0,952.5,3.0,LOW RISK: Continue standard career development and engagement tracking.,53-3031.00,"Microsoft Office software, Speaking, Reading Comprehension, Active Listening","Critical Thinking, Writing, Microsoft Excel",57.14,Start: Critical Thinking
42,No,Travel_Rarely,201,Research & Development,1,4,Life Sciences,1,517,2,Female,95,3,1,Laboratory Technician,1,Divorced,2576,20490,3,Y,No,16,3,2,80,1,8,5,3,5,2,1,2,0.033352233,Low Risk,1.6666666666666667,429.3333333333333,2.0,LOW RISK: Continue standard career development and engagement tracking.,51-9083.00,"Microsoft Excel, Monitoring, SAP software, Reading Comprehension, Microsoft Word","Critical Thinking, Microsoft Office software, Microsoft Outlook, Microsoft PowerPoint",55.56,Start: Critical Thinking
37,No,Travel_Rarely,1305,Research & Development,10,4,Life Sciences,1,518,3,Male,49,3,2,Manufacturing Director,2,Single,4197,21123,2,Y,Yes,12,3,4,80,0,18,2,2,1,0,0,1,0.15445195,Low Risk,3.0,2098.5,2.3333333333333335,LOW RISK: Continue standard career development and engagement tracking.,51-9195.05,"Microsoft Outlook, Microsoft Excel, Active Listening","Critical Thinking, Monitoring",60.0,Start: Critical Thinking
43,No,Travel_Rarely,982,Research & Development,12,3,Life Sciences,1,520,1,Male,59,2,4,Research Director,2,Divorced,14336,4345,1,Y,No,11,3,3,80,1,25,3,3,25,10,3,9,0.027604546,Low Risk,2.0,551.3846153846154,2.0,LOW RISK: Continue standard career development and engagement tracking.,27-2041.00,"Active Learning, Critical Thinking, Microsoft Word, Microsoft Excel, Monitoring, Writing, Microsoft PowerPoint, Reading Comprehension, Microsoft Office software","Active Listening, Speaking, Learning Strategies, Microsoft Outlook",69.23,Start: Active Listening
40,No,Travel_Rarely,555,Research & Development,2,3,Medical,1,521,2,Female,78,2,2,Laboratory Technician,3,Married,3448,13436,6,Y,No,22,4,2,80,1,20,3,3,1,0,0,0,0.10479517,Low Risk,2.3333333333333335,1724.0,2.6666666666666665,LOW RISK: Continue standard career development and engagement tracking.,51-9083.00,"Microsoft Outlook, Critical Thinking, Microsoft Office software, Microsoft Word","Reading Comprehension, Monitoring, Microsoft Excel, Microsoft PowerPoint, SAP software",44.44,Start: Reading Comprehension
54,No,Travel_Rarely,821,Research & Development,5,2,Medical,1,522,1,Male,86,3,5,Research Director,1,Married,19406,8509,4,Y,No,11,3,3,80,1,24,4,2,4,2,1,2,0.056981664,Low Risk,1.6666666666666667,3881.2,1.3333333333333333,LOW RISK: Continue standard career development and engagement tracking.,27-2041.00,"Active Learning, Microsoft Outlook, Monitoring, Microsoft Office software, Critical Thinking, Microsoft Word, Active Listening, Speaking, Microsoft Excel","Reading Comprehension, Writing, Learning Strategies, Microsoft PowerPoint",69.23,Start: Reading Comprehension
34,No,Non-Travel,1381,Sales,4,4,Marketing,1,523,3,Female,72,3,2,Sales Executive,3,Married,6538,12740,9,Y,No,15,3,1,80,1,6,3,3,3,2,1,2,0.048353434,Low Risk,2.3333333333333335,1634.5,3.0,LOW RISK: Continue standard career development and engagement tracking.,53-3031.00,"Writing, Microsoft Excel, Active Listening","Speaking, Critical Thinking, Reading Comprehension, Microsoft Office software",42.86,Start: Speaking
31,No,Travel_Rarely,480,Research & Development,7,2,Medical,1,524,2,Female,31,3,2,Manufacturing Director,1,Married,4306,4156,1,Y,No,12,3,2,80,1,13,5,1,13,10,3,12,0.1801457,Low Risk,1.6666666666666667,307.57142857142856,1.3333333333333333,LOW RISK: Continue standard career development and engagement tracking.,51-9195.05,"Critical Thinking, Microsoft Excel, Monitoring","Active Listening, Microsoft Outlook",60.0,Start: Active Listening
43,No,Travel_Frequently,313,Research & Development,21,3,Medical,1,525,4,Male,61,3,1,Laboratory Technician,4,Married,2258,15238,7,Y,No,20,4,1,80,1,8,1,3,3,2,1,2,0.18293852,Low Risk,3.0,564.5,3.6666666666666665,LOW RISK: Continue standard career development and engagement tracking.,51-9083.00,"SAP software, Critical Thinking, Monitoring, Microsoft Outlook, Microsoft Office software","Reading Comprehension, Microsoft Excel, Microsoft PowerPoint, Microsoft Word",55.56,Start: Reading Comprehension
43,No,Travel_Rarely,1473,Research & Development,8,4,Other,1,526,3,Female,74,3,2,Healthcare Representative,3,Divorced,4522,2227,4,Y,Yes,14,3,4,80,0,8,3,3,5,2,0,2,0.0336055,Low Risk,3.3333333333333335,753.6666666666666,3.0,LOW RISK: Continue standard career development and engagement tracking.,43-4051.00,"Microsoft Office software, Adobe Illustrator, Microsoft Outlook, Active Listening, Intuit QuickBooks, Writing, Reading Comprehension, Adobe Photoshop, Kronos Workforce Timekeeper","Speaking, Critical Thinking, Monitoring, Microsoft Excel, Adobe Acrobat, Adobe Creative Cloud software, Apple macOS, Facebook, Google Docs",50.0,Start: Speaking
25,No,Travel_Rarely,891,Sales,4,2,Life Sciences,1,527,2,Female,99,2,2,Sales Executive,4,Single,4487,12090,1,Y,Yes,11,3,2,80,0,5,3,3,5,4,1,3,0.5842322,Medium Risk,2.6666666666666665,747.8333333333334,3.0,MEDIUM RISK: Manager check-in; mentorship; targeted development plan.,53-3031.00,"Active Listening, Microsoft Office software, Speaking, Writing","Critical Thinking, Reading Comprehension, Microsoft Excel",57.14,Start: Critical Thinking
37,No,Non-Travel,1063,Research & Development,25,5,Medical,1,529,2,Female,72,3,2,Research Scientist,3,Married,4449,23866,3,Y,Yes,15,3,1,80,2,15,2,3,13,11,10,7,0.026785264,Low Risk,2.0,317.7857142857143,2.6666666666666665,LOW RISK: Continue standard career development and engagement tracking.,15-1221.00,"Active Learning, Ansible software, Speaking, Monitoring, Apache Spark, Go, Writing, C, Learning Strategies, C++, GitHub, Critical Thinking, Apache Kafka","Reading Comprehension, Mathematics, Active Listening, Science, Amazon Web Services AWS software, Apache Hadoop, Bash, Docker, Git",59.09,Start: Reading Comprehension
31,No,Travel_Rarely,329,Research & Development,1,2,Life Sciences,1,530,4,Male,98,2,1,Laboratory Technician,1,Married,2218,16193,1,Y,No,12,3,3,80,1,4,3,3,4,2,3,2,0.11008386,Low Risk,2.6666666666666665,443.6,2.6666666666666665,LOW RISK: Continue standard career development and engagement tracking.,51-9083.00,"Monitoring, Reading Comprehension, Microsoft Excel, Microsoft Word, Microsoft Office software","Critical Thinking, Microsoft Outlook, Microsoft PowerPoint, SAP software",55.56,Start: Critical Thinking
39,No,Travel_Frequently,1218,Research & Development,1,1,Life Sciences,1,531,2,Male,52,3,5,Manager,3,Divorced,19197,8213,1,Y,Yes,14,3,3,80,1,21,3,3,21,8,1,6,0.018294249,Low Risk,2.6666666666666665,872.5909090909091,2.6666666666666665,LOW RISK: Continue standard career development and engagement tracking.,47-1011.03,"Reading Comprehension, Active Listening, Autodesk Revit, Microsoft Word, Monitoring, Microsoft Office software, Writing, Critical Thinking, Microsoft Windows, Learning Strategies, Active Learning, Microsoft PowerPoint, Mathematics","Speaking, Autodesk AutoCAD, Autodesk AutoCAD Civil 3D, Microsoft Excel, Microsoft Outlook, Microsoft Project, Microsoft Visio, Oracle Primavera Enterprise Project Portfolio Management",61.9,Start: Speaking
56,No,Travel_Frequently,906,Sales,6,3,Life Sciences,1,532,3,Female,86,4,4,Sales Executive,1,Married,13212,18256,9,Y,No,11,3,4,80,3,36,0,2,7,7,7,7,0.15764737,Low Risk,2.6666666666666665,1651.5,2.0,LOW RISK: Continue standard career development and engagement tracking.,53-3031.00,"Active Listening, Microsoft Office software, Speaking, Critical Thinking, Microsoft Excel","Reading Comprehension, Writing",71.43,Start: Reading Comprehension
30,No,Travel_Rarely,1082,Sales,12,3,Technical Degree,1,533,2,Female,83,3,2,Sales Executive,3,Single,6577,19558,0,Y,No,11,3,2,80,0,6,6,3,5,4,4,4,0.08658487,Low Risk,2.3333333333333335,1096.1666666666667,2.6666666666666665,LOW RISK: Continue standard career development and engagement tracking.,53-3031.00,"Microsoft Office software, Writing, Microsoft Excel, Reading Comprehension","Active Listening, Speaking, Critical Thinking",57.14,Start: Active Listening
41,No,Travel_Rarely,645,Sales,1,3,Marketing,1,534,2,Male,49,4,3,Sales Executive,1,Married,8392,19566,1,Y,No,16,3,3,80,1,10,2,3,10,7,0,7,0.06371129,Low Risk,2.0,762.9090909090909,2.0,LOW RISK: Continue standard career development and engagement tracking.,53-3031.00,"Critical Thinking, Microsoft Excel, Microsoft Office software, Writing, Reading Comprehension","Active Listening, Speaking",71.43,Start: Active Listening
28,No,Travel_Rarely,1300,Research & Development,17,2,Medical,1,536,3,Male,79,3,2,Laboratory Technician,1,Divorced,4558,13535,1,Y,No,12,3,4,80,1,10,2,3,10,0,1,8,0.077988386,Low Risk,2.6666666666666665,414.3636363636364,2.3333333333333335,LOW RISK: Continue standard career development and engagement tracking.,51-9083.00,"SAP software, Microsoft Excel, Microsoft Outlook, Microsoft PowerPoint, Reading Comprehension, Critical Thinking, Microsoft Office software","Monitoring, Microsoft Word",77.78,Start: Monitoring
25,Yes,Travel_Rarely,688,Research & Development,3,3,Medical,1,538,1,Male,91,3,1,Laboratory Technician,1,Married,4031,9396,5,Y,No,13,3,3,80,1,6,5,3,2,2,0,2,0.7033017,High Risk,1.6666666666666667,1343.6666666666667,1.6666666666666667,HIGH RISK: HR review; retention conversation; career-path and compensation review.,51-9083.00,"Critical Thinking, Microsoft Office software, Microsoft Word, Microsoft Outlook, Reading Comprehension, Microsoft PowerPoint, Monitoring, SAP software",Microsoft Excel,88.89,Start: Microsoft Excel
52,No,Travel_Rarely,319,Research & Development,3,3,Medical,1,543,4,Male,39,2,3,Manufacturing Director,3,Married,7969,19609,2,Y,Yes,14,3,3,80,0,28,4,3,5,4,0,4,0.21224265,Low Risk,3.3333333333333335,1328.1666666666667,3.3333333333333335,LOW RISK: Continue standard career development and engagement tracking.,51-9195.05,"Microsoft Excel, Active Listening, Monitoring","Critical Thinking, Microsoft Outlook",60.0,Start: Critical Thinking
45,No,Travel_Rarely,192,Research & Development,10,2,Life Sciences,1,544,1,Male,69,3,1,Research Scientist,4,Married,2654,9655,3,Y,No,21,4,4,80,2,8,3,2,2,2,0,2,0.047752924,Low Risk,3.0,884.6666666666666,2.3333333333333335,LOW RISK: Continue standard career development and engagement tracking.,15-1221.00,"Apache Kafka, Reading Comprehension, Writing, Learning Strategies, Bash, GitHub, Amazon Web Services AWS software, Docker, Ansible software, Active Listening, Apache Hadoop, Critical Thinking, Active Learning, Mathematics, C, Go, Apache Spark","Speaking, Monitoring, Science, C++, Git",77.27,Start: Speaking
52,No,Travel_Rarely,1490,Research & Development,4,2,Life Sciences,1,546,4,Female,30,3,4,Manager,4,Married,16555,10310,2,Y,No,13,3,4,80,0,31,2,1,5,2,1,4,0.015341388,Low Risk,4.0,2759.1666666666665,3.0,LOW RISK: Continue standard career development and engagement tracking.,47-1011.03,"Microsoft Office software, Microsoft Project, Active Listening, Active Learning, Microsoft Windows, Microsoft Visio, Autodesk AutoCAD, Microsoft PowerPoint, Speaking, Microsoft Excel, Critical Thinking, Reading Comprehension","Monitoring, Writing, Mathematics, Learning Strategies, Autodesk AutoCAD Civil 3D, Autodesk Revit, Microsoft Outlook, Microsoft Word, Oracle Primavera Enterprise Project Portfolio Management",57.14,Start: Monitoring
42,No,Travel_Frequently,532,Research & Development,29,2,Life Sciences,1,547,1,Female,92,3,2,Research Scientist,3,Divorced,4556,12932,2,Y,No,11,3,2,80,1,19,3,3,5,4,0,2,0.29783505,Low Risk,2.0,759.3333333333334,2.3333333333333335,LOW RISK: Continue standard career development and engagement tracking.,15-1221.00,"Writing, Apache Kafka, Amazon Web Services AWS software, Apache Hadoop, Docker, Apache Spark, Speaking, Mathematics, Active Listening, Go, Git, GitHub, C, Monitoring, Bash, Learning Strategies","Active Learning, Reading Comprehension, Critical Thinking, Science, Ansible software, C++",72.73,Start: Active Learning
30,No,Travel_Rarely,317,Research & Development,2,3,Life Sciences,1,548,3,Female,43,1,2,Manufacturing Director,4,Single,6091,24793,2,Y,No,20,4,3,80,0,11,2,3,5,4,0,2,0.082213275,Low Risk,3.3333333333333335,1015.1666666666666,3.3333333333333335,LOW RISK: Continue standard career development and engagement tracking.,51-9195.05,"Monitoring, Microsoft Excel, Critical Thinking","Active Listening, Microsoft Outlook",60.0,Start: Active Listening
60,No,Travel_Rarely,422,Research & Development,7,3,Life Sciences,1,549,1,Female,41,3,5,Manager,1,Married,19566,3854,5,Y,No,11,3,4,80,0,33,5,1,29,8,11,10,0.27588966,Low Risk,2.0,652.2,1.0,LOW RISK: Continue standard career development and engagement tracking.,47-1011.03,"Microsoft Project, Learning Strategies, Monitoring, Microsoft Word, Microsoft PowerPoint, Microsoft Visio, Reading Comprehension, Autodesk AutoCAD Civil 3D, Speaking, Active Listening, Active Learning, Writing","Critical Thinking, Mathematics, Autodesk AutoCAD, Autodesk Revit, Microsoft Excel, Microsoft Office software, Microsoft Outlook, Microsoft Windows, Oracle Primavera Enterprise Project Portfolio Management",57.14,Start: Critical Thinking
46,No,Travel_Rarely,1485,Research & Development,18,3,Medical,1,550,3,Female,87,3,2,Manufacturing Director,3,Divorced,4810,26314,2,Y,No,14,3,3,80,1,19,5,2,10,7,0,8,0.01771639,Low Risk,3.0,437.27272727272725,2.6666666666666665,LOW RISK: Continue standard career development and engagement tracking.,51-9195.05,"Microsoft Outlook, Active Listening","Critical Thinking, Monitoring, Microsoft Excel",40.0,Start: Critical Thinking
42,No,Travel_Frequently,1368,Research & Development,28,4,Technical Degree,1,551,4,Female,88,2,2,Healthcare Representative,4,Married,4523,4386,0,Y,No,11,3,4,80,3,7,4,4,6,5,0,4,0.019070696,Low Risk,4.0,646.1428571428571,4.0,LOW RISK: Continue standard career development and engagement tracking.,43-4051.00,"Google Docs, Reading Comprehension, Adobe Photoshop, Active Listening, Adobe Illustrator, Critical Thinking, Adobe Creative Cloud software, Apple macOS, Microsoft Excel","Speaking, Writing, Monitoring, Microsoft Office software, Microsoft Outlook, Adobe Acrobat, Facebook, Intuit QuickBooks, Kronos Workforce Timekeeper",50.0,Start: Speaking
24,Yes,Travel_Rarely,1448,Sales,1,1,Technical Degree,1,554,1,Female,62,3,1,Sales Representative,2,Single,3202,21972,1,Y,Yes,16,3,2,80,0,6,4,3,5,3,1,4,0.9248716,High Risk,1.6666666666666667,533.6666666666666,2.0,HIGH RISK: HR review; retention conversation; career-path and compensation review.,41-4012.00,"Active Listening, Adobe InDesign, Autodesk AutoCAD, Monitoring, Apple macOS, Adobe Acrobat, Writing, Speaking, Salesforce software, Critical Thinking, Adobe Illustrator, Active Learning, Reading Comprehension","Microsoft Excel, Microsoft Office software, Microsoft Outlook, Microsoft PowerPoint, Adobe Creative Cloud software, Adobe Photoshop",68.42,Start: Microsoft Excel
34,Yes,Travel_Frequently,296,Sales,6,2,Marketing,1,555,4,Female,33,1,1,Sales Representative,3,Divorced,2351,12253,0,Y,No,16,3,4,80,1,3,3,2,2,2,1,0,0.90740585,High Risk,3.6666666666666665,783.6666666666666,3.0,HIGH RISK: HR review; retention conversation; career-path and compensation review.,41-4012.00,"Microsoft Excel, Adobe InDesign, Critical Thinking, Salesforce software, Writing, Adobe Illustrator, Speaking, Microsoft Outlook, Microsoft Office software, Adobe Acrobat, Adobe Photoshop","Active Listening, Reading Comprehension, Active Learning, Monitoring, Microsoft PowerPoint, Adobe Creative Cloud software, Apple macOS, Autodesk AutoCAD",57.89,Start: Active Listening
38,No,Travel_Frequently,1490,Research & Development,2,2,Life Sciences,1,556,4,Male,42,3,1,Laboratory Technician,4,Married,1702,12106,1,Y,Yes,23,4,3,80,1,1,3,3,1,0,0,0,0.26933724,Low Risk,3.6666666666666665,851.0,3.6666666666666665,LOW RISK: Continue standard career development and engagement tracking.,51-9083.00,"Microsoft Office software, Monitoring, Microsoft Excel, Microsoft Outlook","Reading Comprehension, Critical Thinking, Microsoft PowerPoint, Microsoft Word, SAP software",44.44,Start: Reading Comprehension
40,No,Travel_Rarely,1398,Sales,2,4,Life Sciences,1,558,3,Female,79,3,5,Manager,3,Married,18041,13022,0,Y,No,14,3,4,80,0,21,2,3,20,15,1,12,0.005695766,Low Risk,3.3333333333333335,859.0952380952381,3.0,LOW RISK: Continue standard career development and engagement tracking.,47-1011.03,"Monitoring, Writing, Autodesk AutoCAD Civil 3D, Critical Thinking, Reading Comprehension, Microsoft Windows, Microsoft Outlook, Microsoft PowerPoint, Oracle Primavera Enterprise Project Portfolio Management, Microsoft Visio, Microsoft Project, Autodesk AutoCAD, Active Learning, Autodesk Revit, Microsoft Office software","Active Listening, Speaking, Mathematics, Learning Strategies, Microsoft Excel, Microsoft Word",71.43,Start: Active Listening
26,No,Travel_Rarely,1349,Research & Development,23,3,Life Sciences,1,560,1,Female,90,3,1,Research Scientist,4,Divorced,2886,3032,1,Y,No,22,4,2,80,2,3,3,1,3,2,0,2,0.06612374,Low Risk,2.3333333333333335,721.5,2.0,LOW RISK: Continue standard career development and engagement tracking.,15-1221.00,"Git, Apache Kafka, Go, C++, C, Docker, GitHub, Monitoring, Active Listening, Speaking, Apache Spark, Active Learning, Apache Hadoop, Bash","Reading Comprehension, Mathematics, Critical Thinking, Writing, Learning Strategies, Science, Amazon Web Services AWS software, Ansible software",63.64,Start: Reading Comprehension
30,No,Non-Travel,1400,Research & Development,3,3,Life Sciences,1,562,3,Male,53,3,1,Laboratory Technician,4,Married,2097,16734,4,Y,No,15,3,3,80,1,9,3,1,5,3,1,4,0.0947939,Low Risk,3.3333333333333335,349.5,2.6666666666666665,LOW RISK: Continue standard career development and engagement tracking.,51-9083.00,"Reading Comprehension, Critical Thinking, Microsoft Outlook, SAP software","Monitoring, Microsoft Excel, Microsoft Office software, Microsoft PowerPoint, Microsoft Word",44.44,Start: Monitoring
29,No,Travel_Rarely,986,Research & Development,3,4,Medical,1,564,2,Male,93,2,3,Research Director,3,Married,11935,21526,1,Y,No,18,3,3,80,0,10,2,3,10,2,0,7,0.050036833,Low Risk,2.6666666666666665,1085.0,2.6666666666666665,LOW RISK: Continue standard career development and engagement tracking.,27-2041.00,"Microsoft Excel, Critical Thinking, Microsoft PowerPoint, Writing, Active Listening, Microsoft Office software","Speaking, Monitoring, Reading Comprehension, Active Learning, Learning Strategies, Microsoft Outlook, Microsoft Word",46.15,Start: Speaking
29,Yes,Travel_Rarely,408,Research & Development,25,5,Technical Degree,1,565,3,Female,71,2,1,Research Scientist,2,Married,2546,18300,5,Y,No,16,3,2,80,0,6,2,4,2,2,1,1,0.8034343,High Risk,2.3333333333333335,848.6666666666666,3.0,HIGH RISK: HR review; retention conversation; career-path and compensation review.,15-1221.00,"Go, Speaking, Ansible software, Amazon Web Services AWS software, Git, C, C++, Active Learning, Apache Spark, Writing, Learning Strategies, Reading Comprehension, Docker, Mathematics","Critical Thinking, Active Listening, Monitoring, Science, Apache Hadoop, Apache Kafka, Bash, GitHub",63.64,Start: Critical Thinking
19,Yes,Travel_Rarely,489,Human Resources,2,2,Technical Degree,1,566,1,Male,52,2,1,Human Resources,4,Single,2564,18437,1,Y,No,12,3,3,80,0,1,3,4,1,0,0,0,0.8846806,High Risk,2.6666666666666665,1282.0,3.0,HIGH RISK: HR review; retention conversation; career-path and compensation review.,43-4161.00,"Google Docs, Speaking, Oracle PeopleSoft, Microsoft Access, Critical Thinking, Monitoring, Microsoft SharePoint, Active Learning, Microsoft PowerPoint, Applicant tracking software, Microsoft Word, Active Listening","Reading Comprehension, Writing, Microsoft Excel, Microsoft Office software, Microsoft Outlook, Oracle HRIS, Microsoft Visio",63.16,Start: Reading Comprehension
30,No,Non-Travel,1398,Sales,22,4,Other,1,567,3,Female,69,3,3,Sales Executive,1,Married,8412,2890,0,Y,No,11,3,3,80,0,10,3,3,9,8,7,8,0.082641125,Low Risk,2.3333333333333335,841.2,2.3333333333333335,LOW RISK: Continue standard career development and engagement tracking.,53-3031.00,"Writing, Critical Thinking, Microsoft Excel, Microsoft Office software, Active Listening","Speaking, Reading Comprehension",71.43,Start: Speaking
57,No,Travel_Rarely,210,Sales,29,3,Marketing,1,568,1,Male,56,2,4,Manager,4,Divorced,14118,22102,3,Y,No,12,3,3,80,1,32,3,2,1,0,0,0,0.18955152,Low Risk,2.6666666666666665,7059.0,2.3333333333333335,LOW RISK: Continue standard career development and engagement tracking.,47-1011.03,"Microsoft Visio, Microsoft Office software, Autodesk AutoCAD, Microsoft Project, Microsoft Windows, Microsoft Excel, Writing, Critical Thinking, Learning Strategies, Oracle Primavera Enterprise Project Portfolio Management, Mathematics, Autodesk Revit","Reading Comprehension, Monitoring, Active Listening, Speaking, Active Learning, Autodesk AutoCAD Civil 3D, Microsoft Outlook, Microsoft PowerPoint, Microsoft Word",57.14,Start: Reading Comprehension
50,No,Travel_Rarely,1099,Research & Development,29,4,Life Sciences,1,569,2,Male,88,2,4,Manager,3,Married,17046,9314,0,Y,No,15,3,2,80,1,28,2,3,27,10,15,7,0.023507942,Low Risk,2.3333333333333335,608.7857142857143,2.6666666666666665,LOW RISK: Continue standard career development and engagement tracking.,47-1011.03,"Reading Comprehension, Microsoft Windows, Microsoft Outlook, Microsoft Excel, Monitoring, Critical Thinking, Microsoft Office software, Autodesk Revit, Autodesk AutoCAD, Mathematics, Microsoft Project","Active Listening, Speaking, Writing, Active Learning, Learning Strategies, Autodesk AutoCAD Civil 3D, Microsoft PowerPoint, Microsoft Visio, Microsoft Word, Oracle Primavera Enterprise Project Portfolio Management",52.38,Start: Active Listening
30,No,Non-Travel,1116,Research & Development,2,3,Medical,1,571,3,Female,49,3,1,Laboratory Technician,4,Single,2564,7181,0,Y,No,14,3,3,80,0,12,2,2,11,7,6,7,0.030246923,Low Risk,3.3333333333333335,213.66666666666666,3.0,LOW RISK: Continue standard career development and engagement tracking.,51-9083.00,"Reading Comprehension, Microsoft Word, Monitoring, Critical Thinking","Microsoft Excel, Microsoft Office software, Microsoft Outlook, Microsoft PowerPoint, SAP software",44.44,Start: Microsoft Excel
60,No,Travel_Frequently,1499,Sales,28,3,Marketing,1,573,3,Female,80,2,3,Sales Executive,1,Married,10266,2845,4,Y,No,19,3,4,80,0,22,5,4,18,13,13,11,0.11046453,Low Risk,2.6666666666666665,540.3157894736842,2.6666666666666665,LOW RISK: Continue standard career development and engagement tracking.,53-3031.00,"Speaking, Microsoft Office software, Microsoft Excel, Critical Thinking","Active Listening, Reading Comprehension, Writing",57.14,Start: Active Listening
47,No,Travel_Rarely,983,Research & Development,2,2,Medical,1,574,1,Female,65,3,2,Manufacturing Director,4,Divorced,5070,7389,5,Y,No,13,3,3,80,3,20,2,3,5,0,0,4,0.05923386,Low Risk,2.6666666666666665,845.0,2.6666666666666665,LOW RISK: Continue standard career development and engagement tracking.,51-9195.05,"Active Listening, Monitoring, Microsoft Excel, Critical Thinking",Microsoft Outlook,80.0,Start: Microsoft Outlook
46,No,Travel_Rarely,1009,Research & Development,2,3,Life Sciences,1,575,1,Male,51,3,4,Research Director,3,Married,17861,2288,6,Y,No,13,3,3,80,0,26,2,1,3,2,0,1,0.037480727,Low Risk,2.3333333333333335,4465.25,1.6666666666666667,LOW RISK: Continue standard career development and engagement tracking.,27-2041.00,"Reading Comprehension, Critical Thinking, Microsoft Outlook, Microsoft PowerPoint, Microsoft Office software, Microsoft Excel, Writing, Active Learning, Monitoring, Active Listening","Speaking, Learning Strategies, Microsoft Word",76.92,Start: Speaking
35,No,Travel_Rarely,144,Research & Development,22,3,Life Sciences,1,577,4,Male,46,1,1,Laboratory Technician,3,Single,4230,19225,0,Y,No,15,3,3,80,0,6,2,3,5,4,4,3,0.119872205,Low Risk,3.3333333333333335,705.0,3.3333333333333335,LOW RISK: Continue standard career development and engagement tracking.,51-9083.00,"Monitoring, Reading Comprehension, Microsoft Office software, Microsoft Excel, Microsoft PowerPoint","Critical Thinking, Microsoft Outlook, Microsoft Word, SAP software",55.56,Start: Critical Thinking
54,No,Travel_Rarely,548,Research & Development,8,4,Life Sciences,1,578,3,Female,42,3,2,Laboratory Technician,3,Single,3780,23428,7,Y,No,11,3,3,80,0,19,3,3,1,0,0,0,0.18315701,Low Risk,3.0,1890.0,3.0,LOW RISK: Continue standard career development and engagement tracking.,51-9083.00,"Microsoft Excel, Monitoring, Microsoft Office software, Microsoft PowerPoint, Critical Thinking","Reading Comprehension, Microsoft Outlook, Microsoft Word, SAP software",55.56,Start: Reading Comprehension
34,No,Travel_Rarely,1303,Research & Development,2,4,Life Sciences,1,579,4,Male,62,2,1,Research Scientist,3,Divorced,2768,8416,3,Y,No,12,3,3,80,1,14,3,3,7,3,5,7,0.009798541,Low Risk,3.3333333333333335,346.0,3.3333333333333335,LOW RISK: Continue standard career development and engagement tracking.,15-1221.00,"Apache Hadoop, Git, C++, Science, Apache Kafka, Mathematics, Amazon Web Services AWS software, Learning Strategies, Active Learning, C, Monitoring","Reading Comprehension, Critical Thinking, Active Listening, Writing, Speaking, Ansible software, Apache Spark, Bash, Docker, GitHub, Go",50.0,Start: Reading Comprehension
46,No,Travel_Rarely,1125,Sales,10,3,Marketing,1,580,3,Female,94,2,3,Sales Executive,4,Married,9071,11563,2,Y,Yes,19,3,3,80,1,15,3,3,3,2,1,2,0.07141974,Low Risk,3.3333333333333335,2267.75,3.3333333333333335,LOW RISK: Continue standard career development and engagement tracking.,53-3031.00,"Active Listening, Critical Thinking, Writing, Microsoft Office software","Speaking, Reading Comprehension, Microsoft Excel",57.14,Start: Speaking
31,No,Travel_Rarely,1274,Research & Development,9,1,Life Sciences,1,581,3,Male,33,3,3,Manufacturing Director,2,Divorced,10648,14394,1,Y,No,25,4,4,80,1,13,6,4,13,8,0,8,0.055668097,Low Risk,3.0,760.5714285714286,3.0,LOW RISK: Continue standard career development and engagement tracking.,51-9195.05,"Monitoring, Microsoft Excel, Active Listening, Critical Thinking",Microsoft Outlook,80.0,Start: Microsoft Outlook
33,Yes,Travel_Rarely,1277,Research & Development,15,1,Medical,1,582,2,Male,56,3,3,Manager,3,Married,13610,24619,7,Y,Yes,12,3,4,80,0,15,2,4,7,6,7,7,0.8512864,High Risk,3.0,1701.25,3.0,HIGH RISK: HR review; retention conversation; career-path and compensation review.,47-1011.03,"Mathematics, Learning Strategies, Microsoft Excel, Active Listening, Microsoft Office software, Microsoft Project, Active Learning, Speaking, Monitoring, Microsoft Windows","Reading Comprehension, Critical Thinking, Writing, Autodesk AutoCAD, Autodesk AutoCAD Civil 3D, Autodesk Revit, Microsoft Outlook, Microsoft PowerPoint, Microsoft Visio, Microsoft Word, Oracle Primavera Enterprise Project Portfolio Management",47.62,Start: Reading Comprehension
33,Yes,Travel_Rarely,587,Research & Development,10,1,Medical,1,584,1,Male,38,1,1,Laboratory Technician,4,Divorced,3408,6705,7,Y,No,13,3,1,80,3,8,2,3,4,3,1,3,0.87072325,High Risk,2.0,681.6,2.6666666666666665,HIGH RISK: HR review; retention conversation; career-path and compensation review.,51-9083.00,"Microsoft Outlook, Critical Thinking, Monitoring, Microsoft Excel, Reading Comprehension","Microsoft Office software, Microsoft PowerPoint, Microsoft Word, SAP software",55.56,Start: Microsoft Office software
30,No,Travel_Rarely,413,Sales,7,1,Marketing,1,585,4,Male,57,3,1,Sales Representative,2,Single,2983,18398,0,Y,No,14,3,1,80,0,4,3,3,3,2,1,2,0.26429322,Low Risk,2.3333333333333335,745.75,3.0,LOW RISK: Continue standard career development and engagement tracking.,41-4012.00,"Active Listening, Monitoring, Apple macOS, Adobe Acrobat, Microsoft PowerPoint, Reading Comprehension, Microsoft Outlook, Microsoft Excel, Writing, Salesforce software","Speaking, Critical Thinking, Active Learning, Microsoft Office software, Adobe Creative Cloud software, Adobe Illustrator, Adobe InDesign, Adobe Photoshop, Autodesk AutoCAD",52.63,Start: Speaking
35,No,Travel_Rarely,1276,Research & Development,16,3,Life Sciences,1,586,4,Male,72,3,3,Healthcare Representative,3,Married,7632,14295,4,Y,Yes,12,3,3,80,0,10,2,3,8,7,0,0,0.2272671,Low Risk,3.3333333333333335,848.0,3.3333333333333335,LOW RISK: Continue standard career development and engagement tracking.,43-4051.00,"Reading Comprehension, Writing, Intuit QuickBooks, Google Docs, Monitoring, Adobe Illustrator, Adobe Creative Cloud software, Microsoft Office software, Facebook","Active Listening, Speaking, Critical Thinking, Microsoft Excel, Microsoft Outlook, Adobe Acrobat, Adobe Photoshop, Apple macOS, Kronos Workforce Timekeeper",50.0,Start: Active Listening
31,Yes,Travel_Frequently,534,Research & Development,20,3,Life Sciences,1,587,1,Male,66,3,3,Healthcare Representative,3,Married,9824,22908,3,Y,No,12,3,1,80,0,12,2,3,1,0,0,0,0.93653804,High Risk,1.6666666666666667,4912.0,2.3333333333333335,HIGH RISK: HR review; retention conversation; career-path and compensation review.,43-4051.00,"Speaking, Adobe Acrobat, Active Listening, Microsoft Excel, Adobe Creative Cloud software, Monitoring, Writing, Critical Thinking, Adobe Illustrator, Google Docs, Intuit QuickBooks","Reading Comprehension, Microsoft Office software, Microsoft Outlook, Adobe Photoshop, Apple macOS, Facebook, Kronos Workforce Timekeeper",61.11,Start: Reading Comprehension
34,Yes,Travel_Frequently,988,Human Resources,23,3,Human Resources,1,590,2,Female,43,3,3,Human Resources,1,Divorced,9950,11533,9,Y,Yes,15,3,3,80,3,11,2,3,3,2,0,2,0.8329397,High Risk,2.0,2487.5,2.0,HIGH RISK: HR review; retention conversation; career-path and compensation review.,43-4161.00,"Microsoft PowerPoint, Microsoft Visio, Microsoft Access, Critical Thinking, Microsoft Excel, Microsoft Outlook, Writing, Active Learning, Monitoring, Applicant tracking software","Reading Comprehension, Active Listening, Speaking, Microsoft Office software, Microsoft Word, Oracle HRIS, Google Docs, Microsoft SharePoint, Oracle PeopleSoft",52.63,Start: Reading Comprehension
42,No,Travel_Frequently,1474,Research & Development,5,2,Other,1,591,2,Male,97,3,1,Laboratory Technician,3,Married,2093,9260,4,Y,No,17,3,4,80,1,8,4,3,2,2,2,0,0.13146879,Low Risk,3.0,697.6666666666666,2.6666666666666665,LOW RISK: Continue standard career development and engagement tracking.,51-9083.00,"Microsoft Word, Microsoft Office software, Monitoring, Microsoft PowerPoint, Critical Thinking, Microsoft Excel","Reading Comprehension, Microsoft Outlook, SAP software",66.67,Start: Reading Comprehension
36,No,Non-Travel,635,Sales,10,4,Medical,1,592,2,Male,32,3,3,Sales Executive,4,Single,9980,15318,1,Y,No,14,3,4,80,0,10,3,2,10,3,9,7,0.17362267,Low Risk,3.3333333333333335,907.2727272727273,2.6666666666666665,LOW RISK: Continue standard career development and engagement tracking.,53-3031.00,"Writing, Microsoft Office software, Microsoft Excel, Reading Comprehension, Speaking","Active Listening, Critical Thinking",71.43,Start: Active Listening
22,Yes,Travel_Frequently,1368,Research & Development,4,1,Technical Degree,1,593,3,Male,99,2,1,Laboratory Technician,3,Single,3894,9129,5,Y,No,16,3,3,80,0,4,3,3,2,2,1,2,0.84347653,High Risk,3.0,1298.0,3.0,HIGH RISK: HR review; retention conversation; career-path and compensation review.,51-9083.00,"Reading Comprehension, Critical Thinking, Microsoft PowerPoint, Microsoft Word, Microsoft Office software, Monitoring, SAP software","Microsoft Excel, Microsoft Outlook",77.78,Start: Microsoft Excel
48,No,Travel_Rarely,163,Sales,2,5,Marketing,1,595,2,Female,37,3,2,Sales Executive,4,Married,4051,19658,2,Y,No,14,3,1,80,1,14,2,3,9,7,6,7,0.08753066,Low Risk,2.3333333333333335,405.1,3.0,LOW RISK: Continue standard career development and engagement tracking.,53-3031.00,"Microsoft Excel, Reading Comprehension, Active Listening, Microsoft Office software","Speaking, Critical Thinking, Writing",57.14,Start: Speaking
55,No,Travel_Rarely,1117,Sales,18,5,Life Sciences,1,597,1,Female,83,3,4,Manager,2,Single,16835,9873,3,Y,No,23,4,4,80,0,37,2,3,10,9,7,7,0.13211407,Low Risk,2.3333333333333335,1530.4545454545455,2.0,LOW RISK: Continue standard career development and engagement tracking.,47-1011.03,"Monitoring, Autodesk AutoCAD, Microsoft Office software, Microsoft Project, Microsoft Visio, Critical Thinking, Reading Comprehension, Autodesk Revit, Writing, Active Listening, Autodesk AutoCAD Civil 3D, Active Learning, Microsoft Windows, Microsoft Outlook","Speaking, Mathematics, Learning Strategies, Microsoft Excel, Microsoft PowerPoint, Microsoft Word, Oracle Primavera Enterprise Project Portfolio Management",66.67,Start: Speaking
41,No,Non-Travel,267,Sales,10,2,Life Sciences,1,599,4,Male,56,3,2,Sales Executive,4,Single,6230,13430,7,Y,No,14,3,4,80,0,16,3,3,14,3,1,10,0.08689833,Low Risk,4.0,415.3333333333333,3.6666666666666665,LOW RISK: Continue standard career development and engagement tracking.,53-3031.00,"Microsoft Office software, Critical Thinking, Microsoft Excel, Speaking, Reading Comprehension","Active Listening, Writing",71.43,Start: Active Listening
35,No,Travel_Rarely,619,Sales,1,3,Marketing,1,600,2,Male,85,3,2,Sales Executive,3,Married,4717,18659,9,Y,No,11,3,3,80,0,15,2,3,11,9,6,9,0.23156556,Low Risk,2.6666666666666665,393.0833333333333,2.6666666666666665,LOW RISK: Continue standard career development and engagement tracking.,53-3031.00,"Speaking, Microsoft Office software, Microsoft Excel, Reading Comprehension, Writing","Active Listening, Critical Thinking",71.43,Start: Active Listening
40,No,Travel_Rarely,302,Research & Development,6,3,Life Sciences,1,601,2,Female,75,3,4,Manufacturing Director,3,Single,13237,20364,7,Y,No,15,3,3,80,0,22,3,3,20,6,5,13,0.03492326,Low Risk,2.6666666666666665,630.3333333333334,2.6666666666666665,LOW RISK: Continue standard career development and engagement tracking.,51-9195.05,"Active Listening, Microsoft Excel, Microsoft Outlook","Critical Thinking, Monitoring",60.0,Start: Critical Thinking
39,No,Travel_Frequently,443,Research & Development,8,1,Life Sciences,1,602,3,Female,48,3,1,Laboratory Technician,3,Married,3755,17872,1,Y,No,11,3,1,80,1,8,3,3,8,3,0,7,0.2597686,Low Risk,2.3333333333333335,417.22222222222223,3.0,LOW RISK: Continue standard career development and engagement tracking.,51-9083.00,"Reading Comprehension, Microsoft Word, SAP software, Microsoft PowerPoint, Microsoft Outlook, Microsoft Excel, Microsoft Office software","Critical Thinking, Monitoring",77.78,Start: Critical Thinking
31,No,Travel_Rarely,828,Sales,2,1,Life Sciences,1,604,2,Male,77,3,2,Sales Executive,4,Single,6582,8346,4,Y,Yes,13,3,3,80,0,10,2,4,6,5,0,5,0.31163317,Low Risk,3.0,940.2857142857143,3.3333333333333335,LOW RISK: Continue standard career development and engagement tracking.,53-3031.00,"Speaking, Microsoft Excel, Microsoft Office software, Reading Comprehension, Writing","Active Listening, Critical Thinking",71.43,Start: Active Listening
42,No,Travel_Rarely,319,Research & Development,24,3,Medical,1,605,4,Male,56,3,3,Manufacturing Director,1,Married,7406,6950,1,Y,Yes,21,4,4,80,1,10,5,2,10,9,5,8,0.32479945,Low Risk,3.0,673.2727272727273,2.3333333333333335,LOW RISK: Continue standard career development and engagement tracking.,51-9195.05,"Critical Thinking, Microsoft Outlook, Monitoring","Active Listening, Microsoft Excel",60.0,Start: Active Listening
45,No,Travel_Rarely,561,Sales,2,3,Other,1,606,4,Male,61,3,2,Sales Executive,2,Married,4805,16177,0,Y,No,19,3,2,80,1,9,3,4,8,7,3,7,0.054654587,Low Risk,2.6666666666666665,533.8888888888889,3.3333333333333335,LOW RISK: Continue standard career development and engagement tracking.,53-3031.00,"Microsoft Office software, Microsoft Excel, Speaking, Writing, Reading Comprehension, Active Listening",Critical Thinking,85.71,Start: Critical Thinking
26,Yes,Travel_Frequently,426,Human Resources,17,4,Life Sciences,1,608,2,Female,58,3,1,Human Resources,3,Divorced,2741,22808,0,Y,Yes,11,3,2,80,1,8,2,2,7,7,1,0,0.9211235,High Risk,2.3333333333333335,342.625,2.3333333333333335,HIGH RISK: HR review; retention conversation; career-path and compensation review.,43-4161.00,"Google Docs, Active Learning, Microsoft Office software, Critical Thinking, Microsoft Visio, Microsoft SharePoint, Writing, Microsoft Excel, Reading Comprehension, Active Listening, Microsoft Outlook, Applicant tracking software, Speaking, Microsoft Access, Monitoring","Microsoft PowerPoint, Microsoft Word, Oracle HRIS, Oracle PeopleSoft",78.95,Start: Microsoft PowerPoint
29,No,Travel_Rarely,232,Research & Development,19,3,Technical Degree,1,611,4,Male,34,3,2,Manufacturing Director,4,Divorced,4262,22645,4,Y,No,12,3,2,80,2,8,2,4,3,2,1,2,0.08146238,Low Risk,3.3333333333333335,1065.5,4.0,LOW RISK: Continue standard career development and engagement tracking.,51-9195.05,"Microsoft Excel, Critical Thinking, Active Listening","Monitoring, Microsoft Outlook",60.0,Start: Monitoring
33,No,Travel_Rarely,922,Research & Development,1,5,Medical,1,612,1,Female,95,4,4,Research Director,3,Divorced,16184,22578,4,Y,No,19,3,3,80,1,10,2,3,6,1,0,5,0.007828801,Low Risk,2.3333333333333335,2312.0,2.3333333333333335,LOW RISK: Continue standard career development and engagement tracking.,27-2041.00,"Active Listening, Speaking, Reading Comprehension, Writing, Active Learning, Monitoring, Microsoft Word, Microsoft Excel","Critical Thinking, Learning Strategies, Microsoft Office software, Microsoft Outlook, Microsoft PowerPoint",61.54,Start: Critical Thinking
31,No,Travel_Rarely,688,Sales,7,3,Life Sciences,1,613,3,Male,44,2,3,Manager,4,Divorced,11557,25291,9,Y,No,21,4,3,80,1,10,3,2,5,4,0,1,0.19941092,Low Risk,3.3333333333333335,1926.1666666666667,3.0,LOW RISK: Continue standard career development and engagement tracking.,47-1011.03,"Learning Strategies, Microsoft Windows, Critical Thinking, Microsoft Outlook, Speaking, Writing, Microsoft Office software, Active Learning, Microsoft Excel, Mathematics, Microsoft Project, Oracle Primavera Enterprise Project Portfolio Management, Autodesk AutoCAD, Microsoft Visio, Reading Comprehension, Microsoft PowerPoint, Active Listening","Monitoring, Autodesk AutoCAD Civil 3D, Autodesk Revit, Microsoft Word",80.95,Start: Monitoring
18,Yes,Travel_Frequently,1306,Sales,5,3,Marketing,1,614,2,Male,69,3,1,Sales Representative,2,Single,1878,8059,1,Y,Yes,14,3,4,80,0,0,3,3,0,0,0,0,0.97257555,High Risk,2.6666666666666665,1878.0,2.3333333333333335,HIGH RISK: HR review; retention conversation; career-path and compensation review.,41-4012.00,"Active Listening, Critical Thinking, Reading Comprehension, Adobe Illustrator, Salesforce software, Speaking, Adobe Acrobat, Microsoft PowerPoint, Microsoft Office software, Autodesk AutoCAD, Adobe InDesign, Microsoft Outlook, Active Learning, Adobe Creative Cloud software, Apple macOS","Writing, Monitoring, Microsoft Excel, Adobe Photoshop",78.95,Start: Writing
40,No,Non-Travel,1094,Sales,28,3,Other,1,615,3,Male,58,1,3,Sales Executive,1,Divorced,10932,11373,3,Y,No,15,3,3,80,1,20,2,3,1,0,0,1,0.09809744,Low Risk,2.3333333333333335,5466.0,2.3333333333333335,LOW RISK: Continue standard career development and engagement tracking.,53-3031.00,"Active Listening, Reading Comprehension, Writing, Microsoft Office software, Critical Thinking","Speaking, Microsoft Excel",71.43,Start: Speaking
41,No,Non-Travel,509,Research & Development,2,4,Other,1,616,1,Female,62,2,2,Healthcare Representative,3,Single,6811,2112,2,Y,Yes,17,3,1,80,0,10,3,3,8,7,0,7,0.1270635,Low Risk,1.6666666666666667,756.7777777777778,2.3333333333333335,LOW RISK: Continue standard career development and engagement tracking.,43-4051.00,"Reading Comprehension, Microsoft Outlook, Critical Thinking, Active Listening, Adobe Illustrator, Adobe Photoshop, Facebook, Adobe Acrobat, Speaking, Microsoft Office software, Kronos Workforce Timekeeper, Adobe Creative Cloud software","Writing, Monitoring, Microsoft Excel, Apple macOS, Google Docs, Intuit QuickBooks",66.67,Start: Writing
26,No,Travel_Rarely,775,Sales,29,2,Medical,1,618,1,Male,45,3,2,Sales Executive,3,Divorced,4306,4267,5,Y,No,12,3,1,80,2,8,5,3,0,0,0,0,0.4939039,Medium Risk,1.6666666666666667,4306.0,2.3333333333333335,MEDIUM RISK: Manager check-in; mentorship; targeted development plan.,53-3031.00,"Microsoft Office software, Microsoft Excel, Critical Thinking","Active Listening, Speaking, Reading Comprehension, Writing",42.86,Start: Active Listening
35,No,Travel_Rarely,195,Sales,1,3,Medical,1,620,1,Female,80,3,2,Sales Executive,3,Single,4859,6698,1,Y,No,16,3,4,80,0,5,3,3,5,4,0,3,0.071407326,Low Risk,2.6666666666666665,809.8333333333334,2.3333333333333335,LOW RISK: Continue standard career development and engagement tracking.,53-3031.00,"Speaking, Microsoft Excel, Active Listening, Critical Thinking","Reading Comprehension, Writing, Microsoft Office software",57.14,Start: Reading Comprehension
34,No,Travel_Rarely,258,Sales,21,4,Life Sciences,1,621,4,Male,74,4,2,Sales Executive,4,Single,5337,19921,1,Y,No,12,3,4,80,0,10,3,3,10,7,5,7,0.13273066,Low Risk,4.0,485.1818181818182,3.6666666666666665,LOW RISK: Continue standard career development and engagement tracking.,53-3031.00,"Reading Comprehension, Microsoft Office software, Critical Thinking, Active Listening","Speaking, Writing, Microsoft Excel",57.14,Start: Speaking
26,Yes,Travel_Rarely,471,Research & Development,24,3,Technical Degree,1,622,3,Male,66,1,1,Laboratory Technician,4,Single,2340,23213,1,Y,Yes,18,3,2,80,0,1,3,1,1,0,0,0,0.9910005,High Risk,3.0,1170.0,2.6666666666666665,HIGH RISK: HR review; retention conversation; career-path and compensation review.,51-9083.00,"Critical Thinking, Microsoft Outlook, SAP software, Microsoft Excel, Reading Comprehension","Monitoring, Microsoft Office software, Microsoft PowerPoint, Microsoft Word",55.56,Start: Monitoring
37,No,Travel_Rarely,799,Research & Development,1,3,Technical Degree,1,623,2,Female,59,3,3,Manufacturing Director,4,Single,7491,23848,4,Y,No,17,3,4,80,0,12,3,4,6,5,1,2,0.025723953,Low Risk,3.3333333333333335,1070.142857142857,3.3333333333333335,LOW RISK: Continue standard career development and engagement tracking.,51-9195.05,"Microsoft Excel, Active Listening, Monitoring, Critical Thinking",Microsoft Outlook,80.0,Start: Microsoft Outlook
46,No,Travel_Frequently,1034,Research & Development,18,1,Medical,1,624,1,Female,86,3,3,Healthcare Representative,3,Married,10527,8984,5,Y,No,11,3,4,80,0,28,3,2,2,2,1,2,0.25896084,Low Risk,2.6666666666666665,3509.0,2.0,LOW RISK: Continue standard career development and engagement tracking.,43-4051.00,"Adobe Photoshop, Microsoft Excel, Reading Comprehension, Monitoring, Microsoft Outlook, Active Listening, Speaking, Critical Thinking, Google Docs, Facebook, Kronos Workforce Timekeeper, Apple macOS, Adobe Illustrator, Adobe Creative Cloud software, Microsoft Office software","Writing, Adobe Acrobat, Intuit QuickBooks",83.33,Start: Writing
41,No,Travel_Rarely,1276,Sales,2,5,Life Sciences,1,625,2,Female,91,3,4,Manager,1,Married,16595,5626,7,Y,No,16,3,2,80,1,22,2,3,18,16,11,8,0.027084062,Low Risk,1.6666666666666667,873.421052631579,2.0,LOW RISK: Continue standard career development and engagement tracking.,47-1011.03,"Writing, Oracle Primavera Enterprise Project Portfolio Management, Microsoft PowerPoint, Reading Comprehension, Microsoft Project, Microsoft Visio, Active Listening, Critical Thinking, Active Learning, Microsoft Office software, Speaking, Autodesk AutoCAD","Monitoring, Mathematics, Learning Strategies, Autodesk AutoCAD Civil 3D, Autodesk Revit, Microsoft Excel, Microsoft Outlook, Microsoft Windows, Microsoft Word",57.14,Start: Monitoring
37,No,Non-Travel,142,Sales,9,4,Medical,1,626,1,Male,69,3,3,Sales Executive,2,Divorced,8834,24666,1,Y,No,13,3,4,80,1,9,6,3,9,5,7,7,0.084755465,Low Risk,2.3333333333333335,883.4,2.0,LOW RISK: Continue standard career development and engagement tracking.,53-3031.00,"Active Listening, Microsoft Excel, Writing, Critical Thinking, Speaking, Microsoft Office software",Reading Comprehension,85.71,Start: Reading Comprehension
52,No,Travel_Rarely,956,Research & Development,6,2,Technical Degree,1,630,4,Male,78,3,2,Research Scientist,1,Divorced,5577,22087,3,Y,Yes,12,3,2,80,2,18,3,3,10,9,6,9,0.023186646,Low Risk,2.3333333333333335,507.0,2.6666666666666665,LOW RISK: Continue standard career development and engagement tracking.,15-1221.00,"Go, Writing, Active Learning, GitHub, Git, Apache Hadoop, Bash, Apache Kafka, Science, Ansible software, Active Listening, Learning Strategies, Mathematics, Monitoring, Docker, C++","Reading Comprehension, Critical Thinking, Speaking, Amazon Web Services AWS software, Apache Spark, C",72.73,Start: Reading Comprehension
32,Yes,Non-Travel,1474,Sales,11,4,Other,1,631,4,Male,60,4,2,Sales Executive,3,Married,4707,23914,8,Y,No,12,3,4,80,0,6,2,3,4,2,1,2,0.7623779,High Risk,3.6666666666666665,941.4,3.3333333333333335,HIGH RISK: HR review; retention conversation; career-path and compensation review.,53-3031.00,"Reading Comprehension, Writing, Microsoft Excel, Active Listening","Speaking, Critical Thinking, Microsoft Office software",57.14,Start: Speaking
24,No,Travel_Frequently,535,Sales,24,3,Medical,1,632,4,Male,38,3,1,Sales Representative,4,Married,2400,5530,0,Y,No,13,3,3,80,2,3,3,3,2,2,2,1,0.33982223,Low Risk,3.6666666666666665,800.0,3.6666666666666665,LOW RISK: Continue standard career development and engagement tracking.,41-4012.00,"Adobe Photoshop, Adobe InDesign, Reading Comprehension, Adobe Illustrator, Speaking, Microsoft Office software, Critical Thinking, Microsoft PowerPoint, Microsoft Outlook, Salesforce software","Active Listening, Writing, Active Learning, Monitoring, Microsoft Excel, Adobe Acrobat, Adobe Creative Cloud software, Apple macOS, Autodesk AutoCAD",52.63,Start: Active Listening
38,No,Travel_Rarely,1495,Research & Development,10,3,Medical,1,634,3,Female,76,3,2,Healthcare Representative,3,Married,9824,22174,3,Y,No,19,3,3,80,1,18,4,3,1,0,0,0,0.038446568,Low Risk,3.0,4912.0,3.0,LOW RISK: Continue standard career development and engagement tracking.,43-4051.00,"Adobe Creative Cloud software, Facebook, Microsoft Excel, Adobe Acrobat, Speaking, Reading Comprehension, Adobe Photoshop, Microsoft Office software, Kronos Workforce Timekeeper, Writing, Monitoring","Active Listening, Critical Thinking, Microsoft Outlook, Adobe Illustrator, Apple macOS, Google Docs, Intuit QuickBooks",61.11,Start: Active Listening
37,No,Travel_Rarely,446,Research & Development,1,4,Life Sciences,1,635,2,Female,65,3,2,Manufacturing Director,2,Married,6447,15701,6,Y,No,12,3,2,80,1,8,2,2,6,5,4,3,0.06321121,Low Risk,2.0,921.0,2.0,LOW RISK: Continue standard career development and engagement tracking.,51-9195.05,"Critical Thinking, Monitoring, Microsoft Excel","Active Listening, Microsoft Outlook",60.0,Start: Active Listening
49,No,Travel_Rarely,1245,Research & Development,18,4,Life Sciences,1,638,4,Male,58,2,5,Research Director,3,Divorced,19502,2125,1,Y,Yes,17,3,3,80,1,31,5,3,31,9,0,9,0.013678666,Low Risk,3.3333333333333335,609.4375,3.3333333333333335,LOW RISK: Continue standard career development and engagement tracking.,27-2041.00,"Microsoft PowerPoint, Writing, Learning Strategies, Critical Thinking, Active Learning, Microsoft Excel, Speaking, Active Listening, Reading Comprehension, Microsoft Word","Monitoring, Microsoft Office software, Microsoft Outlook",76.92,Start: Monitoring
24,No,Travel_Rarely,691,Research & Development,23,3,Medical,1,639,2,Male,89,4,1,Research Scientist,4,Married,2725,21630,1,Y,Yes,11,3,2,80,2,6,3,3,6,5,1,4,0.2641349,Low Risk,2.6666666666666665,389.2857142857143,3.0,LOW RISK: Continue standard career development and engagement tracking.,15-1221.00,"Monitoring, Apache Hadoop, Mathematics, Speaking, Science, Bash, C, Apache Spark, Active Learning, Amazon Web Services AWS software, C++, Learning Strategies, Writing, Go, GitHub","Reading Comprehension, Critical Thinking, Active Listening, Ansible software, Apache Kafka, Docker, Git",68.18,Start: Reading Comprehension
26,No,Travel_Rarely,703,Sales,28,2,Marketing,1,641,1,Male,66,3,2,Sales Executive,2,Married,6272,7428,1,Y,No,20,4,4,80,2,6,5,4,5,3,1,4,0.33129436,Low Risk,2.3333333333333335,1045.3333333333333,2.3333333333333335,LOW RISK: Continue standard career development and engagement tracking.,53-3031.00,"Active Listening, Reading Comprehension, Writing","Speaking, Critical Thinking, Microsoft Excel, Microsoft Office software",42.86,Start: Speaking
24,No,Travel_Rarely,823,Research & Development,17,2,Other,1,643,4,Male,94,2,1,Laboratory Technician,2,Married,2127,9100,1,Y,No,21,4,4,80,1,1,2,3,1,0,0,0,0.6519119,Medium Risk,3.3333333333333335,1063.5,3.0,MEDIUM RISK: Manager check-in; mentorship; targeted development plan.,51-9083.00,"SAP software, Reading Comprehension, Microsoft Word, Microsoft Office software, Microsoft Outlook","Critical Thinking, Monitoring, Microsoft Excel, Microsoft PowerPoint",55.56,Start: Critical Thinking
50,No,Travel_Frequently,1246,Human Resources,3,3,Medical,1,644,1,Male,99,3,5,Manager,2,Married,18200,7999,1,Y,No,11,3,3,80,1,32,2,3,32,5,10,7,0.10676806,Low Risk,2.0,551.5151515151515,2.0,LOW RISK: Continue standard career development and engagement tracking.,47-1011.03,"Monitoring, Speaking, Mathematics, Writing, Microsoft Excel, Active Listening, Autodesk AutoCAD, Microsoft Windows, Autodesk Revit, Autodesk AutoCAD Civil 3D, Critical Thinking, Microsoft Visio, Microsoft Project, Microsoft Outlook, Active Learning, Microsoft Word","Reading Comprehension, Learning Strategies, Microsoft Office software, Microsoft PowerPoint, Oracle Primavera Enterprise Project Portfolio Management",76.19,Start: Reading Comprehension
25,No,Travel_Rarely,622,Sales,13,1,Medical,1,645,2,Male,40,3,1,Sales Representative,3,Married,2096,26376,1,Y,No,11,3,3,80,0,7,1,3,7,4,0,6,0.25806403,Low Risk,2.6666666666666665,262.0,2.6666666666666665,LOW RISK: Continue standard career development and engagement tracking.,41-4012.00,"Writing, Microsoft PowerPoint, Apple macOS, Adobe Acrobat, Microsoft Excel, Speaking, Reading Comprehension, Autodesk AutoCAD, Adobe Illustrator, Microsoft Outlook, Monitoring, Adobe InDesign, Microsoft Office software, Active Learning","Active Listening, Critical Thinking, Salesforce software, Adobe Creative Cloud software, Adobe Photoshop",73.68,Start: Active Listening
24,Yes,Travel_Frequently,1287,Research & Development,7,3,Life Sciences,1,647,1,Female,55,3,1,Laboratory Technician,3,Married,2886,14168,1,Y,Yes,16,3,4,80,1,6,4,3,6,3,1,2,0.8919893,High Risk,2.6666666666666665,412.2857142857143,2.3333333333333335,HIGH RISK: HR review; retention conversation; career-path and compensation review.,51-9083.00,"Microsoft Office software, Microsoft Excel, Critical Thinking, Microsoft PowerPoint, Reading Comprehension","Monitoring, Microsoft Outlook, Microsoft Word, SAP software",55.56,Start: Monitoring
30,Yes,Travel_Frequently,448,Sales,12,4,Life Sciences,1,648,2,Male,74,2,1,Sales Representative,1,Married,2033,14470,1,Y,No,18,3,3,80,1,1,2,4,1,0,0,0,0.93997777,High Risk,2.0,1016.5,2.3333333333333335,HIGH RISK: HR review; retention conversation; career-path and compensation review.,41-4012.00,"Autodesk AutoCAD, Adobe Creative Cloud software, Speaking, Reading Comprehension, Adobe Photoshop, Microsoft PowerPoint, Microsoft Excel, Active Learning, Microsoft Office software, Microsoft Outlook","Active Listening, Critical Thinking, Writing, Monitoring, Salesforce software, Adobe Acrobat, Adobe Illustrator, Adobe InDesign, Apple macOS",52.63,Start: Active Listening
34,No,Travel_Rarely,254,Research & Development,1,2,Life Sciences,1,649,2,Male,83,2,1,Research Scientist,4,Married,3622,22794,1,Y,Yes,13,3,4,80,1,6,3,3,6,5,1,3,0.07593055,Low Risk,3.3333333333333335,517.4285714285714,3.0,LOW RISK: Continue standard career development and engagement tracking.,15-1221.00,"Apache Kafka, Apache Spark, Mathematics, Active Learning, Learning Strategies, Monitoring, Go, Bash, C, Active Listening, Ansible software, Writing, GitHub, Critical Thinking, Speaking, C++","Reading Comprehension, Science, Amazon Web Services AWS software, Apache Hadoop, Docker, Git",72.73,Start: Reading Comprehension
31,Yes,Travel_Rarely,1365,Sales,13,4,Medical,1,650,2,Male,46,3,2,Sales Executive,1,Divorced,4233,11512,2,Y,No,17,3,3,80,0,9,2,1,3,1,1,2,0.7824846,High Risk,2.0,1058.25,1.3333333333333333,HIGH RISK: HR review; retention conversation; career-path and compensation review.,53-3031.00,"Writing, Speaking, Active Listening, Reading Comprehension","Critical Thinking, Microsoft Excel, Microsoft Office software",57.14,Start: Critical Thinking
35,No,Travel_Rarely,538,Research & Development,25,2,Other,1,652,1,Male,54,2,2,Laboratory Technician,4,Single,3681,14004,4,Y,No,14,3,4,80,0,9,3,3,3,2,0,2,0.29040834,Low Risk,3.0,920.25,2.6666666666666665,LOW RISK: Continue standard career development and engagement tracking.,51-9083.00,"Microsoft Outlook, Microsoft PowerPoint, Microsoft Word, Reading Comprehension, Microsoft Office software","Critical Thinking, Monitoring, Microsoft Excel, SAP software",55.56,Start: Critical Thinking
31,No,Travel_Rarely,525,Sales,6,4,Medical,1,653,1,Male,66,4,2,Sales Executive,4,Divorced,5460,6219,4,Y,No,22,4,4,80,2,13,4,4,7,7,5,7,0.08757323,Low Risk,3.0,682.5,3.0,LOW RISK: Continue standard career development and engagement tracking.,53-3031.00,"Speaking, Reading Comprehension, Microsoft Office software, Active Listening, Microsoft Excel","Critical Thinking, Writing",71.43,Start: Critical Thinking
27,No,Travel_Rarely,798,Research & Development,6,4,Medical,1,655,1,Female,66,2,1,Research Scientist,3,Divorced,2187,5013,0,Y,No,12,3,3,80,2,6,5,2,5,3,0,3,0.057282194,Low Risk,2.3333333333333335,364.5,2.0,LOW RISK: Continue standard career development and engagement tracking.,15-1221.00,"Mathematics, Active Learning, Git, Apache Spark, Active Listening, C, Writing, Reading Comprehension, Critical Thinking, Monitoring, Amazon Web Services AWS software, Docker, Speaking","Learning Strategies, Science, Ansible software, Apache Hadoop, Apache Kafka, Bash, C++, GitHub, Go",59.09,Start: Learning Strategies
37,No,Travel_Rarely,558,Sales,2,3,Marketing,1,656,4,Male,75,3,2,Sales Executive,3,Married,9602,3010,4,Y,Yes,11,3,3,80,1,17,3,2,3,0,1,0,0.38974446,Low Risk,3.3333333333333335,2400.5,3.0,LOW RISK: Continue standard career development and engagement tracking.,53-3031.00,"Active Listening, Critical Thinking, Speaking, Writing","Reading Comprehension, Microsoft Excel, Microsoft Office software",57.14,Start: Reading Comprehension
20,No,Travel_Rarely,959,Research & Development,1,3,Life Sciences,1,657,4,Female,83,2,1,Research Scientist,2,Single,2836,11757,1,Y,No,13,3,4,80,0,1,0,4,1,0,0,0,0.14379229,Low Risk,3.3333333333333335,1418.0,3.3333333333333335,LOW RISK: Continue standard career development and engagement tracking.,15-1221.00,"Apache Kafka, Speaking, Apache Hadoop, GitHub, C, Active Listening, Active Learning, Go, Amazon Web Services AWS software, Critical Thinking, Mathematics, Docker, Monitoring, Writing, Learning Strategies, Apache Spark, Git, Ansible software","Reading Comprehension, Science, Bash, C++",81.82,Start: Reading Comprehension
42,No,Travel_Rarely,622,Research & Development,2,4,Life Sciences,1,659,3,Female,81,3,2,Healthcare Representative,4,Married,4089,5718,1,Y,No,13,3,2,80,2,10,4,3,10,2,2,2,0.02509919,Low Risk,3.0,371.72727272727275,3.3333333333333335,LOW RISK: Continue standard career development and engagement tracking.,43-4051.00,"Apple macOS, Adobe Acrobat, Adobe Photoshop, Adobe Creative Cloud software, Microsoft Office software, Critical Thinking, Microsoft Outlook, Microsoft Excel, Google Docs, Intuit QuickBooks, Facebook","Active Listening, Speaking, Reading Comprehension, Writing, Monitoring, Adobe Illustrator, Kronos Workforce Timekeeper",61.11,Start: Active Listening
43,No,Travel_Rarely,782,Research & Development,6,4,Other,1,661,2,Male,50,2,4,Research Director,4,Divorced,16627,2671,4,Y,Yes,14,3,3,80,1,21,3,2,1,0,0,0,0.024302829,Low Risk,3.0,8313.5,2.6666666666666665,LOW RISK: Continue standard career development and engagement tracking.,27-2041.00,"Microsoft Word, Reading Comprehension, Microsoft Excel, Writing, Learning Strategies, Critical Thinking","Active Listening, Speaking, Monitoring, Active Learning, Microsoft Office software, Microsoft Outlook, Microsoft PowerPoint",46.15,Start: Active Listening
38,No,Travel_Rarely,362,Research & Development,1,1,Life Sciences,1,662,3,Female,43,3,1,Research Scientist,1,Single,2619,14561,3,Y,No,17,3,4,80,0,8,3,2,0,0,0,0,0.101891436,Low Risk,2.6666666666666665,2619.0,2.0,LOW RISK: Continue standard career development and engagement tracking.,15-1221.00,"Go, Science, Learning Strategies, Monitoring, Amazon Web Services AWS software, GitHub, Writing, Apache Hadoop, Mathematics, Critical Thinking, Apache Spark, Speaking, Active Listening, C, Ansible software, Git, Apache Kafka, C++","Active Learning, Reading Comprehension, Bash, Docker",81.82,Start: Active Learning
43,No,Travel_Frequently,1001,Research & Development,9,5,Medical,1,663,4,Male,72,3,2,Laboratory Technician,3,Divorced,5679,19627,3,Y,Yes,13,3,2,80,1,10,3,3,8,7,4,7,0.06839284,Low Risk,3.0,631.0,3.3333333333333335,LOW RISK: Continue standard career development and engagement tracking.,51-9083.00,"Microsoft PowerPoint, Microsoft Excel, Critical Thinking, Reading Comprehension, Microsoft Office software, Monitoring, Microsoft Outlook","Microsoft Word, SAP software",77.78,Start: Microsoft Word
48,No,Travel_Rarely,1236,Research & Development,1,4,Life Sciences,1,664,4,Female,40,2,4,Manager,1,Married,15402,17997,7,Y,No,11,3,1,80,1,21,3,1,3,2,0,2,0.0352112,Low Risk,2.0,3850.5,2.0,LOW RISK: Continue standard career development and engagement tracking.,47-1011.03,"Writing, Microsoft PowerPoint, Mathematics, Microsoft Visio, Monitoring, Active Listening, Autodesk AutoCAD, Microsoft Excel, Microsoft Outlook, Autodesk AutoCAD Civil 3D, Critical Thinking, Microsoft Windows, Microsoft Word","Reading Comprehension, Speaking, Active Learning, Learning Strategies, Autodesk Revit, Microsoft Office software, Microsoft Project, Oracle Primavera Enterprise Project Portfolio Management",61.9,Start: Reading Comprehension
44,No,Travel_Rarely,1112,Human Resources,1,4,Life Sciences,1,665,1,Female,50,2,2,Human Resources,3,Single,5985,26894,4,Y,No,11,3,2,80,0,10,1,4,2,2,0,2,0.07369659,Low Risk,2.0,1995.0,2.6666666666666665,LOW RISK: Continue standard career development and engagement tracking.,43-4161.00,"Microsoft Office software, Microsoft Access, Applicant tracking software, Active Listening, Google Docs, Oracle PeopleSoft, Microsoft Visio, Monitoring, Microsoft Excel, Microsoft SharePoint","Reading Comprehension, Speaking, Writing, Critical Thinking, Active Learning, Microsoft Outlook, Microsoft PowerPoint, Microsoft Word, Oracle HRIS",52.63,Start: Reading Comprehension
34,No,Travel_Rarely,204,Sales,14,3,Technical Degree,1,666,3,Female,31,3,1,Sales Representative,3,Divorced,2579,2912,1,Y,Yes,18,3,4,80,2,8,3,3,8,2,0,6,0.20267805,Low Risk,3.3333333333333335,286.55555555555554,3.0,LOW RISK: Continue standard career development and engagement tracking.,41-4012.00,"Active Listening, Salesforce software, Critical Thinking, Microsoft PowerPoint, Speaking, Apple macOS, Active Learning, Writing, Monitoring, Adobe Creative Cloud software, Microsoft Office software, Microsoft Excel, Adobe Illustrator","Reading Comprehension, Microsoft Outlook, Adobe Acrobat, Adobe InDesign, Adobe Photoshop, Autodesk AutoCAD",68.42,Start: Reading Comprehension
27,Yes,Travel_Rarely,1420,Sales,2,1,Marketing,1,667,3,Male,85,3,1,Sales Representative,1,Divorced,3041,16346,0,Y,No,11,3,2,80,1,5,3,3,4,3,0,2,0.6388234,Medium Risk,2.0,608.2,2.3333333333333335,MEDIUM RISK: Manager check-in; mentorship; targeted development plan.,41-4012.00,"Microsoft Office software, Adobe Illustrator, Adobe Creative Cloud software, Writing, Apple macOS, Reading Comprehension, Speaking, Microsoft Outlook, Salesforce software, Microsoft Excel, Critical Thinking, Active Learning","Active Listening, Monitoring, Microsoft PowerPoint, Adobe Acrobat, Adobe InDesign, Adobe Photoshop, Autodesk AutoCAD",63.16,Start: Active Listening
21,No,Travel_Rarely,1343,Sales,22,1,Technical Degree,1,669,3,Male,49,3,1,Sales Representative,3,Single,3447,24444,1,Y,No,11,3,3,80,0,3,2,3,3,2,1,2,0.2858539,Low Risk,3.0,861.75,3.0,LOW RISK: Continue standard career development and engagement tracking.,41-4012.00,"Critical Thinking, Microsoft Office software, Salesforce software, Writing, Active Learning, Autodesk AutoCAD, Adobe Creative Cloud software, Microsoft Outlook, Adobe Illustrator, Active Listening, Adobe Photoshop, Monitoring, Adobe InDesign, Apple macOS","Speaking, Reading Comprehension, Microsoft Excel, Microsoft PowerPoint, Adobe Acrobat",73.68,Start: Speaking
44,No,Travel_Rarely,1315,Research & Development,3,4,Other,1,671,4,Male,35,3,5,Manager,4,Married,19513,9358,4,Y,Yes,12,3,1,80,1,26,2,4,2,2,0,1,0.02292974,Low Risk,3.0,6504.333333333333,4.0,LOW RISK: Continue standard career development and engagement tracking.,47-1011.03,"Microsoft Outlook, Microsoft PowerPoint, Reading Comprehension, Autodesk AutoCAD Civil 3D, Microsoft Visio, Active Learning, Active Listening, Microsoft Excel, Mathematics, Writing, Speaking, Microsoft Windows","Monitoring, Critical Thinking, Learning Strategies, Autodesk AutoCAD, Autodesk Revit, Microsoft Office software, Microsoft Project, Microsoft Word, Oracle Primavera Enterprise Project Portfolio Management",57.14,Start: Monitoring
22,No,Travel_Rarely,604,Research & Development,6,1,Medical,1,675,1,Male,69,3,1,Research Scientist,3,Married,2773,12145,0,Y,No,20,4,4,80,0,3,3,3,2,2,2,2,0.055280052,Low Risk,2.6666666666666665,924.3333333333334,2.3333333333333335,LOW RISK: Continue standard career development and engagement tracking.,15-1221.00,"Amazon Web Services AWS software, C++, C, Apache Hadoop, Docker, Apache Spark, Learning Strategies, Active Learning, Git, Speaking, Critical Thinking, Science, Writing, Active Listening, Reading Comprehension, GitHub, Apache Kafka","Mathematics, Monitoring, Ansible software, Bash, Go",77.27,Start: Mathematics
33,No,Travel_Rarely,1216,Sales,8,4,Marketing,1,677,3,Male,39,3,2,Sales Executive,3,Divorced,7104,20431,0,Y,No,12,3,4,80,0,6,3,3,5,0,1,2,0.050385658,Low Risk,3.3333333333333335,1184.0,3.0,LOW RISK: Continue standard career development and engagement tracking.,53-3031.00,"Speaking, Microsoft Excel, Microsoft Office software, Writing, Reading Comprehension","Active Listening, Critical Thinking",71.43,Start: Active Listening
32,No,Travel_Rarely,646,Research & Development,9,4,Life Sciences,1,679,1,Female,92,3,2,Research Scientist,4,Married,6322,18089,1,Y,Yes,12,3,4,80,1,6,2,2,6,4,0,5,0.1441313,Low Risk,3.0,903.1428571428571,2.3333333333333335,LOW RISK: Continue standard career development and engagement tracking.,15-1221.00,"C, Bash, Learning Strategies, Amazon Web Services AWS software, Science, Mathematics, Docker, Apache Kafka, Ansible software, Speaking, Reading Comprehension, Go, C++","Active Learning, Critical Thinking, Active Listening, Writing, Monitoring, Apache Hadoop, Apache Spark, Git, GitHub",59.09,Start: Active Learning
30,No,Travel_Frequently,160,Research & Development,3,3,Medical,1,680,3,Female,71,3,1,Research Scientist,3,Divorced,2083,22653,1,Y,No,20,4,3,80,1,1,2,3,1,0,0,0,0.23325725,Low Risk,3.0,1041.5,3.0,LOW RISK: Continue standard career development and engagement tracking.,15-1221.00,"Science, Apache Hadoop, GitHub, Docker, Active Listening, Bash, Apache Spark, Amazon Web Services AWS software, C++, Mathematics, Apache Kafka, Monitoring, Speaking, Git","Active Learning, Reading Comprehension, Critical Thinking, Writing, Learning Strategies, Ansible software, C, Go",63.64,Start: Active Learning
53,No,Travel_Rarely,238,Sales,1,1,Medical,1,682,4,Female,34,3,2,Sales Executive,1,Single,8381,7507,7,Y,No,20,4,4,80,0,18,2,4,14,7,8,10,0.25305715,Low Risk,3.0,558.7333333333333,3.0,LOW RISK: Continue standard career development and engagement tracking.,53-3031.00,"Microsoft Excel, Critical Thinking, Reading Comprehension, Active Listening","Speaking, Writing, Microsoft Office software",57.14,Start: Speaking
34,No,Travel_Rarely,1397,Research & Development,1,5,Life Sciences,1,683,2,Male,42,3,1,Research Scientist,4,Married,2691,7660,1,Y,No,12,3,4,80,1,10,4,2,10,9,8,8,0.012038712,Low Risk,3.3333333333333335,244.63636363636363,2.6666666666666665,LOW RISK: Continue standard career development and engagement tracking.,15-1221.00,"Apache Hadoop, Go, GitHub, Active Learning, Learning Strategies, Science, Bash, Docker, Mathematics, Critical Thinking, Apache Spark","Reading Comprehension, Active Listening, Writing, Speaking, Monitoring, Amazon Web Services AWS software, Ansible software, Apache Kafka, C, C++, Git",50.0,Start: Reading Comprehension
45,Yes,Travel_Frequently,306,Sales,26,4,Life Sciences,1,684,1,Female,100,3,2,Sales Executive,1,Married,4286,5630,2,Y,No,14,3,4,80,2,5,4,3,1,1,0,0,0.8793458,High Risk,2.0,2143.0,1.6666666666666667,HIGH RISK: HR review; retention conversation; career-path and compensation review.,53-3031.00,"Reading Comprehension, Microsoft Excel, Active Listening, Writing","Speaking, Critical Thinking, Microsoft Office software",57.14,Start: Speaking
26,No,Travel_Rarely,991,Research & Development,6,3,Life Sciences,1,686,3,Female,71,3,1,Laboratory Technician,4,Married,2659,17759,1,Y,Yes,13,3,3,80,1,3,2,3,3,2,0,2,0.48313704,Medium Risk,3.3333333333333335,664.75,3.3333333333333335,MEDIUM RISK: Manager check-in; mentorship; targeted development plan.,51-9083.00,"Monitoring, SAP software, Microsoft Excel, Microsoft Outlook, Microsoft Word, Reading Comprehension","Critical Thinking, Microsoft Office software, Microsoft PowerPoint",66.67,Start: Critical Thinking
37,No,Travel_Rarely,482,Research & Development,3,3,Other,1,689,3,Male,36,3,3,Manufacturing Director,3,Married,9434,9606,1,Y,No,15,3,3,80,1,10,2,3,10,7,7,8,0.10718745,Low Risk,3.0,857.6363636363636,3.0,LOW RISK: Continue standard career development and engagement tracking.,51-9195.05,"Monitoring, Microsoft Excel, Microsoft Outlook, Active Listening",Critical Thinking,80.0,Start: Critical Thinking
29,No,Travel_Rarely,1176,Sales,3,2,Medical,1,690,2,Female,62,3,2,Sales Executive,3,Married,5561,3487,1,Y,No,14,3,1,80,1,6,5,2,6,0,1,2,0.069562435,Low Risk,2.0,794.4285714285714,2.3333333333333335,LOW RISK: Continue standard career development and engagement tracking.,53-3031.00,"Critical Thinking, Writing, Microsoft Office software, Reading Comprehension","Active Listening, Speaking, Microsoft Excel",57.14,Start: Active Listening
35,No,Travel_Rarely,1017,Research & Development,6,4,Life Sciences,1,691,2,Male,82,1,2,Research Scientist,4,Single,6646,19368,1,Y,No,13,3,2,80,0,17,3,3,17,11,11,8,0.057348415,Low Risk,2.6666666666666665,369.22222222222223,3.0,LOW RISK: Continue standard career development and engagement tracking.,15-1221.00,"C, Docker, Active Listening, Writing, C++, Apache Kafka, Critical Thinking, Active Learning, GitHub, Apache Spark, Reading Comprehension, Monitoring","Mathematics, Speaking, Learning Strategies, Science, Amazon Web Services AWS software, Ansible software, Apache Hadoop, Bash, Git, Go",54.55,Start: Mathematics
33,No,Travel_Frequently,1296,Research & Development,6,3,Life Sciences,1,692,3,Male,30,3,2,Healthcare Representative,4,Divorced,7725,5335,3,Y,No,23,4,3,80,1,15,2,1,13,11,4,7,0.022389112,Low Risk,3.3333333333333335,551.7857142857143,2.6666666666666665,LOW RISK: Continue standard career development and engagement tracking.,43-4051.00,"Intuit QuickBooks, Microsoft Outlook, Kronos Workforce Timekeeper, Critical Thinking, Apple macOS, Adobe Creative Cloud software, Adobe Illustrator, Google Docs, Microsoft Excel, Monitoring, Adobe Photoshop, Reading Comprehension, Active Listening, Facebook","Speaking, Writing, Microsoft Office software, Adobe Acrobat",77.78,Start: Speaking
54,No,Travel_Rarely,397,Human Resources,19,4,Medical,1,698,3,Male,88,3,3,Human Resources,2,Married,10725,6729,2,Y,No,15,3,3,80,1,16,1,4,9,7,7,1,0.17403907,Low Risk,2.6666666666666665,1072.5,3.0,LOW RISK: Continue standard career development and engagement tracking.,43-4161.00,"Monitoring, Applicant tracking software, Microsoft Access, Google Docs, Active Listening, Oracle PeopleSoft, Microsoft Excel, Active Learning, Critical Thinking, Speaking, Microsoft PowerPoint, Oracle HRIS","Reading Comprehension, Writing, Microsoft Office software, Microsoft Outlook, Microsoft Word, Microsoft SharePoint, Microsoft Visio",63.16,Start: Reading Comprehension
36,No,Travel_Rarely,913,Research & Development,9,2,Medical,1,699,2,Male,48,2,2,Manufacturing Director,2,Divorced,8847,13934,2,Y,Yes,11,3,3,80,1,13,2,3,3,2,0,2,0.16605394,Low Risk,2.3333333333333335,2211.75,2.3333333333333335,LOW RISK: Continue standard career development and engagement tracking.,51-9195.05,"Microsoft Excel, Critical Thinking, Active Listening","Monitoring, Microsoft Outlook",60.0,Start: Monitoring
27,No,Travel_Rarely,1115,Research & Development,3,4,Medical,1,700,1,Male,54,2,1,Research Scientist,4,Single,2045,15174,0,Y,No,13,3,4,80,0,5,0,3,4,2,1,1,0.07339846,Low Risk,3.0,409.0,2.6666666666666665,LOW RISK: Continue standard career development and engagement tracking.,15-1221.00,"Science, Git, Speaking, Reading Comprehension, Learning Strategies, Active Learning, Critical Thinking, Go, Mathematics, Amazon Web Services AWS software, GitHub, Bash, Writing, Active Listening, Ansible software","Monitoring, Apache Hadoop, Apache Kafka, Apache Spark, C, C++, Docker",68.18,Start: Monitoring
20,Yes,Travel_Rarely,1362,Research & Development,10,1,Medical,1,701,4,Male,32,3,1,Research Scientist,3,Single,1009,26999,1,Y,Yes,11,3,4,80,0,1,5,3,1,0,1,1,0.91144896,High Risk,3.6666666666666665,504.5,3.3333333333333335,HIGH RISK: HR review; retention conversation; career-path and compensation review.,15-1221.00,"C++, Bash, Apache Spark, Apache Hadoop, Go, Monitoring, Critical Thinking, Writing, Docker, Speaking, Reading Comprehension, Mathematics, Active Listening, Amazon Web Services AWS software, C","Active Learning, Learning Strategies, Science, Ansible software, Apache Kafka, Git, GitHub",68.18,Start: Active Learning
33,Yes,Travel_Frequently,1076,Research & Development,3,3,Life Sciences,1,702,1,Male,70,3,1,Research Scientist,1,Single,3348,3164,1,Y,Yes,11,3,1,80,0,10,3,3,10,8,9,7,0.8912745,High Risk,1.0,304.3636363636364,1.6666666666666667,HIGH RISK: HR review; retention conversation; career-path and compensation review.,15-1221.00,"Bash, Ansible software, Docker, Apache Kafka, Science, Active Learning, C++, Speaking, Monitoring, Git, Mathematics, Go","Reading Comprehension, Critical Thinking, Active Listening, Writing, Learning Strategies, Amazon Web Services AWS software, Apache Hadoop, Apache Spark, C, GitHub",54.55,Start: Reading Comprehension
35,No,Non-Travel,727,Research & Development,3,3,Life Sciences,1,704,3,Male,41,2,1,Laboratory Technician,3,Married,1281,16900,1,Y,No,18,3,3,80,2,1,3,3,1,0,0,0,0.17150816,Low Risk,3.0,640.5,3.0,LOW RISK: Continue standard career development and engagement tracking.,51-9083.00,"Monitoring, Reading Comprehension, Microsoft PowerPoint, Microsoft Outlook, Microsoft Excel, SAP software","Critical Thinking, Microsoft Office software, Microsoft Word",66.67,Start: Critical Thinking
23,No,Travel_Rarely,885,Research & Development,4,3,Medical,1,705,1,Male,58,4,1,Research Scientist,1,Married,2819,8544,2,Y,No,16,3,1,80,1,5,3,4,3,2,0,2,0.13284336,Low Risk,1.0,704.75,2.0,LOW RISK: Continue standard career development and engagement tracking.,15-1221.00,"Active Learning, Reading Comprehension, Mathematics, Ansible software, Critical Thinking, Learning Strategies, Apache Spark, Apache Hadoop, Monitoring, Speaking, Science, Apache Kafka, Git, C++, Writing, GitHub, Active Listening, Bash","Amazon Web Services AWS software, C, Docker, Go",81.82,Start: Amazon Web Services AWS software
25,No,Travel_Rarely,810,Sales,8,3,Life Sciences,1,707,4,Male,57,4,2,Sales Executive,2,Married,4851,15678,0,Y,No,22,4,3,80,1,4,4,3,3,2,1,2,0.053774573,Low Risk,3.0,1212.75,3.0,LOW RISK: Continue standard career development and engagement tracking.,53-3031.00,"Critical Thinking, Reading Comprehension, Active Listening, Speaking, Microsoft Excel, Microsoft Office software",Writing,85.71,Start: Writing
38,No,Travel_Rarely,243,Sales,7,4,Marketing,1,709,4,Female,46,2,2,Sales Executive,4,Single,4028,7791,0,Y,No,20,4,1,80,0,8,2,3,7,7,0,5,0.040792424,Low Risk,3.0,503.5,3.6666666666666665,LOW RISK: Continue standard career development and engagement tracking.,53-3031.00,"Reading Comprehension, Active Listening, Speaking, Microsoft Excel, Writing","Critical Thinking, Microsoft Office software",71.43,Start: Critical Thinking
29,No,Travel_Frequently,806,Research & Development,1,4,Life Sciences,1,710,2,Male,76,1,1,Research Scientist,4,Divorced,2720,18959,1,Y,No,18,3,4,80,1,10,5,3,10,7,2,8,0.032775126,Low Risk,3.3333333333333335,247.27272727272728,3.0,LOW RISK: Continue standard career development and engagement tracking.,15-1221.00,"C++, Critical Thinking, Apache Hadoop, Docker, Active Listening, Mathematics, Monitoring, Apache Kafka, Amazon Web Services AWS software, Learning Strategies, Go, Speaking, C, Bash, Git, Writing, Science, Reading Comprehension","Active Learning, Ansible software, Apache Spark, GitHub",81.82,Start: Active Learning
48,No,Travel_Rarely,817,Sales,2,1,Marketing,1,712,2,Male,56,4,2,Sales Executive,2,Married,8120,18597,3,Y,No,12,3,4,80,0,12,3,3,2,2,2,2,0.077347256,Low Risk,2.6666666666666665,2706.6666666666665,2.3333333333333335,LOW RISK: Continue standard career development and engagement tracking.,53-3031.00,"Reading Comprehension, Writing, Microsoft Excel, Critical Thinking, Speaking","Active Listening, Microsoft Office software",71.43,Start: Active Listening
27,No,Travel_Frequently,1410,Sales,3,1,Medical,1,714,4,Female,71,4,2,Sales Executive,4,Divorced,4647,16673,1,Y,Yes,20,4,2,80,2,6,3,3,6,5,0,4,0.044721615,Low Risk,3.3333333333333335,663.8571428571429,3.6666666666666665,LOW RISK: Continue standard career development and engagement tracking.,53-3031.00,"Microsoft Excel, Active Listening, Microsoft Office software, Critical Thinking, Reading Comprehension","Speaking, Writing",71.43,Start: Speaking
37,No,Travel_Rarely,1225,Research & Development,10,2,Life Sciences,1,715,4,Male,80,4,1,Research Scientist,4,Single,4680,15232,3,Y,No,17,3,1,80,0,4,2,3,1,0,0,0,0.082156934,Low Risk,3.0,2340.0,3.6666666666666665,LOW RISK: Continue standard career development and engagement tracking.,15-1221.00,"C, Active Listening, GitHub, Speaking, Git, Amazon Web Services AWS software, C++, Ansible software, Learning Strategies, Go, Docker, Apache Kafka, Apache Spark, Mathematics, Critical Thinking, Writing","Active Learning, Reading Comprehension, Monitoring, Science, Apache Hadoop, Bash",72.73,Start: Active Learning
50,No,Travel_Rarely,1207,Research & Development,28,1,Medical,1,716,4,Male,74,4,1,Laboratory Technician,3,Married,3221,3297,1,Y,Yes,11,3,3,80,3,20,3,3,20,8,3,8,0.11949906,Low Risk,3.3333333333333335,153.38095238095238,3.3333333333333335,LOW RISK: Continue standard career development and engagement tracking.,51-9083.00,"SAP software, Reading Comprehension, Microsoft PowerPoint, Microsoft Outlook, Microsoft Excel","Critical Thinking, Monitoring, Microsoft Office software, Microsoft Word",55.56,Start: Critical Thinking
34,No,Travel_Rarely,1442,Research & Development,9,3,Medical,1,717,4,Female,46,2,3,Healthcare Representative,2,Single,8621,17654,1,Y,No,14,3,2,80,0,9,3,4,8,7,7,7,0.09511372,Low Risk,2.6666666666666665,957.8888888888889,3.3333333333333335,LOW RISK: Continue standard career development and engagement tracking.,43-4051.00,"Google Docs, Kronos Workforce Timekeeper, Adobe Illustrator, Intuit QuickBooks, Facebook, Critical Thinking, Microsoft Outlook, Active Listening, Apple macOS, Speaking, Monitoring","Reading Comprehension, Writing, Microsoft Excel, Microsoft Office software, Adobe Acrobat, Adobe Creative Cloud software, Adobe Photoshop",61.11,Start: Reading Comprehension
24,Yes,Travel_Rarely,693,Sales,3,2,Life Sciences,1,720,1,Female,65,3,2,Sales Executive,3,Single,4577,24785,9,Y,No,14,3,1,80,0,4,3,3,2,2,2,0,0.5323728,Medium Risk,1.6666666666666667,1525.6666666666667,2.3333333333333335,MEDIUM RISK: Manager check-in; mentorship; targeted development plan.,53-3031.00,"Microsoft Excel, Microsoft Office software, Writing, Reading Comprehension","Active Listening, Speaking, Critical Thinking",57.14,Start: Active Listening
39,No,Travel_Rarely,408,Research & Development,2,4,Technical Degree,1,721,4,Female,80,2,2,Healthcare Representative,3,Single,4553,20978,1,Y,No,11,3,1,80,0,20,4,3,20,7,11,10,0.12269929,Low Risk,2.6666666666666665,216.8095238095238,3.3333333333333335,LOW RISK: Continue standard career development and engagement tracking.,43-4051.00,"Facebook, Microsoft Office software, Active Listening, Adobe Photoshop, Adobe Illustrator, Speaking, Monitoring, Apple macOS, Adobe Acrobat, Intuit QuickBooks, Critical Thinking, Adobe Creative Cloud software","Reading Comprehension, Writing, Microsoft Excel, Microsoft Outlook, Google Docs, Kronos Workforce Timekeeper",66.67,Start: Reading Comprehension
32,No,Travel_Rarely,929,Sales,10,3,Marketing,1,722,4,Male,55,3,2,Sales Executive,4,Single,5396,21703,1,Y,No,12,3,4,80,0,10,2,2,10,7,0,8,0.14236848,Low Risk,4.0,490.54545454545456,3.3333333333333335,LOW RISK: Continue standard career development and engagement tracking.,53-3031.00,"Microsoft Office software, Writing, Reading Comprehension, Critical Thinking, Speaking","Active Listening, Microsoft Excel",71.43,Start: Active Listening
50,Yes,Travel_Frequently,562,Sales,8,2,Technical Degree,1,723,2,Male,50,3,2,Sales Executive,3,Married,6796,23452,3,Y,Yes,14,3,1,80,1,18,4,3,4,3,1,3,0.7869647,High Risk,2.0,1359.2,2.6666666666666665,HIGH RISK: HR review; retention conversation; career-path and compensation review.,53-3031.00,"Reading Comprehension, Microsoft Excel, Speaking, Microsoft Office software","Active Listening, Critical Thinking, Writing",57.14,Start: Active Listening
38,No,Travel_Rarely,827,Research & Development,1,4,Life Sciences,1,724,2,Female,33,4,2,Healthcare Representative,4,Single,7625,19383,0,Y,No,13,3,3,80,0,10,4,2,9,7,1,8,0.010532495,Low Risk,3.0,762.5,2.6666666666666665,LOW RISK: Continue standard career development and engagement tracking.,43-4051.00,"Adobe Creative Cloud software, Writing, Speaking, Adobe Photoshop, Adobe Illustrator, Microsoft Office software, Apple macOS, Microsoft Excel, Microsoft Outlook, Intuit QuickBooks, Facebook","Active Listening, Critical Thinking, Reading Comprehension, Monitoring, Adobe Acrobat, Google Docs, Kronos Workforce Timekeeper",61.11,Start: Active Listening
27,No,Travel_Rarely,608,Research & Development,1,2,Life Sciences,1,725,3,Female,68,3,3,Manufacturing Director,1,Married,7412,6009,1,Y,No,11,3,4,80,0,9,3,3,9,7,0,7,0.12703326,Low Risk,2.6666666666666665,741.2,2.3333333333333335,LOW RISK: Continue standard career development and engagement tracking.,51-9195.05,"Critical Thinking, Microsoft Excel, Active Listening, Microsoft Outlook",Monitoring,80.0,Start: Monitoring
32,No,Travel_Rarely,1018,Research & Development,3,2,Life Sciences,1,727,3,Female,39,3,3,Research Director,4,Single,11159,19373,3,Y,No,15,3,4,80,0,10,6,3,7,7,7,7,0.033062175,Low Risk,3.6666666666666665,1394.875,3.3333333333333335,LOW RISK: Continue standard career development and engagement tracking.,27-2041.00,"Microsoft Word, Reading Comprehension, Active Learning, Monitoring, Critical Thinking, Microsoft Excel, Speaking, Learning Strategies, Microsoft Outlook, Microsoft Office software","Active Listening, Writing, Microsoft PowerPoint",76.92,Start: Active Listening
47,No,Travel_Rarely,703,Sales,14,4,Marketing,1,728,4,Male,42,3,2,Sales Executive,1,Single,4960,11825,2,Y,No,12,3,4,80,0,20,2,3,7,7,1,7,0.19671893,Low Risk,3.0,620.0,2.6666666666666665,LOW RISK: Continue standard career development and engagement tracking.,53-3031.00,"Microsoft Office software, Speaking, Active Listening, Reading Comprehension","Critical Thinking, Writing, Microsoft Excel",57.14,Start: Critical Thinking
40,No,Travel_Frequently,580,Sales,5,4,Life Sciences,1,729,4,Male,48,2,3,Sales Executive,1,Married,10475,23772,5,Y,Yes,21,4,3,80,1,20,2,3,18,13,1,12,0.17898978,Low Risk,2.6666666666666665,551.3157894736842,2.6666666666666665,LOW RISK: Continue standard career development and engagement tracking.,53-3031.00,"Critical Thinking, Active Listening, Reading Comprehension, Writing","Speaking, Microsoft Excel, Microsoft Office software",57.14,Start: Speaking
53,No,Travel_Rarely,970,Research & Development,7,3,Life Sciences,1,730,3,Male,59,4,4,Research Director,3,Married,14814,13514,3,Y,No,19,3,3,80,0,32,3,3,5,1,1,3,0.007019422,Low Risk,3.0,2469.0,3.0,LOW RISK: Continue standard career development and engagement tracking.,27-2041.00,"Microsoft Word, Active Listening, Active Learning, Microsoft Office software, Reading Comprehension, Microsoft Outlook, Microsoft PowerPoint, Microsoft Excel, Speaking, Critical Thinking, Learning Strategies","Monitoring, Writing",84.62,Start: Monitoring
41,No,Travel_Rarely,427,Human Resources,10,4,Human Resources,1,731,2,Male,73,2,5,Manager,4,Divorced,19141,8861,3,Y,No,15,3,2,80,3,23,2,2,21,6,12,6,0.06511386,Low Risk,2.6666666666666665,870.0454545454545,2.6666666666666665,LOW RISK: Continue standard career development and engagement tracking.,47-1011.03,"Autodesk AutoCAD, Learning Strategies, Active Learning, Microsoft Office software, Speaking, Microsoft Visio, Microsoft Outlook, Microsoft Project, Microsoft Windows, Monitoring, Mathematics, Oracle Primavera Enterprise Project Portfolio Management, Active Listening, Writing, Microsoft Excel, Microsoft PowerPoint","Reading Comprehension, Critical Thinking, Autodesk AutoCAD Civil 3D, Autodesk Revit, Microsoft Word",76.19,Start: Reading Comprehension
60,No,Travel_Rarely,1179,Sales,16,4,Marketing,1,732,1,Male,84,3,2,Sales Executive,1,Single,5405,11924,8,Y,No,14,3,4,80,0,10,1,3,2,2,2,2,0.39913183,Low Risk,2.0,1801.6666666666667,1.6666666666666667,LOW RISK: Continue standard career development and engagement tracking.,53-3031.00,"Reading Comprehension, Microsoft Office software, Speaking, Writing, Microsoft Excel","Active Listening, Critical Thinking",71.43,Start: Active Listening
27,No,Travel_Frequently,294,Research & Development,10,2,Life Sciences,1,733,4,Male,32,3,3,Manufacturing Director,1,Divorced,8793,4809,1,Y,No,21,4,3,80,2,9,4,2,9,7,1,7,0.22395669,Low Risk,2.6666666666666665,879.3,2.3333333333333335,LOW RISK: Continue standard career development and engagement tracking.,51-9195.05,"Microsoft Outlook, Monitoring, Microsoft Excel","Critical Thinking, Active Listening",60.0,Start: Critical Thinking
41,No,Travel_Rarely,314,Human Resources,1,3,Human Resources,1,734,4,Male,59,2,5,Manager,3,Married,19189,19562,1,Y,No,12,3,2,80,1,22,3,3,22,7,2,10,0.017458575,Low Risk,3.0,834.304347826087,3.3333333333333335,LOW RISK: Continue standard career development and engagement tracking.,47-1011.03,"Speaking, Active Learning, Microsoft Word, Microsoft Excel, Writing, Autodesk Revit, Microsoft Outlook, Microsoft Windows, Monitoring, Critical Thinking, Autodesk AutoCAD Civil 3D","Reading Comprehension, Active Listening, Mathematics, Learning Strategies, Autodesk AutoCAD, Microsoft Office software, Microsoft PowerPoint, Microsoft Project, Microsoft Visio, Oracle Primavera Enterprise Project Portfolio Management",52.38,Start: Reading Comprehension
50,No,Travel_Rarely,316,Sales,8,4,Marketing,1,738,4,Male,54,3,1,Sales Representative,2,Married,3875,9983,7,Y,No,15,3,4,80,1,4,2,3,2,2,2,2,0.20871092,Low Risk,3.3333333333333335,1291.6666666666667,3.0,LOW RISK: Continue standard career development and engagement tracking.,41-4012.00,"Adobe Creative Cloud software, Monitoring, Microsoft Excel, Active Learning, Critical Thinking, Microsoft Outlook, Active Listening, Microsoft Office software, Apple macOS, Speaking, Adobe Acrobat","Reading Comprehension, Writing, Microsoft PowerPoint, Salesforce software, Adobe Illustrator, Adobe InDesign, Adobe Photoshop, Autodesk AutoCAD",57.89,Start: Reading Comprehension
28,Yes,Travel_Rarely,654,Research & Development,1,2,Life Sciences,1,741,1,Female,67,1,1,Research Scientist,2,Single,2216,3872,7,Y,Yes,13,3,4,80,0,10,4,3,7,7,3,7,0.9590252,High Risk,2.3333333333333335,277.0,2.0,HIGH RISK: HR review; retention conversation; career-path and compensation review.,15-1221.00,"Apache Spark, Critical Thinking, Ansible software, Writing, C++, Apache Kafka, Monitoring, Active Learning, Active Listening, Apache Hadoop, Reading Comprehension, Mathematics, Speaking, GitHub, Docker, Go, Learning Strategies","Science, Amazon Web Services AWS software, Bash, C, Git",77.27,Start: Science
36,No,Non-Travel,427,Research & Development,8,3,Life Sciences,1,742,1,Female,63,4,3,Research Director,1,Married,11713,20335,9,Y,No,14,3,1,80,1,10,2,3,8,7,0,5,0.05473572,Low Risk,1.0,1301.4444444444443,1.6666666666666667,LOW RISK: Continue standard career development and engagement tracking.,27-2041.00,"Microsoft Office software, Active Learning, Critical Thinking, Monitoring, Microsoft Word, Learning Strategies, Reading Comprehension","Active Listening, Speaking, Writing, Microsoft Excel, Microsoft Outlook, Microsoft PowerPoint",53.85,Start: Active Listening
38,No,Travel_Rarely,168,Research & Development,1,3,Life Sciences,1,743,3,Female,81,3,3,Manufacturing Director,3,Single,7861,15397,4,Y,Yes,14,3,4,80,0,10,4,4,1,0,0,0,0.15885647,Low Risk,3.3333333333333335,3930.5,3.3333333333333335,LOW RISK: Continue standard career development and engagement tracking.,51-9195.05,"Monitoring, Microsoft Excel, Critical Thinking","Active Listening, Microsoft Outlook",60.0,Start: Active Listening
44,No,Non-Travel,381,Research & Development,24,3,Medical,1,744,1,Male,49,1,1,Laboratory Technician,3,Single,3708,2104,2,Y,No,14,3,3,80,0,9,5,3,5,2,1,4,0.21752006,Low Risk,2.3333333333333335,618.0,2.3333333333333335,LOW RISK: Continue standard career development and engagement tracking.,51-9083.00,"Critical Thinking, Microsoft Word, Microsoft Excel, Microsoft Outlook, Microsoft PowerPoint, Microsoft Office software","Reading Comprehension, Monitoring, SAP software",66.67,Start: Reading Comprehension
47,No,Travel_Frequently,217,Sales,3,3,Medical,1,746,4,Female,49,3,4,Sales Executive,3,Divorced,13770,10225,9,Y,Yes,12,3,4,80,2,28,2,2,22,2,11,13,0.21227911,Low Risk,3.6666666666666665,598.695652173913,3.0,LOW RISK: Continue standard career development and engagement tracking.,53-3031.00,"Microsoft Excel, Critical Thinking, Active Listening, Speaking, Writing","Reading Comprehension, Microsoft Office software",71.43,Start: Reading Comprehension
30,No,Travel_Rarely,501,Sales,27,5,Marketing,1,747,3,Male,99,3,2,Sales Executive,4,Divorced,5304,25275,7,Y,No,23,4,4,80,1,10,2,2,8,7,7,7,0.24089755,Low Risk,3.6666666666666665,589.3333333333334,3.0,LOW RISK: Continue standard career development and engagement tracking.,53-3031.00,"Critical Thinking, Microsoft Excel, Writing, Microsoft Office software","Active Listening, Speaking, Reading Comprehension",57.14,Start: Active Listening
29,No,Travel_Rarely,1396,Sales,10,3,Life Sciences,1,749,3,Male,99,3,1,Sales Representative,3,Single,2642,2755,1,Y,No,11,3,3,80,0,1,6,3,1,0,0,0,0.47649312,Medium Risk,3.0,1321.0,3.0,MEDIUM RISK: Manager check-in; mentorship; targeted development plan.,41-4012.00,"Salesforce software, Microsoft Office software, Microsoft PowerPoint, Adobe Illustrator, Writing, Active Learning, Monitoring, Adobe Acrobat, Active Listening, Autodesk AutoCAD, Microsoft Outlook, Adobe Photoshop, Reading Comprehension","Speaking, Critical Thinking, Microsoft Excel, Adobe Creative Cloud software, Adobe InDesign, Apple macOS",68.42,Start: Speaking
42,Yes,Travel_Frequently,933,Research & Development,19,3,Medical,1,752,3,Male,57,4,1,Research Scientist,3,Divorced,2759,20366,6,Y,Yes,12,3,4,80,0,7,2,3,2,2,2,2,0.55158263,Medium Risk,3.3333333333333335,919.6666666666666,3.0,MEDIUM RISK: Manager check-in; mentorship; targeted development plan.,15-1221.00,"Mathematics, Science, Git, Apache Kafka, Active Listening, Docker, GitHub, Critical Thinking, Speaking, Ansible software, Apache Hadoop, Apache Spark","Active Learning, Reading Comprehension, Writing, Monitoring, Learning Strategies, Amazon Web Services AWS software, Bash, C, C++, Go",54.55,Start: Active Learning
43,No,Travel_Frequently,775,Sales,15,3,Life Sciences,1,754,4,Male,47,2,2,Sales Executive,4,Married,6804,23683,3,Y,No,18,3,3,80,1,7,5,3,2,2,2,2,0.12992148,Low Risk,3.6666666666666665,2268.0,3.6666666666666665,LOW RISK: Continue standard career development and engagement tracking.,53-3031.00,"Microsoft Office software, Active Listening, Critical Thinking, Reading Comprehension, Speaking, Microsoft Excel",Writing,85.71,Start: Writing
34,No,Travel_Rarely,970,Research & Development,8,2,Medical,1,757,2,Female,96,3,2,Healthcare Representative,3,Single,6142,7360,3,Y,No,11,3,4,80,0,10,2,3,5,1,4,3,0.029079411,Low Risk,3.0,1023.6666666666666,2.6666666666666665,LOW RISK: Continue standard career development and engagement tracking.,43-4051.00,"Active Listening, Adobe Illustrator, Speaking, Writing, Intuit QuickBooks, Kronos Workforce Timekeeper, Critical Thinking, Microsoft Office software, Google Docs, Monitoring, Microsoft Excel, Adobe Acrobat","Reading Comprehension, Microsoft Outlook, Adobe Creative Cloud software, Adobe Photoshop, Apple macOS, Facebook",66.67,Start: Reading Comprehension
23,No,Travel_Rarely,650,Research & Development,9,1,Medical,1,758,2,Male,37,3,1,Laboratory Technician,1,Married,2500,4344,1,Y,No,14,3,4,80,1,5,2,4,4,3,0,2,0.2725342,Low Risk,2.3333333333333335,500.0,2.3333333333333335,LOW RISK: Continue standard career development and engagement tracking.,51-9083.00,"Microsoft Word, Monitoring, SAP software, Critical Thinking, Microsoft Excel","Reading Comprehension, Microsoft Office software, Microsoft Outlook, Microsoft PowerPoint",55.56,Start: Reading Comprehension
39,No,Travel_Rarely,141,Human Resources,3,3,Human Resources,1,760,3,Female,44,4,2,Human Resources,2,Married,6389,18767,9,Y,No,15,3,3,80,1,12,3,1,8,3,3,6,0.11128238,Low Risk,2.6666666666666665,709.8888888888889,2.0,LOW RISK: Continue standard career development and engagement tracking.,43-4161.00,"Writing, Oracle HRIS, Microsoft Visio, Microsoft Word, Active Learning, Active Listening, Microsoft PowerPoint, Microsoft Office software, Applicant tracking software, Microsoft Excel, Microsoft SharePoint, Microsoft Access, Google Docs, Speaking, Critical Thinking, Microsoft Outlook","Reading Comprehension, Monitoring, Oracle PeopleSoft",84.21,Start: Reading Comprehension
56,No,Travel_Rarely,832,Research & Development,9,3,Medical,1,762,3,Male,81,3,4,Healthcare Representative,4,Married,11103,20420,7,Y,No,11,3,3,80,0,30,1,2,10,7,1,1,0.11668591,Low Risk,3.3333333333333335,1009.3636363636364,3.0,LOW RISK: Continue standard career development and engagement tracking.,43-4051.00,"Reading Comprehension, Microsoft Outlook, Microsoft Excel, Active Listening, Kronos Workforce Timekeeper, Speaking, Google Docs, Monitoring, Writing, Adobe Acrobat, Facebook","Critical Thinking, Microsoft Office software, Adobe Creative Cloud software, Adobe Illustrator, Adobe Photoshop, Apple macOS, Intuit QuickBooks",61.11,Start: Critical Thinking
40,No,Travel_Rarely,804,Research & Development,2,1,Medical,1,763,4,Female,86,2,1,Research Scientist,4,Single,2342,22929,0,Y,Yes,20,4,4,80,0,5,2,2,4,2,2,3,0.068897724,Low Risk,4.0,468.4,3.3333333333333335,LOW RISK: Continue standard career development and engagement tracking.,15-1221.00,"Ansible software, Docker, Learning Strategies, Critical Thinking, Apache Hadoop, GitHub, Git, Apache Spark, C++, Science","Active Learning, Reading Comprehension, Mathematics, Active Listening, Writing, Speaking, Monitoring, Amazon Web Services AWS software, Apache Kafka, Bash, C, Go",45.45,Start: Active Learning
27,No,Travel_Rarely,975,Research & Development,7,3,Medical,1,764,4,Female,55,2,2,Healthcare Representative,1,Single,6811,23398,8,Y,No,19,3,1,80,0,9,2,1,7,6,0,7,0.19155659,Low Risk,2.0,851.375,2.0,LOW RISK: Continue standard career development and engagement tracking.,43-4051.00,"Google Docs, Kronos Workforce Timekeeper, Speaking, Adobe Acrobat, Adobe Illustrator, Microsoft Outlook, Microsoft Excel, Active Listening, Facebook, Monitoring, Microsoft Office software, Adobe Creative Cloud software, Adobe Photoshop, Apple macOS","Critical Thinking, Reading Comprehension, Writing, Intuit QuickBooks",77.78,Start: Critical Thinking
29,No,Travel_Rarely,1090,Sales,10,3,Marketing,1,766,4,Male,83,3,1,Sales Representative,2,Divorced,2297,17967,1,Y,No,14,3,4,80,2,2,2,3,2,2,2,2,0.22801004,Low Risk,3.3333333333333335,765.6666666666666,3.0,LOW RISK: Continue standard career development and engagement tracking.,41-4012.00,"Adobe Photoshop, Writing, Microsoft Office software, Adobe InDesign, Adobe Creative Cloud software, Reading Comprehension, Critical Thinking, Monitoring, Adobe Acrobat, Salesforce software","Active Listening, Speaking, Active Learning, Microsoft Excel, Microsoft Outlook, Microsoft PowerPoint, Adobe Illustrator, Apple macOS, Autodesk AutoCAD",52.63,Start: Active Listening
53,No,Travel_Rarely,346,Research & Development,6,3,Life Sciences,1,769,4,Male,86,3,2,Laboratory Technician,4,Single,2450,10919,2,Y,No,17,3,4,80,0,19,4,3,2,2,2,2,0.058453374,Low Risk,4.0,816.6666666666666,3.6666666666666665,LOW RISK: Continue standard career development and engagement tracking.,51-9083.00,"Microsoft Word, Microsoft Outlook, Critical Thinking, Monitoring","Reading Comprehension, Microsoft Excel, Microsoft Office software, Microsoft PowerPoint, SAP software",44.44,Start: Reading Comprehension
35,No,Non-Travel,1225,Research & Development,2,4,Life Sciences,1,771,4,Female,61,3,2,Healthcare Representative,1,Divorced,5093,4761,2,Y,No,11,3,1,80,1,16,2,4,1,0,0,0,0.037655193,Low Risk,2.0,2546.5,3.0,LOW RISK: Continue standard career development and engagement tracking.,43-4051.00,"Adobe Photoshop, Reading Comprehension, Kronos Workforce Timekeeper, Adobe Creative Cloud software, Monitoring, Microsoft Office software, Google Docs, Speaking, Apple macOS, Writing","Active Listening, Critical Thinking, Microsoft Excel, Microsoft Outlook, Adobe Acrobat, Adobe Illustrator, Facebook, Intuit QuickBooks",55.56,Start: Active Listening
32,No,Travel_Frequently,430,Research & Development,24,4,Life Sciences,1,772,1,Male,80,3,2,Laboratory Technician,4,Married,5309,21146,1,Y,No,15,3,4,80,2,10,2,3,10,8,4,7,0.2208229,Low Risk,3.0,482.6363636363636,2.6666666666666665,LOW RISK: Continue standard career development and engagement tracking.,51-9083.00,"Microsoft PowerPoint, Monitoring, Microsoft Word, SAP software, Critical Thinking, Reading Comprehension","Microsoft Excel, Microsoft Office software, Microsoft Outlook",66.67,Start: Microsoft Excel
38,No,Travel_Rarely,268,Research & Development,2,5,Medical,1,773,4,Male,92,3,1,Research Scientist,3,Married,3057,20471,6,Y,Yes,13,3,2,80,1,6,0,1,1,0,0,1,0.40409043,Medium Risk,3.0,1528.5,2.6666666666666665,MEDIUM RISK: Manager check-in; mentorship; targeted development plan.,15-1221.00,"Docker, Monitoring, GitHub, C++, Apache Hadoop, Amazon Web Services AWS software, C, Active Listening, Ansible software, Apache Spark, Speaking, Apache Kafka, Mathematics","Active Learning, Reading Comprehension, Critical Thinking, Writing, Learning Strategies, Science, Bash, Git, Go",59.09,Start: Active Learning
34,No,Travel_Rarely,167,Research & Development,8,5,Life Sciences,1,775,2,Female,32,3,2,Manufacturing Director,1,Divorced,5121,4187,3,Y,No,14,3,3,80,1,7,3,3,0,0,0,0,0.08102557,Low Risk,2.0,5121.0,2.0,LOW RISK: Continue standard career development and engagement tracking.,51-9195.05,"Critical Thinking, Monitoring, Active Listening, Microsoft Outlook",Microsoft Excel,80.0,Start: Microsoft Excel
52,No,Travel_Rarely,621,Sales,3,4,Marketing,1,776,3,Male,31,2,4,Manager,1,Married,16856,10084,1,Y,No,11,3,1,80,0,34,3,4,34,6,1,16,0.10657626,Low Risk,1.6666666666666667,481.6,2.6666666666666665,LOW RISK: Continue standard career development and engagement tracking.,47-1011.03,"Mathematics, Oracle Primavera Enterprise Project Portfolio Management, Microsoft PowerPoint, Autodesk Revit, Microsoft Excel, Learning Strategies, Reading Comprehension, Active Listening, Microsoft Visio","Monitoring, Speaking, Critical Thinking, Writing, Active Learning, Autodesk AutoCAD, Autodesk AutoCAD Civil 3D, Microsoft Office software, Microsoft Outlook, Microsoft Project, Microsoft Windows, Microsoft Word",42.86,Start: Monitoring
33,Yes,Travel_Rarely,527,Research & Development,1,4,Other,1,780,4,Male,63,3,1,Research Scientist,4,Single,2686,5207,1,Y,Yes,13,3,3,80,0,10,2,2,10,9,7,8,0.30782023,Low Risk,3.6666666666666665,244.1818181818182,3.3333333333333335,LOW RISK: Continue standard career development and engagement tracking.,15-1221.00,"Apache Spark, Go, Speaking, Amazon Web Services AWS software, Docker, Science, Writing, Active Listening, Monitoring, Apache Hadoop","Active Learning, Reading Comprehension, Mathematics, Critical Thinking, Learning Strategies, Ansible software, Apache Kafka, Bash, C, C++, Git, GitHub",45.45,Start: Active Learning
25,No,Travel_Rarely,883,Sales,26,1,Medical,1,781,3,Female,32,3,2,Sales Executive,4,Single,6180,22807,1,Y,No,23,4,2,80,0,6,5,2,6,5,1,4,0.14276241,Low Risk,3.0,882.8571428571429,3.0,LOW RISK: Continue standard career development and engagement tracking.,53-3031.00,"Reading Comprehension, Speaking, Microsoft Office software, Writing","Active Listening, Critical Thinking, Microsoft Excel",57.14,Start: Active Listening
45,No,Travel_Rarely,954,Sales,2,2,Technical Degree,1,783,2,Male,46,1,2,Sales Representative,3,Single,6632,12388,0,Y,No,13,3,1,80,0,9,3,3,8,7,3,1,0.21837617,Low Risk,2.0,736.8888888888889,2.6666666666666665,LOW RISK: Continue standard career development and engagement tracking.,41-4012.00,"Reading Comprehension, Critical Thinking, Active Listening, Autodesk AutoCAD, Microsoft PowerPoint, Adobe Creative Cloud software, Microsoft Office software, Speaking, Apple macOS, Active Learning","Writing, Monitoring, Microsoft Excel, Microsoft Outlook, Salesforce software, Adobe Acrobat, Adobe Illustrator, Adobe InDesign, Adobe Photoshop",52.63,Start: Writing
23,No,Travel_Rarely,310,Research & Development,10,1,Medical,1,784,1,Male,79,4,1,Research Scientist,3,Single,3505,19630,1,Y,No,18,3,4,80,0,2,3,3,2,2,0,2,0.2027348,Low Risk,2.6666666666666665,1168.3333333333333,2.3333333333333335,LOW RISK: Continue standard career development and engagement tracking.,15-1221.00,"Learning Strategies, Speaking, Mathematics, Bash, Ansible software, GitHub, Reading Comprehension, C++, Monitoring, Critical Thinking, Apache Hadoop, C, Writing, Science, Amazon Web Services AWS software, Active Listening, Docker, Active Learning","Apache Kafka, Apache Spark, Git, Go",81.82,Start: Apache Kafka
47,Yes,Travel_Frequently,719,Sales,27,2,Life Sciences,1,785,2,Female,77,4,2,Sales Executive,3,Single,6397,10339,4,Y,Yes,12,3,4,80,0,8,2,3,5,4,1,3,0.8736729,High Risk,3.0,1066.1666666666667,2.6666666666666665,HIGH RISK: HR review; retention conversation; career-path and compensation review.,53-3031.00,"Active Listening, Reading Comprehension, Microsoft Office software, Critical Thinking, Speaking","Writing, Microsoft Excel",71.43,Start: Writing
34,No,Travel_Rarely,304,Sales,2,3,Other,1,786,4,Male,60,3,2,Sales Executive,4,Single,6274,18686,1,Y,No,22,4,3,80,0,6,5,3,6,5,1,4,0.061295558,Low Risk,3.6666666666666665,896.2857142857143,3.6666666666666665,LOW RISK: Continue standard career development and engagement tracking.,53-3031.00,"Critical Thinking, Active Listening, Writing, Speaking","Reading Comprehension, Microsoft Excel, Microsoft Office software",57.14,Start: Reading Comprehension
55,Yes,Travel_Rarely,725,Research & Development,2,3,Medical,1,787,4,Male,78,3,5,Manager,1,Married,19859,21199,5,Y,Yes,13,3,4,80,1,24,2,3,5,2,1,4,0.664594,Medium Risk,3.0,3309.8333333333335,2.6666666666666665,MEDIUM RISK: Manager check-in; mentorship; targeted development plan.,47-1011.03,"Critical Thinking, Monitoring, Microsoft Windows, Microsoft Project, Reading Comprehension, Learning Strategies, Autodesk AutoCAD Civil 3D, Microsoft Word, Speaking, Microsoft Office software, Microsoft PowerPoint","Active Listening, Writing, Active Learning, Mathematics, Autodesk AutoCAD, Autodesk Revit, Microsoft Excel, Microsoft Outlook, Microsoft Visio, Oracle Primavera Enterprise Project Portfolio Management",52.38,Start: Active Listening
36,No,Non-Travel,1434,Sales,8,4,Life Sciences,1,789,1,Male,76,2,3,Sales Executive,1,Single,7587,14229,1,Y,No,15,3,2,80,0,10,1,3,10,7,0,9,0.12973711,Low Risk,1.3333333333333333,689.7272727272727,1.6666666666666667,LOW RISK: Continue standard career development and engagement tracking.,53-3031.00,"Active Listening, Microsoft Excel, Writing, Reading Comprehension","Speaking, Critical Thinking, Microsoft Office software",57.14,Start: Speaking
52,No,Non-Travel,715,Research & Development,19,4,Medical,1,791,4,Male,41,3,1,Research Scientist,4,Married,4258,26589,0,Y,No,18,3,1,80,1,5,3,3,4,3,1,2,0.022106148,Low Risk,3.0,851.6,3.6666666666666665,LOW RISK: Continue standard career development and engagement tracking.,15-1221.00,"Go, Monitoring, Speaking, C, Learning Strategies, C++, Apache Kafka, Critical Thinking, Science, Docker, GitHub, Writing, Mathematics, Active Listening, Apache Hadoop","Active Learning, Reading Comprehension, Amazon Web Services AWS software, Ansible software, Apache Spark, Bash, Git",68.18,Start: Active Learning
26,No,Travel_Frequently,575,Research & Development,1,2,Life Sciences,1,792,1,Female,71,1,1,Laboratory Technician,4,Divorced,4364,5288,3,Y,No,14,3,1,80,1,5,2,3,2,2,2,0,0.2998779,Low Risk,2.0,1454.6666666666667,2.6666666666666665,LOW RISK: Continue standard career development and engagement tracking.,51-9083.00,"Microsoft Excel, Monitoring, Microsoft Word, Microsoft Office software, Microsoft PowerPoint, Microsoft Outlook, SAP software","Reading Comprehension, Critical Thinking",77.78,Start: Reading Comprehension
29,No,Travel_Rarely,657,Research & Development,27,3,Medical,1,793,2,Female,66,3,2,Healthcare Representative,3,Married,4335,25549,4,Y,No,12,3,1,80,1,11,3,2,8,7,1,1,0.17201534,Low Risk,2.0,481.6666666666667,2.3333333333333335,LOW RISK: Continue standard career development and engagement tracking.,43-4051.00,"Writing, Microsoft Outlook, Adobe Creative Cloud software, Facebook, Microsoft Excel, Reading Comprehension, Speaking, Adobe Acrobat, Critical Thinking, Apple macOS, Adobe Illustrator, Adobe Photoshop, Google Docs","Active Listening, Monitoring, Microsoft Office software, Intuit QuickBooks, Kronos Workforce Timekeeper",72.22,Start: Active Listening
26,Yes,Travel_Rarely,1146,Sales,8,3,Technical Degree,1,796,4,Male,38,2,2,Sales Executive,1,Single,5326,3064,6,Y,No,17,3,3,80,0,6,2,2,4,3,1,2,0.81763494,High Risk,2.6666666666666665,1065.2,2.3333333333333335,HIGH RISK: HR review; retention conversation; career-path and compensation review.,53-3031.00,"Writing, Critical Thinking, Microsoft Office software, Microsoft Excel, Reading Comprehension","Active Listening, Speaking",71.43,Start: Active Listening
34,No,Travel_Rarely,182,Research & Development,1,4,Life Sciences,1,797,2,Female,72,4,1,Research Scientist,4,Single,3280,13551,2,Y,No,16,3,3,80,0,10,2,3,4,2,1,3,0.010290744,Low Risk,3.0,656.0,3.0,LOW RISK: Continue standard career development and engagement tracking.,15-1221.00,"Reading Comprehension, Critical Thinking, Apache Kafka, Monitoring, Speaking, Bash, Apache Hadoop, Active Learning, Amazon Web Services AWS software, Science, C, Apache Spark","Mathematics, Active Listening, Writing, Learning Strategies, Ansible software, C++, Docker, Git, GitHub, Go",54.55,Start: Mathematics
54,No,Travel_Rarely,376,Research & Development,19,4,Medical,1,799,4,Female,95,3,2,Manufacturing Director,1,Divorced,5485,22670,9,Y,Yes,11,3,2,80,2,9,4,3,5,3,1,4,0.19649991,Low Risk,2.3333333333333335,914.1666666666666,2.6666666666666665,LOW RISK: Continue standard career development and engagement tracking.,51-9195.05,"Microsoft Outlook, Microsoft Excel, Active Listening","Critical Thinking, Monitoring",60.0,Start: Critical Thinking
27,No,Travel_Frequently,829,Sales,8,1,Marketing,1,800,3,Male,84,3,2,Sales Executive,4,Married,4342,24008,0,Y,No,19,3,2,80,1,5,3,3,4,2,1,1,0.074949645,Low Risk,3.0,868.4,3.3333333333333335,LOW RISK: Continue standard career development and engagement tracking.,53-3031.00,"Speaking, Microsoft Office software, Reading Comprehension, Active Listening","Critical Thinking, Writing, Microsoft Excel",57.14,Start: Critical Thinking
37,No,Travel_Rarely,571,Research & Development,10,1,Life Sciences,1,802,4,Female,82,3,1,Research Scientist,1,Divorced,2782,19905,0,Y,Yes,13,3,2,80,2,6,3,2,5,3,4,3,0.080225594,Low Risk,2.3333333333333335,463.6666666666667,2.3333333333333335,LOW RISK: Continue standard career development and engagement tracking.,15-1221.00,"Learning Strategies, Active Learning, Active Listening, Critical Thinking, Apache Hadoop, Mathematics, Writing, Amazon Web Services AWS software, Apache Kafka, Speaking, Reading Comprehension, C, Ansible software","Monitoring, Science, Apache Spark, Bash, C++, Docker, Git, GitHub, Go",59.09,Start: Monitoring
38,No,Travel_Frequently,240,Research & Development,2,4,Life Sciences,1,803,1,Female,75,4,2,Manufacturing Director,1,Single,5980,26085,6,Y,Yes,12,3,4,80,0,17,2,3,15,7,4,12,0.26558104,Low Risk,2.0,373.75,1.6666666666666667,LOW RISK: Continue standard career development and engagement tracking.,51-9195.05,"Monitoring, Active Listening, Critical Thinking","Microsoft Excel, Microsoft Outlook",60.0,Start: Microsoft Excel
34,No,Travel_Rarely,121,Research & Development,2,4,Medical,1,804,3,Female,86,2,1,Research Scientist,1,Single,4381,7530,1,Y,No,11,3,3,80,0,6,3,3,6,5,1,3,0.11601679,Low Risk,2.3333333333333335,625.8571428571429,2.3333333333333335,LOW RISK: Continue standard career development and engagement tracking.,15-1221.00,"Git, Docker, Critical Thinking, Mathematics, Learning Strategies, Active Learning, C, GitHub, Monitoring, Apache Hadoop, C++, Apache Spark, Bash, Writing, Ansible software, Science","Reading Comprehension, Active Listening, Speaking, Amazon Web Services AWS software, Apache Kafka, Go",72.73,Start: Reading Comprehension
35,No,Travel_Rarely,384,Sales,8,4,Life Sciences,1,805,1,Female,72,3,1,Sales Representative,4,Married,2572,20317,1,Y,No,16,3,2,80,1,3,1,2,3,2,0,2,0.12549126,Low Risk,2.3333333333333335,643.0,2.3333333333333335,LOW RISK: Continue standard career development and engagement tracking.,41-4012.00,"Microsoft Office software, Adobe InDesign, Autodesk AutoCAD, Adobe Illustrator, Reading Comprehension, Monitoring, Adobe Acrobat, Microsoft Excel, Writing, Active Learning, Adobe Photoshop, Critical Thinking, Adobe Creative Cloud software, Microsoft PowerPoint","Active Listening, Speaking, Microsoft Outlook, Salesforce software, Apple macOS",73.68,Start: Active Listening
30,No,Travel_Rarely,921,Research & Development,1,3,Life Sciences,1,806,4,Male,38,1,1,Laboratory Technician,3,Married,3833,24375,3,Y,No,21,4,3,80,2,7,2,3,2,2,0,2,0.17970414,Low Risk,3.3333333333333335,1277.6666666666667,3.3333333333333335,LOW RISK: Continue standard career development and engagement tracking.,51-9083.00,"SAP software, Microsoft Office software, Reading Comprehension, Critical Thinking, Monitoring, Microsoft Word, Microsoft Outlook","Microsoft Excel, Microsoft PowerPoint",77.78,Start: Microsoft Excel
40,No,Travel_Frequently,791,Research & Development,2,2,Medical,1,807,3,Female,38,4,2,Healthcare Representative,2,Married,4244,9931,1,Y,No,24,4,4,80,1,8,2,3,8,7,3,7,0.042032674,Low Risk,3.0,471.55555555555554,2.6666666666666665,LOW RISK: Continue standard career development and engagement tracking.,43-4051.00,"Speaking, Microsoft Office software, Adobe Creative Cloud software, Adobe Photoshop, Microsoft Outlook, Reading Comprehension, Intuit QuickBooks, Critical Thinking, Writing, Kronos Workforce Timekeeper, Apple macOS, Google Docs, Facebook","Active Listening, Monitoring, Microsoft Excel, Adobe Acrobat, Adobe Illustrator",72.22,Start: Active Listening
34,No,Travel_Rarely,1111,Sales,8,2,Life Sciences,1,808,3,Female,93,3,2,Sales Executive,1,Married,6500,13305,5,Y,No,17,3,2,80,1,6,1,3,3,2,1,2,0.13557652,Low Risk,2.0,1625.0,2.3333333333333335,LOW RISK: Continue standard career development and engagement tracking.,53-3031.00,"Microsoft Office software, Active Listening, Speaking, Microsoft Excel","Critical Thinking, Reading Comprehension, Writing",57.14,Start: Critical Thinking
42,No,Travel_Frequently,570,Research & Development,8,3,Life Sciences,1,809,2,Male,66,3,5,Manager,4,Divorced,18430,16225,1,Y,No,13,3,2,80,1,24,4,2,24,7,14,9,0.028233903,Low Risk,2.6666666666666665,737.2,2.6666666666666665,LOW RISK: Continue standard career development and engagement tracking.,47-1011.03,"Reading Comprehension, Microsoft Excel, Microsoft Office software, Microsoft Visio, Microsoft Word, Microsoft Windows, Monitoring, Microsoft Project, Speaking, Learning Strategies, Autodesk Revit, Critical Thinking, Autodesk AutoCAD Civil 3D, Active Listening, Writing, Oracle Primavera Enterprise Project Portfolio Management, Autodesk AutoCAD, Microsoft Outlook","Active Learning, Mathematics, Microsoft PowerPoint",85.71,Start: Active Learning
23,Yes,Travel_Rarely,1243,Research & Development,6,3,Life Sciences,1,811,3,Male,63,4,1,Laboratory Technician,1,Married,1601,3445,1,Y,Yes,21,4,3,80,2,1,2,3,0,0,0,0,0.92041206,High Risk,2.3333333333333335,1601.0,2.3333333333333335,HIGH RISK: HR review; retention conversation; career-path and compensation review.,51-9083.00,"Microsoft Outlook, Microsoft PowerPoint, Microsoft Excel, Reading Comprehension, Monitoring, SAP software, Critical Thinking","Microsoft Office software, Microsoft Word",77.78,Start: Microsoft Office software
24,No,Non-Travel,1092,Research & Development,9,3,Life Sciences,1,812,3,Male,60,2,1,Laboratory Technician,2,Divorced,2694,26551,1,Y,No,11,3,3,80,3,1,4,3,1,0,0,0,0.23584981,Low Risk,2.6666666666666665,1347.0,2.6666666666666665,LOW RISK: Continue standard career development and engagement tracking.,51-9083.00,"Monitoring, Reading Comprehension, SAP software, Microsoft Excel, Microsoft PowerPoint","Critical Thinking, Microsoft Office software, Microsoft Outlook, Microsoft Word",55.56,Start: Critical Thinking
52,No,Travel_Rarely,1325,Research & Development,11,4,Life Sciences,1,813,4,Female,82,3,2,Laboratory Technician,3,Married,3149,21821,8,Y,No,20,4,2,80,1,9,3,3,5,2,1,4,0.063112676,Low Risk,3.0,524.8333333333334,3.3333333333333335,LOW RISK: Continue standard career development and engagement tracking.,51-9083.00,"Microsoft Excel, Microsoft Outlook, Microsoft Word, Microsoft Office software, Reading Comprehension, Monitoring, Microsoft PowerPoint","Critical Thinking, SAP software",77.78,Start: Critical Thinking
50,No,Travel_Rarely,691,Research & Development,2,3,Medical,1,815,3,Male,64,3,4,Research Director,3,Married,17639,6881,5,Y,No,16,3,4,80,0,30,3,3,4,3,0,3,0.039321154,Low Risk,3.3333333333333335,3527.8,3.0,LOW RISK: Continue standard career development and engagement tracking.,27-2041.00,"Monitoring, Critical Thinking, Microsoft PowerPoint, Reading Comprehension, Active Learning, Speaking, Microsoft Excel, Microsoft Office software","Active Listening, Writing, Learning Strategies, Microsoft Outlook, Microsoft Word",61.54,Start: Active Listening
29,Yes,Travel_Rarely,805,Research & Development,1,2,Life Sciences,1,816,2,Female,36,2,1,Laboratory Technician,1,Married,2319,6689,1,Y,Yes,11,3,4,80,1,1,1,3,1,0,0,0,0.94674975,High Risk,2.3333333333333335,1159.5,2.0,HIGH RISK: HR review; retention conversation; career-path and compensation review.,51-9083.00,"Critical Thinking, Monitoring, Microsoft Word, Microsoft Outlook, Reading Comprehension","Microsoft Excel, Microsoft Office software, Microsoft PowerPoint, SAP software",55.56,Start: Microsoft Excel
33,No,Travel_Rarely,213,Research & Development,7,3,Medical,1,817,3,Male,49,3,3,Research Director,3,Married,11691,25995,0,Y,No,11,3,4,80,0,14,3,4,13,9,3,7,0.052249674,Low Risk,3.3333333333333335,835.0714285714286,3.3333333333333335,LOW RISK: Continue standard career development and engagement tracking.,27-2041.00,"Microsoft Word, Monitoring, Active Learning, Microsoft Excel, Microsoft PowerPoint, Critical Thinking, Microsoft Office software","Active Listening, Speaking, Reading Comprehension, Writing, Learning Strategies, Microsoft Outlook",53.85,Start: Active Listening
33,Yes,Travel_Rarely,118,Sales,16,3,Marketing,1,819,1,Female,69,3,2,Sales Executive,1,Single,5324,26507,5,Y,No,15,3,3,80,0,6,3,3,3,2,0,2,0.89953595,High Risk,1.6666666666666667,1331.0,1.6666666666666667,HIGH RISK: HR review; retention conversation; career-path and compensation review.,53-3031.00,"Writing, Microsoft Office software, Critical Thinking, Microsoft Excel","Active Listening, Speaking, Reading Comprehension",57.14,Start: Active Listening
47,No,Travel_Rarely,202,Research & Development,2,2,Other,1,820,3,Female,33,3,4,Manager,4,Married,16752,12982,1,Y,Yes,11,3,3,80,1,26,3,2,26,14,3,0,0.028724294,Low Risk,3.3333333333333335,620.4444444444445,3.0,LOW RISK: Continue standard career development and engagement tracking.,47-1011.03,"Microsoft Outlook, Active Learning, Microsoft Excel, Microsoft Office software, Reading Comprehension, Microsoft Word, Speaking, Microsoft Visio, Mathematics, Microsoft PowerPoint, Monitoring, Autodesk Revit, Microsoft Project, Learning Strategies, Writing","Active Listening, Critical Thinking, Autodesk AutoCAD, Autodesk AutoCAD Civil 3D, Microsoft Windows, Oracle Primavera Enterprise Project Portfolio Management",71.43,Start: Active Listening
36,No,Travel_Rarely,676,Research & Development,1,3,Other,1,823,3,Female,35,3,2,Manufacturing Director,2,Married,5228,23361,0,Y,No,15,3,1,80,1,10,2,3,9,7,0,5,0.04705327,Low Risk,2.0,522.8,2.6666666666666665,LOW RISK: Continue standard career development and engagement tracking.,51-9195.05,"Microsoft Excel, Microsoft Outlook, Monitoring","Critical Thinking, Active Listening",60.0,Start: Critical Thinking
29,No,Travel_Rarely,1252,Research & Development,23,2,Life Sciences,1,824,3,Male,81,4,1,Research Scientist,3,Married,2700,23779,1,Y,No,24,4,3,80,1,10,3,3,10,7,0,7,0.019981865,Low Risk,3.0,245.45454545454547,3.0,LOW RISK: Continue standard career development and engagement tracking.,15-1221.00,"Docker, Writing, Git, Learning Strategies, Bash, GitHub, Apache Hadoop, Speaking, Active Learning, Reading Comprehension, Science, Monitoring","Mathematics, Critical Thinking, Active Listening, Amazon Web Services AWS software, Ansible software, Apache Kafka, Apache Spark, C, C++, Go",54.55,Start: Mathematics
58,Yes,Travel_Rarely,286,Research & Development,2,4,Life Sciences,1,825,4,Male,31,3,5,Research Director,2,Single,19246,25761,7,Y,Yes,12,3,4,80,0,40,2,3,31,15,13,8,0.8039833,High Risk,3.3333333333333335,601.4375,3.0,HIGH RISK: HR review; retention conversation; career-path and compensation review.,27-2041.00,"Microsoft Word, Microsoft Outlook, Critical Thinking, Learning Strategies, Speaking, Microsoft Excel, Microsoft Office software, Writing, Active Learning, Monitoring","Active Listening, Reading Comprehension, Microsoft PowerPoint",76.92,Start: Active Listening
35,No,Travel_Rarely,1258,Research & Development,1,4,Life Sciences,1,826,4,Female,40,4,1,Research Scientist,3,Single,2506,13301,3,Y,No,13,3,3,80,0,7,0,3,2,2,2,2,0.017180927,Low Risk,3.3333333333333335,835.3333333333334,3.3333333333333335,LOW RISK: Continue standard career development and engagement tracking.,15-1221.00,"C++, Speaking, Ansible software, GitHub, Learning Strategies, Go, Reading Comprehension, C, Monitoring, Apache Spark, Mathematics, Science","Active Learning, Critical Thinking, Active Listening, Writing, Amazon Web Services AWS software, Apache Hadoop, Apache Kafka, Bash, Docker, Git",54.55,Start: Active Learning
42,No,Travel_Rarely,932,Research & Development,1,2,Life Sciences,1,827,4,Female,43,2,2,Manufacturing Director,4,Married,6062,4051,9,Y,Yes,13,3,4,80,1,8,4,3,4,3,0,2,0.025218625,Low Risk,4.0,1212.4,3.6666666666666665,LOW RISK: Continue standard career development and engagement tracking.,51-9195.05,"Microsoft Outlook, Active Listening, Monitoring","Critical Thinking, Microsoft Excel",60.0,Start: Critical Thinking
28,Yes,Travel_Rarely,890,Research & Development,2,4,Medical,1,828,3,Male,46,3,1,Research Scientist,3,Single,4382,16374,6,Y,No,17,3,4,80,0,5,3,2,2,2,2,1,0.7122559,High Risk,3.3333333333333335,1460.6666666666667,2.6666666666666665,HIGH RISK: HR review; retention conversation; career-path and compensation review.,15-1221.00,"Speaking, Mathematics, C, Apache Hadoop, C++, Critical Thinking, Go, Apache Spark, Reading Comprehension, Amazon Web Services AWS software, Monitoring, Active Listening, Bash, Active Learning, Docker, Writing, Learning Strategies, Git, GitHub","Science, Ansible software, Apache Kafka",86.36,Start: Science
36,No,Travel_Rarely,1041,Human Resources,13,3,Human Resources,1,829,3,Male,36,3,1,Human Resources,2,Married,2143,25527,4,Y,No,13,3,2,80,1,8,2,3,5,2,0,4,0.11116222,Low Risk,2.3333333333333335,357.1666666666667,2.6666666666666665,LOW RISK: Continue standard career development and engagement tracking.,43-4161.00,"Critical Thinking, Writing, Active Learning, Microsoft Word, Active Listening, Oracle PeopleSoft, Microsoft Access, Speaking, Google Docs, Microsoft Visio, Monitoring, Microsoft Outlook, Microsoft PowerPoint, Reading Comprehension","Microsoft Excel, Microsoft Office software, Applicant tracking software, Oracle HRIS, Microsoft SharePoint",73.68,Start: Microsoft Excel
32,No,Travel_Rarely,859,Research & Development,4,3,Life Sciences,1,830,3,Female,98,2,2,Manufacturing Director,3,Married,6162,19124,1,Y,No,12,3,3,80,1,14,3,3,14,13,6,8,0.03420007,Low Risk,3.0,410.8,3.0,LOW RISK: Continue standard career development and engagement tracking.,51-9195.05,"Active Listening, Microsoft Outlook, Monitoring","Critical Thinking, Microsoft Excel",60.0,Start: Critical Thinking
40,No,Travel_Frequently,720,Research & Development,16,4,Medical,1,832,1,Male,51,2,2,Laboratory Technician,3,Single,5094,11983,6,Y,No,14,3,4,80,0,10,6,3,1,0,0,0,0.618522,Medium Risk,2.6666666666666665,2547.0,2.3333333333333335,MEDIUM RISK: Manager check-in; mentorship; targeted development plan.,51-9083.00,"Microsoft Office software, Critical Thinking, Monitoring, Microsoft Outlook, Microsoft Word","Reading Comprehension, Microsoft Excel, Microsoft PowerPoint, SAP software",55.56,Start: Reading Comprehension
30,No,Travel_Rarely,946,Research & Development,2,3,Medical,1,833,3,Female,52,2,2,Manufacturing Director,4,Single,6877,20234,5,Y,Yes,24,4,2,80,0,12,4,2,0,0,0,0,0.5267103,Medium Risk,3.0,6877.0,3.0,MEDIUM RISK: Manager check-in; mentorship; targeted development plan.,51-9195.05,"Critical Thinking, Active Listening, Microsoft Outlook, Monitoring",Microsoft Excel,80.0,Start: Microsoft Excel
45,No,Travel_Rarely,252,Research & Development,2,3,Life Sciences,1,834,2,Female,95,2,1,Research Scientist,3,Single,2274,6153,1,Y,No,14,3,4,80,0,1,3,3,1,0,0,0,0.16704276,Low Risk,3.0,1137.0,2.6666666666666665,LOW RISK: Continue standard career development and engagement tracking.,15-1221.00,"Active Listening, Critical Thinking, C, Apache Kafka, Ansible software, Bash, Amazon Web Services AWS software, Apache Hadoop, Reading Comprehension, Git, C++","Active Learning, Mathematics, Writing, Speaking, Monitoring, Learning Strategies, Science, Apache Spark, Docker, GitHub, Go",50.0,Start: Active Learning
42,No,Travel_Rarely,933,Research & Development,29,3,Life Sciences,1,836,2,Male,98,3,2,Manufacturing Director,2,Married,4434,11806,1,Y,No,13,3,4,80,1,10,3,2,9,8,7,8,0.07833102,Low Risk,2.6666666666666665,443.4,2.0,LOW RISK: Continue standard career development and engagement tracking.,51-9195.05,"Critical Thinking, Microsoft Excel, Microsoft Outlook","Active Listening, Monitoring",60.0,Start: Active Listening
38,No,Travel_Frequently,471,Research & Development,12,3,Life Sciences,1,837,1,Male,45,2,2,Healthcare Representative,1,Divorced,6288,4284,2,Y,No,15,3,3,80,1,13,3,2,4,3,1,2,0.23507039,Low Risk,1.6666666666666667,1257.6,1.3333333333333333,LOW RISK: Continue standard career development and engagement tracking.,43-4051.00,"Facebook, Microsoft Excel, Adobe Photoshop, Writing, Apple macOS, Adobe Illustrator, Google Docs, Microsoft Office software, Adobe Acrobat, Intuit QuickBooks, Reading Comprehension, Adobe Creative Cloud software, Monitoring, Microsoft Outlook","Active Listening, Speaking, Critical Thinking, Kronos Workforce Timekeeper",77.78,Start: Active Listening
34,No,Travel_Frequently,702,Research & Development,16,4,Life Sciences,1,838,3,Female,100,2,1,Research Scientist,4,Single,2553,8306,1,Y,No,16,3,3,80,0,6,3,3,5,2,1,3,0.1272966,Low Risk,3.3333333333333335,425.5,3.3333333333333335,LOW RISK: Continue standard career development and engagement tracking.,15-1221.00,"Active Learning, Go, Apache Kafka, Git, GitHub, Science, Amazon Web Services AWS software, Critical Thinking, Bash, Mathematics, Monitoring, Speaking, Active Listening, Learning Strategies, Apache Spark","Reading Comprehension, Writing, Ansible software, Apache Hadoop, C, C++, Docker",68.18,Start: Reading Comprehension
49,Yes,Travel_Rarely,1184,Sales,11,3,Marketing,1,840,3,Female,43,3,3,Sales Executive,4,Married,7654,5860,1,Y,No,18,3,1,80,2,9,3,4,9,8,7,7,0.79938453,High Risk,2.6666666666666665,765.4,3.6666666666666665,HIGH RISK: HR review; retention conversation; career-path and compensation review.,53-3031.00,"Microsoft Office software, Writing, Speaking, Critical Thinking","Active Listening, Reading Comprehension, Microsoft Excel",57.14,Start: Active Listening
55,Yes,Travel_Rarely,436,Sales,2,1,Medical,1,842,3,Male,37,3,2,Sales Executive,4,Single,5160,21519,4,Y,No,16,3,3,80,0,12,3,2,9,7,7,3,0.7364014,High Risk,3.3333333333333335,516.0,3.0,HIGH RISK: HR review; retention conversation; career-path and compensation review.,53-3031.00,"Writing, Critical Thinking, Reading Comprehension, Microsoft Office software","Active Listening, Speaking, Microsoft Excel",57.14,Start: Active Listening
43,No,Travel_Rarely,589,Research & Development,14,2,Life Sciences,1,843,2,Male,94,3,4,Research Director,1,Married,17159,5200,6,Y,No,24,4,3,80,1,22,3,3,4,1,1,0,0.03159873,Low Risk,2.0,3431.8,2.0,LOW RISK: Continue standard career development and engagement tracking.,27-2041.00,"Writing, Active Learning, Microsoft PowerPoint, Monitoring, Microsoft Outlook, Critical Thinking, Learning Strategies, Active Listening, Reading Comprehension, Microsoft Office software","Speaking, Microsoft Excel, Microsoft Word",76.92,Start: Speaking
27,No,Travel_Rarely,269,Research & Development,5,1,Technical Degree,1,844,3,Male,42,2,3,Research Director,4,Divorced,12808,8842,1,Y,Yes,16,3,2,80,1,9,3,3,9,8,0,8,0.06115627,Low Risk,3.0,1280.8,3.3333333333333335,LOW RISK: Continue standard career development and engagement tracking.,27-2041.00,"Writing, Critical Thinking, Microsoft Outlook, Microsoft Excel, Speaking, Monitoring, Microsoft PowerPoint, Learning Strategies, Active Listening, Reading Comprehension","Active Learning, Microsoft Office software, Microsoft Word",76.92,Start: Active Learning
35,No,Travel_Rarely,950,Research & Development,7,3,Other,1,845,3,Male,59,3,3,Manufacturing Director,3,Single,10221,18869,3,Y,No,21,4,2,80,0,17,3,4,8,5,1,6,0.024011469,Low Risk,2.6666666666666665,1135.6666666666667,3.3333333333333335,LOW RISK: Continue standard career development and engagement tracking.,51-9195.05,"Monitoring, Critical Thinking","Active Listening, Microsoft Excel, Microsoft Outlook",40.0,Start: Active Listening
28,No,Travel_Rarely,760,Sales,2,4,Marketing,1,846,2,Female,81,3,2,Sales Executive,2,Married,4779,3698,1,Y,Yes,20,4,1,80,0,8,2,3,8,7,7,5,0.65930724,Medium Risk,1.6666666666666667,531.0,2.3333333333333335,MEDIUM RISK: Manager check-in; mentorship; targeted development plan.,53-3031.00,"Microsoft Excel, Microsoft Office software, Reading Comprehension, Active Listening","Speaking, Critical Thinking, Writing",57.14,Start: Speaking
34,No,Travel_Rarely,829,Human Resources,3,2,Human Resources,1,847,3,Male,88,3,1,Human Resources,4,Married,3737,2243,0,Y,No,19,3,3,80,1,4,1,1,3,2,0,2,0.024602793,Low Risk,3.3333333333333335,934.25,2.6666666666666665,LOW RISK: Continue standard career development and engagement tracking.,43-4161.00,"Microsoft Word, Active Listening, Microsoft Access, Oracle PeopleSoft, Active Learning, Critical Thinking, Google Docs, Microsoft PowerPoint, Microsoft Office software, Writing","Reading Comprehension, Speaking, Monitoring, Microsoft Excel, Microsoft Outlook, Applicant tracking software, Oracle HRIS, Microsoft SharePoint, Microsoft Visio",52.63,Start: Reading Comprehension
26,Yes,Travel_Frequently,887,Research & Development,5,2,Medical,1,848,3,Female,88,2,1,Research Scientist,3,Married,2366,20898,1,Y,Yes,14,3,1,80,1,8,2,3,8,7,1,7,0.90289277,High Risk,2.3333333333333335,262.8888888888889,3.0,HIGH RISK: HR review; retention conversation; career-path and compensation review.,15-1221.00,"Apache Hadoop, Apache Kafka, C++, Mathematics, Active Learning, GitHub, Apache Spark, Monitoring, Learning Strategies, Amazon Web Services AWS software, Bash, Ansible software","Reading Comprehension, Critical Thinking, Active Listening, Writing, Speaking, Science, C, Docker, Git, Go",54.55,Start: Reading Comprehension
27,No,Non-Travel,443,Research & Development,3,3,Medical,1,850,4,Male,50,3,1,Research Scientist,4,Married,1706,16571,1,Y,No,11,3,3,80,3,0,6,2,0,0,0,0,0.1251843,Low Risk,3.6666666666666665,1706.0,3.3333333333333335,LOW RISK: Continue standard career development and engagement tracking.,15-1221.00,"Git, Writing, Ansible software, Speaking, C, Go, Active Listening, Apache Hadoop, Apache Kafka, Docker, Amazon Web Services AWS software, Bash, Science, Apache Spark, GitHub, Monitoring","Active Learning, Reading Comprehension, Mathematics, Critical Thinking, Learning Strategies, C++",72.73,Start: Active Learning
51,No,Travel_Rarely,1318,Sales,26,4,Marketing,1,851,1,Female,66,3,4,Manager,3,Married,16307,5594,2,Y,No,14,3,3,80,1,29,2,2,20,6,4,17,0.07826035,Low Risk,2.3333333333333335,776.5238095238095,2.0,LOW RISK: Continue standard career development and engagement tracking.,47-1011.03,"Autodesk AutoCAD Civil 3D, Microsoft Excel, Autodesk Revit, Microsoft Outlook, Monitoring, Mathematics, Microsoft Project, Oracle Primavera Enterprise Project Portfolio Management, Microsoft PowerPoint, Critical Thinking, Active Listening, Learning Strategies, Reading Comprehension","Speaking, Writing, Active Learning, Autodesk AutoCAD, Microsoft Office software, Microsoft Visio, Microsoft Windows, Microsoft Word",61.9,Start: Speaking
44,No,Travel_Rarely,625,Research & Development,4,3,Medical,1,852,4,Male,50,3,2,Healthcare Representative,2,Single,5933,5197,9,Y,No,12,3,4,80,0,10,2,2,5,2,2,3,0.09052494,Low Risk,3.3333333333333335,988.8333333333334,2.6666666666666665,LOW RISK: Continue standard career development and engagement tracking.,43-4051.00,"Adobe Creative Cloud software, Reading Comprehension, Apple macOS, Kronos Workforce Timekeeper, Active Listening, Critical Thinking, Google Docs, Writing, Speaking, Adobe Photoshop, Microsoft Office software, Intuit QuickBooks, Adobe Illustrator, Adobe Acrobat","Monitoring, Microsoft Excel, Microsoft Outlook, Facebook",77.78,Start: Monitoring
25,No,Travel_Rarely,180,Research & Development,2,1,Medical,1,854,1,Male,65,4,1,Research Scientist,1,Single,3424,21632,7,Y,No,13,3,3,80,0,6,3,2,4,3,0,1,0.4232076,Medium Risk,1.6666666666666667,684.8,1.3333333333333333,MEDIUM RISK: Manager check-in; mentorship; targeted development plan.,15-1221.00,"Mathematics, Monitoring, C, Critical Thinking, Reading Comprehension, Go, Science, Active Learning, Writing, C++, Amazon Web Services AWS software, Apache Hadoop, Apache Spark, Apache Kafka, GitHub, Speaking, Docker, Bash, Active Listening","Learning Strategies, Ansible software, Git",86.36,Start: Learning Strategies
33,No,Travel_Rarely,586,Sales,1,3,Medical,1,855,1,Male,48,4,2,Sales Executive,1,Divorced,4037,21816,1,Y,No,22,4,1,80,1,9,5,3,9,8,0,8,0.061600063,Low Risk,1.0,403.7,1.6666666666666667,LOW RISK: Continue standard career development and engagement tracking.,53-3031.00,"Critical Thinking, Reading Comprehension, Speaking, Microsoft Excel, Writing","Active Listening, Microsoft Office software",71.43,Start: Active Listening
35,No,Travel_Rarely,1343,Research & Development,27,1,Medical,1,856,3,Female,53,2,1,Research Scientist,1,Single,2559,17852,1,Y,No,11,3,4,80,0,6,3,2,6,5,1,1,0.13101418,Low Risk,2.6666666666666665,365.57142857142856,2.0,LOW RISK: Continue standard career development and engagement tracking.,15-1221.00,"Critical Thinking, Apache Hadoop, Amazon Web Services AWS software, Learning Strategies, Apache Kafka, C, Bash, Monitoring, Apache Spark, Go, Writing, Mathematics, Speaking, Git, Reading Comprehension, Active Learning","Active Listening, Science, Ansible software, C++, Docker, GitHub",72.73,Start: Active Listening
36,No,Travel_Rarely,928,Sales,1,2,Life Sciences,1,857,2,Male,56,3,2,Sales Executive,4,Married,6201,2823,1,Y,Yes,14,3,4,80,1,18,1,2,18,14,4,11,0.05954627,Low Risk,3.3333333333333335,326.36842105263156,2.6666666666666665,LOW RISK: Continue standard career development and engagement tracking.,53-3031.00,"Speaking, Writing, Reading Comprehension","Active Listening, Critical Thinking, Microsoft Excel, Microsoft Office software",42.86,Start: Active Listening
32,No,Travel_Rarely,117,Sales,13,4,Life Sciences,1,859,2,Male,73,3,2,Sales Executive,4,Divorced,4403,9250,2,Y,No,11,3,3,80,1,8,3,2,5,2,0,3,0.13152978,Low Risk,3.0,733.8333333333334,2.6666666666666665,LOW RISK: Continue standard career development and engagement tracking.,53-3031.00,"Active Listening, Microsoft Excel, Writing, Microsoft Office software, Speaking","Critical Thinking, Reading Comprehension",71.43,Start: Critical Thinking
30,No,Travel_Frequently,1012,Research & Development,5,4,Life Sciences,1,861,2,Male,75,2,1,Research Scientist,4,Divorced,3761,2373,9,Y,No,12,3,2,80,1,10,3,2,5,4,0,3,0.06647436,Low Risk,2.6666666666666665,626.8333333333334,2.6666666666666665,LOW RISK: Continue standard career development and engagement tracking.,15-1221.00,"C++, Git, Active Listening, Bash, Science, Apache Kafka, Speaking, C, Amazon Web Services AWS software, Apache Spark, Ansible software, Critical Thinking, Docker, Writing, Go, Apache Hadoop, GitHub, Learning Strategies","Active Learning, Reading Comprehension, Mathematics, Monitoring",81.82,Start: Active Learning
53,No,Travel_Rarely,661,Sales,7,2,Marketing,1,862,1,Female,78,2,3,Sales Executive,4,Married,10934,20715,7,Y,Yes,18,3,4,80,1,35,3,3,5,2,0,4,0.22992516,Low Risk,3.0,1822.3333333333333,2.6666666666666665,LOW RISK: Continue standard career development and engagement tracking.,53-3031.00,"Microsoft Office software, Speaking, Reading Comprehension, Microsoft Excel, Writing, Active Listening",Critical Thinking,85.71,Start: Critical Thinking
45,No,Travel_Rarely,930,Sales,9,3,Marketing,1,864,4,Male,74,3,3,Sales Executive,1,Divorced,10761,19239,4,Y,Yes,12,3,3,80,1,18,2,3,5,4,0,2,0.19270894,Low Risk,2.6666666666666665,1793.5,2.6666666666666665,LOW RISK: Continue standard career development and engagement tracking.,53-3031.00,"Microsoft Excel, Microsoft Office software, Reading Comprehension, Writing, Critical Thinking","Active Listening, Speaking",71.43,Start: Active Listening
32,No,Travel_Rarely,638,Research & Development,8,2,Medical,1,865,3,Female,91,4,2,Research Scientist,3,Married,5175,22162,5,Y,No,12,3,3,80,1,9,3,2,5,3,1,3,0.043045882,Low Risk,3.0,862.5,2.6666666666666665,LOW RISK: Continue standard career development and engagement tracking.,15-1221.00,"Amazon Web Services AWS software, Learning Strategies, Apache Hadoop, Reading Comprehension, Apache Kafka, Docker, Go, C++, Science, Git, Bash","Active Learning, Mathematics, Critical Thinking, Active Listening, Writing, Speaking, Monitoring, Ansible software, Apache Spark, C, GitHub",50.0,Start: Active Learning
52,No,Travel_Frequently,890,Research & Development,25,4,Medical,1,867,3,Female,81,2,4,Manufacturing Director,4,Married,13826,19028,3,Y,No,22,4,3,80,0,31,3,3,9,8,0,0,0.017401328,Low Risk,3.3333333333333335,1382.6,3.3333333333333335,LOW RISK: Continue standard career development and engagement tracking.,51-9195.05,"Microsoft Excel, Active Listening, Monitoring, Microsoft Outlook",Critical Thinking,80.0,Start: Critical Thinking
37,No,Travel_Rarely,342,Sales,16,4,Marketing,1,868,4,Male,66,2,2,Sales Executive,3,Divorced,6334,24558,4,Y,No,19,3,4,80,2,9,2,3,1,0,0,0,0.2650844,Low Risk,3.6666666666666665,3167.0,3.3333333333333335,LOW RISK: Continue standard career development and engagement tracking.,53-3031.00,"Reading Comprehension, Critical Thinking, Microsoft Office software, Writing, Active Listening","Speaking, Microsoft Excel",71.43,Start: Speaking
28,No,Travel_Rarely,1169,Human Resources,8,2,Medical,1,869,2,Male,63,2,1,Human Resources,4,Divorced,4936,23965,1,Y,No,13,3,4,80,1,6,6,3,5,1,0,4,0.0346272,Low Risk,3.3333333333333335,822.6666666666666,3.0,LOW RISK: Continue standard career development and engagement tracking.,43-4161.00,"Speaking, Writing, Monitoring, Microsoft Visio, Microsoft PowerPoint, Microsoft Excel, Microsoft Word, Google Docs, Critical Thinking, Oracle HRIS, Microsoft SharePoint, Microsoft Office software, Microsoft Outlook, Active Learning, Active Listening","Reading Comprehension, Applicant tracking software, Microsoft Access, Oracle PeopleSoft",78.95,Start: Reading Comprehension
22,No,Travel_Rarely,1230,Research & Development,1,2,Life Sciences,1,872,4,Male,33,2,2,Manufacturing Director,4,Married,4775,19146,6,Y,No,22,4,1,80,2,4,2,1,2,2,2,2,0.16370197,Low Risk,3.0,1591.6666666666667,3.0,LOW RISK: Continue standard career development and engagement tracking.,51-9195.05,"Active Listening, Microsoft Excel, Microsoft Outlook, Critical Thinking",Monitoring,80.0,Start: Monitoring
44,No,Travel_Rarely,986,Research & Development,8,4,Life Sciences,1,874,1,Male,62,4,1,Laboratory Technician,4,Married,2818,5044,2,Y,Yes,24,4,3,80,1,10,2,2,3,2,0,2,0.19106148,Low Risk,2.6666666666666665,704.5,2.3333333333333335,LOW RISK: Continue standard career development and engagement tracking.,51-9083.00,"Microsoft PowerPoint, Microsoft Excel, SAP software, Microsoft Word","Reading Comprehension, Critical Thinking, Monitoring, Microsoft Office software, Microsoft Outlook",44.44,Start: Reading Comprehension
42,No,Travel_Frequently,1271,Research & Development,2,1,Medical,1,875,2,Male,35,3,1,Research Scientist,4,Single,2515,9068,5,Y,Yes,14,3,4,80,0,8,2,3,2,1,2,2,0.17517073,Low Risk,3.3333333333333335,838.3333333333334,3.0,LOW RISK: Continue standard career development and engagement tracking.,15-1221.00,"Amazon Web Services AWS software, Git, Science, Apache Hadoop, Apache Kafka, C++, Mathematics, Bash, Active Listening, Go, GitHub, Docker","Active Learning, Reading Comprehension, Critical Thinking, Writing, Speaking, Monitoring, Learning Strategies, Ansible software, Apache Spark, C",54.55,Start: Active Learning
36,No,Travel_Rarely,1278,Human Resources,8,3,Life Sciences,1,878,1,Male,77,2,1,Human Resources,1,Married,2342,8635,0,Y,No,21,4,3,80,0,6,3,3,5,4,0,3,0.20717724,Low Risk,1.6666666666666667,390.3333333333333,1.6666666666666667,LOW RISK: Continue standard career development and engagement tracking.,43-4161.00,"Microsoft Outlook, Writing, Oracle PeopleSoft, Microsoft Word, Microsoft Visio, Oracle HRIS, Monitoring, Reading Comprehension, Microsoft Access","Active Listening, Speaking, Critical Thinking, Active Learning, Microsoft Excel, Microsoft Office software, Microsoft PowerPoint, Applicant tracking software, Google Docs, Microsoft SharePoint",47.37,Start: Active Listening
25,No,Travel_Rarely,141,Sales,3,1,Other,1,879,3,Male,98,3,2,Sales Executive,1,Married,4194,14363,1,Y,Yes,18,3,4,80,0,5,3,3,5,3,0,3,0.19191742,Low Risk,2.6666666666666665,699.0,2.3333333333333335,LOW RISK: Continue standard career development and engagement tracking.,53-3031.00,"Speaking, Reading Comprehension, Writing","Active Listening, Critical Thinking, Microsoft Excel, Microsoft Office software",42.86,Start: Active Listening
35,No,Travel_Rarely,607,Research & Development,9,3,Life Sciences,1,880,4,Female,66,2,3,Manufacturing Director,3,Married,10685,23457,1,Y,Yes,20,4,2,80,1,17,2,3,17,14,5,15,0.09360404,Low Risk,3.0,593.6111111111111,3.3333333333333335,LOW RISK: Continue standard career development and engagement tracking.,51-9195.05,"Monitoring, Microsoft Outlook, Active Listening","Critical Thinking, Microsoft Excel",60.0,Start: Critical Thinking
35,Yes,Travel_Frequently,130,Research & Development,25,4,Life Sciences,1,881,4,Female,96,3,1,Research Scientist,2,Divorced,2022,16612,1,Y,Yes,19,3,1,80,1,10,3,2,10,2,7,8,0.92587686,High Risk,2.3333333333333335,183.8181818181818,2.6666666666666665,HIGH RISK: HR review; retention conversation; career-path and compensation review.,15-1221.00,"Science, Critical Thinking, Active Listening, Amazon Web Services AWS software, Mathematics, Learning Strategies, Docker, Git, Bash, Reading Comprehension, Apache Hadoop","Active Learning, Writing, Speaking, Monitoring, Ansible software, Apache Kafka, Apache Spark, C, C++, GitHub, Go",50.0,Start: Active Learning
32,No,Non-Travel,300,Research & Development,1,3,Life Sciences,1,882,4,Male,61,3,1,Laboratory Technician,4,Divorced,2314,9148,0,Y,No,12,3,2,80,1,4,2,3,3,0,0,2,0.019568767,Low Risk,3.3333333333333335,578.5,3.6666666666666665,LOW RISK: Continue standard career development and engagement tracking.,51-9083.00,"Microsoft PowerPoint, Critical Thinking, Microsoft Outlook, Microsoft Word, Microsoft Excel","Reading Comprehension, Monitoring, Microsoft Office software, SAP software",55.56,Start: Reading Comprehension
25,No,Travel_Rarely,583,Sales,4,1,Marketing,1,885,3,Male,87,2,2,Sales Executive,1,Married,4256,18154,1,Y,No,12,3,1,80,0,5,1,4,5,2,0,3,0.37453195,Low Risk,1.6666666666666667,709.3333333333334,2.6666666666666665,LOW RISK: Continue standard career development and engagement tracking.,53-3031.00,"Reading Comprehension, Microsoft Excel, Speaking","Active Listening, Critical Thinking, Writing, Microsoft Office software",42.86,Start: Active Listening
49,No,Travel_Rarely,1418,Research & Development,1,3,Technical Degree,1,887,3,Female,36,3,1,Research Scientist,1,Married,3580,10554,2,Y,No,16,3,2,80,1,7,2,3,4,2,0,2,0.031065749,Low Risk,2.0,716.0,2.3333333333333335,LOW RISK: Continue standard career development and engagement tracking.,15-1221.00,"Reading Comprehension, C++, Apache Hadoop, Science, C, Writing, Ansible software, Amazon Web Services AWS software, Apache Kafka, Active Learning, Docker","Mathematics, Critical Thinking, Active Listening, Speaking, Monitoring, Learning Strategies, Apache Spark, Bash, Git, GitHub, Go",50.0,Start: Mathematics
24,No,Non-Travel,1269,Research & Development,4,1,Life Sciences,1,888,1,Male,46,2,1,Laboratory Technician,4,Married,3162,10778,0,Y,No,17,3,4,80,0,6,2,2,5,2,3,4,0.029140143,Low Risk,3.0,527.0,2.3333333333333335,LOW RISK: Continue standard career development and engagement tracking.,51-9083.00,"SAP software, Critical Thinking, Microsoft Word, Microsoft Excel, Microsoft PowerPoint, Reading Comprehension, Microsoft Outlook","Monitoring, Microsoft Office software",77.78,Start: Monitoring
32,No,Travel_Frequently,379,Sales,5,2,Life Sciences,1,889,2,Male,48,3,2,Sales Executive,2,Married,6524,8891,1,Y,No,14,3,4,80,1,10,3,3,10,8,5,3,0.08342865,Low Risk,2.6666666666666665,593.0909090909091,2.3333333333333335,LOW RISK: Continue standard career development and engagement tracking.,53-3031.00,"Active Listening, Critical Thinking, Reading Comprehension, Microsoft Excel","Speaking, Writing, Microsoft Office software",57.14,Start: Speaking
38,No,Travel_Rarely,395,Sales,9,3,Marketing,1,893,2,Male,98,2,1,Sales Representative,2,Married,2899,12102,0,Y,No,19,3,4,80,1,3,3,3,2,2,1,2,0.11585843,Low Risk,2.6666666666666665,966.3333333333334,2.3333333333333335,LOW RISK: Continue standard career development and engagement tracking.,41-4012.00,"Active Learning, Adobe Creative Cloud software, Writing, Adobe InDesign, Adobe Acrobat, Monitoring, Adobe Photoshop, Reading Comprehension, Critical Thinking, Salesforce software, Microsoft Excel, Microsoft Office software, Microsoft Outlook","Active Listening, Speaking, Microsoft PowerPoint, Adobe Illustrator, Apple macOS, Autodesk AutoCAD",68.42,Start: Active Listening
42,No,Travel_Rarely,1265,Research & Development,3,3,Life Sciences,1,894,3,Female,95,4,2,Laboratory Technician,4,Married,5231,23726,2,Y,Yes,13,3,2,80,1,17,1,2,5,3,1,3,0.021666694,Low Risk,3.0,871.8333333333334,3.0,LOW RISK: Continue standard career development and engagement tracking.,51-9083.00,"Monitoring, Microsoft PowerPoint, Microsoft Office software, SAP software, Microsoft Excel, Critical Thinking, Reading Comprehension","Microsoft Outlook, Microsoft Word",77.78,Start: Microsoft Outlook
31,No,Travel_Rarely,1222,Research & Development,11,4,Life Sciences,1,895,4,Male,48,3,1,Research Scientist,4,Married,2356,14871,3,Y,Yes,19,3,2,80,1,8,2,3,6,4,0,2,0.17468743,Low Risk,3.3333333333333335,336.57142857142856,3.6666666666666665,LOW RISK: Continue standard career development and engagement tracking.,15-1221.00,"GitHub, Apache Hadoop, Reading Comprehension, Monitoring, Active Learning, Docker, Critical Thinking, Apache Kafka, Bash, Science, C++, Mathematics","Active Listening, Writing, Speaking, Learning Strategies, Amazon Web Services AWS software, Ansible software, Apache Spark, C, Git, Go",54.55,Start: Active Listening
29,Yes,Travel_Rarely,341,Sales,1,3,Medical,1,896,2,Female,48,2,1,Sales Representative,3,Divorced,2800,23522,6,Y,Yes,19,3,3,80,3,5,3,3,3,2,0,2,0.76523024,High Risk,2.6666666666666665,700.0,2.6666666666666665,HIGH RISK: HR review; retention conversation; career-path and compensation review.,41-4012.00,"Adobe Acrobat, Salesforce software, Monitoring, Reading Comprehension, Active Learning, Autodesk AutoCAD, Adobe Photoshop, Microsoft Excel, Microsoft Office software","Active Listening, Speaking, Critical Thinking, Writing, Microsoft Outlook, Microsoft PowerPoint, Adobe Creative Cloud software, Adobe Illustrator, Adobe InDesign, Apple macOS",47.37,Start: Active Listening
53,No,Travel_Rarely,868,Sales,8,3,Marketing,1,897,1,Male,73,3,4,Sales Executive,4,Married,11836,22789,5,Y,No,14,3,3,80,1,28,3,3,2,0,2,2,0.12943584,Low Risk,2.6666666666666665,3945.3333333333335,2.6666666666666665,LOW RISK: Continue standard career development and engagement tracking.,53-3031.00,"Active Listening, Microsoft Office software, Critical Thinking, Reading Comprehension, Microsoft Excel","Speaking, Writing",71.43,Start: Speaking
35,No,Travel_Rarely,672,Research & Development,25,3,Technical Degree,1,899,4,Male,78,2,3,Manufacturing Director,2,Married,10903,9129,3,Y,No,16,3,1,80,0,16,2,3,13,10,4,8,0.21973911,Low Risk,2.3333333333333335,778.7857142857143,3.0,LOW RISK: Continue standard career development and engagement tracking.,51-9195.05,"Microsoft Excel, Monitoring, Critical Thinking","Active Listening, Microsoft Outlook",60.0,Start: Active Listening
37,No,Travel_Frequently,1231,Sales,21,2,Medical,1,900,3,Female,54,3,1,Sales Representative,4,Married,2973,21222,5,Y,No,15,3,2,80,1,10,3,3,5,4,0,0,0.121576905,Low Risk,3.0,495.5,3.3333333333333335,LOW RISK: Continue standard career development and engagement tracking.,41-4012.00,"Speaking, Active Listening, Adobe Acrobat, Apple macOS, Microsoft Office software, Microsoft Outlook, Salesforce software, Adobe Photoshop, Adobe Creative Cloud software, Monitoring, Autodesk AutoCAD, Critical Thinking, Writing, Adobe InDesign","Reading Comprehension, Active Learning, Microsoft Excel, Microsoft PowerPoint, Adobe Illustrator",73.68,Start: Reading Comprehension
53,No,Travel_Rarely,102,Research & Development,23,4,Life Sciences,1,901,4,Female,72,3,4,Research Director,4,Single,14275,20206,6,Y,No,18,3,3,80,0,33,0,3,12,9,3,8,0.048261285,Low Risk,3.6666666666666665,1098.076923076923,3.6666666666666665,LOW RISK: Continue standard career development and engagement tracking.,27-2041.00,"Microsoft Office software, Critical Thinking, Writing, Active Listening, Learning Strategies, Monitoring, Reading Comprehension, Microsoft Word, Speaking","Active Learning, Microsoft Excel, Microsoft Outlook, Microsoft PowerPoint",69.23,Start: Active Learning
43,No,Travel_Frequently,422,Research & Development,1,3,Life Sciences,1,902,4,Female,33,3,2,Healthcare Representative,4,Married,5562,21782,4,Y,No,13,3,2,80,1,12,2,2,5,2,2,2,0.04731069,Low Risk,3.3333333333333335,927.0,3.3333333333333335,LOW RISK: Continue standard career development and engagement tracking.,43-4051.00,"Kronos Workforce Timekeeper, Adobe Acrobat, Critical Thinking, Monitoring, Microsoft Excel, Microsoft Outlook, Speaking, Microsoft Office software, Adobe Creative Cloud software, Active Listening, Adobe Photoshop, Reading Comprehension, Apple macOS, Intuit QuickBooks, Adobe Illustrator","Writing, Facebook, Google Docs",83.33,Start: Writing
47,No,Travel_Rarely,249,Sales,2,2,Marketing,1,903,3,Female,35,3,2,Sales Executive,4,Married,4537,17783,0,Y,Yes,22,4,1,80,1,8,2,3,7,6,7,7,0.15913287,Low Risk,2.6666666666666665,567.125,3.3333333333333335,LOW RISK: Continue standard career development and engagement tracking.,53-3031.00,"Active Listening, Reading Comprehension, Microsoft Excel","Speaking, Critical Thinking, Writing, Microsoft Office software",42.86,Start: Speaking
37,No,Non-Travel,1252,Sales,19,2,Medical,1,904,1,Male,32,3,3,Sales Executive,2,Single,7642,4814,1,Y,Yes,13,3,4,80,0,10,2,3,10,0,0,9,0.32569242,Low Risk,2.3333333333333335,694.7272727272727,2.0,LOW RISK: Continue standard career development and engagement tracking.,53-3031.00,"Critical Thinking, Reading Comprehension, Active Listening, Microsoft Excel, Writing, Microsoft Office software",Speaking,85.71,Start: Speaking
50,No,Non-Travel,881,Research & Development,2,4,Life Sciences,1,905,1,Male,98,3,4,Manager,1,Divorced,17924,4544,1,Y,No,11,3,4,80,1,31,3,3,31,6,14,7,0.05200764,Low Risk,2.0,560.125,1.6666666666666667,LOW RISK: Continue standard career development and engagement tracking.,47-1011.03,"Microsoft Word, Reading Comprehension, Autodesk AutoCAD, Mathematics, Microsoft Visio, Microsoft Project, Microsoft Outlook, Microsoft Windows, Active Listening, Oracle Primavera Enterprise Project Portfolio Management","Monitoring, Speaking, Critical Thinking, Writing, Active Learning, Learning Strategies, Autodesk AutoCAD Civil 3D, Autodesk Revit, Microsoft Excel, Microsoft Office software, Microsoft PowerPoint",47.62,Start: Monitoring
39,No,Travel_Rarely,1383,Human Resources,2,3,Life Sciences,1,909,4,Female,42,2,2,Human Resources,4,Married,5204,7790,8,Y,No,11,3,3,80,2,13,2,3,5,4,0,4,0.046246618,Low Risk,3.6666666666666665,867.3333333333334,3.6666666666666665,LOW RISK: Continue standard career development and engagement tracking.,43-4161.00,"Speaking, Microsoft Office software, Microsoft SharePoint, Active Learning, Microsoft Outlook, Critical Thinking, Microsoft PowerPoint, Oracle HRIS, Microsoft Word, Microsoft Visio, Microsoft Access, Google Docs, Reading Comprehension, Active Listening, Monitoring","Writing, Microsoft Excel, Applicant tracking software, Oracle PeopleSoft",78.95,Start: Writing
33,No,Travel_Rarely,1075,Human Resources,3,2,Human Resources,1,910,4,Male,57,3,1,Human Resources,2,Divorced,2277,22650,3,Y,Yes,11,3,3,80,1,7,4,4,4,3,0,3,0.57883775,Medium Risk,3.0,455.4,3.3333333333333335,MEDIUM RISK: Manager check-in; mentorship; targeted development plan.,43-4161.00,"Microsoft Word, Oracle PeopleSoft, Microsoft SharePoint, Microsoft Excel, Microsoft PowerPoint, Active Learning, Microsoft Office software, Microsoft Access, Reading Comprehension, Writing, Oracle HRIS, Microsoft Outlook","Active Listening, Speaking, Critical Thinking, Monitoring, Applicant tracking software, Google Docs, Microsoft Visio",63.16,Start: Active Listening
32,Yes,Travel_Rarely,374,Research & Development,25,4,Life Sciences,1,911,1,Male,87,3,1,Laboratory Technician,4,Single,2795,18016,1,Y,Yes,24,4,3,80,0,1,2,1,1,0,0,1,0.9750547,High Risk,2.6666666666666665,1397.5,2.0,HIGH RISK: HR review; retention conversation; career-path and compensation review.,51-9083.00,"Reading Comprehension, Microsoft Word, Microsoft PowerPoint, SAP software, Critical Thinking, Microsoft Outlook, Monitoring","Microsoft Excel, Microsoft Office software",77.78,Start: Microsoft Excel
29,No,Travel_Rarely,1086,Research & Development,7,1,Medical,1,912,1,Female,62,2,1,Laboratory Technician,4,Divorced,2532,6054,6,Y,No,14,3,3,80,3,8,5,3,4,3,0,3,0.2174899,Low Risk,2.6666666666666665,506.4,2.6666666666666665,LOW RISK: Continue standard career development and engagement tracking.,51-9083.00,"Microsoft Excel, Critical Thinking, SAP software, Microsoft Office software, Microsoft Word, Monitoring","Reading Comprehension, Microsoft Outlook, Microsoft PowerPoint",66.67,Start: Reading Comprehension
44,No,Travel_Rarely,661,Research & Development,9,2,Life Sciences,1,913,2,Male,61,3,1,Research Scientist,1,Married,2559,7508,1,Y,Yes,13,3,4,80,0,8,0,3,8,7,7,1,0.42845082,Medium Risk,2.3333333333333335,284.3333333333333,2.0,MEDIUM RISK: Manager check-in; mentorship; targeted development plan.,15-1221.00,"Git, Critical Thinking, Writing, Apache Hadoop, Monitoring, C++, Active Learning, C, GitHub, Apache Spark, Reading Comprehension, Active Listening, Learning Strategies, Mathematics","Speaking, Science, Amazon Web Services AWS software, Ansible software, Apache Kafka, Bash, Docker, Go",63.64,Start: Speaking
28,No,Travel_Rarely,821,Sales,5,4,Medical,1,916,1,Male,98,3,2,Sales Executive,4,Single,4908,24252,1,Y,No,14,3,2,80,0,4,3,3,4,2,0,2,0.133928,Low Risk,2.3333333333333335,981.6,2.6666666666666665,LOW RISK: Continue standard career development and engagement tracking.,53-3031.00,"Writing, Active Listening, Microsoft Excel","Speaking, Critical Thinking, Reading Comprehension, Microsoft Office software",42.86,Start: Speaking
58,Yes,Travel_Frequently,781,Research & Development,2,1,Life Sciences,1,918,4,Male,57,2,1,Laboratory Technician,4,Divorced,2380,13384,9,Y,Yes,14,3,4,80,1,3,3,2,1,0,0,0,0.911575,High Risk,4.0,1190.0,3.3333333333333335,HIGH RISK: HR review; retention conversation; career-path and compensation review.,51-9083.00,"Microsoft Word, Microsoft Outlook, SAP software, Microsoft Office software","Reading Comprehension, Critical Thinking, Monitoring, Microsoft Excel, Microsoft PowerPoint",44.44,Start: Reading Comprehension
43,No,Travel_Rarely,177,Research & Development,8,3,Life Sciences,1,920,1,Female,55,3,2,Manufacturing Director,2,Divorced,4765,23814,4,Y,No,21,4,3,80,1,4,2,4,1,0,0,0,0.16822799,Low Risk,2.0,2382.5,2.3333333333333335,LOW RISK: Continue standard career development and engagement tracking.,51-9195.05,"Microsoft Excel, Monitoring, Microsoft Outlook, Critical Thinking",Active Listening,80.0,Start: Active Listening
20,Yes,Travel_Rarely,500,Sales,2,3,Medical,1,922,3,Female,49,2,1,Sales Representative,3,Single,2044,22052,1,Y,No,13,3,4,80,0,2,3,2,2,2,0,2,0.80834365,High Risk,3.3333333333333335,681.3333333333334,2.6666666666666665,HIGH RISK: HR review; retention conversation; career-path and compensation review.,41-4012.00,"Microsoft Excel, Speaking, Adobe Acrobat, Critical Thinking, Reading Comprehension, Writing, Microsoft PowerPoint, Adobe Photoshop, Autodesk AutoCAD, Active Listening, Monitoring, Adobe Illustrator, Adobe Creative Cloud software","Active Learning, Microsoft Office software, Microsoft Outlook, Salesforce software, Adobe InDesign, Apple macOS",68.42,Start: Active Learning
21,Yes,Travel_Rarely,1427,Research & Development,18,1,Other,1,923,4,Female,65,3,1,Research Scientist,4,Single,2693,8870,1,Y,No,19,3,1,80,0,1,3,2,1,0,0,0,0.35692286,Low Risk,3.0,1346.5,3.3333333333333335,LOW RISK: Continue standard career development and engagement tracking.,15-1221.00,"Docker, Reading Comprehension, Monitoring, Active Learning, Go, Science, Ansible software, Apache Spark, Amazon Web Services AWS software, GitHub, Writing","Mathematics, Critical Thinking, Active Listening, Speaking, Learning Strategies, Apache Hadoop, Apache Kafka, Bash, C, C++, Git",50.0,Start: Mathematics
36,No,Travel_Rarely,1425,Research & Development,14,1,Life Sciences,1,924,3,Male,68,3,2,Healthcare Representative,4,Married,6586,4821,0,Y,Yes,17,3,1,80,1,17,2,2,16,8,4,11,0.031780045,Low Risk,2.6666666666666665,387.4117647058824,3.0,LOW RISK: Continue standard career development and engagement tracking.,43-4051.00,"Speaking, Reading Comprehension, Intuit QuickBooks, Adobe Photoshop, Active Listening, Adobe Creative Cloud software, Monitoring, Facebook, Writing, Apple macOS, Critical Thinking, Google Docs, Microsoft Office software, Microsoft Outlook","Microsoft Excel, Adobe Acrobat, Adobe Illustrator, Kronos Workforce Timekeeper",77.78,Start: Microsoft Excel
47,No,Travel_Rarely,1454,Sales,2,4,Life Sciences,1,925,4,Female,65,2,1,Sales Representative,4,Single,3294,13137,1,Y,Yes,18,3,1,80,0,3,3,2,3,2,1,2,0.47273955,Medium Risk,3.0,823.5,3.3333333333333335,MEDIUM RISK: Manager check-in; mentorship; targeted development plan.,41-4012.00,"Apple macOS, Critical Thinking, Adobe InDesign, Adobe Photoshop, Microsoft PowerPoint, Monitoring, Adobe Creative Cloud software, Autodesk AutoCAD, Adobe Illustrator, Adobe Acrobat, Reading Comprehension","Active Listening, Speaking, Writing, Active Learning, Microsoft Excel, Microsoft Office software, Microsoft Outlook, Salesforce software",57.89,Start: Active Listening
22,Yes,Travel_Rarely,617,Research & Development,3,1,Life Sciences,1,926,2,Female,34,3,2,Manufacturing Director,3,Married,4171,10022,0,Y,Yes,19,3,1,80,1,4,3,4,3,2,0,2,0.69137377,Medium Risk,2.0,1042.75,3.0,MEDIUM RISK: Manager check-in; mentorship; targeted development plan.,51-9195.05,"Monitoring, Microsoft Excel, Active Listening","Critical Thinking, Microsoft Outlook",60.0,Start: Critical Thinking
41,Yes,Travel_Rarely,1085,Research & Development,2,4,Life Sciences,1,927,2,Female,57,1,1,Laboratory Technician,4,Divorced,2778,17725,4,Y,Yes,13,3,3,80,1,10,1,2,7,7,1,0,0.8266974,High Risk,3.0,347.25,2.6666666666666665,HIGH RISK: HR review; retention conversation; career-path and compensation review.,51-9083.00,"Microsoft Outlook, Reading Comprehension, Monitoring, SAP software, Microsoft PowerPoint, Microsoft Office software, Microsoft Excel","Critical Thinking, Microsoft Word",77.78,Start: Critical Thinking
28,No,Travel_Rarely,995,Research & Development,9,3,Medical,1,930,3,Female,77,3,1,Research Scientist,3,Divorced,2377,9834,5,Y,No,18,3,2,80,1,6,2,3,2,2,2,2,0.089348994,Low Risk,2.6666666666666665,792.3333333333334,3.0,LOW RISK: Continue standard career development and engagement tracking.,15-1221.00,"Speaking, Monitoring, C, Go, Active Listening, Docker, Critical Thinking, Writing, Active Learning, Apache Spark, C++","Reading Comprehension, Mathematics, Learning Strategies, Science, Amazon Web Services AWS software, Ansible software, Apache Hadoop, Apache Kafka, Bash, Git, GitHub",50.0,Start: Reading Comprehension
39,Yes,Travel_Rarely,1122,Research & Development,6,3,Medical,1,932,4,Male,70,3,1,Laboratory Technician,1,Married,2404,4303,7,Y,Yes,21,4,4,80,0,8,2,1,2,2,2,2,0.9183696,High Risk,3.0,801.3333333333334,2.0,HIGH RISK: HR review; retention conversation; career-path and compensation review.,51-9083.00,"Microsoft Outlook, Monitoring, Reading Comprehension, Microsoft Word, Microsoft Office software, SAP software","Critical Thinking, Microsoft Excel, Microsoft PowerPoint",66.67,Start: Critical Thinking
27,No,Travel_Rarely,618,Research & Development,4,3,Life Sciences,1,933,2,Female,76,3,1,Research Scientist,3,Single,2318,17808,1,Y,No,19,3,3,80,0,1,2,3,1,1,0,0,0.3402692,Low Risk,2.6666666666666665,1159.0,2.6666666666666665,LOW RISK: Continue standard career development and engagement tracking.,15-1221.00,"C++, Git, Mathematics, Writing, Ansible software, Monitoring, Active Listening, Docker, Science, Active Learning, C, Speaking, Learning Strategies, Go","Reading Comprehension, Critical Thinking, Amazon Web Services AWS software, Apache Hadoop, Apache Kafka, Apache Spark, Bash, GitHub",63.64,Start: Reading Comprehension
34,No,Travel_Rarely,546,Research & Development,10,3,Life Sciences,1,934,2,Male,83,3,1,Laboratory Technician,2,Divorced,2008,6896,1,Y,No,14,3,2,80,2,1,3,3,1,0,1,0,0.6293065,Medium Risk,2.0,1004.0,2.3333333333333335,MEDIUM RISK: Manager check-in; mentorship; targeted development plan.,51-9083.00,"Microsoft Outlook, Reading Comprehension, Microsoft Excel, SAP software, Microsoft PowerPoint, Critical Thinking","Monitoring, Microsoft Office software, Microsoft Word",66.67,Start: Monitoring
42,No,Travel_Rarely,462,Sales,14,2,Medical,1,936,3,Female,68,2,2,Sales Executive,3,Single,6244,7824,7,Y,No,17,3,1,80,0,10,6,3,5,4,0,3,0.23088875,Low Risk,2.3333333333333335,1040.6666666666667,3.0,LOW RISK: Continue standard career development and engagement tracking.,53-3031.00,"Active Listening, Critical Thinking, Reading Comprehension","Speaking, Writing, Microsoft Excel, Microsoft Office software",42.86,Start: Speaking
33,No,Travel_Rarely,1198,Research & Development,1,4,Other,1,939,3,Male,100,2,1,Research Scientist,1,Single,2799,3339,3,Y,Yes,11,3,2,80,0,6,1,3,3,2,0,2,0.44908974,Medium Risk,2.0,699.75,2.3333333333333335,MEDIUM RISK: Manager check-in; mentorship; targeted development plan.,15-1221.00,"Active Learning, Git, Monitoring, Active Listening, Docker, GitHub, Science, Critical Thinking, C, Amazon Web Services AWS software, Reading Comprehension, Speaking, Writing, Learning Strategies","Mathematics, Ansible software, Apache Hadoop, Apache Kafka, Apache Spark, Bash, C++, Go",63.64,Start: Mathematics
58,No,Travel_Rarely,1272,Research & Development,5,3,Technical Degree,1,940,3,Female,37,2,3,Healthcare Representative,2,Divorced,10552,9255,2,Y,Yes,13,3,4,80,1,24,3,3,6,0,0,4,0.045591783,Low Risk,3.0,1507.4285714285713,2.6666666666666665,LOW RISK: Continue standard career development and engagement tracking.,43-4051.00,"Microsoft Excel, Monitoring, Apple macOS, Reading Comprehension, Microsoft Outlook, Adobe Illustrator, Facebook, Google Docs, Critical Thinking, Adobe Photoshop, Adobe Acrobat","Active Listening, Speaking, Writing, Microsoft Office software, Adobe Creative Cloud software, Intuit QuickBooks, Kronos Workforce Timekeeper",61.11,Start: Active Listening
31,No,Travel_Rarely,154,Sales,7,4,Life Sciences,1,941,2,Male,41,2,1,Sales Representative,3,Married,2329,11737,3,Y,No,15,3,2,80,0,13,2,4,7,7,5,2,0.15861392,Low Risk,2.3333333333333335,291.125,3.0,LOW RISK: Continue standard career development and engagement tracking.,41-4012.00,"Microsoft PowerPoint, Adobe Photoshop, Speaking, Critical Thinking, Microsoft Outlook, Active Learning, Reading Comprehension, Writing, Microsoft Excel, Salesforce software, Microsoft Office software, Apple macOS","Active Listening, Monitoring, Adobe Acrobat, Adobe Creative Cloud software, Adobe Illustrator, Adobe InDesign, Autodesk AutoCAD",63.16,Start: Active Listening
35,No,Travel_Rarely,1137,Research & Development,21,1,Life Sciences,1,942,4,Female,51,3,2,Healthcare Representative,4,Married,4014,19170,1,Y,Yes,25,4,4,80,1,10,2,1,10,6,0,7,0.0561739,Low Risk,4.0,364.90909090909093,3.0,LOW RISK: Continue standard career development and engagement tracking.,43-4051.00,"Monitoring, Microsoft Office software, Active Listening, Apple macOS, Kronos Workforce Timekeeper, Adobe Acrobat, Google Docs, Reading Comprehension, Facebook, Microsoft Outlook, Microsoft Excel","Speaking, Critical Thinking, Writing, Adobe Creative Cloud software, Adobe Illustrator, Adobe Photoshop, Intuit QuickBooks",61.11,Start: Speaking
49,No,Travel_Rarely,527,Research & Development,8,2,Other,1,944,1,Female,51,3,3,Laboratory Technician,2,Married,7403,22477,4,Y,No,11,3,3,80,1,29,3,2,26,9,1,7,0.19328605,Low Risk,2.0,274.18518518518516,1.6666666666666667,LOW RISK: Continue standard career development and engagement tracking.,51-9083.00,"Microsoft PowerPoint, Microsoft Word, Microsoft Excel, SAP software, Monitoring, Critical Thinking","Reading Comprehension, Microsoft Office software, Microsoft Outlook",66.67,Start: Reading Comprehension
48,No,Travel_Rarely,1469,Research & Development,20,4,Medical,1,945,4,Male,51,3,1,Research Scientist,3,Married,2259,5543,4,Y,No,17,3,1,80,2,13,2,2,0,0,0,0,0.070129566,Low Risk,2.6666666666666665,2259.0,3.0,LOW RISK: Continue standard career development and engagement tracking.,15-1221.00,"Git, GitHub, Monitoring, Amazon Web Services AWS software, C++, Critical Thinking, Apache Spark, Bash, Apache Hadoop, Learning Strategies, Science, Writing, Mathematics, Speaking, Go, Reading Comprehension, Ansible software, C","Active Learning, Active Listening, Apache Kafka, Docker",81.82,Start: Active Learning
31,No,Non-Travel,1188,Sales,20,2,Marketing,1,947,4,Female,45,3,2,Sales Executive,3,Married,6932,24406,1,Y,No,13,3,4,80,1,9,2,2,9,8,0,0,0.055704385,Low Risk,3.6666666666666665,693.2,3.0,LOW RISK: Continue standard career development and engagement tracking.,53-3031.00,"Critical Thinking, Microsoft Office software, Active Listening","Speaking, Reading Comprehension, Writing, Microsoft Excel",42.86,Start: Speaking
36,No,Travel_Rarely,188,Research & Development,7,4,Other,1,949,2,Male,65,3,1,Research Scientist,4,Single,4678,23293,2,Y,No,18,3,3,80,0,8,6,3,6,2,0,1,0.017065726,Low Risk,3.0,668.2857142857143,3.0,LOW RISK: Continue standard career development and engagement tracking.,15-1221.00,"Docker, C, Learning Strategies, Bash, Mathematics, Speaking, Amazon Web Services AWS software, Ansible software, Apache Kafka, Writing, Monitoring, Active Learning","Reading Comprehension, Critical Thinking, Active Listening, Science, Apache Hadoop, Apache Spark, C++, Git, GitHub, Go",54.55,Start: Reading Comprehension
38,No,Travel_Rarely,1333,Research & Development,1,3,Technical Degree,1,950,4,Female,80,3,3,Research Director,1,Married,13582,16292,1,Y,No,13,3,2,80,1,15,3,3,15,12,5,11,0.005142528,Low Risk,2.3333333333333335,848.875,2.6666666666666665,LOW RISK: Continue standard career development and engagement tracking.,27-2041.00,"Microsoft PowerPoint, Critical Thinking, Active Learning, Microsoft Outlook, Microsoft Excel, Learning Strategies, Reading Comprehension, Microsoft Office software, Microsoft Word, Speaking","Active Listening, Monitoring, Writing",76.92,Start: Active Listening
32,No,Non-Travel,1184,Research & Development,1,3,Life Sciences,1,951,3,Female,70,2,1,Laboratory Technician,2,Married,2332,3974,6,Y,No,20,4,3,80,0,5,3,3,3,0,0,2,0.119093895,Low Risk,2.6666666666666665,583.0,2.6666666666666665,LOW RISK: Continue standard career development and engagement tracking.,51-9083.00,"Reading Comprehension, Monitoring, SAP software, Microsoft Outlook, Critical Thinking, Microsoft Office software, Microsoft PowerPoint, Microsoft Excel",Microsoft Word,88.89,Start: Microsoft Word
25,Yes,Travel_Rarely,867,Sales,19,2,Marketing,1,952,3,Male,36,2,1,Sales Representative,2,Married,2413,18798,1,Y,Yes,18,3,3,80,3,1,2,3,1,0,0,0,0.95499027,High Risk,2.6666666666666665,1206.5,2.6666666666666665,HIGH RISK: HR review; retention conversation; career-path and compensation review.,41-4012.00,"Adobe InDesign, Apple macOS, Writing, Microsoft PowerPoint, Autodesk AutoCAD, Salesforce software, Adobe Photoshop, Reading Comprehension, Microsoft Excel, Adobe Acrobat, Active Listening","Speaking, Critical Thinking, Active Learning, Monitoring, Microsoft Office software, Microsoft Outlook, Adobe Creative Cloud software, Adobe Illustrator",57.89,Start: Speaking
40,No,Travel_Rarely,658,Sales,10,4,Marketing,1,954,1,Male,67,2,3,Sales Executive,2,Divorced,9705,20652,2,Y,No,12,3,2,80,1,11,2,2,1,0,0,0,0.6192591,Medium Risk,1.6666666666666667,4852.5,1.6666666666666667,MEDIUM RISK: Manager check-in; mentorship; targeted development plan.,53-3031.00,"Speaking, Microsoft Excel, Critical Thinking, Active Listening, Microsoft Office software","Reading Comprehension, Writing",71.43,Start: Reading Comprehension
26,No,Travel_Frequently,1283,Sales,1,3,Medical,1,956,3,Male,52,2,2,Sales Executive,1,Single,4294,11148,1,Y,No,12,3,2,80,0,7,2,3,7,7,0,7,0.2405516,Low Risk,2.0,536.75,2.3333333333333335,LOW RISK: Continue standard career development and engagement tracking.,53-3031.00,"Writing, Microsoft Office software, Critical Thinking, Microsoft Excel","Active Listening, Speaking, Reading Comprehension",57.14,Start: Active Listening
41,No,Travel_Rarely,263,Research & Development,6,3,Medical,1,957,4,Male,59,3,1,Laboratory Technician,1,Single,4721,3119,2,Y,Yes,13,3,3,80,0,20,3,3,18,13,2,17,0.27121592,Low Risk,2.6666666666666665,248.47368421052633,2.6666666666666665,LOW RISK: Continue standard career development and engagement tracking.,51-9083.00,"Monitoring, SAP software, Microsoft Word, Microsoft Outlook, Reading Comprehension","Critical Thinking, Microsoft Excel, Microsoft Office software, Microsoft PowerPoint",55.56,Start: Critical Thinking
36,No,Travel_Rarely,938,Research & Development,2,4,Medical,1,958,3,Male,79,3,1,Laboratory Technician,3,Single,2519,12287,4,Y,No,21,4,3,80,0,16,6,3,11,8,3,9,0.06308612,Low Risk,3.0,209.91666666666666,3.0,LOW RISK: Continue standard career development and engagement tracking.,51-9083.00,"Microsoft Office software, SAP software, Critical Thinking, Microsoft Excel, Monitoring","Reading Comprehension, Microsoft Outlook, Microsoft PowerPoint, Microsoft Word",55.56,Start: Reading Comprehension
19,Yes,Travel_Rarely,419,Sales,21,3,Other,1,959,4,Male,37,2,1,Sales Representative,2,Single,2121,9947,1,Y,Yes,13,3,2,80,0,1,3,4,1,0,0,0,0.98292255,High Risk,2.6666666666666665,1060.5,3.3333333333333335,HIGH RISK: HR review; retention conversation; career-path and compensation review.,41-4012.00,"Critical Thinking, Active Learning, Autodesk AutoCAD, Microsoft Excel, Microsoft Office software, Active Listening, Microsoft Outlook, Writing, Adobe InDesign, Microsoft PowerPoint, Adobe Photoshop, Adobe Creative Cloud software, Adobe Acrobat, Adobe Illustrator, Salesforce software","Speaking, Reading Comprehension, Monitoring, Apple macOS",78.95,Start: Speaking
20,Yes,Travel_Rarely,129,Research & Development,4,3,Technical Degree,1,960,1,Male,84,3,1,Laboratory Technician,1,Single,2973,13008,1,Y,No,19,3,2,80,0,1,2,3,1,0,0,0,0.9412683,High Risk,1.3333333333333333,1486.5,1.6666666666666667,HIGH RISK: HR review; retention conversation; career-path and compensation review.,51-9083.00,"Microsoft PowerPoint, Monitoring, Reading Comprehension, Microsoft Outlook, Microsoft Office software","Critical Thinking, Microsoft Excel, Microsoft Word, SAP software",55.56,Start: Critical Thinking
31,No,Travel_Rarely,616,Research & Development,12,3,Medical,1,961,4,Female,41,3,2,Healthcare Representative,4,Married,5855,17369,0,Y,Yes,11,3,3,80,2,10,2,1,9,7,8,5,0.13782167,Low Risk,3.6666666666666665,585.5,3.0,LOW RISK: Continue standard career development and engagement tracking.,43-4051.00,"Adobe Illustrator, Speaking, Microsoft Outlook, Adobe Creative Cloud software, Microsoft Excel, Intuit QuickBooks, Monitoring, Microsoft Office software, Google Docs, Adobe Acrobat, Kronos Workforce Timekeeper, Reading Comprehension, Writing","Active Listening, Critical Thinking, Adobe Photoshop, Apple macOS, Facebook",72.22,Start: Active Listening
40,No,Travel_Frequently,1469,Research & Development,9,4,Medical,1,964,4,Male,35,3,1,Research Scientist,2,Divorced,3617,25063,8,Y,Yes,14,3,4,80,1,3,2,3,1,1,0,0,0.1022141,Low Risk,3.3333333333333335,1808.5,3.0,LOW RISK: Continue standard career development and engagement tracking.,15-1221.00,"Apache Hadoop, Apache Spark, Bash, Learning Strategies, Critical Thinking, Active Listening, Go, Amazon Web Services AWS software, Science, C, Apache Kafka, GitHub","Active Learning, Reading Comprehension, Mathematics, Writing, Speaking, Monitoring, Ansible software, C++, Docker, Git",54.55,Start: Active Learning
32,No,Travel_Rarely,498,Research & Development,3,4,Medical,1,966,3,Female,93,3,2,Manufacturing Director,1,Married,6725,13554,1,Y,No,12,3,3,80,1,8,2,4,8,7,6,3,0.052630708,Low Risk,2.3333333333333335,747.2222222222222,2.6666666666666665,LOW RISK: Continue standard career development and engagement tracking.,51-9195.05,"Microsoft Excel, Active Listening, Monitoring","Critical Thinking, Microsoft Outlook",60.0,Start: Critical Thinking
36,Yes,Travel_Rarely,530,Sales,3,1,Life Sciences,1,967,3,Male,51,2,3,Sales Executive,4,Married,10325,5518,1,Y,Yes,11,3,1,80,1,16,6,3,16,7,3,7,0.79869264,High Risk,2.6666666666666665,607.3529411764706,3.3333333333333335,HIGH RISK: HR review; retention conversation; career-path and compensation review.,53-3031.00,"Microsoft Excel, Microsoft Office software, Active Listening, Speaking, Reading Comprehension","Critical Thinking, Writing",71.43,Start: Critical Thinking
33,No,Travel_Rarely,1069,Research & Development,1,3,Life Sciences,1,969,2,Female,42,2,2,Healthcare Representative,4,Single,6949,12291,0,Y,No,14,3,1,80,0,6,3,3,5,0,1,4,0.024670774,Low Risk,2.3333333333333335,1158.1666666666667,3.0,LOW RISK: Continue standard career development and engagement tracking.,43-4051.00,"Apple macOS, Adobe Acrobat, Microsoft Outlook, Facebook, Writing, Intuit QuickBooks, Google Docs, Critical Thinking, Adobe Photoshop, Adobe Creative Cloud software, Speaking, Active Listening, Kronos Workforce Timekeeper, Microsoft Excel","Reading Comprehension, Monitoring, Microsoft Office software, Adobe Illustrator",77.78,Start: Reading Comprehension
37,Yes,Travel_Rarely,625,Sales,1,4,Life Sciences,1,970,1,Male,46,2,3,Sales Executive,3,Married,10609,14922,5,Y,No,11,3,3,80,0,17,2,1,14,1,11,7,0.92228085,High Risk,2.3333333333333335,707.2666666666667,1.6666666666666667,HIGH RISK: HR review; retention conversation; career-path and compensation review.,53-3031.00,"Critical Thinking, Active Listening, Microsoft Excel, Microsoft Office software, Writing","Speaking, Reading Comprehension",71.43,Start: Speaking
45,No,Non-Travel,805,Research & Development,4,2,Life Sciences,1,972,3,Male,57,3,2,Laboratory Technician,2,Married,4447,23163,1,Y,No,12,3,2,80,0,9,5,2,9,7,0,8,0.026485883,Low Risk,2.3333333333333335,444.7,2.3333333333333335,LOW RISK: Continue standard career development and engagement tracking.,51-9083.00,"SAP software, Microsoft PowerPoint, Microsoft Word, Reading Comprehension, Microsoft Office software, Critical Thinking","Monitoring, Microsoft Excel, Microsoft Outlook",66.67,Start: Monitoring
29,No,Travel_Frequently,1404,Sales,20,3,Technical Degree,1,974,3,Female,84,3,1,Sales Representative,4,Married,2157,18203,1,Y,No,15,3,2,80,1,3,5,3,3,1,0,2,0.3029397,Low Risk,3.0,539.25,3.3333333333333335,LOW RISK: Continue standard career development and engagement tracking.,41-4012.00,"Active Listening, Microsoft Outlook, Writing, Adobe Illustrator, Active Learning, Salesforce software, Microsoft Excel, Reading Comprehension, Adobe InDesign, Speaking, Microsoft Office software, Apple macOS, Adobe Acrobat, Critical Thinking","Monitoring, Microsoft PowerPoint, Adobe Creative Cloud software, Adobe Photoshop, Autodesk AutoCAD",73.68,Start: Monitoring
35,No,Travel_Rarely,1219,Sales,18,3,Medical,1,975,3,Female,86,3,2,Sales Executive,3,Married,4601,6179,1,Y,No,16,3,2,80,0,5,3,3,5,2,1,0,0.17410304,Low Risk,2.6666666666666665,766.8333333333334,3.0,LOW RISK: Continue standard career development and engagement tracking.,53-3031.00,"Reading Comprehension, Microsoft Office software, Writing, Speaking","Active Listening, Critical Thinking, Microsoft Excel",57.14,Start: Active Listening
52,No,Travel_Rarely,1053,Research & Development,1,2,Life Sciences,1,976,4,Male,70,3,4,Manager,4,Married,17099,13829,2,Y,No,15,3,2,80,1,26,2,2,9,8,7,8,0.016863411,Low Risk,3.3333333333333335,1709.9,3.3333333333333335,LOW RISK: Continue standard career development and engagement tracking.,47-1011.03,"Autodesk AutoCAD, Speaking, Microsoft Word, Active Learning, Microsoft Windows, Microsoft PowerPoint, Monitoring, Microsoft Project, Microsoft Outlook, Mathematics, Oracle Primavera Enterprise Project Portfolio Management, Reading Comprehension, Microsoft Excel, Learning Strategies, Writing, Active Listening","Critical Thinking, Autodesk AutoCAD Civil 3D, Autodesk Revit, Microsoft Office software, Microsoft Visio",76.19,Start: Critical Thinking
58,Yes,Travel_Rarely,289,Research & Development,2,3,Technical Degree,1,977,4,Male,51,3,1,Research Scientist,3,Single,2479,26227,4,Y,No,24,4,1,80,0,7,4,3,1,0,0,0,0.17719327,Low Risk,2.6666666666666665,1239.5,3.3333333333333335,LOW RISK: Continue standard career development and engagement tracking.,15-1221.00,"Learning Strategies, Go, Monitoring, Active Learning, Amazon Web Services AWS software, Apache Hadoop, Ansible software, C++, Git, Active Listening, C, Docker, Mathematics, Apache Kafka","Reading Comprehension, Critical Thinking, Writing, Speaking, Science, Apache Spark, Bash, GitHub",63.64,Start: Reading Comprehension
53,No,Travel_Rarely,1376,Sales,2,2,Medical,1,981,3,Male,45,3,4,Manager,3,Divorced,14852,13938,6,Y,No,13,3,3,80,1,22,3,4,17,13,15,2,0.058141075,Low Risk,3.0,825.1111111111111,3.3333333333333335,LOW RISK: Continue standard career development and engagement tracking.,47-1011.03,"Microsoft Word, Microsoft Office software, Monitoring, Autodesk Revit, Reading Comprehension, Learning Strategies, Mathematics, Microsoft Windows, Speaking, Active Learning, Microsoft Outlook, Microsoft Excel, Writing, Critical Thinking","Active Listening, Autodesk AutoCAD, Autodesk AutoCAD Civil 3D, Microsoft PowerPoint, Microsoft Project, Microsoft Visio, Oracle Primavera Enterprise Project Portfolio Management",66.67,Start: Active Listening
30,No,Travel_Rarely,231,Sales,8,2,Other,1,982,3,Male,62,3,3,Sales Executive,3,Divorced,7264,9977,5,Y,No,11,3,1,80,1,10,2,4,8,4,7,7,0.3300112,Low Risk,2.3333333333333335,807.1111111111111,3.3333333333333335,LOW RISK: Continue standard career development and engagement tracking.,53-3031.00,"Microsoft Excel, Speaking, Critical Thinking, Writing, Active Listening","Reading Comprehension, Microsoft Office software",71.43,Start: Reading Comprehension
38,No,Non-Travel,152,Sales,10,3,Technical Degree,1,983,3,Female,85,3,2,Sales Executive,4,Single,5666,19899,1,Y,Yes,13,3,2,80,0,6,1,3,5,3,1,3,0.15256114,Low Risk,3.0,944.3333333333334,3.3333333333333335,LOW RISK: Continue standard career development and engagement tracking.,53-3031.00,"Microsoft Excel, Active Listening, Speaking, Reading Comprehension","Critical Thinking, Writing, Microsoft Office software",57.14,Start: Critical Thinking
35,No,Travel_Rarely,882,Sales,3,4,Life Sciences,1,984,4,Male,92,3,3,Sales Executive,4,Divorced,7823,6812,6,Y,No,13,3,2,80,1,12,2,3,10,9,0,8,0.13505632,Low Risk,3.3333333333333335,711.1818181818181,3.6666666666666665,LOW RISK: Continue standard career development and engagement tracking.,53-3031.00,"Speaking, Active Listening, Writing, Microsoft Excel","Critical Thinking, Reading Comprehension, Microsoft Office software",57.14,Start: Critical Thinking
39,No,Travel_Rarely,903,Sales,2,5,Life Sciences,1,985,1,Male,41,4,3,Sales Executive,3,Single,7880,2560,0,Y,No,18,3,4,80,0,9,3,3,8,7,0,7,0.044208813,Low Risk,2.6666666666666665,875.5555555555555,2.3333333333333335,LOW RISK: Continue standard career development and engagement tracking.,53-3031.00,"Microsoft Excel, Critical Thinking, Writing, Microsoft Office software, Active Listening","Speaking, Reading Comprehension",71.43,Start: Speaking
40,Yes,Non-Travel,1479,Sales,24,3,Life Sciences,1,986,2,Female,100,4,4,Sales Executive,2,Single,13194,17071,4,Y,Yes,16,3,4,80,0,22,2,2,1,0,0,0,0.8943194,High Risk,2.6666666666666665,6597.0,2.0,HIGH RISK: HR review; retention conversation; career-path and compensation review.,53-3031.00,"Reading Comprehension, Microsoft Office software, Microsoft Excel","Active Listening, Speaking, Critical Thinking, Writing",42.86,Start: Active Listening
47,No,Travel_Frequently,1379,Research & Development,16,4,Medical,1,987,3,Male,64,4,2,Manufacturing Director,3,Divorced,5067,6759,1,Y,Yes,19,3,3,80,0,20,3,4,19,10,2,7,0.063303925,Low Risk,3.0,253.35,3.3333333333333335,LOW RISK: Continue standard career development and engagement tracking.,51-9195.05,"Critical Thinking, Microsoft Excel, Monitoring","Active Listening, Microsoft Outlook",60.0,Start: Active Listening
36,No,Non-Travel,1229,Sales,8,4,Technical Degree,1,990,1,Male,84,3,2,Sales Executive,4,Divorced,5079,25952,4,Y,No,13,3,4,80,2,12,3,3,7,7,0,7,0.019265188,Low Risk,3.0,634.875,2.6666666666666665,LOW RISK: Continue standard career development and engagement tracking.,53-3031.00,"Active Listening, Reading Comprehension, Critical Thinking, Microsoft Excel","Speaking, Writing, Microsoft Office software",57.14,Start: Speaking
31,Yes,Non-Travel,335,Research & Development,9,2,Medical,1,991,3,Male,46,2,1,Research Scientist,1,Single,2321,10322,0,Y,Yes,22,4,1,80,0,4,0,3,3,2,1,2,0.44692963,Medium Risk,1.6666666666666667,580.25,2.3333333333333335,MEDIUM RISK: Manager check-in; mentorship; targeted development plan.,15-1221.00,"Writing, Git, GitHub, C, Bash, C++, Active Learning, Speaking, Reading Comprehension, Mathematics, Go, Critical Thinking, Ansible software","Active Listening, Monitoring, Learning Strategies, Science, Amazon Web Services AWS software, Apache Hadoop, Apache Kafka, Apache Spark, Docker",59.09,Start: Active Listening
33,No,Non-Travel,722,Sales,17,3,Life Sciences,1,992,4,Male,38,3,4,Manager,3,Single,17444,20489,1,Y,No,11,3,4,80,0,10,2,3,10,8,6,0,0.05163484,Low Risk,3.6666666666666665,1585.8181818181818,3.3333333333333335,LOW RISK: Continue standard career development and engagement tracking.,47-1011.03,"Active Learning, Oracle Primavera Enterprise Project Portfolio Management, Microsoft PowerPoint, Microsoft Windows, Microsoft Outlook, Writing, Microsoft Visio, Active Listening, Autodesk AutoCAD Civil 3D, Monitoring, Microsoft Project, Reading Comprehension, Autodesk AutoCAD, Critical Thinking, Microsoft Word","Speaking, Mathematics, Learning Strategies, Autodesk Revit, Microsoft Excel, Microsoft Office software",71.43,Start: Speaking
29,Yes,Travel_Rarely,906,Research & Development,10,3,Life Sciences,1,994,4,Female,92,2,1,Research Scientist,1,Single,2404,11479,6,Y,Yes,20,4,3,80,0,3,5,3,0,0,0,0,0.9145176,High Risk,2.6666666666666665,2404.0,2.6666666666666665,HIGH RISK: HR review; retention conversation; career-path and compensation review.,15-1221.00,"Apache Hadoop, Active Listening, Apache Spark, Amazon Web Services AWS software, Critical Thinking, Bash, C++, Science, Monitoring, Go, Docker, Learning Strategies, Reading Comprehension, Mathematics, C, Git","Active Learning, Writing, Speaking, Ansible software, Apache Kafka, GitHub",72.73,Start: Active Learning
33,No,Travel_Rarely,461,Research & Development,13,1,Life Sciences,1,995,2,Female,53,3,1,Research Scientist,4,Single,3452,17241,3,Y,No,18,3,1,80,0,5,4,3,3,2,0,2,0.11168878,Low Risk,2.3333333333333335,863.0,3.0,LOW RISK: Continue standard career development and engagement tracking.,15-1221.00,"Apache Kafka, Learning Strategies, Writing, Go, Monitoring, Bash, Science, Speaking, C, Git, Apache Spark, Ansible software, Apache Hadoop, Active Learning","Reading Comprehension, Mathematics, Critical Thinking, Active Listening, Amazon Web Services AWS software, C++, Docker, GitHub",63.64,Start: Reading Comprehension
45,No,Travel_Rarely,974,Research & Development,1,4,Medical,1,996,4,Female,91,3,1,Laboratory Technician,4,Divorced,2270,11005,3,Y,No,14,3,4,80,2,8,2,3,5,3,0,2,0.018759377,Low Risk,4.0,378.3333333333333,3.6666666666666665,LOW RISK: Continue standard career development and engagement tracking.,51-9083.00,"Microsoft PowerPoint, Critical Thinking, Microsoft Outlook, SAP software, Microsoft Office software, Microsoft Word, Microsoft Excel, Monitoring",Reading Comprehension,88.89,Start: Reading Comprehension
50,No,Travel_Rarely,1126,Research & Development,1,2,Medical,1,997,4,Male,66,3,4,Research Director,4,Divorced,17399,6615,9,Y,No,22,4,3,80,1,32,1,2,5,4,1,3,0.007817893,Low Risk,3.6666666666666665,2899.8333333333335,3.3333333333333335,LOW RISK: Continue standard career development and engagement tracking.,27-2041.00,"Learning Strategies, Microsoft Office software, Speaking, Writing, Monitoring, Reading Comprehension, Critical Thinking, Active Learning, Microsoft Word, Microsoft PowerPoint, Microsoft Outlook","Active Listening, Microsoft Excel",84.62,Start: Active Listening
33,No,Travel_Frequently,827,Research & Development,1,4,Other,1,998,3,Female,84,4,2,Healthcare Representative,2,Married,5488,20161,1,Y,Yes,13,3,1,80,1,6,2,3,6,5,1,2,0.13096021,Low Risk,2.0,784.0,2.6666666666666665,LOW RISK: Continue standard career development and engagement tracking.,43-4051.00,"Critical Thinking, Speaking, Adobe Creative Cloud software, Monitoring, Adobe Acrobat, Facebook, Apple macOS, Reading Comprehension, Adobe Photoshop, Writing, Active Listening","Microsoft Excel, Microsoft Office software, Microsoft Outlook, Adobe Illustrator, Google Docs, Intuit QuickBooks, Kronos Workforce Timekeeper",61.11,Start: Microsoft Excel
41,No,Travel_Frequently,840,Research & Development,9,3,Medical,1,999,1,Male,64,3,5,Research Director,3,Divorced,19419,3735,2,Y,No,17,3,2,80,1,21,2,4,18,16,0,11,0.028015446,Low Risk,2.0,1022.0526315789474,2.6666666666666665,LOW RISK: Continue standard career development and engagement tracking.,27-2041.00,"Speaking, Learning Strategies, Microsoft PowerPoint, Critical Thinking, Microsoft Outlook, Microsoft Office software, Microsoft Excel, Reading Comprehension, Microsoft Word, Monitoring","Active Listening, Writing, Active Learning",76.92,Start: Active Listening
27,No,Travel_Rarely,1134,Research & Development,16,4,Technical Degree,1,1001,3,Female,37,3,1,Laboratory Technician,2,Married,2811,12086,9,Y,No,14,3,2,80,1,4,2,3,2,2,2,2,0.3135578,Low Risk,2.3333333333333335,937.0,2.6666666666666665,LOW RISK: Continue standard career development and engagement tracking.,51-9083.00,"Reading Comprehension, Critical Thinking, Microsoft Excel, Microsoft Office software, Microsoft Word","Monitoring, Microsoft Outlook, Microsoft PowerPoint, SAP software",55.56,Start: Monitoring
45,No,Non-Travel,248,Research & Development,23,2,Life Sciences,1,1002,4,Male,42,3,2,Laboratory Technician,1,Married,3633,14039,1,Y,Yes,15,3,3,80,1,9,2,3,9,8,0,8,0.12674052,Low Risk,2.6666666666666665,363.3,2.6666666666666665,LOW RISK: Continue standard career development and engagement tracking.,51-9083.00,"Microsoft Excel, Microsoft Office software, Monitoring, Microsoft Outlook, Microsoft PowerPoint, Critical Thinking","Reading Comprehension, Microsoft Word, SAP software",66.67,Start: Reading Comprehension
47,No,Travel_Rarely,955,Sales,4,2,Life Sciences,1,1003,4,Female,83,3,2,Sales Executive,4,Single,4163,8571,1,Y,Yes,17,3,3,80,0,9,0,3,9,0,0,7,0.1687207,Low Risk,3.6666666666666665,416.3,3.6666666666666665,LOW RISK: Continue standard career development and engagement tracking.,53-3031.00,"Microsoft Excel, Active Listening, Speaking, Critical Thinking, Reading Comprehension","Writing, Microsoft Office software",71.43,Start: Writing
30,Yes,Travel_Rarely,138,Research & Development,22,3,Life Sciences,1,1004,1,Female,48,3,1,Research Scientist,3,Married,2132,11539,4,Y,Yes,11,3,2,80,0,7,2,3,5,2,0,1,0.9588654,High Risk,2.0,355.3333333333333,2.3333333333333335,HIGH RISK: HR review; retention conversation; career-path and compensation review.,15-1221.00,"Speaking, Ansible software, Bash, Mathematics, Git, Learning Strategies, Reading Comprehension, Apache Spark, C, Science, Apache Hadoop, Amazon Web Services AWS software, Monitoring, Writing, Docker, GitHub, Active Learning","Critical Thinking, Active Listening, Apache Kafka, C++, Go",77.27,Start: Critical Thinking
50,No,Travel_Rarely,939,Research & Development,24,3,Life Sciences,1,1005,4,Male,95,3,4,Manufacturing Director,3,Married,13973,4161,3,Y,Yes,18,3,4,80,1,22,2,3,12,11,1,5,0.031845484,Low Risk,3.6666666666666665,1074.8461538461538,3.3333333333333335,LOW RISK: Continue standard career development and engagement tracking.,51-9195.05,"Active Listening, Microsoft Outlook, Microsoft Excel","Critical Thinking, Monitoring",60.0,Start: Critical Thinking
38,No,Travel_Frequently,1391,Research & Development,10,1,Medical,1,1006,3,Male,66,3,1,Research Scientist,3,Married,2684,12127,0,Y,No,17,3,2,80,1,3,0,2,2,1,0,2,0.030051006,Low Risk,2.6666666666666665,894.6666666666666,2.6666666666666665,LOW RISK: Continue standard career development and engagement tracking.,15-1221.00,"Amazon Web Services AWS software, C++, Active Listening, C, Reading Comprehension, Science, Docker, Apache Spark, Apache Kafka, Bash, Monitoring, Critical Thinking, Apache Hadoop, Go","Active Learning, Mathematics, Writing, Speaking, Learning Strategies, Ansible software, Git, GitHub",63.64,Start: Active Learning
46,No,Travel_Rarely,566,Research & Development,7,2,Medical,1,1007,4,Male,75,3,3,Manufacturing Director,3,Divorced,10845,24208,6,Y,No,13,3,2,80,1,13,3,3,8,7,0,7,0.068336576,Low Risk,3.0,1205.0,3.3333333333333335,LOW RISK: Continue standard career development and engagement tracking.,51-9195.05,"Critical Thinking, Active Listening, Microsoft Excel, Monitoring",Microsoft Outlook,80.0,Start: Microsoft Outlook
24,No,Travel_Rarely,1206,Research & Development,17,1,Medical,1,1009,4,Female,41,2,2,Manufacturing Director,3,Divorced,4377,24117,1,Y,No,15,3,2,80,2,5,6,3,4,2,3,2,0.050237335,Low Risk,3.0,875.4,3.3333333333333335,LOW RISK: Continue standard career development and engagement tracking.,51-9195.05,"Critical Thinking, Monitoring","Active Listening, Microsoft Excel, Microsoft Outlook",40.0,Start: Active Listening
35,Yes,Travel_Rarely,622,Research & Development,14,4,Other,1,1010,3,Male,39,2,1,Laboratory Technician,2,Divorced,3743,10074,1,Y,Yes,24,4,4,80,1,5,2,1,4,2,0,2,0.8308448,High Risk,3.0,748.6,2.0,HIGH RISK: HR review; retention conversation; career-path and compensation review.,51-9083.00,"Microsoft Outlook, Microsoft Excel, Microsoft Office software, Reading Comprehension, Critical Thinking, SAP software, Monitoring","Microsoft PowerPoint, Microsoft Word",77.78,Start: Microsoft PowerPoint
31,No,Travel_Frequently,853,Research & Development,1,1,Life Sciences,1,1011,3,Female,96,3,2,Manufacturing Director,1,Married,4148,11275,1,Y,No,12,3,3,80,1,4,1,3,4,3,0,3,0.12582068,Low Risk,2.3333333333333335,829.6,2.3333333333333335,LOW RISK: Continue standard career development and engagement tracking.,51-9195.05,"Active Listening, Monitoring, Microsoft Excel","Critical Thinking, Microsoft Outlook",60.0,Start: Critical Thinking
18,No,Non-Travel,287,Research & Development,5,2,Life Sciences,1,1012,2,Male,73,3,1,Research Scientist,4,Single,1051,13493,1,Y,No,15,3,4,80,0,0,2,3,0,0,0,0,0.16885069,Low Risk,3.3333333333333335,1051.0,3.0,LOW RISK: Continue standard career development and engagement tracking.,15-1221.00,"Go, Docker, Learning Strategies, Reading Comprehension, Speaking, Critical Thinking, GitHub, Amazon Web Services AWS software, Mathematics, C, Apache Kafka, Science, Active Listening, Writing, Active Learning, Git, Apache Hadoop, Monitoring","Ansible software, Apache Spark, Bash, C++",81.82,Start: Ansible software
54,No,Travel_Rarely,1441,Research & Development,17,3,Technical Degree,1,1013,3,Female,56,3,3,Manufacturing Director,3,Married,10739,13943,8,Y,No,11,3,3,80,1,22,2,3,10,7,0,8,0.050704207,Low Risk,3.0,976.2727272727273,3.0,LOW RISK: Continue standard career development and engagement tracking.,51-9195.05,"Microsoft Excel, Microsoft Outlook, Active Listening","Critical Thinking, Monitoring",60.0,Start: Critical Thinking
35,No,Travel_Rarely,583,Research & Development,25,4,Medical,1,1014,3,Female,57,3,3,Healthcare Representative,3,Divorced,10388,6975,1,Y,Yes,11,3,3,80,1,16,3,2,16,10,10,1,0.19462118,Low Risk,3.0,611.0588235294117,2.6666666666666665,LOW RISK: Continue standard career development and engagement tracking.,43-4051.00,"Monitoring, Writing, Facebook, Adobe Photoshop, Microsoft Outlook, Adobe Creative Cloud software, Microsoft Excel, Critical Thinking, Kronos Workforce Timekeeper, Google Docs, Intuit QuickBooks, Microsoft Office software, Reading Comprehension","Active Listening, Speaking, Adobe Acrobat, Adobe Illustrator, Apple macOS",72.22,Start: Active Listening
30,No,Travel_Rarely,153,Research & Development,8,2,Life Sciences,1,1015,2,Female,73,4,3,Research Director,1,Married,11416,17802,0,Y,Yes,12,3,3,80,3,9,4,2,8,7,1,7,0.060070872,Low Risk,2.0,1268.4444444444443,1.6666666666666667,LOW RISK: Continue standard career development and engagement tracking.,27-2041.00,"Active Learning, Microsoft Word, Active Listening, Critical Thinking, Microsoft Office software, Learning Strategies, Writing","Speaking, Monitoring, Reading Comprehension, Microsoft Excel, Microsoft Outlook, Microsoft PowerPoint",53.85,Start: Speaking
20,Yes,Travel_Rarely,1097,Research & Development,11,3,Medical,1,1016,4,Female,98,2,1,Research Scientist,1,Single,2600,18275,1,Y,Yes,15,3,1,80,0,1,2,3,1,0,0,0,0.96673745,High Risk,2.0,1300.0,2.6666666666666665,HIGH RISK: HR review; retention conversation; career-path and compensation review.,15-1221.00,"Apache Kafka, Monitoring, Active Listening, Bash, Speaking, Active Learning, Apache Spark, Reading Comprehension, C, Learning Strategies, C++, GitHub, Git, Apache Hadoop, Mathematics, Go, Amazon Web Services AWS software, Writing","Critical Thinking, Science, Ansible software, Docker",81.82,Start: Critical Thinking
30,Yes,Travel_Frequently,109,Research & Development,5,3,Medical,1,1017,2,Female,60,3,1,Laboratory Technician,2,Single,2422,25725,0,Y,No,17,3,1,80,0,4,3,3,3,2,1,2,0.34249154,Low Risk,1.6666666666666667,605.5,2.3333333333333335,LOW RISK: Continue standard career development and engagement tracking.,51-9083.00,"Monitoring, Microsoft PowerPoint, Critical Thinking, Reading Comprehension, Microsoft Office software, Microsoft Excel, SAP software","Microsoft Outlook, Microsoft Word",77.78,Start: Microsoft Outlook
26,No,Travel_Rarely,1066,Research & Development,2,2,Medical,1,1018,4,Male,32,4,2,Manufacturing Director,4,Married,5472,3334,1,Y,No,12,3,2,80,0,8,2,3,8,7,1,3,0.014961633,Low Risk,3.3333333333333335,608.0,3.6666666666666665,LOW RISK: Continue standard career development and engagement tracking.,51-9195.05,"Critical Thinking, Monitoring, Microsoft Outlook","Active Listening, Microsoft Excel",60.0,Start: Active Listening
22,No,Travel_Rarely,217,Research & Development,8,1,Life Sciences,1,1019,2,Male,94,1,1,Laboratory Technician,1,Married,2451,6881,1,Y,No,15,3,1,80,1,4,3,2,4,3,1,1,0.3379515,Low Risk,1.3333333333333333,490.2,1.6666666666666667,LOW RISK: Continue standard career development and engagement tracking.,51-9083.00,"Microsoft PowerPoint, Microsoft Office software, SAP software, Microsoft Excel, Reading Comprehension","Critical Thinking, Monitoring, Microsoft Outlook, Microsoft Word",55.56,Start: Critical Thinking
48,No,Travel_Rarely,277,Research & Development,6,3,Life Sciences,1,1022,1,Male,97,2,2,Healthcare Representative,3,Single,4240,13119,2,Y,No,13,3,4,80,0,19,0,3,2,2,2,2,0.15991823,Low Risk,2.6666666666666665,1413.3333333333333,2.3333333333333335,LOW RISK: Continue standard career development and engagement tracking.,43-4051.00,"Apple macOS, Microsoft Excel, Microsoft Outlook, Facebook, Adobe Photoshop, Monitoring, Active Listening, Adobe Illustrator, Reading Comprehension, Adobe Acrobat, Intuit QuickBooks","Speaking, Critical Thinking, Writing, Microsoft Office software, Adobe Creative Cloud software, Google Docs, Kronos Workforce Timekeeper",61.11,Start: Speaking
48,No,Travel_Rarely,1355,Research & Development,4,4,Life Sciences,1,1024,3,Male,78,2,3,Healthcare Representative,3,Single,10999,22245,7,Y,No,14,3,2,80,0,27,3,3,15,11,4,8,0.03821181,Low Risk,2.6666666666666665,687.4375,3.0,LOW RISK: Continue standard career development and engagement tracking.,43-4051.00,"Microsoft Excel, Google Docs, Writing, Active Listening, Intuit QuickBooks, Critical Thinking, Microsoft Outlook, Monitoring, Speaking, Adobe Illustrator, Microsoft Office software","Reading Comprehension, Adobe Acrobat, Adobe Creative Cloud software, Adobe Photoshop, Apple macOS, Facebook, Kronos Workforce Timekeeper",61.11,Start: Reading Comprehension
41,No,Travel_Rarely,549,Research & Development,7,2,Medical,1,1025,4,Female,42,3,2,Manufacturing Director,3,Single,5003,23371,6,Y,No,14,3,2,80,0,8,6,3,2,2,2,1,0.058571354,Low Risk,3.0,1667.6666666666667,3.3333333333333335,LOW RISK: Continue standard career development and engagement tracking.,51-9195.05,"Microsoft Excel, Critical Thinking, Monitoring","Active Listening, Microsoft Outlook",60.0,Start: Active Listening
39,No,Travel_Rarely,466,Research & Development,1,1,Life Sciences,1,1026,4,Female,65,2,4,Manufacturing Director,4,Married,12742,7060,1,Y,No,16,3,3,80,1,21,3,3,21,6,11,8,0.01679159,Low Risk,3.6666666666666665,579.1818181818181,3.6666666666666665,LOW RISK: Continue standard career development and engagement tracking.,51-9195.05,"Critical Thinking, Microsoft Excel, Active Listening, Monitoring",Microsoft Outlook,80.0,Start: Microsoft Outlook
27,No,Travel_Rarely,1055,Research & Development,2,4,Life Sciences,1,1027,1,Female,47,3,2,Manufacturing Director,4,Married,4227,4658,0,Y,No,18,3,2,80,1,4,2,3,3,2,2,2,0.022371408,Low Risk,2.3333333333333335,1056.75,2.6666666666666665,LOW RISK: Continue standard career development and engagement tracking.,51-9195.05,"Active Listening, Microsoft Outlook, Critical Thinking, Monitoring",Microsoft Excel,80.0,Start: Microsoft Excel
35,No,Travel_Rarely,802,Research & Development,10,3,Other,1,1028,2,Male,45,3,1,Laboratory Technician,4,Divorced,3917,9541,1,Y,No,20,4,1,80,1,3,4,2,3,2,1,2,0.17489123,Low Risk,2.3333333333333335,979.25,2.6666666666666665,LOW RISK: Continue standard career development and engagement tracking.,51-9083.00,"Microsoft Excel, Microsoft Outlook, SAP software, Reading Comprehension, Monitoring, Microsoft Office software, Microsoft Word","Critical Thinking, Microsoft PowerPoint",77.78,Start: Critical Thinking
42,No,Travel_Rarely,265,Sales,5,2,Marketing,1,1029,4,Male,90,3,5,Manager,3,Married,18303,7770,6,Y,No,13,3,2,80,0,21,3,4,1,0,0,0,0.057684757,Low Risk,3.0,9151.5,3.6666666666666665,LOW RISK: Continue standard career development and engagement tracking.,47-1011.03,"Active Listening, Autodesk Revit, Microsoft Word, Microsoft Office software, Speaking, Writing, Mathematics, Microsoft Windows, Critical Thinking, Autodesk AutoCAD","Reading Comprehension, Monitoring, Active Learning, Learning Strategies, Autodesk AutoCAD Civil 3D, Microsoft Excel, Microsoft Outlook, Microsoft PowerPoint, Microsoft Project, Microsoft Visio, Oracle Primavera Enterprise Project Portfolio Management",47.62,Start: Reading Comprehension
50,No,Travel_Rarely,804,Research & Development,9,3,Life Sciences,1,1030,1,Male,64,3,1,Laboratory Technician,4,Married,2380,20165,4,Y,No,18,3,2,80,0,8,5,3,1,0,0,0,0.6107653,Medium Risk,2.3333333333333335,1190.0,2.6666666666666665,MEDIUM RISK: Manager check-in; mentorship; targeted development plan.,51-9083.00,"Microsoft Outlook, Microsoft PowerPoint, Microsoft Office software, Monitoring","Reading Comprehension, Critical Thinking, Microsoft Excel, Microsoft Word, SAP software",44.44,Start: Reading Comprehension
59,No,Travel_Rarely,715,Research & Development,2,3,Life Sciences,1,1032,3,Female,69,2,4,Manufacturing Director,4,Single,13726,21829,3,Y,Yes,13,3,1,80,0,30,4,3,5,3,4,3,0.131131,Low Risk,2.6666666666666665,2287.6666666666665,3.3333333333333335,LOW RISK: Continue standard career development and engagement tracking.,51-9195.05,"Critical Thinking, Monitoring, Microsoft Excel","Active Listening, Microsoft Outlook",60.0,Start: Active Listening
37,Yes,Travel_Rarely,1141,Research & Development,11,2,Medical,1,1033,1,Female,61,1,2,Healthcare Representative,2,Married,4777,14382,5,Y,No,15,3,1,80,0,15,2,1,1,0,0,0,0.8286046,High Risk,1.3333333333333333,2388.5,1.3333333333333333,HIGH RISK: HR review; retention conversation; career-path and compensation review.,43-4051.00,"Microsoft Excel, Intuit QuickBooks, Speaking, Writing, Microsoft Outlook, Active Listening, Reading Comprehension, Critical Thinking, Adobe Creative Cloud software, Adobe Photoshop, Facebook, Google Docs, Kronos Workforce Timekeeper","Monitoring, Microsoft Office software, Adobe Acrobat, Adobe Illustrator, Apple macOS",72.22,Start: Monitoring
55,No,Travel_Frequently,135,Research & Development,18,4,Medical,1,1034,3,Male,62,3,2,Healthcare Representative,2,Married,6385,12992,3,Y,Yes,14,3,4,80,2,17,3,3,8,7,6,7,0.15987301,Low Risk,3.0,709.4444444444445,2.6666666666666665,LOW RISK: Continue standard career development and engagement tracking.,43-4051.00,"Kronos Workforce Timekeeper, Microsoft Excel, Adobe Creative Cloud software, Monitoring, Reading Comprehension, Critical Thinking, Microsoft Outlook, Intuit QuickBooks, Speaking","Active Listening, Writing, Microsoft Office software, Adobe Acrobat, Adobe Illustrator, Adobe Photoshop, Apple macOS, Facebook, Google Docs",50.0,Start: Active Listening
41,No,Non-Travel,247,Research & Development,7,1,Life Sciences,1,1035,2,Female,55,1,5,Research Director,3,Divorced,19973,20284,1,Y,No,22,4,2,80,2,21,3,3,21,16,5,10,0.027313046,Low Risk,2.3333333333333335,907.8636363636364,2.6666666666666665,LOW RISK: Continue standard career development and engagement tracking.,27-2041.00,"Learning Strategies, Microsoft Office software, Critical Thinking, Monitoring, Active Listening, Microsoft Word, Speaking","Reading Comprehension, Writing, Active Learning, Microsoft Excel, Microsoft Outlook, Microsoft PowerPoint",53.85,Start: Reading Comprehension
38,No,Travel_Rarely,1035,Sales,3,4,Life Sciences,1,1036,2,Male,42,3,2,Sales Executive,4,Single,6861,4981,8,Y,Yes,12,3,3,80,0,19,1,3,1,0,0,0,0.51965,Medium Risk,3.0,3430.5,3.0,MEDIUM RISK: Manager check-in; mentorship; targeted development plan.,53-3031.00,"Writing, Critical Thinking, Active Listening","Speaking, Reading Comprehension, Microsoft Excel, Microsoft Office software",42.86,Start: Speaking
26,Yes,Non-Travel,265,Sales,29,2,Medical,1,1037,2,Male,79,1,2,Sales Executive,1,Single,4969,21813,8,Y,No,18,3,4,80,0,7,6,3,2,2,2,2,0.91067916,High Risk,2.3333333333333335,1656.3333333333333,2.0,HIGH RISK: HR review; retention conversation; career-path and compensation review.,53-3031.00,"Speaking, Writing, Active Listening, Critical Thinking","Reading Comprehension, Microsoft Excel, Microsoft Office software",57.14,Start: Reading Comprehension
52,Yes,Travel_Rarely,266,Sales,2,1,Marketing,1,1038,1,Female,57,1,5,Manager,4,Married,19845,25846,1,Y,No,15,3,4,80,1,33,3,3,32,14,6,9,0.87767917,High Risk,3.0,601.3636363636364,2.6666666666666665,HIGH RISK: HR review; retention conversation; career-path and compensation review.,47-1011.03,"Critical Thinking, Microsoft Project, Microsoft Outlook, Microsoft Excel, Microsoft Visio, Writing, Autodesk AutoCAD, Monitoring, Microsoft Office software, Speaking, Oracle Primavera Enterprise Project Portfolio Management, Mathematics, Reading Comprehension, Active Learning, Learning Strategies","Active Listening, Autodesk AutoCAD Civil 3D, Autodesk Revit, Microsoft PowerPoint, Microsoft Windows, Microsoft Word",71.43,Start: Active Listening
44,No,Travel_Rarely,1448,Sales,28,3,Medical,1,1039,4,Female,53,4,4,Sales Executive,4,Married,13320,11737,3,Y,Yes,18,3,3,80,1,23,2,3,12,11,11,11,0.06338163,Low Risk,3.6666666666666665,1024.6153846153845,3.6666666666666665,LOW RISK: Continue standard career development and engagement tracking.,53-3031.00,"Microsoft Office software, Speaking, Microsoft Excel, Critical Thinking, Writing, Reading Comprehension",Active Listening,85.71,Start: Active Listening
50,No,Non-Travel,145,Sales,1,3,Life Sciences,1,1040,4,Female,95,3,2,Sales Executive,3,Married,6347,24920,0,Y,No,12,3,1,80,1,19,3,3,18,7,0,13,0.010023885,Low Risk,2.6666666666666665,334.05263157894734,3.3333333333333335,LOW RISK: Continue standard career development and engagement tracking.,53-3031.00,"Writing, Microsoft Office software, Speaking","Active Listening, Critical Thinking, Reading Comprehension, Microsoft Excel",42.86,Start: Active Listening
36,Yes,Travel_Rarely,885,Research & Development,16,4,Life Sciences,1,1042,3,Female,43,4,1,Laboratory Technician,1,Single,2743,8269,1,Y,No,16,3,3,80,0,18,1,3,17,13,15,14,0.655674,Medium Risk,2.3333333333333335,152.38888888888889,2.3333333333333335,MEDIUM RISK: Manager check-in; mentorship; targeted development plan.,51-9083.00,"Microsoft Office software, Microsoft Word, Microsoft PowerPoint, Reading Comprehension","Critical Thinking, Monitoring, Microsoft Excel, Microsoft Outlook, SAP software",44.44,Start: Critical Thinking
39,No,Travel_Frequently,945,Research & Development,22,3,Medical,1,1043,4,Female,82,3,3,Manufacturing Director,1,Single,10880,5083,1,Y,Yes,13,3,3,80,0,21,2,3,21,6,2,8,0.13969034,Low Risk,2.6666666666666665,494.54545454545456,2.6666666666666665,LOW RISK: Continue standard career development and engagement tracking.,51-9195.05,"Monitoring, Microsoft Excel, Microsoft Outlook","Critical Thinking, Active Listening",60.0,Start: Critical Thinking
33,No,Non-Travel,1038,Sales,8,1,Life Sciences,1,1044,2,Female,88,2,1,Sales Representative,4,Single,2342,21437,0,Y,No,19,3,4,80,0,3,2,2,2,2,2,2,0.064349346,Low Risk,3.3333333333333335,780.6666666666666,2.6666666666666665,LOW RISK: Continue standard career development and engagement tracking.,41-4012.00,"Adobe Creative Cloud software, Active Listening, Microsoft Excel, Adobe InDesign, Microsoft PowerPoint, Microsoft Outlook, Apple macOS, Writing, Adobe Acrobat, Autodesk AutoCAD, Critical Thinking","Speaking, Reading Comprehension, Active Learning, Monitoring, Microsoft Office software, Salesforce software, Adobe Illustrator, Adobe Photoshop",57.89,Start: Speaking
45,No,Travel_Rarely,1234,Sales,11,2,Life Sciences,1,1045,4,Female,90,3,4,Manager,4,Married,17650,5404,3,Y,No,13,3,2,80,1,26,4,4,9,3,1,1,0.012590686,Low Risk,3.3333333333333335,1765.0,4.0,LOW RISK: Continue standard career development and engagement tracking.,47-1011.03,"Microsoft Project, Autodesk Revit, Writing, Autodesk AutoCAD Civil 3D, Microsoft PowerPoint, Microsoft Outlook, Mathematics, Microsoft Visio, Speaking, Oracle Primavera Enterprise Project Portfolio Management, Microsoft Word, Microsoft Windows, Learning Strategies, Active Listening, Reading Comprehension, Autodesk AutoCAD, Microsoft Office software","Monitoring, Critical Thinking, Active Learning, Microsoft Excel",80.95,Start: Monitoring
32,No,Non-Travel,1109,Research & Development,29,4,Medical,1,1046,4,Female,69,3,1,Laboratory Technician,3,Single,4025,11135,9,Y,No,12,3,2,80,0,10,2,3,8,7,7,7,0.19978635,Low Risk,3.0,447.22222222222223,3.3333333333333335,LOW RISK: Continue standard career development and engagement tracking.,51-9083.00,"SAP software, Microsoft Office software, Microsoft Excel, Microsoft PowerPoint, Reading Comprehension, Critical Thinking","Monitoring, Microsoft Outlook, Microsoft Word",66.67,Start: Monitoring
34,No,Travel_Rarely,216,Sales,1,4,Marketing,1,1047,2,Male,75,4,2,Sales Executive,4,Divorced,9725,12278,0,Y,No,11,3,4,80,1,16,2,2,15,1,0,9,0.02721016,Low Risk,3.3333333333333335,607.8125,2.6666666666666665,LOW RISK: Continue standard career development and engagement tracking.,53-3031.00,"Active Listening, Writing, Microsoft Office software, Speaking","Critical Thinking, Reading Comprehension, Microsoft Excel",57.14,Start: Critical Thinking
59,No,Travel_Rarely,1089,Sales,1,2,Technical Degree,1,1048,2,Male,66,3,3,Manager,4,Married,11904,11038,3,Y,Yes,14,3,3,80,1,14,1,1,6,4,0,4,0.13531296,Low Risk,3.0,1700.5714285714287,2.3333333333333335,LOW RISK: Continue standard career development and engagement tracking.,47-1011.03,"Microsoft Windows, Microsoft Outlook, Microsoft Office software, Microsoft Visio, Autodesk AutoCAD, Mathematics, Oracle Primavera Enterprise Project Portfolio Management, Learning Strategies, Microsoft Excel, Microsoft PowerPoint, Speaking, Autodesk AutoCAD Civil 3D, Microsoft Word, Microsoft Project","Reading Comprehension, Monitoring, Active Listening, Critical Thinking, Writing, Active Learning, Autodesk Revit",66.67,Start: Reading Comprehension
45,No,Travel_Rarely,788,Human Resources,24,4,Medical,1,1049,2,Male,36,3,1,Human Resources,2,Single,2177,8318,1,Y,No,16,3,1,80,0,6,3,3,6,3,0,4,0.3833164,Low Risk,1.6666666666666667,311.0,2.3333333333333335,LOW RISK: Continue standard career development and engagement tracking.,43-4161.00,"Oracle HRIS, Microsoft PowerPoint, Google Docs, Microsoft Excel, Oracle PeopleSoft, Writing, Speaking, Applicant tracking software, Microsoft Outlook, Critical Thinking, Microsoft Access","Reading Comprehension, Active Listening, Monitoring, Active Learning, Microsoft Office software, Microsoft Word, Microsoft SharePoint, Microsoft Visio",57.89,Start: Reading Comprehension
53,No,Travel_Frequently,124,Sales,2,3,Marketing,1,1050,3,Female,38,2,3,Sales Executive,2,Married,7525,23537,2,Y,No,12,3,1,80,1,30,2,3,15,7,6,12,0.12853602,Low Risk,2.0,470.3125,2.6666666666666665,LOW RISK: Continue standard career development and engagement tracking.,53-3031.00,"Microsoft Office software, Critical Thinking, Writing, Microsoft Excel, Reading Comprehension","Active Listening, Speaking",71.43,Start: Active Listening
36,Yes,Travel_Rarely,660,Research & Development,15,3,Other,1,1052,1,Male,81,3,2,Laboratory Technician,3,Divorced,4834,7858,7,Y,No,14,3,2,80,1,9,3,2,1,0,0,0,0.7889052,High Risk,2.0,2417.0,2.0,HIGH RISK: HR review; retention conversation; career-path and compensation review.,51-9083.00,"Microsoft Word, Microsoft Office software, Microsoft PowerPoint, Microsoft Excel","Reading Comprehension, Critical Thinking, Monitoring, Microsoft Outlook, SAP software",44.44,Start: Reading Comprehension
26,Yes,Travel_Frequently,342,Research & Development,2,3,Life Sciences,1,1053,1,Male,57,3,1,Research Scientist,1,Married,2042,15346,6,Y,Yes,14,3,2,80,1,6,2,3,3,2,1,2,0.91067135,High Risk,1.3333333333333333,510.5,1.6666666666666667,HIGH RISK: HR review; retention conversation; career-path and compensation review.,15-1221.00,"Critical Thinking, Bash, Speaking, Science, Apache Spark, C, Git, Writing, Active Learning, Docker, Reading Comprehension, Ansible software, GitHub, Amazon Web Services AWS software, Active Listening, Monitoring","Mathematics, Learning Strategies, Apache Hadoop, Apache Kafka, C++, Go",72.73,Start: Mathematics
34,No,Travel_Rarely,1333,Sales,10,4,Life Sciences,1,1055,3,Female,87,3,1,Sales Representative,3,Married,2220,18410,1,Y,Yes,19,3,4,80,1,1,2,3,1,1,0,0,0.33930632,Low Risk,3.3333333333333335,1110.0,3.0,LOW RISK: Continue standard career development and engagement tracking.,41-4012.00,"Microsoft Office software, Microsoft Excel, Speaking, Microsoft PowerPoint, Critical Thinking, Adobe Photoshop, Apple macOS, Salesforce software, Autodesk AutoCAD, Microsoft Outlook, Adobe Creative Cloud software, Adobe Illustrator, Active Learning, Adobe Acrobat","Active Listening, Reading Comprehension, Writing, Monitoring, Adobe InDesign",73.68,Start: Active Listening
28,No,Travel_Rarely,1144,Sales,10,1,Medical,1,1056,4,Male,74,3,1,Sales Representative,2,Married,1052,23384,1,Y,No,22,4,2,80,0,1,5,3,1,0,0,0,0.8499669,High Risk,2.6666666666666665,526.0,3.0,HIGH RISK: HR review; retention conversation; career-path and compensation review.,41-4012.00,"Salesforce software, Adobe InDesign, Writing, Adobe Acrobat, Microsoft PowerPoint, Active Listening, Microsoft Excel, Active Learning, Autodesk AutoCAD","Speaking, Reading Comprehension, Critical Thinking, Monitoring, Microsoft Office software, Microsoft Outlook, Adobe Creative Cloud software, Adobe Illustrator, Adobe Photoshop, Apple macOS",47.37,Start: Speaking
38,No,Travel_Frequently,1186,Research & Development,3,4,Other,1,1060,3,Male,44,3,1,Research Scientist,3,Married,2821,2997,3,Y,No,16,3,1,80,1,8,2,3,2,2,2,2,0.052275393,Low Risk,2.3333333333333335,940.3333333333334,3.0,LOW RISK: Continue standard career development and engagement tracking.,15-1221.00,"Go, Science, Amazon Web Services AWS software, C, Reading Comprehension, GitHub, Apache Hadoop, Git, C++, Apache Spark, Bash, Active Listening, Learning Strategies, Writing, Monitoring, Speaking, Apache Kafka, Mathematics, Docker","Active Learning, Critical Thinking, Ansible software",86.36,Start: Active Learning
50,No,Travel_Rarely,1464,Research & Development,2,4,Medical,1,1061,2,Male,62,3,5,Research Director,3,Married,19237,12853,2,Y,Yes,11,3,4,80,1,29,2,2,8,1,7,7,0.05193784,Low Risk,3.0,2137.4444444444443,2.3333333333333335,LOW RISK: Continue standard career development and engagement tracking.,27-2041.00,"Active Learning, Microsoft Outlook, Active Listening, Microsoft PowerPoint, Learning Strategies, Microsoft Excel, Microsoft Office software, Reading Comprehension, Critical Thinking, Speaking, Microsoft Word","Monitoring, Writing",84.62,Start: Monitoring
37,No,Travel_Rarely,124,Research & Development,3,3,Other,1,1062,4,Female,35,3,2,Healthcare Representative,2,Single,4107,13848,3,Y,No,15,3,1,80,0,8,3,2,4,3,0,1,0.080861576,Low Risk,2.3333333333333335,821.4,2.6666666666666665,LOW RISK: Continue standard career development and engagement tracking.,43-4051.00,"Writing, Microsoft Outlook, Active Listening, Adobe Photoshop, Google Docs, Adobe Illustrator, Speaking, Monitoring, Kronos Workforce Timekeeper, Microsoft Excel","Critical Thinking, Reading Comprehension, Microsoft Office software, Adobe Acrobat, Adobe Creative Cloud software, Apple macOS, Facebook, Intuit QuickBooks",55.56,Start: Critical Thinking
40,No,Travel_Rarely,300,Sales,26,3,Marketing,1,1066,3,Male,74,3,2,Sales Executive,1,Married,8396,22217,1,Y,No,14,3,2,80,1,8,3,2,7,7,7,5,0.24701346,Low Risk,2.0,1049.5,2.0,LOW RISK: Continue standard career development and engagement tracking.,53-3031.00,"Speaking, Microsoft Office software, Active Listening","Critical Thinking, Reading Comprehension, Writing, Microsoft Excel",42.86,Start: Critical Thinking
26,No,Travel_Frequently,921,Research & Development,1,1,Medical,1,1068,1,Female,66,2,1,Research Scientist,3,Divorced,2007,25265,1,Y,No,13,3,3,80,2,5,5,3,5,3,1,3,0.048832655,Low Risk,2.3333333333333335,334.5,2.3333333333333335,LOW RISK: Continue standard career development and engagement tracking.,15-1221.00,"C, Docker, Active Learning, Learning Strategies, Apache Kafka, Git, Speaking, Mathematics, Active Listening, Reading Comprehension, Go, Writing, Amazon Web Services AWS software, Ansible software, Critical Thinking, C++, Science","Monitoring, Apache Hadoop, Apache Spark, Bash, GitHub",77.27,Start: Monitoring
46,No,Travel_Rarely,430,Research & Development,1,4,Medical,1,1069,4,Male,40,3,5,Research Director,4,Divorced,19627,21445,9,Y,No,17,3,4,80,2,23,0,3,2,2,2,2,0.019054785,Low Risk,4.0,6542.333333333333,3.6666666666666665,LOW RISK: Continue standard career development and engagement tracking.,27-2041.00,"Monitoring, Reading Comprehension, Speaking, Learning Strategies, Active Learning, Microsoft Office software, Writing, Microsoft Excel, Microsoft Word, Critical Thinking","Active Listening, Microsoft Outlook, Microsoft PowerPoint",76.92,Start: Active Listening
54,No,Travel_Rarely,1082,Sales,2,4,Life Sciences,1,1070,3,Female,41,2,3,Sales Executive,3,Married,10686,8392,6,Y,No,11,3,2,80,1,13,4,3,9,4,7,0,0.45364788,Medium Risk,2.6666666666666665,1068.6,3.0,MEDIUM RISK: Manager check-in; mentorship; targeted development plan.,53-3031.00,"Speaking, Writing, Critical Thinking, Reading Comprehension, Active Listening","Microsoft Excel, Microsoft Office software",71.43,Start: Microsoft Excel
56,No,Travel_Frequently,1240,Research & Development,9,3,Medical,1,1071,1,Female,63,3,1,Research Scientist,3,Married,2942,12154,2,Y,No,19,3,2,80,1,18,4,3,5,4,0,3,0.11898483,Low Risk,2.0,490.3333333333333,2.3333333333333335,LOW RISK: Continue standard career development and engagement tracking.,15-1221.00,"Amazon Web Services AWS software, Apache Spark, C, Writing, Active Learning, GitHub, Active Listening, C++, Bash, Reading Comprehension, Learning Strategies, Apache Hadoop","Mathematics, Critical Thinking, Speaking, Monitoring, Science, Ansible software, Apache Kafka, Docker, Git, Go",54.55,Start: Mathematics
36,No,Travel_Rarely,796,Research & Development,12,5,Medical,1,1073,4,Female,51,2,3,Manufacturing Director,4,Single,8858,15669,0,Y,No,11,3,2,80,0,15,2,2,14,8,7,8,0.12429677,Low Risk,3.3333333333333335,590.5333333333333,3.3333333333333335,LOW RISK: Continue standard career development and engagement tracking.,51-9195.05,"Microsoft Outlook, Microsoft Excel, Monitoring","Critical Thinking, Active Listening",60.0,Start: Critical Thinking
55,No,Non-Travel,444,Research & Development,2,1,Medical,1,1074,3,Male,40,2,4,Manager,1,Single,16756,17323,7,Y,No,15,3,2,80,0,31,3,4,9,7,6,2,0.06771152,Low Risk,2.0,1675.6,2.6666666666666665,LOW RISK: Continue standard career development and engagement tracking.,47-1011.03,"Oracle Primavera Enterprise Project Portfolio Management, Active Listening, Speaking, Active Learning, Autodesk AutoCAD, Mathematics, Autodesk Revit, Autodesk AutoCAD Civil 3D, Critical Thinking, Microsoft Office software, Microsoft Excel, Microsoft Project, Writing, Learning Strategies, Reading Comprehension, Microsoft Outlook","Monitoring, Microsoft PowerPoint, Microsoft Visio, Microsoft Windows, Microsoft Word",76.19,Start: Monitoring
43,No,Travel_Rarely,415,Sales,25,3,Medical,1,1076,3,Male,79,2,3,Sales Executive,4,Divorced,10798,5268,5,Y,No,13,3,3,80,1,18,5,3,1,0,0,0,0.12458574,Low Risk,3.3333333333333335,5399.0,3.3333333333333335,LOW RISK: Continue standard career development and engagement tracking.,53-3031.00,"Critical Thinking, Active Listening, Microsoft Excel, Reading Comprehension, Speaking","Writing, Microsoft Office software",71.43,Start: Writing
20,Yes,Travel_Frequently,769,Sales,9,3,Marketing,1,1077,4,Female,54,3,1,Sales Representative,4,Single,2323,17205,1,Y,Yes,14,3,2,80,0,2,3,3,2,2,0,2,0.94992733,High Risk,3.3333333333333335,774.3333333333334,3.6666666666666665,HIGH RISK: HR review; retention conversation; career-path and compensation review.,41-4012.00,"Reading Comprehension, Monitoring, Microsoft Excel, Adobe Creative Cloud software, Adobe Illustrator, Salesforce software, Writing, Microsoft Outlook, Adobe InDesign, Critical Thinking","Active Listening, Speaking, Active Learning, Microsoft Office software, Microsoft PowerPoint, Adobe Acrobat, Adobe Photoshop, Apple macOS, Autodesk AutoCAD",52.63,Start: Active Listening
21,Yes,Travel_Rarely,1334,Research & Development,10,3,Life Sciences,1,1079,3,Female,36,2,1,Laboratory Technician,1,Single,1416,17258,1,Y,No,13,3,1,80,0,1,6,2,1,0,1,0,0.970883,High Risk,1.6666666666666667,708.0,2.0,HIGH RISK: HR review; retention conversation; career-path and compensation review.,51-9083.00,"Microsoft Word, Microsoft Excel, Microsoft Office software, Microsoft Outlook, SAP software, Microsoft PowerPoint, Critical Thinking","Reading Comprehension, Monitoring",77.78,Start: Reading Comprehension
46,No,Travel_Rarely,1003,Research & Development,8,4,Life Sciences,1,1080,4,Female,74,2,2,Research Scientist,1,Divorced,4615,21029,8,Y,Yes,23,4,1,80,3,19,2,3,16,13,1,7,0.039682873,Low Risk,2.0,271.47058823529414,2.6666666666666665,LOW RISK: Continue standard career development and engagement tracking.,15-1221.00,"Speaking, Apache Spark, Reading Comprehension, Science, Git, Critical Thinking, Bash, Monitoring, Writing, Ansible software, Mathematics, Learning Strategies, Amazon Web Services AWS software, GitHub, Go, Active Learning, Docker","Active Listening, Apache Hadoop, Apache Kafka, C, C++",77.27,Start: Active Listening
51,Yes,Travel_Rarely,1323,Research & Development,4,4,Life Sciences,1,1081,1,Male,34,3,1,Research Scientist,3,Married,2461,10332,9,Y,Yes,12,3,3,80,3,18,2,4,10,0,2,7,0.20547587,Low Risk,2.3333333333333335,223.72727272727272,2.6666666666666665,LOW RISK: Continue standard career development and engagement tracking.,15-1221.00,"Speaking, Git, Bash, Reading Comprehension, C, C++, Apache Kafka, Critical Thinking, Writing, Learning Strategies, Science, Apache Spark, Ansible software, Active Learning, Docker, Amazon Web Services AWS software","Mathematics, Active Listening, Monitoring, Apache Hadoop, GitHub, Go",72.73,Start: Mathematics
28,Yes,Non-Travel,1366,Research & Development,24,2,Technical Degree,1,1082,2,Male,72,2,3,Healthcare Representative,1,Single,8722,12355,1,Y,No,12,3,1,80,0,10,2,2,10,7,1,9,0.10477983,Low Risk,1.3333333333333333,792.9090909090909,1.6666666666666667,LOW RISK: Continue standard career development and engagement tracking.,43-4051.00,"Adobe Illustrator, Adobe Acrobat, Monitoring, Writing, Speaking, Microsoft Office software, Facebook, Microsoft Excel, Apple macOS","Active Listening, Critical Thinking, Reading Comprehension, Microsoft Outlook, Adobe Creative Cloud software, Adobe Photoshop, Google Docs, Intuit QuickBooks, Kronos Workforce Timekeeper",50.0,Start: Active Listening
26,No,Travel_Rarely,192,Research & Development,1,2,Medical,1,1083,1,Male,59,2,1,Laboratory Technician,1,Married,3955,11141,1,Y,No,16,3,1,80,2,6,2,3,5,3,1,3,0.14061074,Low Risk,1.0,659.1666666666666,1.6666666666666667,LOW RISK: Continue standard career development and engagement tracking.,51-9083.00,"Microsoft Word, Microsoft Excel, Microsoft PowerPoint, Reading Comprehension, Microsoft Office software, Monitoring, SAP software","Critical Thinking, Microsoft Outlook",77.78,Start: Critical Thinking
30,No,Travel_Rarely,1176,Research & Development,20,3,Other,1,1084,3,Male,85,3,2,Manufacturing Director,1,Married,9957,9096,0,Y,No,15,3,3,80,1,7,1,2,6,2,0,2,0.06051659,Low Risk,2.3333333333333335,1422.4285714285713,2.0,LOW RISK: Continue standard career development and engagement tracking.,51-9195.05,"Critical Thinking, Monitoring, Active Listening","Microsoft Excel, Microsoft Outlook",60.0,Start: Microsoft Excel
41,No,Travel_Rarely,509,Research & Development,7,2,Technical Degree,1,1085,2,Female,43,4,1,Research Scientist,3,Married,3376,18863,1,Y,No,13,3,3,80,0,10,3,3,10,6,0,8,0.029005028,Low Risk,2.6666666666666665,306.90909090909093,2.6666666666666665,LOW RISK: Continue standard career development and engagement tracking.,15-1221.00,"Apache Hadoop, Ansible software, Apache Kafka, Bash, Reading Comprehension, Apache Spark, Docker, C, Go, Writing, Science, Amazon Web Services AWS software, Git, C++, GitHub","Active Learning, Mathematics, Critical Thinking, Active Listening, Speaking, Monitoring, Learning Strategies",68.18,Start: Active Learning
38,No,Travel_Rarely,330,Research & Development,17,1,Life Sciences,1,1088,3,Female,65,2,3,Healthcare Representative,3,Married,8823,24608,0,Y,No,18,3,1,80,1,20,4,2,19,9,1,9,0.0436652,Low Risk,2.3333333333333335,441.15,2.6666666666666665,LOW RISK: Continue standard career development and engagement tracking.,43-4051.00,"Writing, Google Docs, Active Listening, Adobe Photoshop, Reading Comprehension, Apple macOS, Critical Thinking, Intuit QuickBooks, Microsoft Outlook, Adobe Creative Cloud software, Speaking, Facebook, Monitoring","Microsoft Excel, Microsoft Office software, Adobe Acrobat, Adobe Illustrator, Kronos Workforce Timekeeper",72.22,Start: Microsoft Excel
40,No,Travel_Rarely,1492,Research & Development,20,4,Technical Degree,1,1092,1,Male,61,3,3,Healthcare Representative,4,Married,10322,26542,4,Y,No,20,4,4,80,1,14,6,3,11,10,11,1,0.03994822,Low Risk,3.0,860.1666666666666,2.6666666666666665,LOW RISK: Continue standard career development and engagement tracking.,43-4051.00,"Reading Comprehension, Active Listening, Microsoft Office software, Adobe Acrobat, Microsoft Excel, Adobe Creative Cloud software, Writing, Intuit QuickBooks, Critical Thinking, Google Docs, Apple macOS, Speaking","Monitoring, Microsoft Outlook, Adobe Illustrator, Adobe Photoshop, Facebook, Kronos Workforce Timekeeper",66.67,Start: Monitoring
27,No,Non-Travel,1277,Research & Development,8,5,Life Sciences,1,1094,1,Male,87,1,1,Laboratory Technician,3,Married,4621,5869,1,Y,No,19,3,4,80,3,3,4,3,3,2,1,2,0.1021687,Low Risk,2.6666666666666665,1155.25,2.3333333333333335,LOW RISK: Continue standard career development and engagement tracking.,51-9083.00,"Microsoft Office software, Microsoft Outlook, Monitoring, SAP software, Critical Thinking, Microsoft Word","Reading Comprehension, Microsoft Excel, Microsoft PowerPoint",66.67,Start: Reading Comprehension
55,No,Travel_Frequently,1091,Research & Development,2,1,Life Sciences,1,1096,4,Male,65,3,3,Manufacturing Director,2,Married,10976,15813,3,Y,No,18,3,2,80,1,23,4,3,3,2,1,2,0.02694404,Low Risk,2.6666666666666665,2744.0,3.0,LOW RISK: Continue standard career development and engagement tracking.,51-9195.05,"Active Listening, Monitoring, Microsoft Excel, Critical Thinking",Microsoft Outlook,80.0,Start: Microsoft Outlook
28,No,Travel_Rarely,857,Research & Development,10,3,Other,1,1097,3,Female,59,3,2,Research Scientist,3,Single,3660,7909,3,Y,No,13,3,4,80,0,10,4,4,8,7,1,7,0.10489918,Low Risk,3.3333333333333335,406.6666666666667,3.3333333333333335,LOW RISK: Continue standard career development and engagement tracking.,15-1221.00,"GitHub, Amazon Web Services AWS software, Active Learning, Go, Apache Hadoop, C++, Speaking, Critical Thinking, Ansible software, Apache Kafka, Reading Comprehension, Bash, Writing, Monitoring, Docker, Active Listening, Git","Mathematics, Learning Strategies, Science, Apache Spark, C",77.27,Start: Mathematics
44,Yes,Travel_Rarely,1376,Human Resources,1,2,Medical,1,1098,2,Male,91,2,3,Human Resources,1,Married,10482,2326,9,Y,No,14,3,4,80,1,24,1,3,20,6,3,6,0.03165516,Low Risk,2.3333333333333335,499.14285714285717,2.0,LOW RISK: Continue standard career development and engagement tracking.,43-4161.00,"Speaking, Google Docs, Writing, Microsoft Outlook, Microsoft Word, Monitoring, Oracle HRIS, Active Learning, Microsoft PowerPoint, Microsoft Excel, Reading Comprehension, Active Listening, Microsoft Visio, Microsoft SharePoint","Critical Thinking, Microsoft Office software, Applicant tracking software, Microsoft Access, Oracle PeopleSoft",73.68,Start: Critical Thinking
33,No,Travel_Rarely,654,Research & Development,5,3,Life Sciences,1,1099,4,Male,34,2,3,Healthcare Representative,4,Divorced,7119,21214,4,Y,No,15,3,3,80,1,9,2,3,3,2,1,2,0.035528462,Low Risk,3.6666666666666665,1779.75,3.6666666666666665,LOW RISK: Continue standard career development and engagement tracking.,43-4051.00,"Active Listening, Monitoring, Adobe Creative Cloud software, Speaking, Adobe Illustrator, Microsoft Office software, Microsoft Outlook, Adobe Photoshop, Kronos Workforce Timekeeper","Critical Thinking, Reading Comprehension, Writing, Microsoft Excel, Adobe Acrobat, Apple macOS, Facebook, Google Docs, Intuit QuickBooks",50.0,Start: Critical Thinking
35,Yes,Travel_Rarely,1204,Sales,4,3,Technical Degree,1,1100,4,Male,86,3,3,Sales Executive,1,Single,9582,10333,0,Y,Yes,22,4,1,80,0,9,2,3,8,7,4,7,0.87274694,High Risk,2.0,1064.6666666666667,2.6666666666666665,HIGH RISK: HR review; retention conversation; career-path and compensation review.,53-3031.00,"Microsoft Office software, Microsoft Excel, Reading Comprehension, Speaking","Active Listening, Critical Thinking, Writing",57.14,Start: Active Listening
33,Yes,Travel_Frequently,827,Research & Development,29,4,Medical,1,1101,1,Female,54,2,2,Research Scientist,3,Single,4508,3129,1,Y,No,22,4,2,80,0,14,4,3,13,7,3,8,0.7978482,High Risk,2.0,322.0,2.3333333333333335,HIGH RISK: HR review; retention conversation; career-path and compensation review.,15-1221.00,"Speaking, Mathematics, Apache Hadoop, Ansible software, Active Learning, Apache Spark, C, Writing, Docker, Reading Comprehension, Critical Thinking, Apache Kafka, Amazon Web Services AWS software, GitHub, Go, Active Listening, Git","Monitoring, Learning Strategies, Science, Bash, C++",77.27,Start: Monitoring
28,No,Travel_Rarely,895,Research & Development,15,2,Life Sciences,1,1102,1,Male,50,3,1,Laboratory Technician,3,Divorced,2207,22482,1,Y,No,16,3,4,80,1,4,5,2,4,2,2,2,0.35423058,Low Risk,2.6666666666666665,441.4,2.0,LOW RISK: Continue standard career development and engagement tracking.,51-9083.00,"Microsoft PowerPoint, SAP software, Microsoft Word, Reading Comprehension, Microsoft Excel","Critical Thinking, Monitoring, Microsoft Office software, Microsoft Outlook",55.56,Start: Critical Thinking
34,No,Travel_Frequently,618,Research & Development,3,1,Life Sciences,1,1103,1,Male,45,3,2,Healthcare Representative,4,Single,7756,22266,0,Y,No,17,3,3,80,0,7,1,2,6,2,0,4,0.042688746,Low Risk,2.6666666666666665,1108.0,2.3333333333333335,LOW RISK: Continue standard career development and engagement tracking.,43-4051.00,"Intuit QuickBooks, Reading Comprehension, Facebook, Writing, Google Docs, Active Listening, Adobe Illustrator, Microsoft Excel, Adobe Acrobat, Microsoft Outlook","Speaking, Critical Thinking, Monitoring, Microsoft Office software, Adobe Creative Cloud software, Adobe Photoshop, Apple macOS, Kronos Workforce Timekeeper",55.56,Start: Speaking
37,No,Travel_Rarely,309,Sales,10,4,Life Sciences,1,1105,4,Female,88,2,2,Sales Executive,4,Divorced,6694,24223,2,Y,Yes,14,3,3,80,3,8,5,3,1,0,0,0,0.15097295,Low Risk,3.6666666666666665,3347.0,3.6666666666666665,LOW RISK: Continue standard career development and engagement tracking.,53-3031.00,"Microsoft Excel, Speaking, Reading Comprehension, Critical Thinking","Active Listening, Writing, Microsoft Office software",57.14,Start: Active Listening
25,Yes,Travel_Rarely,1219,Research & Development,4,1,Technical Degree,1,1106,4,Male,32,3,1,Laboratory Technician,4,Married,3691,4605,1,Y,Yes,15,3,2,80,1,7,3,4,7,7,5,6,0.7984279,High Risk,3.3333333333333335,461.375,4.0,HIGH RISK: HR review; retention conversation; career-path and compensation review.,51-9083.00,"Microsoft Office software, Monitoring, Microsoft Excel, Microsoft Word, Reading Comprehension, Critical Thinking","Microsoft Outlook, Microsoft PowerPoint, SAP software",66.67,Start: Microsoft Outlook
26,Yes,Travel_Rarely,1330,Research & Development,21,3,Medical,1,1107,1,Male,37,3,1,Laboratory Technician,3,Divorced,2377,19373,1,Y,No,20,4,3,80,1,1,0,2,1,1,0,0,0.9263814,High Risk,2.3333333333333335,1188.5,2.0,HIGH RISK: HR review; retention conversation; career-path and compensation review.,51-9083.00,"SAP software, Microsoft Office software, Microsoft Outlook, Reading Comprehension, Monitoring, Microsoft Excel, Microsoft Word","Critical Thinking, Microsoft PowerPoint",77.78,Start: Critical Thinking
33,Yes,Travel_Rarely,1017,Research & Development,25,3,Medical,1,1108,1,Male,55,2,1,Research Scientist,2,Single,2313,2993,4,Y,Yes,20,4,2,80,0,5,0,3,2,2,2,2,0.9411186,High Risk,1.6666666666666667,771.0,2.0,HIGH RISK: HR review; retention conversation; career-path and compensation review.,15-1221.00,"Reading Comprehension, Speaking, Apache Spark, Critical Thinking, Amazon Web Services AWS software, Mathematics, C, Apache Hadoop, Go, Active Listening, Monitoring, Ansible software, C++, Docker, Git, Apache Kafka","Active Learning, Writing, Learning Strategies, Science, Bash, GitHub",72.73,Start: Active Learning
42,No,Travel_Rarely,469,Research & Development,2,2,Medical,1,1109,4,Male,35,3,4,Manager,1,Married,17665,14399,0,Y,No,17,3,4,80,1,23,3,3,22,6,13,7,0.019410765,Low Risk,3.0,768.0434782608696,2.6666666666666665,LOW RISK: Continue standard career development and engagement tracking.,47-1011.03,"Microsoft PowerPoint, Microsoft Visio, Oracle Primavera Enterprise Project Portfolio Management, Mathematics, Microsoft Office software, Monitoring, Microsoft Excel, Autodesk AutoCAD Civil 3D, Microsoft Project, Active Learning","Reading Comprehension, Active Listening, Speaking, Critical Thinking, Writing, Learning Strategies, Autodesk AutoCAD, Autodesk Revit, Microsoft Outlook, Microsoft Windows, Microsoft Word",47.62,Start: Reading Comprehension
28,Yes,Travel_Frequently,1009,Research & Development,1,3,Medical,1,1111,1,Male,45,2,1,Laboratory Technician,2,Divorced,2596,7160,1,Y,No,15,3,1,80,2,1,2,3,1,0,0,0,0.90885156,High Risk,1.3333333333333333,1298.0,2.0,HIGH RISK: HR review; retention conversation; career-path and compensation review.,51-9083.00,"Microsoft Word, Monitoring, Microsoft PowerPoint, Microsoft Excel, Reading Comprehension, SAP software","Critical Thinking, Microsoft Office software, Microsoft Outlook",66.67,Start: Critical Thinking
50,Yes,Travel_Frequently,959,Sales,1,4,Other,1,1113,4,Male,81,3,2,Sales Executive,3,Single,4728,17251,3,Y,Yes,14,3,4,80,0,5,4,3,0,0,0,0,0.3695419,Low Risk,3.6666666666666665,4728.0,3.3333333333333335,LOW RISK: Continue standard career development and engagement tracking.,53-3031.00,"Microsoft Office software, Active Listening, Microsoft Excel, Reading Comprehension, Writing","Speaking, Critical Thinking",71.43,Start: Speaking
33,No,Travel_Frequently,970,Sales,7,3,Life Sciences,1,1114,4,Female,30,3,2,Sales Executive,2,Married,4302,13401,0,Y,No,17,3,3,80,1,4,3,3,3,2,0,2,0.08531069,Low Risk,3.0,1075.5,3.0,LOW RISK: Continue standard career development and engagement tracking.,53-3031.00,"Writing, Active Listening, Microsoft Excel, Reading Comprehension, Speaking, Critical Thinking",Microsoft Office software,85.71,Start: Microsoft Office software
34,No,Non-Travel,697,Research & Development,3,4,Life Sciences,1,1115,3,Male,40,2,1,Research Scientist,4,Married,2979,22478,3,Y,No,17,3,4,80,3,6,2,3,0,0,0,0,0.011607724,Low Risk,3.6666666666666665,2979.0,3.3333333333333335,LOW RISK: Continue standard career development and engagement tracking.,15-1221.00,"Science, Ansible software, Active Learning, Active Listening, Docker, Monitoring, C++, C, Apache Spark, Amazon Web Services AWS software","Reading Comprehension, Mathematics, Critical Thinking, Writing, Speaking, Learning Strategies, Apache Hadoop, Apache Kafka, Bash, Git, GitHub, Go",45.45,Start: Reading Comprehension
48,No,Non-Travel,1262,Research & Development,1,4,Medical,1,1116,1,Male,35,4,4,Manager,4,Single,16885,16154,2,Y,No,22,4,3,80,0,27,3,2,5,4,2,1,0.0060702167,Low Risk,2.6666666666666665,2814.1666666666665,2.3333333333333335,LOW RISK: Continue standard career development and engagement tracking.,47-1011.03,"Active Listening, Microsoft Word, Microsoft Excel, Mathematics, Microsoft Windows, Microsoft Outlook, Autodesk AutoCAD, Microsoft Visio, Monitoring, Writing, Learning Strategies, Microsoft Office software, Autodesk AutoCAD Civil 3D, Autodesk Revit, Speaking, Reading Comprehension","Critical Thinking, Active Learning, Microsoft PowerPoint, Microsoft Project, Oracle Primavera Enterprise Project Portfolio Management",76.19,Start: Critical Thinking
45,No,Non-Travel,1050,Sales,9,4,Life Sciences,1,1117,2,Female,65,2,2,Sales Executive,3,Married,5593,17970,1,Y,No,13,3,4,80,1,15,2,3,15,10,4,12,0.018652583,Low Risk,3.0,349.5625,2.6666666666666665,LOW RISK: Continue standard career development and engagement tracking.,53-3031.00,"Microsoft Excel, Speaking, Microsoft Office software, Critical Thinking, Active Listening","Reading Comprehension, Writing",71.43,Start: Reading Comprehension
52,No,Travel_Rarely,994,Research & Development,7,4,Life Sciences,1,1118,2,Male,87,3,3,Healthcare Representative,2,Single,10445,15322,7,Y,No,19,3,4,80,0,18,4,3,8,6,4,0,0.09212772,Low Risk,2.6666666666666665,1160.5555555555557,2.3333333333333335,LOW RISK: Continue standard career development and engagement tracking.,43-4051.00,"Google Docs, Writing, Intuit QuickBooks, Kronos Workforce Timekeeper, Adobe Creative Cloud software, Apple macOS, Adobe Illustrator, Adobe Photoshop, Active Listening, Facebook, Critical Thinking","Speaking, Reading Comprehension, Monitoring, Microsoft Excel, Microsoft Office software, Microsoft Outlook, Adobe Acrobat",61.11,Start: Speaking
38,No,Travel_Rarely,770,Sales,10,4,Marketing,1,1119,3,Male,73,2,3,Sales Executive,3,Divorced,8740,5569,0,Y,Yes,14,3,2,80,2,9,2,3,8,7,2,7,0.12342417,Low Risk,2.6666666666666665,971.1111111111111,3.0,LOW RISK: Continue standard career development and engagement tracking.,53-3031.00,"Writing, Reading Comprehension, Speaking, Microsoft Office software, Critical Thinking","Active Listening, Microsoft Excel",71.43,Start: Active Listening
29,No,Travel_Rarely,1107,Research & Development,28,4,Life Sciences,1,1120,3,Female,93,3,1,Research Scientist,4,Divorced,2514,26968,4,Y,No,22,4,1,80,1,11,1,3,7,5,1,7,0.051703125,Low Risk,2.6666666666666665,314.25,3.3333333333333335,LOW RISK: Continue standard career development and engagement tracking.,15-1221.00,"Git, Amazon Web Services AWS software, Active Learning, Writing, Monitoring, Active Listening, Learning Strategies, Mathematics, Ansible software, C++, Critical Thinking, Docker, Speaking, Apache Kafka, Reading Comprehension, Science, Apache Hadoop, Apache Spark","Bash, C, GitHub, Go",81.82,Start: Bash
28,No,Travel_Rarely,950,Research & Development,3,3,Medical,1,1121,4,Female,93,3,3,Manufacturing Director,2,Divorced,7655,8039,0,Y,No,17,3,2,80,3,10,3,2,9,7,1,7,0.024651479,Low Risk,2.6666666666666665,765.5,2.6666666666666665,LOW RISK: Continue standard career development and engagement tracking.,51-9195.05,"Active Listening, Microsoft Outlook, Microsoft Excel","Critical Thinking, Monitoring",60.0,Start: Critical Thinking
46,No,Travel_Rarely,406,Sales,3,1,Marketing,1,1124,1,Male,52,3,4,Manager,3,Married,17465,15596,3,Y,No,12,3,4,80,1,23,3,3,12,9,4,9,0.10985021,Low Risk,2.6666666666666665,1343.4615384615386,2.3333333333333335,LOW RISK: Continue standard career development and engagement tracking.,47-1011.03,"Microsoft Project, Autodesk AutoCAD Civil 3D, Autodesk Revit, Mathematics, Oracle Primavera Enterprise Project Portfolio Management, Microsoft Excel, Active Listening, Reading Comprehension, Learning Strategies, Speaking, Writing, Critical Thinking, Microsoft Visio","Monitoring, Active Learning, Autodesk AutoCAD, Microsoft Office software, Microsoft Outlook, Microsoft PowerPoint, Microsoft Windows, Microsoft Word",61.9,Start: Monitoring
38,No,Travel_Rarely,130,Sales,2,2,Marketing,1,1125,4,Male,32,3,3,Sales Executive,2,Single,7351,20619,7,Y,No,16,3,3,80,0,10,2,3,1,0,0,0,0.3147328,Low Risk,3.0,3675.5,3.0,LOW RISK: Continue standard career development and engagement tracking.,53-3031.00,"Microsoft Excel, Speaking, Reading Comprehension, Writing, Microsoft Office software, Active Listening",Critical Thinking,85.71,Start: Critical Thinking
43,No,Travel_Frequently,1082,Research & Development,27,3,Life Sciences,1,1126,3,Female,83,3,3,Manufacturing Director,1,Married,10820,11535,8,Y,No,11,3,3,80,1,18,1,3,8,7,0,1,0.13516383,Low Risk,2.3333333333333335,1202.2222222222222,2.3333333333333335,LOW RISK: Continue standard career development and engagement tracking.,51-9195.05,"Microsoft Outlook, Monitoring, Microsoft Excel","Critical Thinking, Active Listening",60.0,Start: Critical Thinking
39,Yes,Travel_Frequently,203,Research & Development,2,3,Life Sciences,1,1127,1,Male,84,3,4,Healthcare Representative,4,Divorced,12169,13547,7,Y,No,11,3,4,80,3,21,4,3,18,7,11,5,0.8470467,High Risk,3.0,640.4736842105264,2.6666666666666665,HIGH RISK: HR review; retention conversation; career-path and compensation review.,43-4051.00,"Intuit QuickBooks, Writing, Adobe Illustrator, Microsoft Excel, Adobe Creative Cloud software, Monitoring, Active Listening, Critical Thinking, Adobe Photoshop, Microsoft Office software, Apple macOS, Kronos Workforce Timekeeper","Speaking, Reading Comprehension, Microsoft Outlook, Adobe Acrobat, Facebook, Google Docs",66.67,Start: Speaking
40,No,Travel_Rarely,1308,Research & Development,14,3,Medical,1,1128,3,Male,44,2,5,Research Director,3,Single,19626,17544,1,Y,No,14,3,1,80,0,21,2,4,20,7,4,9,0.037779283,Low Risk,2.3333333333333335,934.5714285714286,3.3333333333333335,LOW RISK: Continue standard career development and engagement tracking.,27-2041.00,"Microsoft Word, Learning Strategies, Reading Comprehension, Active Learning, Microsoft Office software, Writing","Active Listening, Critical Thinking, Speaking, Monitoring, Microsoft Excel, Microsoft Outlook, Microsoft PowerPoint",46.15,Start: Active Listening
21,No,Travel_Rarely,984,Research & Development,1,1,Technical Degree,1,1131,4,Female,70,2,1,Research Scientist,2,Single,2070,25326,1,Y,Yes,11,3,3,80,0,2,6,4,2,2,2,2,0.36316133,Low Risk,3.0,690.0,3.3333333333333335,LOW RISK: Continue standard career development and engagement tracking.,15-1221.00,"Git, Active Listening, Active Learning, C++, Learning Strategies, Docker, Writing, Critical Thinking, Speaking, Apache Hadoop","Reading Comprehension, Mathematics, Monitoring, Science, Amazon Web Services AWS software, Ansible software, Apache Kafka, Apache Spark, Bash, C, GitHub, Go",45.45,Start: Reading Comprehension
39,No,Non-Travel,439,Research & Development,9,3,Life Sciences,1,1132,3,Male,70,3,2,Laboratory Technician,2,Single,6782,8770,9,Y,No,15,3,3,80,0,9,2,2,5,4,0,3,0.13744435,Low Risk,2.6666666666666665,1130.3333333333333,2.3333333333333335,LOW RISK: Continue standard career development and engagement tracking.,51-9083.00,"Critical Thinking, Microsoft Word, Microsoft Excel, Microsoft Outlook, Reading Comprehension","Monitoring, Microsoft Office software, Microsoft PowerPoint, SAP software",55.56,Start: Monitoring
36,No,Non-Travel,217,Research & Development,18,4,Life Sciences,1,1133,1,Male,78,3,2,Manufacturing Director,4,Single,7779,23238,2,Y,No,20,4,1,80,0,18,0,3,11,9,0,9,0.0440248,Low Risk,2.0,648.25,2.6666666666666665,LOW RISK: Continue standard career development and engagement tracking.,51-9195.05,"Active Listening, Monitoring, Critical Thinking, Microsoft Outlook",Microsoft Excel,80.0,Start: Microsoft Excel
31,No,Travel_Frequently,793,Sales,20,3,Life Sciences,1,1135,3,Male,67,4,1,Sales Representative,4,Married,2791,21981,0,Y,No,12,3,1,80,1,3,4,3,2,2,2,2,0.27980536,Low Risk,2.6666666666666665,930.3333333333334,3.3333333333333335,LOW RISK: Continue standard career development and engagement tracking.,41-4012.00,"Adobe Creative Cloud software, Autodesk AutoCAD, Microsoft Office software, Adobe InDesign, Critical Thinking, Microsoft Outlook, Writing, Microsoft Excel, Apple macOS, Reading Comprehension, Salesforce software","Active Listening, Speaking, Active Learning, Monitoring, Microsoft PowerPoint, Adobe Acrobat, Adobe Illustrator, Adobe Photoshop",57.89,Start: Active Listening
28,No,Travel_Rarely,1451,Research & Development,2,1,Life Sciences,1,1136,1,Male,67,2,1,Research Scientist,2,Married,3201,19911,0,Y,No,17,3,1,80,0,6,2,1,5,3,0,4,0.21939985,Low Risk,1.3333333333333333,533.5,1.3333333333333333,LOW RISK: Continue standard career development and engagement tracking.,15-1221.00,"Monitoring, Learning Strategies, Mathematics, Apache Hadoop, Amazon Web Services AWS software, Active Learning, Apache Kafka, C++, Go, C, Writing, Science, Speaking, Docker, Git, GitHub","Reading Comprehension, Critical Thinking, Active Listening, Ansible software, Apache Spark, Bash",72.73,Start: Reading Comprehension
35,No,Travel_Frequently,1182,Sales,11,2,Marketing,1,1137,4,Male,54,3,2,Sales Executive,4,Divorced,4968,18500,1,Y,No,11,3,4,80,1,5,3,3,5,2,0,2,0.06322376,Low Risk,4.0,828.0,3.6666666666666665,LOW RISK: Continue standard career development and engagement tracking.,53-3031.00,"Microsoft Office software, Reading Comprehension, Critical Thinking, Active Listening, Microsoft Excel","Speaking, Writing",71.43,Start: Speaking
49,No,Travel_Rarely,174,Sales,8,4,Technical Degree,1,1138,4,Male,56,2,4,Sales Executive,2,Married,13120,11879,6,Y,No,17,3,2,80,1,22,3,3,9,8,2,3,0.17432104,Low Risk,2.6666666666666665,1312.0,3.0,LOW RISK: Continue standard career development and engagement tracking.,53-3031.00,"Active Listening, Microsoft Excel, Writing, Microsoft Office software","Speaking, Critical Thinking, Reading Comprehension",57.14,Start: Speaking
34,No,Travel_Frequently,1003,Research & Development,2,2,Life Sciences,1,1140,4,Male,95,3,2,Manufacturing Director,3,Single,4033,15834,2,Y,No,11,3,4,80,0,5,3,2,3,2,0,2,0.08146337,Low Risk,3.6666666666666665,1008.25,3.0,LOW RISK: Continue standard career development and engagement tracking.,51-9195.05,"Monitoring, Critical Thinking","Active Listening, Microsoft Excel, Microsoft Outlook",40.0,Start: Active Listening
29,No,Travel_Frequently,490,Research & Development,10,3,Life Sciences,1,1143,4,Female,61,3,1,Research Scientist,2,Divorced,3291,17940,0,Y,No,14,3,4,80,2,8,2,2,7,5,1,1,0.08388538,Low Risk,3.3333333333333335,411.375,2.6666666666666665,LOW RISK: Continue standard career development and engagement tracking.,15-1221.00,"C++, Apache Spark, Monitoring, Active Learning, Active Listening, Amazon Web Services AWS software, Ansible software, Mathematics, GitHub, Git, Apache Kafka, Learning Strategies","Reading Comprehension, Critical Thinking, Writing, Speaking, Science, Apache Hadoop, Bash, C, Docker, Go",54.55,Start: Reading Comprehension
42,No,Travel_Rarely,188,Research & Development,29,3,Medical,1,1148,2,Male,56,1,2,Laboratory Technician,4,Single,4272,9558,4,Y,No,19,3,1,80,0,16,3,3,1,0,0,0,0.11931168,Low Risk,2.3333333333333335,2136.0,3.0,LOW RISK: Continue standard career development and engagement tracking.,51-9083.00,"Microsoft PowerPoint, Reading Comprehension, Microsoft Excel, SAP software, Microsoft Word, Microsoft Outlook, Critical Thinking","Monitoring, Microsoft Office software",77.78,Start: Monitoring
29,No,Travel_Rarely,718,Research & Development,8,1,Medical,1,1150,2,Male,79,2,2,Manufacturing Director,4,Married,5056,17689,1,Y,Yes,15,3,3,80,1,10,2,2,10,7,1,2,0.14928737,Low Risk,3.0,459.6363636363636,2.6666666666666665,LOW RISK: Continue standard career development and engagement tracking.,51-9195.05,"Active Listening, Microsoft Outlook, Critical Thinking, Microsoft Excel",Monitoring,80.0,Start: Monitoring
38,No,Travel_Rarely,433,Human Resources,1,3,Human Resources,1,1152,3,Male,37,4,1,Human Resources,3,Married,2844,6004,1,Y,No,13,3,4,80,1,7,2,4,7,6,5,0,0.061250765,Low Risk,3.3333333333333335,355.5,3.3333333333333335,LOW RISK: Continue standard career development and engagement tracking.,43-4161.00,"Oracle PeopleSoft, Monitoring, Microsoft PowerPoint, Reading Comprehension, Microsoft SharePoint, Microsoft Access, Oracle HRIS, Critical Thinking, Writing, Applicant tracking software, Active Listening, Active Learning, Microsoft Visio, Microsoft Outlook, Google Docs","Speaking, Microsoft Excel, Microsoft Office software, Microsoft Word",78.95,Start: Speaking
28,No,Travel_Frequently,773,Research & Development,6,3,Life Sciences,1,1154,3,Male,39,2,1,Research Scientist,3,Divorced,2703,22088,1,Y,Yes,14,3,4,80,1,3,2,3,3,1,0,2,0.41006157,Medium Risk,3.3333333333333335,675.75,3.0,MEDIUM RISK: Manager check-in; mentorship; targeted development plan.,15-1221.00,"Speaking, Critical Thinking, Amazon Web Services AWS software, Reading Comprehension, Ansible software, C, Monitoring, Go, Writing, Learning Strategies, GitHub, Git, Mathematics","Active Learning, Active Listening, Science, Apache Hadoop, Apache Kafka, Apache Spark, Bash, C++, Docker",59.09,Start: Active Learning
18,Yes,Non-Travel,247,Research & Development,8,1,Medical,1,1156,3,Male,80,3,1,Laboratory Technician,3,Single,1904,13556,1,Y,No,12,3,4,80,0,0,0,3,0,0,0,0,0.864457,High Risk,3.3333333333333335,1904.0,3.0,HIGH RISK: HR review; retention conversation; career-path and compensation review.,51-9083.00,"Microsoft PowerPoint, Critical Thinking, Reading Comprehension, Microsoft Office software, SAP software, Microsoft Outlook","Monitoring, Microsoft Excel, Microsoft Word",66.67,Start: Monitoring
33,Yes,Travel_Rarely,603,Sales,9,4,Marketing,1,1157,1,Female,77,3,2,Sales Executive,1,Single,8224,18385,0,Y,Yes,17,3,1,80,0,6,3,3,5,2,0,3,0.73278457,High Risk,1.0,1370.6666666666667,1.6666666666666667,HIGH RISK: HR review; retention conversation; career-path and compensation review.,53-3031.00,"Writing, Microsoft Office software, Speaking","Active Listening, Critical Thinking, Reading Comprehension, Microsoft Excel",42.86,Start: Active Listening
41,No,Travel_Rarely,167,Research & Development,12,4,Life Sciences,1,1158,2,Male,46,3,1,Laboratory Technician,4,Married,4766,9051,3,Y,Yes,11,3,1,80,1,6,4,3,1,0,0,0,0.18457004,Low Risk,2.3333333333333335,2383.0,3.0,LOW RISK: Continue standard career development and engagement tracking.,51-9083.00,"Monitoring, Microsoft PowerPoint, SAP software, Critical Thinking, Microsoft Excel, Microsoft Word, Reading Comprehension","Microsoft Office software, Microsoft Outlook",77.78,Start: Microsoft Office software
31,Yes,Travel_Frequently,874,Research & Development,15,3,Medical,1,1160,3,Male,72,3,1,Laboratory Technician,3,Married,2610,6233,1,Y,No,12,3,3,80,1,2,5,2,2,2,2,2,0.75739205,High Risk,3.0,870.0,2.6666666666666665,HIGH RISK: HR review; retention conversation; career-path and compensation review.,51-9083.00,"Reading Comprehension, Monitoring, Microsoft Word, Microsoft Office software, Microsoft Excel","Critical Thinking, Microsoft Outlook, Microsoft PowerPoint, SAP software",55.56,Start: Critical Thinking
37,No,Travel_Rarely,367,Research & Development,25,2,Medical,1,1161,3,Female,52,2,2,Healthcare Representative,4,Divorced,5731,17171,7,Y,No,13,3,3,80,2,9,2,3,6,2,1,3,0.07640158,Low Risk,3.3333333333333335,818.7142857142857,3.3333333333333335,LOW RISK: Continue standard career development and engagement tracking.,43-4051.00,"Writing, Facebook, Intuit QuickBooks, Adobe Acrobat, Apple macOS, Critical Thinking, Speaking, Microsoft Office software, Kronos Workforce Timekeeper, Adobe Creative Cloud software, Reading Comprehension, Adobe Illustrator, Monitoring, Microsoft Outlook","Active Listening, Microsoft Excel, Adobe Photoshop, Google Docs",77.78,Start: Active Listening
27,No,Travel_Rarely,199,Research & Development,6,3,Life Sciences,1,1162,4,Male,55,2,1,Research Scientist,3,Married,2539,7950,1,Y,No,13,3,3,80,1,4,0,3,4,2,2,2,0.031361826,Low Risk,3.3333333333333335,507.8,3.3333333333333335,LOW RISK: Continue standard career development and engagement tracking.,15-1221.00,"Ansible software, Apache Kafka, Speaking, Go, Git, Writing, Science, Active Learning, Amazon Web Services AWS software, GitHub, Learning Strategies","Reading Comprehension, Mathematics, Critical Thinking, Active Listening, Monitoring, Apache Hadoop, Apache Spark, Bash, C, C++, Docker",50.0,Start: Reading Comprehension
34,No,Travel_Rarely,1400,Sales,9,1,Life Sciences,1,1163,2,Female,70,3,2,Sales Executive,3,Married,5714,5829,1,Y,No,20,4,1,80,0,6,3,2,6,5,1,3,0.14309803,Low Risk,2.0,816.2857142857143,2.3333333333333335,LOW RISK: Continue standard career development and engagement tracking.,53-3031.00,"Critical Thinking, Writing, Active Listening, Microsoft Excel","Speaking, Reading Comprehension, Microsoft Office software",57.14,Start: Speaking
35,No,Travel_Rarely,528,Human Resources,8,4,Technical Degree,1,1164,3,Male,100,3,1,Human Resources,3,Single,4323,7108,1,Y,No,17,3,2,80,0,6,2,1,5,4,1,4,0.19494344,Low Risk,2.6666666666666665,720.5,2.3333333333333335,LOW RISK: Continue standard career development and engagement tracking.,43-4161.00,"Microsoft Outlook, Reading Comprehension, Google Docs, Microsoft Excel, Microsoft SharePoint, Speaking, Critical Thinking, Monitoring, Microsoft Word, Active Learning, Microsoft Visio, Active Listening, Oracle PeopleSoft, Writing","Microsoft Office software, Microsoft PowerPoint, Applicant tracking software, Oracle HRIS, Microsoft Access",73.68,Start: Microsoft Office software
29,Yes,Travel_Rarely,408,Sales,23,1,Life Sciences,1,1165,4,Female,45,2,3,Sales Executive,1,Married,7336,11162,1,Y,No,13,3,1,80,1,11,3,1,11,8,3,10,0.8365469,High Risk,2.0,611.3333333333334,2.0,HIGH RISK: HR review; retention conversation; career-path and compensation review.,53-3031.00,"Active Listening, Critical Thinking, Reading Comprehension, Microsoft Excel, Writing","Speaking, Microsoft Office software",71.43,Start: Speaking
40,No,Travel_Frequently,593,Research & Development,9,4,Medical,1,1166,2,Female,88,3,3,Research Director,3,Single,13499,13782,9,Y,No,17,3,3,80,0,20,3,2,18,7,2,13,0.036260266,Low Risk,2.6666666666666665,710.4736842105264,2.3333333333333335,LOW RISK: Continue standard career development and engagement tracking.,27-2041.00,"Active Learning, Microsoft Word, Monitoring, Critical Thinking, Reading Comprehension, Speaking, Active Listening, Writing","Learning Strategies, Microsoft Excel, Microsoft Office software, Microsoft Outlook, Microsoft PowerPoint",61.54,Start: Learning Strategies
42,Yes,Travel_Frequently,481,Sales,12,3,Life Sciences,1,1167,3,Male,44,3,4,Sales Executive,1,Single,13758,2447,0,Y,Yes,12,3,2,80,0,22,2,2,21,9,13,14,0.85593903,High Risk,2.0,625.3636363636364,2.0,HIGH RISK: HR review; retention conversation; career-path and compensation review.,53-3031.00,"Active Listening, Reading Comprehension, Speaking","Critical Thinking, Writing, Microsoft Excel, Microsoft Office software",42.86,Start: Critical Thinking
42,No,Travel_Rarely,647,Sales,4,4,Marketing,1,1171,2,Male,45,3,2,Sales Executive,1,Single,5155,2253,7,Y,No,13,3,4,80,0,9,3,4,6,4,1,5,0.15714061,Low Risk,2.3333333333333335,736.4285714285714,2.3333333333333335,LOW RISK: Continue standard career development and engagement tracking.,53-3031.00,"Critical Thinking, Speaking, Reading Comprehension, Microsoft Office software","Active Listening, Writing, Microsoft Excel",57.14,Start: Active Listening
35,No,Travel_Rarely,982,Research & Development,1,4,Medical,1,1172,4,Male,58,2,1,Laboratory Technician,3,Married,2258,16340,6,Y,No,12,3,2,80,1,10,2,3,8,0,1,7,0.06401593,Low Risk,3.0,250.88888888888889,3.3333333333333335,LOW RISK: Continue standard career development and engagement tracking.,51-9083.00,"Microsoft PowerPoint, Microsoft Word, SAP software, Microsoft Outlook, Microsoft Excel","Reading Comprehension, Critical Thinking, Monitoring, Microsoft Office software",55.56,Start: Reading Comprehension
24,No,Travel_Rarely,477,Research & Development,24,3,Medical,1,1173,4,Male,49,3,1,Laboratory Technician,2,Single,3597,6409,8,Y,No,22,4,4,80,0,6,2,3,4,3,1,2,0.55007875,Medium Risk,3.3333333333333335,719.4,3.0,MEDIUM RISK: Manager check-in; mentorship; targeted development plan.,51-9083.00,"Microsoft PowerPoint, SAP software, Microsoft Word, Microsoft Office software, Microsoft Excel","Reading Comprehension, Critical Thinking, Monitoring, Microsoft Outlook",55.56,Start: Reading Comprehension
28,Yes,Travel_Rarely,1485,Research & Development,12,1,Life Sciences,1,1175,3,Female,79,3,1,Laboratory Technician,4,Married,2515,22955,1,Y,Yes,11,3,4,80,0,1,4,2,1,1,0,0,0.9338806,High Risk,3.6666666666666665,1257.5,3.0,HIGH RISK: HR review; retention conversation; career-path and compensation review.,51-9083.00,"Microsoft Word, Microsoft Office software, Microsoft Excel, Reading Comprehension, Monitoring, SAP software, Critical Thinking","Microsoft Outlook, Microsoft PowerPoint",77.78,Start: Microsoft Outlook
26,No,Travel_Rarely,1384,Research & Development,3,4,Medical,1,1177,1,Male,82,4,1,Laboratory Technician,4,Married,4420,13421,1,Y,No,22,4,2,80,1,8,2,3,8,7,0,7,0.06357828,Low Risk,2.3333333333333335,491.1111111111111,2.6666666666666665,LOW RISK: Continue standard career development and engagement tracking.,51-9083.00,"Monitoring, Microsoft Word, SAP software, Microsoft Office software, Microsoft PowerPoint, Microsoft Outlook, Critical Thinking","Reading Comprehension, Microsoft Excel",77.78,Start: Reading Comprehension
30,No,Travel_Rarely,852,Sales,10,3,Marketing,1,1179,3,Male,72,2,2,Sales Executive,3,Married,6578,2706,1,Y,No,18,3,1,80,1,10,3,3,10,3,1,4,0.10171823,Low Risk,2.3333333333333335,598.0,3.0,LOW RISK: Continue standard career development and engagement tracking.,53-3031.00,"Speaking, Reading Comprehension, Microsoft Excel, Writing, Microsoft Office software","Active Listening, Critical Thinking",71.43,Start: Active Listening
40,No,Travel_Frequently,902,Research & Development,26,2,Medical,1,1180,3,Female,92,2,2,Research Scientist,4,Married,4422,21203,3,Y,Yes,13,3,4,80,1,16,3,1,1,1,0,0,0.090666234,Low Risk,3.6666666666666665,2211.0,2.6666666666666665,LOW RISK: Continue standard career development and engagement tracking.,15-1221.00,"Go, Amazon Web Services AWS software, Apache Kafka, Writing, Docker, Git, Active Listening, Science, Monitoring, Ansible software, Active Learning, GitHub, Critical Thinking, Apache Spark, C, Mathematics, Learning Strategies, Bash","Reading Comprehension, Speaking, Apache Hadoop, C++",81.82,Start: Reading Comprehension
35,No,Travel_Rarely,819,Research & Development,2,3,Life Sciences,1,1182,3,Male,44,2,3,Manufacturing Director,2,Divorced,10274,19588,2,Y,No,18,3,2,80,1,15,2,4,7,7,6,4,0.05586041,Low Risk,2.3333333333333335,1284.25,3.0,LOW RISK: Continue standard career development and engagement tracking.,51-9195.05,"Microsoft Outlook, Microsoft Excel, Critical Thinking, Monitoring",Active Listening,80.0,Start: Active Listening
34,No,Travel_Frequently,669,Research & Development,1,3,Medical,1,1184,4,Male,97,2,2,Healthcare Representative,1,Single,5343,25755,0,Y,No,20,4,3,80,0,14,3,3,13,9,4,9,0.030606829,Low Risk,2.6666666666666665,381.64285714285717,2.6666666666666665,LOW RISK: Continue standard career development and engagement tracking.,43-4051.00,"Microsoft Office software, Monitoring, Microsoft Excel, Adobe Acrobat, Microsoft Outlook, Critical Thinking, Writing, Active Listening, Intuit QuickBooks, Adobe Creative Cloud software","Speaking, Reading Comprehension, Adobe Illustrator, Adobe Photoshop, Apple macOS, Facebook, Google Docs, Kronos Workforce Timekeeper",55.56,Start: Speaking
35,No,Travel_Frequently,636,Research & Development,4,4,Other,1,1185,4,Male,47,2,1,Laboratory Technician,4,Married,2376,26537,1,Y,No,13,3,2,80,1,2,2,4,2,2,2,2,0.077938564,Low Risk,3.3333333333333335,792.0,4.0,LOW RISK: Continue standard career development and engagement tracking.,51-9083.00,"Reading Comprehension, Monitoring, Critical Thinking, Microsoft Office software, Microsoft Excel, SAP software","Microsoft Outlook, Microsoft PowerPoint, Microsoft Word",66.67,Start: Microsoft Outlook
43,Yes,Travel_Rarely,1372,Sales,9,3,Marketing,1,1188,1,Female,85,1,2,Sales Executive,3,Single,5346,9489,8,Y,No,13,3,2,80,0,7,2,2,4,3,1,3,0.8873125,High Risk,2.0,1069.2,2.0,HIGH RISK: HR review; retention conversation; career-path and compensation review.,53-3031.00,"Microsoft Excel, Writing, Microsoft Office software, Active Listening, Speaking","Critical Thinking, Reading Comprehension",71.43,Start: Critical Thinking
32,No,Non-Travel,862,Sales,2,1,Life Sciences,1,1190,3,Female,76,3,1,Sales Representative,1,Divorced,2827,14947,1,Y,No,12,3,3,80,3,1,3,3,1,0,0,0,0.19499452,Low Risk,2.3333333333333335,1413.5,2.3333333333333335,LOW RISK: Continue standard career development and engagement tracking.,41-4012.00,"Speaking, Adobe Creative Cloud software, Monitoring, Writing, Microsoft Outlook, Microsoft Office software, Microsoft PowerPoint, Autodesk AutoCAD, Critical Thinking, Microsoft Excel","Active Listening, Reading Comprehension, Active Learning, Salesforce software, Adobe Acrobat, Adobe Illustrator, Adobe InDesign, Adobe Photoshop, Apple macOS",52.63,Start: Active Listening
56,No,Travel_Rarely,718,Research & Development,4,4,Technical Degree,1,1191,4,Female,92,3,5,Manager,1,Divorced,19943,18575,4,Y,No,13,3,4,80,1,28,2,3,5,2,4,2,0.063835345,Low Risk,3.0,3323.8333333333335,2.6666666666666665,LOW RISK: Continue standard career development and engagement tracking.,47-1011.03,"Monitoring, Autodesk AutoCAD, Autodesk AutoCAD Civil 3D, Microsoft Word, Mathematics, Active Learning, Reading Comprehension, Speaking, Microsoft Windows, Microsoft Office software, Learning Strategies, Microsoft Excel, Writing, Oracle Primavera Enterprise Project Portfolio Management","Active Listening, Critical Thinking, Autodesk Revit, Microsoft Outlook, Microsoft PowerPoint, Microsoft Project, Microsoft Visio",66.67,Start: Active Listening
29,No,Travel_Rarely,1401,Research & Development,6,1,Medical,1,1192,2,Female,54,3,1,Laboratory Technician,4,Married,3131,26342,1,Y,No,13,3,1,80,1,10,5,3,10,8,0,8,0.06521726,Low Risk,2.3333333333333335,284.6363636363636,3.0,LOW RISK: Continue standard career development and engagement tracking.,51-9083.00,"Microsoft Outlook, Critical Thinking, Microsoft Office software, Microsoft Excel, SAP software","Reading Comprehension, Monitoring, Microsoft PowerPoint, Microsoft Word",55.56,Start: Reading Comprehension
19,No,Travel_Rarely,645,Research & Development,9,2,Life Sciences,1,1193,3,Male,54,3,1,Research Scientist,1,Single,2552,7172,1,Y,No,25,4,3,80,0,1,4,3,1,1,0,0,0.4724695,Medium Risk,2.3333333333333335,1276.0,2.3333333333333335,MEDIUM RISK: Manager check-in; mentorship; targeted development plan.,15-1221.00,"Active Learning, C++, Apache Hadoop, Mathematics, GitHub, Bash, C, Writing, Monitoring, Speaking, Apache Kafka, Active Listening, Go, Docker, Git, Ansible software","Reading Comprehension, Critical Thinking, Learning Strategies, Science, Amazon Web Services AWS software, Apache Spark",72.73,Start: Reading Comprehension
45,No,Travel_Rarely,1457,Research & Development,7,3,Medical,1,1195,1,Female,83,3,1,Research Scientist,3,Married,4477,20100,4,Y,Yes,19,3,3,80,1,7,2,2,3,2,0,2,0.04200449,Low Risk,2.3333333333333335,1119.25,2.0,LOW RISK: Continue standard career development and engagement tracking.,15-1221.00,"Critical Thinking, Amazon Web Services AWS software, Science, Docker, Learning Strategies, Ansible software, Mathematics, GitHub, Git, Bash, Active Learning, Active Listening","Reading Comprehension, Writing, Speaking, Monitoring, Apache Hadoop, Apache Kafka, Apache Spark, C, C++, Go",54.55,Start: Reading Comprehension
37,No,Travel_Rarely,977,Research & Development,1,3,Life Sciences,1,1196,4,Female,56,2,2,Manufacturing Director,4,Married,6474,9961,1,Y,No,13,3,2,80,1,14,2,2,14,8,3,11,0.011988015,Low Risk,3.3333333333333335,431.6,3.3333333333333335,LOW RISK: Continue standard career development and engagement tracking.,51-9195.05,"Microsoft Excel, Monitoring, Critical Thinking","Active Listening, Microsoft Outlook",60.0,Start: Active Listening
20,No,Travel_Rarely,805,Research & Development,3,3,Life Sciences,1,1198,1,Male,87,2,1,Laboratory Technician,3,Single,3033,12828,1,Y,No,12,3,1,80,0,2,2,2,2,2,1,2,0.7471099,High Risk,1.6666666666666667,1011.0,2.0,HIGH RISK: HR review; retention conversation; career-path and compensation review.,51-9083.00,"Monitoring, Microsoft Office software, Microsoft Excel, Microsoft PowerPoint, Reading Comprehension, SAP software","Critical Thinking, Microsoft Outlook, Microsoft Word",66.67,Start: Critical Thinking
44,Yes,Travel_Rarely,1097,Research & Development,10,4,Life Sciences,1,1200,3,Male,96,3,1,Research Scientist,3,Single,2936,10826,1,Y,Yes,11,3,3,80,0,6,4,3,6,4,0,2,0.6554338,Medium Risk,3.0,419.42857142857144,3.0,MEDIUM RISK: Manager check-in; mentorship; targeted development plan.,15-1221.00,"Git, Active Learning, GitHub, Bash, Reading Comprehension, Active Listening, Ansible software, C++, Science, Apache Kafka","Mathematics, Critical Thinking, Writing, Speaking, Monitoring, Learning Strategies, Amazon Web Services AWS software, Apache Hadoop, Apache Spark, C, Docker, Go",45.45,Start: Mathematics
53,No,Travel_Rarely,1223,Research & Development,7,2,Medical,1,1201,4,Female,50,3,5,Manager,3,Divorced,18606,18640,3,Y,No,18,3,2,80,1,26,6,3,7,7,4,7,0.006835852,Low Risk,3.0,2325.75,3.3333333333333335,LOW RISK: Continue standard career development and engagement tracking.,47-1011.03,"Microsoft Project, Microsoft Outlook, Autodesk Revit, Reading Comprehension, Active Learning, Critical Thinking, Oracle Primavera Enterprise Project Portfolio Management, Microsoft Excel, Microsoft PowerPoint, Microsoft Word, Monitoring, Autodesk AutoCAD Civil 3D","Active Listening, Speaking, Writing, Mathematics, Learning Strategies, Autodesk AutoCAD, Microsoft Office software, Microsoft Visio, Microsoft Windows",57.14,Start: Active Listening
29,No,Travel_Rarely,942,Research & Development,15,1,Life Sciences,1,1202,2,Female,69,1,1,Research Scientist,4,Married,2168,26933,0,Y,Yes,18,3,1,80,1,6,2,2,5,4,1,3,0.22004919,Low Risk,2.3333333333333335,361.3333333333333,2.6666666666666665,LOW RISK: Continue standard career development and engagement tracking.,15-1221.00,"Reading Comprehension, Critical Thinking, Ansible software, C++, Monitoring, Git, Amazon Web Services AWS software, Writing, Go, Apache Spark, C","Active Learning, Mathematics, Active Listening, Speaking, Learning Strategies, Science, Apache Hadoop, Apache Kafka, Bash, Docker, GitHub",50.0,Start: Active Learning
22,Yes,Travel_Frequently,1256,Research & Development,3,4,Life Sciences,1,1203,3,Male,48,2,1,Research Scientist,4,Married,2853,4223,0,Y,Yes,11,3,2,80,1,1,5,3,0,0,0,0,0.23698604,Low Risk,3.0,2853.0,3.3333333333333335,LOW RISK: Continue standard career development and engagement tracking.,15-1221.00,"C++, Learning Strategies, Writing, Go, Science, Active Listening, Speaking, Mathematics, Apache Kafka, Apache Hadoop, Reading Comprehension, Active Learning, Bash, Apache Spark, Docker, C, Git, GitHub","Critical Thinking, Monitoring, Amazon Web Services AWS software, Ansible software",81.82,Start: Critical Thinking
46,No,Travel_Rarely,1402,Sales,2,3,Marketing,1,1204,3,Female,69,3,4,Manager,1,Married,17048,24097,8,Y,No,23,4,1,80,0,28,2,3,26,15,15,9,0.08270656,Low Risk,1.6666666666666667,631.4074074074074,2.3333333333333335,LOW RISK: Continue standard career development and engagement tracking.,47-1011.03,"Speaking, Learning Strategies, Oracle Primavera Enterprise Project Portfolio Management, Critical Thinking, Microsoft Project, Autodesk AutoCAD Civil 3D, Microsoft Visio, Reading Comprehension, Microsoft Outlook, Microsoft Word, Mathematics, Microsoft Office software, Active Learning, Active Listening","Monitoring, Writing, Autodesk AutoCAD, Autodesk Revit, Microsoft Excel, Microsoft PowerPoint, Microsoft Windows",66.67,Start: Monitoring
44,No,Non-Travel,111,Research & Development,17,3,Life Sciences,1,1206,4,Male,74,1,1,Research Scientist,3,Single,2290,4279,2,Y,No,13,3,4,80,0,6,3,3,0,0,0,0,0.09768555,Low Risk,3.6666666666666665,2290.0,3.3333333333333335,LOW RISK: Continue standard career development and engagement tracking.,15-1221.00,"Apache Kafka, Apache Spark, Speaking, Learning Strategies, Docker, Active Learning, Active Listening, Bash, Reading Comprehension, Mathematics, Ansible software, Apache Hadoop","Critical Thinking, Writing, Monitoring, Science, Amazon Web Services AWS software, C, C++, Git, GitHub, Go",54.55,Start: Critical Thinking
33,No,Travel_Rarely,147,Human Resources,2,3,Human Resources,1,1207,2,Male,99,3,1,Human Resources,3,Married,3600,8429,1,Y,No,13,3,4,80,1,5,2,3,5,4,1,4,0.053936675,Low Risk,3.0,600.0,2.6666666666666665,LOW RISK: Continue standard career development and engagement tracking.,43-4161.00,"Monitoring, Microsoft Office software, Microsoft PowerPoint, Oracle HRIS, Microsoft Visio, Applicant tracking software, Microsoft Excel, Active Learning, Microsoft Word, Google Docs, Oracle PeopleSoft, Critical Thinking, Reading Comprehension, Speaking","Active Listening, Writing, Microsoft Outlook, Microsoft Access, Microsoft SharePoint",73.68,Start: Active Listening
41,Yes,Non-Travel,906,Research & Development,5,2,Life Sciences,1,1210,1,Male,95,2,1,Research Scientist,1,Divorced,2107,20293,6,Y,No,17,3,1,80,1,5,2,1,1,0,0,0,0.26045343,Low Risk,1.0,1053.5,1.0,LOW RISK: Continue standard career development and engagement tracking.,15-1221.00,"C++, Git, Active Learning, Apache Spark, Reading Comprehension, Bash, Learning Strategies, Monitoring, Amazon Web Services AWS software, Science, Docker","Mathematics, Critical Thinking, Active Listening, Writing, Speaking, Ansible software, Apache Hadoop, Apache Kafka, C, GitHub, Go",50.0,Start: Mathematics
30,No,Travel_Rarely,1329,Sales,29,4,Life Sciences,1,1211,3,Male,61,3,2,Sales Executive,1,Divorced,4115,13192,8,Y,No,19,3,3,80,3,8,3,3,4,3,0,3,0.26988527,Low Risk,2.3333333333333335,823.0,2.3333333333333335,LOW RISK: Continue standard career development and engagement tracking.,53-3031.00,"Microsoft Excel, Critical Thinking, Writing, Microsoft Office software, Reading Comprehension","Active Listening, Speaking",71.43,Start: Active Listening
40,No,Travel_Frequently,1184,Sales,2,4,Medical,1,1212,2,Male,62,3,2,Sales Executive,2,Married,4327,25440,5,Y,No,12,3,4,80,3,5,2,3,0,0,0,0,0.11171074,Low Risk,2.6666666666666665,4327.0,2.3333333333333335,LOW RISK: Continue standard career development and engagement tracking.,53-3031.00,"Active Listening, Microsoft Excel, Speaking, Writing, Critical Thinking, Reading Comprehension",Microsoft Office software,85.71,Start: Microsoft Office software
50,No,Travel_Frequently,1421,Research & Development,2,3,Medical,1,1215,4,Female,30,3,4,Manager,1,Married,17856,9490,2,Y,No,22,4,3,80,1,32,3,3,2,2,2,2,0.01631324,Low Risk,2.6666666666666665,5952.0,2.6666666666666665,LOW RISK: Continue standard career development and engagement tracking.,47-1011.03,"Active Listening, Autodesk AutoCAD Civil 3D, Writing, Microsoft Outlook, Active Learning, Monitoring, Microsoft Windows, Microsoft Office software, Microsoft Visio, Microsoft Project, Mathematics, Oracle Primavera Enterprise Project Portfolio Management, Microsoft Excel, Speaking, Autodesk AutoCAD","Reading Comprehension, Critical Thinking, Learning Strategies, Autodesk Revit, Microsoft PowerPoint, Microsoft Word",71.43,Start: Reading Comprehension
28,No,Travel_Rarely,1179,Research & Development,19,4,Medical,1,1216,4,Male,78,2,1,Laboratory Technician,1,Married,3196,12449,1,Y,No,12,3,3,80,3,6,2,3,6,5,3,3,0.122095235,Low Risk,2.6666666666666665,456.57142857142856,2.6666666666666665,LOW RISK: Continue standard career development and engagement tracking.,51-9083.00,"Reading Comprehension, Microsoft Office software, Microsoft PowerPoint, Microsoft Outlook","Critical Thinking, Monitoring, Microsoft Excel, Microsoft Word, SAP software",44.44,Start: Critical Thinking
46,No,Travel_Rarely,1450,Research & Development,15,2,Life Sciences,1,1217,4,Male,52,3,5,Research Director,2,Married,19081,10849,5,Y,No,11,3,1,80,1,25,2,3,4,2,0,3,0.046683207,Low Risk,2.3333333333333335,3816.2,3.0,LOW RISK: Continue standard career development and engagement tracking.,27-2041.00,"Microsoft Office software, Microsoft Excel, Microsoft Outlook, Critical Thinking, Microsoft PowerPoint, Active Listening, Learning Strategies, Monitoring, Writing, Speaking","Reading Comprehension, Active Learning, Microsoft Word",76.92,Start: Reading Comprehension
35,No,Travel_Rarely,1361,Sales,17,4,Life Sciences,1,1218,3,Male,94,3,2,Sales Executive,1,Married,8966,21026,3,Y,Yes,15,3,4,80,3,15,2,3,7,7,1,7,0.14661574,Low Risk,2.6666666666666665,1120.75,2.3333333333333335,LOW RISK: Continue standard career development and engagement tracking.,53-3031.00,"Reading Comprehension, Speaking, Critical Thinking, Microsoft Excel","Active Listening, Writing, Microsoft Office software",57.14,Start: Active Listening
24,Yes,Travel_Rarely,984,Research & Development,17,2,Life Sciences,1,1219,4,Female,97,3,1,Laboratory Technician,2,Married,2210,3372,1,Y,No,13,3,1,80,1,1,3,1,1,0,0,0,0.9051541,High Risk,2.3333333333333335,1105.0,2.3333333333333335,HIGH RISK: HR review; retention conversation; career-path and compensation review.,51-9083.00,"Microsoft Outlook, Monitoring, Microsoft Excel, Microsoft PowerPoint, Microsoft Word, Critical Thinking","Reading Comprehension, Microsoft Office software, SAP software",66.67,Start: Reading Comprehension
33,No,Travel_Frequently,1146,Sales,25,3,Medical,1,1220,2,Female,82,3,2,Sales Executive,3,Married,4539,4905,1,Y,No,12,3,1,80,1,10,3,2,10,7,0,1,0.2301983,Low Risk,2.0,412.6363636363636,2.3333333333333335,LOW RISK: Continue standard career development and engagement tracking.,53-3031.00,"Critical Thinking, Speaking, Active Listening, Microsoft Excel, Reading Comprehension","Writing, Microsoft Office software",71.43,Start: Writing
36,No,Travel_Rarely,917,Research & Development,6,4,Life Sciences,1,1221,3,Male,60,1,1,Laboratory Technician,3,Divorced,2741,6865,1,Y,No,14,3,3,80,1,7,4,3,7,7,1,7,0.08400268,Low Risk,3.0,342.625,3.0,LOW RISK: Continue standard career development and engagement tracking.,51-9083.00,"SAP software, Microsoft PowerPoint, Microsoft Outlook, Reading Comprehension, Monitoring, Microsoft Word, Microsoft Excel","Critical Thinking, Microsoft Office software",77.78,Start: Critical Thinking
30,No,Travel_Rarely,853,Research & Development,7,4,Life Sciences,1,1224,3,Male,49,3,2,Laboratory Technician,3,Divorced,3491,11309,1,Y,No,13,3,1,80,3,10,4,2,10,7,8,9,0.30506927,Low Risk,2.3333333333333335,317.3636363636364,2.6666666666666665,LOW RISK: Continue standard career development and engagement tracking.,51-9083.00,"Microsoft Office software, Monitoring, Microsoft Outlook, SAP software, Microsoft PowerPoint, Critical Thinking, Microsoft Word","Reading Comprehension, Microsoft Excel",77.78,Start: Reading Comprehension
44,No,Travel_Rarely,200,Research & Development,29,4,Other,1,1225,4,Male,32,3,2,Research Scientist,4,Single,4541,7744,1,Y,No,25,4,2,80,0,20,3,3,20,11,13,17,0.07508067,Low Risk,3.3333333333333335,216.23809523809524,3.6666666666666665,LOW RISK: Continue standard career development and engagement tracking.,15-1221.00,"Science, Active Listening, C++, Apache Kafka, Bash, GitHub, Speaking, Git, Go, C, Active Learning, Apache Hadoop, Ansible software","Reading Comprehension, Mathematics, Critical Thinking, Writing, Monitoring, Learning Strategies, Amazon Web Services AWS software, Apache Spark, Docker",59.09,Start: Reading Comprehension
20,No,Travel_Rarely,654,Sales,21,3,Marketing,1,1226,3,Male,43,4,1,Sales Representative,4,Single,2678,5050,1,Y,No,17,3,4,80,0,2,2,3,2,1,2,2,0.33952278,Low Risk,3.6666666666666665,892.6666666666666,3.3333333333333335,LOW RISK: Continue standard career development and engagement tracking.,41-4012.00,"Salesforce software, Monitoring, Microsoft PowerPoint, Adobe Illustrator, Writing, Reading Comprehension, Adobe Acrobat, Apple macOS, Active Listening, Speaking, Microsoft Office software, Adobe Photoshop, Active Learning, Microsoft Excel","Critical Thinking, Microsoft Outlook, Adobe Creative Cloud software, Adobe InDesign, Autodesk AutoCAD",73.68,Start: Critical Thinking
46,No,Travel_Rarely,150,Research & Development,2,4,Technical Degree,1,1228,4,Male,60,3,2,Manufacturing Director,4,Divorced,7379,17433,2,Y,No,11,3,3,80,1,12,3,2,6,3,1,4,0.05640386,Low Risk,3.6666666666666665,1054.142857142857,3.3333333333333335,LOW RISK: Continue standard career development and engagement tracking.,51-9195.05,"Microsoft Outlook, Active Listening, Microsoft Excel, Critical Thinking",Monitoring,80.0,Start: Monitoring
42,No,Non-Travel,179,Human Resources,2,5,Medical,1,1231,4,Male,79,4,2,Human Resources,1,Married,6272,12858,7,Y,No,16,3,1,80,1,10,3,4,4,3,0,3,0.030161733,Low Risk,2.0,1254.4,3.0,LOW RISK: Continue standard career development and engagement tracking.,43-4161.00,"Microsoft Access, Microsoft PowerPoint, Oracle HRIS, Microsoft SharePoint, Microsoft Excel, Critical Thinking, Active Listening, Microsoft Office software, Active Learning","Reading Comprehension, Speaking, Writing, Monitoring, Microsoft Outlook, Microsoft Word, Applicant tracking software, Google Docs, Microsoft Visio, Oracle PeopleSoft",47.37,Start: Reading Comprehension
60,No,Travel_Rarely,696,Sales,7,4,Marketing,1,1233,2,Male,52,4,2,Sales Executive,4,Divorced,5220,10893,0,Y,Yes,18,3,2,80,1,12,3,3,11,7,1,9,0.07166134,Low Risk,2.6666666666666665,435.0,3.0,LOW RISK: Continue standard career development and engagement tracking.,53-3031.00,"Microsoft Excel, Writing, Reading Comprehension, Active Listening","Speaking, Critical Thinking, Microsoft Office software",57.14,Start: Speaking
32,No,Travel_Frequently,116,Research & Development,13,3,Other,1,1234,3,Female,77,2,1,Laboratory Technician,2,Married,2743,7331,1,Y,No,20,4,3,80,1,2,2,3,2,2,2,2,0.37765777,Low Risk,2.6666666666666665,914.3333333333334,2.6666666666666665,LOW RISK: Continue standard career development and engagement tracking.,51-9083.00,"Microsoft Office software, Microsoft Excel, Monitoring, Microsoft Outlook","Reading Comprehension, Critical Thinking, Microsoft PowerPoint, Microsoft Word, SAP software",44.44,Start: Reading Comprehension
32,No,Travel_Frequently,1316,Research & Development,2,2,Life Sciences,1,1235,4,Female,38,3,2,Research Scientist,3,Single,4998,2338,4,Y,Yes,14,3,4,80,0,10,2,3,8,7,0,7,0.13079767,Low Risk,3.6666666666666665,555.3333333333334,3.3333333333333335,LOW RISK: Continue standard career development and engagement tracking.,15-1221.00,"Science, Mathematics, Critical Thinking, Bash, Apache Hadoop, Active Learning, Amazon Web Services AWS software, Ansible software, Writing, Git, Go","Reading Comprehension, Active Listening, Speaking, Monitoring, Learning Strategies, Apache Kafka, Apache Spark, C, C++, Docker, GitHub",50.0,Start: Reading Comprehension
36,No,Travel_Rarely,363,Research & Development,1,3,Technical Degree,1,1237,3,Female,77,1,3,Manufacturing Director,1,Divorced,10252,4235,2,Y,Yes,21,4,3,80,1,17,2,3,7,7,7,7,0.12508446,Low Risk,2.3333333333333335,1281.5,2.3333333333333335,LOW RISK: Continue standard career development and engagement tracking.,51-9195.05,"Monitoring, Critical Thinking, Microsoft Outlook, Microsoft Excel",Active Listening,80.0,Start: Active Listening
33,No,Travel_Rarely,117,Research & Development,9,3,Medical,1,1238,1,Male,60,3,1,Research Scientist,4,Married,2781,6311,0,Y,No,13,3,2,80,1,15,5,3,14,10,4,10,0.032159466,Low Risk,2.3333333333333335,185.4,2.6666666666666665,LOW RISK: Continue standard career development and engagement tracking.,15-1221.00,"Speaking, Git, C, Active Listening, Mathematics, Amazon Web Services AWS software, Apache Spark, C++, Docker, Apache Hadoop, Writing, GitHub, Go","Active Learning, Reading Comprehension, Critical Thinking, Monitoring, Learning Strategies, Science, Ansible software, Apache Kafka, Bash",59.09,Start: Active Learning
40,No,Travel_Rarely,107,Sales,10,3,Technical Degree,1,1239,2,Female,84,2,2,Sales Executive,2,Divorced,6852,11591,7,Y,No,12,3,2,80,1,7,2,4,5,1,1,3,0.15478331,Low Risk,2.0,1142.0,2.6666666666666665,LOW RISK: Continue standard career development and engagement tracking.,53-3031.00,"Reading Comprehension, Active Listening, Critical Thinking, Writing, Speaking","Microsoft Excel, Microsoft Office software",71.43,Start: Microsoft Excel
25,No,Travel_Rarely,1356,Sales,10,4,Life Sciences,1,1240,3,Male,57,3,2,Sales Executive,4,Single,4950,20623,0,Y,No,14,3,2,80,0,5,4,3,4,3,1,1,0.093632475,Low Risk,3.0,990.0,3.3333333333333335,LOW RISK: Continue standard career development and engagement tracking.,53-3031.00,"Critical Thinking, Writing, Speaking, Microsoft Excel, Active Listening","Reading Comprehension, Microsoft Office software",71.43,Start: Reading Comprehension
30,No,Travel_Rarely,1465,Research & Development,1,3,Medical,1,1241,4,Male,63,3,1,Research Scientist,2,Married,3579,9369,0,Y,Yes,21,4,1,80,1,12,2,3,11,9,5,7,0.03967544,Low Risk,2.3333333333333335,298.25,3.0,LOW RISK: Continue standard career development and engagement tracking.,15-1221.00,"GitHub, Amazon Web Services AWS software, Science, C++, Learning Strategies, Go, Active Listening, Apache Spark, Critical Thinking, Docker, Writing, Ansible software","Active Learning, Reading Comprehension, Mathematics, Speaking, Monitoring, Apache Hadoop, Apache Kafka, Bash, C, Git",54.55,Start: Active Learning
42,No,Travel_Frequently,458,Research & Development,26,5,Medical,1,1242,1,Female,60,3,3,Research Director,1,Married,13191,23281,3,Y,Yes,17,3,3,80,0,20,6,3,1,0,0,0,0.16387777,Low Risk,1.6666666666666667,6595.5,1.6666666666666667,LOW RISK: Continue standard career development and engagement tracking.,27-2041.00,"Critical Thinking, Speaking, Reading Comprehension, Microsoft Outlook, Microsoft Office software, Microsoft PowerPoint, Learning Strategies, Monitoring, Active Learning","Active Listening, Writing, Microsoft Excel, Microsoft Word",69.23,Start: Active Listening
35,No,Non-Travel,1212,Sales,8,2,Marketing,1,1243,3,Female,78,2,3,Sales Executive,4,Married,10377,13755,4,Y,Yes,11,3,2,80,1,16,6,2,13,2,4,12,0.09237107,Low Risk,3.0,741.2142857142857,3.0,LOW RISK: Continue standard career development and engagement tracking.,53-3031.00,"Reading Comprehension, Speaking, Critical Thinking, Writing","Active Listening, Microsoft Excel, Microsoft Office software",57.14,Start: Active Listening
27,No,Travel_Rarely,1103,Research & Development,14,3,Life Sciences,1,1244,1,Male,42,3,1,Research Scientist,1,Married,2235,14377,1,Y,Yes,14,3,4,80,2,9,3,2,9,7,6,8,0.39676973,Low Risk,2.0,223.5,1.3333333333333333,LOW RISK: Continue standard career development and engagement tracking.,15-1221.00,"Critical Thinking, Apache Spark, Go, Writing, Active Listening, Ansible software, Reading Comprehension, Bash, C, Docker, GitHub, Amazon Web Services AWS software","Active Learning, Mathematics, Speaking, Monitoring, Learning Strategies, Science, Apache Hadoop, Apache Kafka, C++, Git",54.55,Start: Active Learning
54,No,Travel_Frequently,966,Research & Development,1,4,Life Sciences,1,1245,4,Female,53,3,3,Manufacturing Director,3,Divorced,10502,9659,7,Y,No,17,3,1,80,1,33,2,1,5,4,1,4,0.051806767,Low Risk,2.6666666666666665,1750.3333333333333,2.6666666666666665,LOW RISK: Continue standard career development and engagement tracking.,51-9195.05,"Microsoft Outlook, Monitoring, Microsoft Excel","Critical Thinking, Active Listening",60.0,Start: Critical Thinking
44,No,Travel_Rarely,1117,Research & Development,2,1,Life Sciences,1,1246,1,Female,72,4,1,Research Scientist,4,Married,2011,19982,1,Y,No,13,3,4,80,1,10,5,3,10,5,7,7,0.014833272,Low Risk,3.0,182.8181818181818,2.6666666666666665,LOW RISK: Continue standard career development and engagement tracking.,15-1221.00,"Writing, Monitoring, Apache Hadoop, Ansible software, Critical Thinking, Speaking, C++, Learning Strategies, Amazon Web Services AWS software, Reading Comprehension, Active Learning, C, Apache Spark","Mathematics, Active Listening, Science, Apache Kafka, Bash, Docker, Git, GitHub, Go",59.09,Start: Mathematics
19,Yes,Non-Travel,504,Research & Development,10,3,Medical,1,1248,1,Female,96,2,1,Research Scientist,2,Single,1859,6148,1,Y,Yes,25,4,2,80,0,1,2,4,1,1,0,0,0.9732439,High Risk,1.6666666666666667,929.5,2.3333333333333335,HIGH RISK: HR review; retention conversation; career-path and compensation review.,15-1221.00,"C, Writing, C++, Docker, Ansible software, Active Listening, Apache Hadoop, Active Learning, Apache Kafka, Git, Mathematics, Apache Spark","Reading Comprehension, Critical Thinking, Speaking, Monitoring, Learning Strategies, Science, Amazon Web Services AWS software, Bash, GitHub, Go",54.55,Start: Reading Comprehension
29,No,Travel_Rarely,1010,Research & Development,1,3,Life Sciences,1,1249,1,Female,97,3,1,Research Scientist,4,Divorced,3760,5598,1,Y,No,15,3,1,80,3,3,5,3,3,2,1,2,0.049972296,Low Risk,2.0,940.0,2.6666666666666665,LOW RISK: Continue standard career development and engagement tracking.,15-1221.00,"Critical Thinking, Science, Learning Strategies, Ansible software, GitHub, Git, Apache Spark, Amazon Web Services AWS software, C++, Docker, Go, Apache Hadoop, Reading Comprehension, Active Listening","Active Learning, Mathematics, Writing, Speaking, Monitoring, Apache Kafka, Bash, C",63.64,Start: Active Learning
54,No,Travel_Rarely,685,Research & Development,3,3,Life Sciences,1,1250,4,Male,85,3,4,Research Director,4,Married,17779,23474,3,Y,No,14,3,1,80,0,36,2,3,10,9,0,9,0.023881743,Low Risk,3.0,1616.2727272727273,3.6666666666666665,LOW RISK: Continue standard career development and engagement tracking.,27-2041.00,"Microsoft PowerPoint, Critical Thinking, Microsoft Outlook, Speaking, Active Learning, Learning Strategies, Active Listening","Monitoring, Reading Comprehension, Writing, Microsoft Excel, Microsoft Office software, Microsoft Word",53.85,Start: Monitoring
31,No,Travel_Rarely,1332,Research & Development,11,2,Medical,1,1251,3,Male,80,3,2,Healthcare Representative,1,Married,6833,17089,1,Y,Yes,12,3,4,80,0,6,2,2,6,5,0,1,0.13741767,Low Risk,2.6666666666666665,976.1428571428571,2.0,LOW RISK: Continue standard career development and engagement tracking.,43-4051.00,"Adobe Creative Cloud software, Microsoft Excel, Microsoft Office software, Adobe Acrobat, Apple macOS, Microsoft Outlook, Google Docs, Adobe Illustrator, Reading Comprehension, Writing, Speaking, Facebook, Kronos Workforce Timekeeper, Active Listening, Adobe Photoshop","Critical Thinking, Monitoring, Intuit QuickBooks",83.33,Start: Critical Thinking
31,No,Travel_Rarely,1062,Research & Development,24,3,Medical,1,1252,3,Female,96,2,2,Healthcare Representative,1,Single,6812,17198,1,Y,No,19,3,2,80,0,10,2,3,10,9,1,8,0.1193855,Low Risk,2.0,619.2727272727273,2.3333333333333335,LOW RISK: Continue standard career development and engagement tracking.,43-4051.00,"Active Listening, Adobe Creative Cloud software, Facebook, Intuit QuickBooks, Adobe Photoshop, Writing, Monitoring, Microsoft Office software, Critical Thinking","Speaking, Reading Comprehension, Microsoft Excel, Microsoft Outlook, Adobe Acrobat, Adobe Illustrator, Apple macOS, Google Docs, Kronos Workforce Timekeeper",50.0,Start: Speaking
59,No,Travel_Rarely,326,Sales,3,3,Life Sciences,1,1254,3,Female,48,2,2,Sales Executive,4,Single,5171,16490,5,Y,No,17,3,4,80,0,13,2,3,6,1,0,5,0.28079703,Low Risk,3.6666666666666665,738.7142857142857,3.3333333333333335,LOW RISK: Continue standard career development and engagement tracking.,53-3031.00,"Active Listening, Reading Comprehension, Writing, Microsoft Excel","Speaking, Critical Thinking, Microsoft Office software",57.14,Start: Speaking
43,No,Travel_Rarely,920,Research & Development,3,3,Life Sciences,1,1255,3,Male,96,1,5,Research Director,4,Married,19740,18625,3,Y,No,14,3,2,80,1,25,2,3,8,7,0,7,0.016896226,Low Risk,3.0,2193.3333333333335,3.3333333333333335,LOW RISK: Continue standard career development and engagement tracking.,27-2041.00,"Active Learning, Learning Strategies, Microsoft Excel, Reading Comprehension, Microsoft PowerPoint, Microsoft Outlook","Active Listening, Critical Thinking, Speaking, Monitoring, Writing, Microsoft Office software, Microsoft Word",46.15,Start: Active Listening
49,No,Travel_Rarely,1098,Research & Development,4,2,Medical,1,1256,1,Male,85,2,5,Manager,3,Married,18711,12124,2,Y,No,13,3,3,80,1,23,2,4,1,0,0,0,0.03952318,Low Risk,2.3333333333333335,9355.5,2.6666666666666665,LOW RISK: Continue standard career development and engagement tracking.,47-1011.03,"Microsoft Word, Autodesk AutoCAD Civil 3D, Oracle Primavera Enterprise Project Portfolio Management, Writing, Active Listening, Microsoft Excel, Monitoring, Microsoft Outlook, Critical Thinking, Mathematics, Microsoft Office software, Microsoft Project, Microsoft Windows, Microsoft PowerPoint, Microsoft Visio, Autodesk Revit","Reading Comprehension, Speaking, Active Learning, Learning Strategies, Autodesk AutoCAD",76.19,Start: Reading Comprehension
36,No,Travel_Frequently,469,Research & Development,3,3,Technical Degree,1,1257,3,Male,46,3,1,Research Scientist,2,Married,3692,9256,1,Y,No,12,3,3,80,0,12,2,2,11,10,0,7,0.12504102,Low Risk,2.6666666666666665,307.6666666666667,2.3333333333333335,LOW RISK: Continue standard career development and engagement tracking.,15-1221.00,"C, Reading Comprehension, Apache Kafka, Mathematics, Docker, Bash, Speaking, Monitoring, Go, Writing, Apache Spark","Active Learning, Critical Thinking, Active Listening, Learning Strategies, Science, Amazon Web Services AWS software, Ansible software, Apache Hadoop, C++, Git, GitHub",50.0,Start: Active Learning
48,No,Travel_Rarely,969,Research & Development,2,2,Technical Degree,1,1258,4,Male,76,4,1,Laboratory Technician,2,Single,2559,16620,5,Y,No,11,3,3,80,0,7,4,2,1,0,0,0,0.3596526,Low Risk,3.0,1279.5,2.6666666666666665,LOW RISK: Continue standard career development and engagement tracking.,51-9083.00,"Reading Comprehension, Microsoft PowerPoint, Critical Thinking, SAP software, Microsoft Word, Microsoft Outlook","Monitoring, Microsoft Excel, Microsoft Office software",66.67,Start: Monitoring
27,No,Travel_Rarely,1167,Research & Development,4,2,Life Sciences,1,1259,1,Male,76,3,1,Research Scientist,3,Divorced,2517,3208,1,Y,No,11,3,2,80,3,5,2,3,5,3,0,3,0.045929965,Low Risk,2.0,419.5,2.3333333333333335,LOW RISK: Continue standard career development and engagement tracking.,15-1221.00,"Monitoring, Reading Comprehension, Amazon Web Services AWS software, Apache Hadoop, Speaking, Learning Strategies, C++, Science, Apache Kafka, Docker, GitHub, Writing","Active Learning, Mathematics, Critical Thinking, Active Listening, Ansible software, Apache Spark, Bash, C, Git, Go",54.55,Start: Active Learning
29,No,Travel_Rarely,1329,Research & Development,7,3,Life Sciences,1,1260,3,Male,82,3,2,Healthcare Representative,4,Divorced,6623,4204,1,Y,Yes,11,3,2,80,2,6,2,3,6,0,1,0,0.048708014,Low Risk,3.0,946.1428571428571,3.3333333333333335,LOW RISK: Continue standard career development and engagement tracking.,43-4051.00,"Adobe Acrobat, Critical Thinking, Microsoft Outlook, Google Docs, Kronos Workforce Timekeeper, Adobe Illustrator, Active Listening, Microsoft Excel, Adobe Creative Cloud software, Speaking, Intuit QuickBooks, Reading Comprehension","Writing, Monitoring, Microsoft Office software, Adobe Photoshop, Apple macOS, Facebook",66.67,Start: Writing
48,No,Travel_Rarely,715,Research & Development,1,3,Life Sciences,1,1263,4,Male,76,2,5,Research Director,4,Single,18265,8733,6,Y,No,12,3,3,80,0,25,3,4,1,0,0,0,0.007815501,Low Risk,3.6666666666666665,9132.5,4.0,LOW RISK: Continue standard career development and engagement tracking.,27-2041.00,"Learning Strategies, Microsoft Word, Writing, Active Listening, Microsoft PowerPoint, Reading Comprehension, Speaking, Critical Thinking, Monitoring","Active Learning, Microsoft Excel, Microsoft Office software, Microsoft Outlook",69.23,Start: Active Learning
29,No,Travel_Rarely,694,Research & Development,1,3,Life Sciences,1,1264,4,Female,87,2,4,Research Director,4,Divorced,16124,3423,3,Y,No,14,3,2,80,2,9,2,2,7,7,1,7,0.010169379,Low Risk,3.3333333333333335,2015.5,3.3333333333333335,LOW RISK: Continue standard career development and engagement tracking.,27-2041.00,"Microsoft Word, Microsoft Outlook, Microsoft Excel, Reading Comprehension, Active Listening, Active Learning","Critical Thinking, Speaking, Monitoring, Writing, Learning Strategies, Microsoft Office software, Microsoft PowerPoint",46.15,Start: Critical Thinking
34,No,Travel_Rarely,1320,Research & Development,20,3,Technical Degree,1,1265,3,Female,89,4,1,Research Scientist,3,Married,2585,21643,0,Y,No,17,3,4,80,0,2,5,2,1,0,0,0,0.07952859,Low Risk,3.3333333333333335,1292.5,2.6666666666666665,LOW RISK: Continue standard career development and engagement tracking.,15-1221.00,"Ansible software, Writing, Critical Thinking, Bash, Mathematics, Speaking, Science, Apache Spark, Git, C, Active Learning, Active Listening, Reading Comprehension","Monitoring, Learning Strategies, Amazon Web Services AWS software, Apache Hadoop, Apache Kafka, C++, Docker, GitHub, Go",59.09,Start: Monitoring
44,No,Travel_Rarely,1099,Sales,5,3,Marketing,1,1267,2,Male,88,3,5,Manager,2,Married,18213,8751,7,Y,No,11,3,3,80,1,26,5,3,22,9,3,10,0.07888615,Low Risk,2.3333333333333335,791.8695652173913,2.3333333333333335,LOW RISK: Continue standard career development and engagement tracking.,47-1011.03,"Writing, Learning Strategies, Speaking, Microsoft Office software, Autodesk AutoCAD Civil 3D, Microsoft Word, Microsoft Windows, Microsoft Excel, Reading Comprehension, Active Listening","Monitoring, Critical Thinking, Active Learning, Mathematics, Autodesk AutoCAD, Autodesk Revit, Microsoft Outlook, Microsoft PowerPoint, Microsoft Project, Microsoft Visio, Oracle Primavera Enterprise Project Portfolio Management",47.62,Start: Monitoring
33,No,Travel_Rarely,536,Sales,10,5,Marketing,1,1268,4,Male,82,4,3,Sales Executive,3,Divorced,8380,21708,0,Y,Yes,14,3,4,80,2,10,3,3,9,8,0,8,0.05156882,Low Risk,3.6666666666666665,838.0,3.3333333333333335,LOW RISK: Continue standard career development and engagement tracking.,53-3031.00,"Critical Thinking, Speaking, Active Listening, Reading Comprehension, Writing","Microsoft Excel, Microsoft Office software",71.43,Start: Microsoft Excel
19,No,Travel_Rarely,265,Research & Development,25,3,Life Sciences,1,1269,2,Female,57,4,1,Research Scientist,4,Single,2994,21221,1,Y,Yes,12,3,4,80,0,1,2,3,1,0,0,1,0.46874186,Medium Risk,3.3333333333333335,1497.0,3.0,MEDIUM RISK: Manager check-in; mentorship; targeted development plan.,15-1221.00,"Learning Strategies, Apache Hadoop, Ansible software, C, Science, Git, Docker, Mathematics, Monitoring, GitHub, Amazon Web Services AWS software, Critical Thinking, Bash","Active Learning, Reading Comprehension, Active Listening, Writing, Speaking, Apache Kafka, Apache Spark, C++, Go",59.09,Start: Active Learning
23,No,Travel_Rarely,373,Research & Development,1,2,Life Sciences,1,1270,4,Male,47,3,1,Research Scientist,3,Married,1223,16901,1,Y,No,22,4,4,80,1,1,2,3,1,0,0,1,0.07173632,Low Risk,3.6666666666666665,611.5,3.3333333333333335,LOW RISK: Continue standard career development and engagement tracking.,15-1221.00,"Reading Comprehension, Active Learning, Monitoring, Science, Speaking, Learning Strategies, Critical Thinking, Docker, GitHub, Writing, Apache Hadoop, Apache Spark, C++, C, Git, Ansible software, Apache Kafka, Bash","Mathematics, Active Listening, Amazon Web Services AWS software, Go",81.82,Start: Mathematics
25,Yes,Travel_Frequently,599,Sales,24,1,Life Sciences,1,1273,3,Male,73,1,1,Sales Representative,4,Single,1118,8040,1,Y,Yes,14,3,4,80,0,1,4,3,1,0,1,0,0.9777033,High Risk,3.6666666666666665,559.0,3.3333333333333335,HIGH RISK: HR review; retention conversation; career-path and compensation review.,41-4012.00,"Adobe Illustrator, Monitoring, Apple macOS, Adobe InDesign, Writing, Autodesk AutoCAD, Microsoft PowerPoint, Salesforce software, Microsoft Outlook, Adobe Acrobat, Adobe Photoshop, Speaking, Reading Comprehension, Microsoft Office software, Adobe Creative Cloud software","Active Listening, Critical Thinking, Active Learning, Microsoft Excel",78.95,Start: Active Listening
26,No,Travel_Rarely,583,Research & Development,4,2,Life Sciences,1,1275,3,Male,53,3,1,Research Scientist,4,Single,2875,9973,1,Y,Yes,20,4,2,80,0,8,2,2,8,5,2,2,0.3622899,Low Risk,3.0,319.44444444444446,3.0,LOW RISK: Continue standard career development and engagement tracking.,15-1221.00,"Ansible software, GitHub, Science, Go, Active Learning, Amazon Web Services AWS software, C++, Apache Spark, Writing, Bash, Speaking, Mathematics","Reading Comprehension, Critical Thinking, Active Listening, Monitoring, Learning Strategies, Apache Hadoop, Apache Kafka, C, Docker, Git",54.55,Start: Reading Comprehension
45,Yes,Travel_Rarely,1449,Sales,2,3,Marketing,1,1277,1,Female,94,1,5,Manager,2,Single,18824,2493,2,Y,Yes,16,3,1,80,0,26,2,3,24,10,1,11,0.8569205,High Risk,1.3333333333333333,752.96,2.0,HIGH RISK: HR review; retention conversation; career-path and compensation review.,47-1011.03,"Microsoft PowerPoint, Learning Strategies, Microsoft Visio, Mathematics, Microsoft Office software, Microsoft Windows, Oracle Primavera Enterprise Project Portfolio Management, Writing, Autodesk Revit, Microsoft Outlook, Speaking, Autodesk AutoCAD, Active Learning, Autodesk AutoCAD Civil 3D, Microsoft Project","Reading Comprehension, Monitoring, Active Listening, Critical Thinking, Microsoft Excel, Microsoft Word",71.43,Start: Reading Comprehension
55,No,Non-Travel,177,Research & Development,8,1,Medical,1,1278,4,Male,37,2,4,Healthcare Representative,2,Divorced,13577,25592,1,Y,Yes,15,3,4,80,1,34,3,3,33,9,15,0,0.0450864,Low Risk,3.3333333333333335,399.3235294117647,3.0,LOW RISK: Continue standard career development and engagement tracking.,43-4051.00,"Speaking, Critical Thinking, Adobe Illustrator, Google Docs, Reading Comprehension, Adobe Photoshop, Microsoft Outlook, Apple macOS, Writing","Active Listening, Monitoring, Microsoft Excel, Microsoft Office software, Adobe Acrobat, Adobe Creative Cloud software, Facebook, Intuit QuickBooks, Kronos Workforce Timekeeper",50.0,Start: Active Listening
21,Yes,Travel_Frequently,251,Research & Development,10,2,Life Sciences,1,1279,1,Female,45,2,1,Laboratory Technician,3,Single,2625,25308,1,Y,No,20,4,3,80,0,2,2,1,2,2,2,2,0.95194936,High Risk,2.3333333333333335,875.0,1.6666666666666667,HIGH RISK: HR review; retention conversation; career-path and compensation review.,51-9083.00,"Microsoft Excel, SAP software, Microsoft Office software, Microsoft Word, Microsoft Outlook, Reading Comprehension","Critical Thinking, Monitoring, Microsoft PowerPoint",66.67,Start: Critical Thinking
46,No,Travel_Rarely,168,Sales,4,2,Marketing,1,1280,4,Female,33,2,5,Manager,2,Married,18789,9946,2,Y,No,14,3,3,80,1,26,2,3,11,4,0,8,0.030343087,Low Risk,3.0,1565.75,3.0,LOW RISK: Continue standard career development and engagement tracking.,47-1011.03,"Microsoft Office software, Microsoft Word, Writing, Microsoft Windows, Oracle Primavera Enterprise Project Portfolio Management, Autodesk Revit, Active Learning, Autodesk AutoCAD Civil 3D, Reading Comprehension, Microsoft Project, Speaking, Mathematics, Critical Thinking, Microsoft Visio, Learning Strategies","Monitoring, Active Listening, Autodesk AutoCAD, Microsoft Excel, Microsoft Outlook, Microsoft PowerPoint",71.43,Start: Monitoring
34,No,Travel_Rarely,131,Sales,2,3,Marketing,1,1281,3,Female,86,3,2,Sales Executive,1,Single,4538,6039,0,Y,Yes,12,3,4,80,0,4,3,3,3,2,0,2,0.17581402,Low Risk,2.6666666666666665,1134.5,2.3333333333333335,LOW RISK: Continue standard career development and engagement tracking.,53-3031.00,"Writing, Speaking, Microsoft Excel","Active Listening, Critical Thinking, Reading Comprehension, Microsoft Office software",42.86,Start: Active Listening
51,No,Travel_Frequently,237,Sales,9,3,Life Sciences,1,1282,4,Male,83,3,5,Manager,2,Divorced,19847,19196,4,Y,Yes,24,4,1,80,1,31,5,2,29,10,11,10,0.13208961,Low Risk,2.3333333333333335,661.5666666666667,2.6666666666666665,LOW RISK: Continue standard career development and engagement tracking.,47-1011.03,"Active Learning, Microsoft Office software, Microsoft Excel, Microsoft Project, Autodesk AutoCAD, Autodesk AutoCAD Civil 3D, Microsoft Windows, Critical Thinking, Oracle Primavera Enterprise Project Portfolio Management, Speaking, Autodesk Revit, Active Listening, Microsoft Word, Reading Comprehension","Monitoring, Writing, Mathematics, Learning Strategies, Microsoft Outlook, Microsoft PowerPoint, Microsoft Visio",66.67,Start: Monitoring
59,No,Travel_Rarely,1429,Research & Development,18,4,Medical,1,1283,4,Male,67,3,3,Manufacturing Director,4,Single,10512,20002,6,Y,No,12,3,4,80,0,25,6,2,9,7,5,4,0.113129005,Low Risk,4.0,1051.2,3.3333333333333335,LOW RISK: Continue standard career development and engagement tracking.,51-9195.05,"Active Listening, Monitoring, Critical Thinking","Microsoft Excel, Microsoft Outlook",60.0,Start: Microsoft Excel
34,No,Travel_Frequently,135,Research & Development,19,3,Medical,1,1285,3,Female,46,3,2,Laboratory Technician,2,Divorced,4444,22534,4,Y,No,13,3,3,80,2,15,2,4,11,8,5,10,0.071413286,Low Risk,2.6666666666666665,370.3333333333333,3.0,LOW RISK: Continue standard career development and engagement tracking.,51-9083.00,"Microsoft Outlook, Microsoft Excel, Monitoring, Microsoft PowerPoint, Microsoft Office software, SAP software, Reading Comprehension","Critical Thinking, Microsoft Word",77.78,Start: Critical Thinking
28,No,Travel_Frequently,791,Research & Development,1,4,Medical,1,1286,4,Male,44,3,1,Laboratory Technician,3,Single,2154,6842,0,Y,Yes,11,3,3,80,0,5,2,2,4,2,0,2,0.5351487,Medium Risk,3.3333333333333335,430.8,3.0,MEDIUM RISK: Manager check-in; mentorship; targeted development plan.,51-9083.00,"Microsoft Excel, Microsoft Outlook, Monitoring, Critical Thinking, SAP software, Microsoft PowerPoint, Microsoft Office software","Reading Comprehension, Microsoft Word",77.78,Start: Reading Comprehension
44,No,Travel_Rarely,1199,Research & Development,4,2,Life Sciences,1,1288,3,Male,92,4,5,Manager,1,Divorced,19190,17477,1,Y,No,14,3,4,80,2,26,4,2,25,9,14,13,0.006819267,Low Risk,2.6666666666666665,738.0769230769231,2.0,LOW RISK: Continue standard career development and engagement tracking.,47-1011.03,"Autodesk AutoCAD, Reading Comprehension, Writing, Microsoft Visio, Active Listening, Autodesk Revit, Oracle Primavera Enterprise Project Portfolio Management, Learning Strategies, Active Learning, Mathematics, Speaking, Microsoft PowerPoint, Microsoft Office software, Critical Thinking, Microsoft Project, Monitoring, Microsoft Windows","Autodesk AutoCAD Civil 3D, Microsoft Excel, Microsoft Outlook, Microsoft Word",80.95,Start: Autodesk AutoCAD Civil 3D
34,No,Travel_Frequently,648,Human Resources,11,3,Life Sciences,1,1289,3,Male,56,2,2,Human Resources,2,Married,4490,21833,4,Y,No,11,3,4,80,2,14,5,4,10,9,1,8,0.16886668,Low Risk,3.0,408.1818181818182,3.0,LOW RISK: Continue standard career development and engagement tracking.,43-4161.00,"Microsoft PowerPoint, Critical Thinking, Speaking, Oracle HRIS, Microsoft Outlook, Microsoft Word, Microsoft SharePoint, Active Listening, Applicant tracking software, Google Docs, Microsoft Access, Writing, Microsoft Excel, Monitoring","Reading Comprehension, Active Learning, Microsoft Office software, Microsoft Visio, Oracle PeopleSoft",73.68,Start: Reading Comprehension
35,No,Travel_Rarely,735,Research & Development,6,1,Life Sciences,1,1291,3,Male,66,3,1,Research Scientist,3,Married,3506,6020,0,Y,Yes,14,3,4,80,0,4,3,3,3,2,2,2,0.13008288,Low Risk,3.3333333333333335,876.5,3.0,LOW RISK: Continue standard career development and engagement tracking.,15-1221.00,"GitHub, Go, Apache Kafka, Writing, Amazon Web Services AWS software, Ansible software, Monitoring, Docker, Critical Thinking, Learning Strategies, Bash, C, Speaking, Apache Hadoop, Apache Spark, Mathematics","Active Learning, Reading Comprehension, Active Listening, Science, C++, Git",72.73,Start: Active Learning
42,No,Travel_Rarely,603,Research & Development,7,4,Medical,1,1292,2,Female,78,4,2,Research Scientist,2,Married,2372,5628,6,Y,Yes,16,3,4,80,0,18,2,3,1,0,0,0,0.3014321,Low Risk,2.6666666666666665,1186.0,2.3333333333333335,LOW RISK: Continue standard career development and engagement tracking.,15-1221.00,"Amazon Web Services AWS software, GitHub, Bash, Active Listening, Git, Apache Spark, Monitoring, Critical Thinking, Ansible software, Speaking, Apache Hadoop, Docker, Go","Active Learning, Reading Comprehension, Mathematics, Writing, Learning Strategies, Science, Apache Kafka, C, C++",59.09,Start: Active Learning
43,No,Travel_Rarely,531,Sales,4,4,Marketing,1,1293,4,Female,56,2,3,Sales Executive,4,Single,10231,20364,3,Y,No,14,3,4,80,0,23,3,4,21,7,15,17,0.15693791,Low Risk,4.0,465.04545454545456,4.0,LOW RISK: Continue standard career development and engagement tracking.,53-3031.00,"Critical Thinking, Active Listening, Microsoft Excel, Microsoft Office software, Reading Comprehension","Speaking, Writing",71.43,Start: Speaking
36,No,Travel_Rarely,429,Research & Development,2,4,Life Sciences,1,1294,3,Female,53,3,2,Manufacturing Director,2,Single,5410,2323,9,Y,Yes,11,3,4,80,0,18,2,3,16,14,5,12,0.17465127,Low Risk,3.0,318.2352941176471,2.6666666666666665,LOW RISK: Continue standard career development and engagement tracking.,51-9195.05,"Active Listening, Microsoft Excel, Monitoring, Critical Thinking",Microsoft Outlook,80.0,Start: Microsoft Outlook
44,Yes,Travel_Rarely,621,Research & Development,15,3,Medical,1,1295,1,Female,73,3,3,Healthcare Representative,4,Married,7978,14075,1,Y,No,11,3,4,80,1,10,2,3,10,7,0,5,0.63581985,Medium Risk,3.0,725.2727272727273,2.6666666666666665,MEDIUM RISK: Manager check-in; mentorship; targeted development plan.,43-4051.00,"Reading Comprehension, Apple macOS, Monitoring, Microsoft Excel, Active Listening, Speaking, Adobe Creative Cloud software, Adobe Photoshop, Adobe Illustrator, Microsoft Office software, Facebook, Adobe Acrobat","Critical Thinking, Writing, Microsoft Outlook, Google Docs, Intuit QuickBooks, Kronos Workforce Timekeeper",66.67,Start: Critical Thinking
28,No,Travel_Frequently,193,Research & Development,2,3,Life Sciences,1,1296,4,Male,52,2,1,Laboratory Technician,4,Married,3867,14222,1,Y,Yes,12,3,2,80,1,2,2,3,2,2,2,2,0.5771862,Medium Risk,3.3333333333333335,1289.0,3.6666666666666665,MEDIUM RISK: Manager check-in; mentorship; targeted development plan.,51-9083.00,"Microsoft Excel, Monitoring, Critical Thinking, SAP software","Reading Comprehension, Microsoft Office software, Microsoft Outlook, Microsoft PowerPoint, Microsoft Word",44.44,Start: Reading Comprehension
51,No,Travel_Frequently,968,Research & Development,6,2,Medical,1,1297,2,Female,40,2,1,Laboratory Technician,3,Single,2838,4257,0,Y,No,14,3,2,80,0,8,6,2,7,0,7,7,0.19955893,Low Risk,2.3333333333333335,354.75,2.3333333333333335,LOW RISK: Continue standard career development and engagement tracking.,51-9083.00,"Microsoft Outlook, Reading Comprehension, Microsoft Word, Critical Thinking, Microsoft Excel, Monitoring","Microsoft Office software, Microsoft PowerPoint, SAP software",66.67,Start: Microsoft Office software
30,No,Non-Travel,879,Research & Development,9,2,Medical,1,1298,3,Female,72,3,2,Manufacturing Director,3,Single,4695,12858,7,Y,Yes,18,3,3,80,0,10,3,3,8,4,1,7,0.22892164,Low Risk,3.0,521.6666666666666,3.0,LOW RISK: Continue standard career development and engagement tracking.,51-9195.05,"Microsoft Excel, Monitoring, Critical Thinking, Active Listening",Microsoft Outlook,80.0,Start: Microsoft Outlook
29,Yes,Travel_Rarely,806,Research & Development,7,3,Technical Degree,1,1299,2,Female,39,3,1,Laboratory Technician,3,Divorced,3339,17285,3,Y,Yes,13,3,1,80,2,10,2,3,7,7,7,7,0.88680434,High Risk,2.0,417.375,2.6666666666666665,HIGH RISK: HR review; retention conversation; career-path and compensation review.,51-9083.00,"Microsoft Outlook, Microsoft PowerPoint, Microsoft Excel, SAP software, Microsoft Word, Critical Thinking","Reading Comprehension, Monitoring, Microsoft Office software",66.67,Start: Reading Comprehension
28,No,Travel_Rarely,640,Research & Development,1,3,Technical Degree,1,1301,4,Male,84,3,1,Research Scientist,1,Single,2080,4732,2,Y,No,11,3,2,80,0,5,2,2,3,2,1,2,0.23862454,Low Risk,2.3333333333333335,520.0,2.3333333333333335,LOW RISK: Continue standard career development and engagement tracking.,15-1221.00,"Critical Thinking, Apache Hadoop, Monitoring, Speaking, C++, Active Listening, Active Learning, Learning Strategies, Git, Writing, GitHub, Apache Kafka, C, Reading Comprehension, Amazon Web Services AWS software, Apache Spark","Mathematics, Science, Ansible software, Bash, Docker, Go",72.73,Start: Mathematics
25,No,Travel_Rarely,266,Research & Development,1,3,Medical,1,1303,4,Female,40,3,1,Research Scientist,2,Single,2096,18830,1,Y,No,18,3,4,80,0,2,3,2,2,2,2,1,0.32903245,Low Risk,3.3333333333333335,698.6666666666666,2.6666666666666665,LOW RISK: Continue standard career development and engagement tracking.,15-1221.00,"Monitoring, Speaking, Active Listening, Docker, Critical Thinking, Reading Comprehension, C, C++, Bash, Go","Active Learning, Mathematics, Writing, Learning Strategies, Science, Amazon Web Services AWS software, Ansible software, Apache Hadoop, Apache Kafka, Apache Spark, Git, GitHub",45.45,Start: Active Learning
32,No,Travel_Rarely,604,Sales,8,3,Medical,1,1304,3,Male,56,4,2,Sales Executive,4,Married,6209,11693,1,Y,No,15,3,3,80,2,10,4,4,10,7,0,8,0.05137454,Low Risk,3.3333333333333335,564.4545454545455,3.6666666666666665,LOW RISK: Continue standard career development and engagement tracking.,53-3031.00,"Microsoft Excel, Critical Thinking, Reading Comprehension, Microsoft Office software","Active Listening, Speaking, Writing",57.14,Start: Active Listening
45,No,Travel_Frequently,364,Research & Development,25,3,Medical,1,1306,2,Female,83,3,5,Manager,2,Single,18061,13035,3,Y,No,22,4,3,80,0,22,4,3,0,0,0,0,0.088491835,Low Risk,2.3333333333333335,18061.0,2.3333333333333335,LOW RISK: Continue standard career development and engagement tracking.,47-1011.03,"Microsoft Project, Writing, Active Learning, Active Listening, Speaking, Mathematics, Reading Comprehension, Monitoring, Microsoft PowerPoint, Learning Strategies, Microsoft Excel, Autodesk AutoCAD","Critical Thinking, Autodesk AutoCAD Civil 3D, Autodesk Revit, Microsoft Office software, Microsoft Outlook, Microsoft Visio, Microsoft Windows, Microsoft Word, Oracle Primavera Enterprise Project Portfolio Management",57.14,Start: Critical Thinking
39,No,Travel_Rarely,412,Research & Development,13,4,Medical,1,1307,3,Female,94,2,4,Manager,2,Divorced,17123,17334,6,Y,Yes,13,3,4,80,2,21,4,3,19,9,15,2,0.107526965,Low Risk,3.0,856.15,2.6666666666666665,LOW RISK: Continue standard career development and engagement tracking.,47-1011.03,"Autodesk AutoCAD, Mathematics, Active Listening, Monitoring, Microsoft Windows, Microsoft Outlook, Autodesk AutoCAD Civil 3D, Learning Strategies, Oracle Primavera Enterprise Project Portfolio Management, Reading Comprehension, Writing, Microsoft PowerPoint, Speaking, Microsoft Project, Microsoft Office software","Critical Thinking, Active Learning, Autodesk Revit, Microsoft Excel, Microsoft Visio, Microsoft Word",71.43,Start: Critical Thinking
58,No,Travel_Rarely,848,Research & Development,23,4,Life Sciences,1,1308,1,Male,88,3,1,Research Scientist,3,Divorced,2372,26076,1,Y,No,12,3,4,80,2,2,3,3,2,2,2,2,0.077505484,Low Risk,2.6666666666666665,790.6666666666666,2.3333333333333335,LOW RISK: Continue standard career development and engagement tracking.,15-1221.00,"Bash, GitHub, C++, Docker, Active Listening, Critical Thinking, Apache Hadoop, Active Learning, Monitoring, Go, Apache Kafka, Speaking, Git, Apache Spark, Reading Comprehension, Mathematics, Amazon Web Services AWS software","Writing, Learning Strategies, Science, Ansible software, C",77.27,Start: Writing
32,Yes,Travel_Rarely,1089,Research & Development,7,2,Life Sciences,1,1309,4,Male,79,3,2,Laboratory Technician,3,Married,4883,22845,1,Y,No,18,3,1,80,1,10,3,3,10,4,1,1,0.5361894,Medium Risk,2.6666666666666665,443.90909090909093,3.3333333333333335,MEDIUM RISK: Manager check-in; mentorship; targeted development plan.,51-9083.00,"Microsoft Excel, Reading Comprehension, SAP software, Critical Thinking, Microsoft Word","Monitoring, Microsoft Office software, Microsoft Outlook, Microsoft PowerPoint",55.56,Start: Monitoring
39,Yes,Travel_Rarely,360,Research & Development,23,3,Medical,1,1310,3,Male,93,3,1,Research Scientist,1,Single,3904,22154,0,Y,No,13,3,1,80,0,6,2,3,5,2,0,3,0.69146085,Medium Risk,1.6666666666666667,650.6666666666666,2.3333333333333335,MEDIUM RISK: Manager check-in; mentorship; targeted development plan.,15-1221.00,"Apache Kafka, Bash, GitHub, Git, Amazon Web Services AWS software, Active Learning, C++, Speaking, Learning Strategies, Mathematics, Writing, Monitoring, Apache Hadoop, Reading Comprehension","Critical Thinking, Active Listening, Science, Ansible software, Apache Spark, C, Docker, Go",63.64,Start: Critical Thinking
30,No,Travel_Rarely,1138,Research & Development,6,3,Technical Degree,1,1311,1,Female,48,2,2,Laboratory Technician,4,Married,4627,23631,0,Y,No,12,3,1,80,1,10,6,3,9,2,6,7,0.056900915,Low Risk,2.0,462.7,2.6666666666666665,LOW RISK: Continue standard career development and engagement tracking.,51-9083.00,"Reading Comprehension, Critical Thinking, SAP software, Microsoft Word, Monitoring, Microsoft Outlook, Microsoft PowerPoint","Microsoft Excel, Microsoft Office software",77.78,Start: Microsoft Excel
36,No,Travel_Rarely,325,Research & Development,10,4,Technical Degree,1,1312,4,Female,63,3,3,Healthcare Representative,3,Married,7094,5747,3,Y,No,12,3,1,80,0,10,0,3,7,7,1,7,0.10081827,Low Risk,2.6666666666666665,886.75,3.3333333333333335,LOW RISK: Continue standard career development and engagement tracking.,43-4051.00,"Kronos Workforce Timekeeper, Microsoft Office software, Google Docs, Reading Comprehension, Adobe Acrobat, Adobe Illustrator, Speaking, Active Listening, Apple macOS, Microsoft Excel, Critical Thinking","Writing, Monitoring, Microsoft Outlook, Adobe Creative Cloud software, Adobe Photoshop, Facebook, Intuit QuickBooks",61.11,Start: Writing
46,No,Travel_Rarely,991,Human Resources,1,2,Life Sciences,1,1314,4,Female,44,3,1,Human Resources,1,Single,3423,22957,6,Y,No,12,3,3,80,0,10,3,4,7,6,5,7,0.122112885,Low Risk,2.6666666666666665,427.875,3.0,LOW RISK: Continue standard career development and engagement tracking.,43-4161.00,"Oracle HRIS, Oracle PeopleSoft, Writing, Microsoft PowerPoint, Reading Comprehension, Microsoft Excel, Microsoft Office software, Speaking, Monitoring, Microsoft Outlook, Microsoft Visio, Google Docs, Microsoft Access","Active Listening, Critical Thinking, Active Learning, Microsoft Word, Applicant tracking software, Microsoft SharePoint",68.42,Start: Active Listening
28,No,Non-Travel,1476,Research & Development,1,3,Life Sciences,1,1315,3,Female,55,1,2,Laboratory Technician,4,Married,6674,16392,0,Y,No,11,3,1,80,3,10,6,3,9,8,7,5,0.07753559,Low Risk,2.6666666666666665,667.4,3.3333333333333335,LOW RISK: Continue standard career development and engagement tracking.,51-9083.00,"Microsoft Word, Microsoft Outlook, SAP software, Microsoft PowerPoint, Reading Comprehension, Critical Thinking, Microsoft Excel","Monitoring, Microsoft Office software",77.78,Start: Monitoring
50,No,Travel_Rarely,1322,Research & Development,28,3,Life Sciences,1,1317,4,Female,43,3,4,Research Director,1,Married,16880,22422,4,Y,Yes,11,3,2,80,0,25,2,3,3,2,1,2,0.09421948,Low Risk,2.3333333333333335,4220.0,2.6666666666666665,LOW RISK: Continue standard career development and engagement tracking.,27-2041.00,"Active Learning, Writing, Microsoft Word, Microsoft PowerPoint, Critical Thinking, Speaking, Active Listening, Learning Strategies, Microsoft Outlook","Monitoring, Reading Comprehension, Microsoft Excel, Microsoft Office software",69.23,Start: Monitoring
40,Yes,Travel_Rarely,299,Sales,25,4,Marketing,1,1318,4,Male,57,2,3,Sales Executive,2,Single,9094,17235,2,Y,Yes,12,3,3,80,0,9,2,3,5,4,1,0,0.8939961,High Risk,3.0,1515.6666666666667,3.0,HIGH RISK: HR review; retention conversation; career-path and compensation review.,53-3031.00,"Writing, Active Listening, Speaking","Critical Thinking, Reading Comprehension, Microsoft Excel, Microsoft Office software",42.86,Start: Critical Thinking
52,Yes,Travel_Rarely,1030,Sales,5,3,Life Sciences,1,1319,2,Male,64,3,3,Sales Executive,2,Single,8446,21534,9,Y,Yes,19,3,3,80,0,10,2,2,8,7,7,7,0.9434908,High Risk,2.3333333333333335,938.4444444444445,2.0,HIGH RISK: HR review; retention conversation; career-path and compensation review.,53-3031.00,"Speaking, Microsoft Excel, Critical Thinking, Active Listening, Reading Comprehension","Writing, Microsoft Office software",71.43,Start: Writing
30,No,Travel_Rarely,634,Research & Development,17,4,Medical,1,1321,2,Female,95,3,3,Manager,1,Married,11916,25927,1,Y,Yes,23,4,4,80,2,9,2,3,9,1,0,8,0.23233563,Low Risk,2.3333333333333335,1191.6,2.0,LOW RISK: Continue standard career development and engagement tracking.,47-1011.03,"Microsoft Windows, Reading Comprehension, Microsoft Excel, Microsoft Word, Autodesk AutoCAD, Critical Thinking, Microsoft Visio, Monitoring, Autodesk Revit, Active Listening, Oracle Primavera Enterprise Project Portfolio Management, Microsoft Office software, Mathematics, Microsoft Project, Speaking, Active Learning, Microsoft PowerPoint","Writing, Learning Strategies, Autodesk AutoCAD Civil 3D, Microsoft Outlook",80.95,Start: Writing
39,No,Travel_Rarely,524,Research & Development,18,2,Life Sciences,1,1322,1,Male,32,3,2,Manufacturing Director,3,Single,4534,13352,0,Y,No,11,3,1,80,0,9,6,3,8,7,1,7,0.14303301,Low Risk,1.6666666666666667,503.77777777777777,2.3333333333333335,LOW RISK: Continue standard career development and engagement tracking.,51-9195.05,"Monitoring, Microsoft Excel, Active Listening","Critical Thinking, Microsoft Outlook",60.0,Start: Critical Thinking
31,No,Non-Travel,587,Sales,2,4,Life Sciences,1,1324,4,Female,57,3,3,Sales Executive,3,Divorced,9852,8935,1,Y,Yes,19,3,1,80,1,10,5,2,10,8,9,6,0.11668331,Low Risk,2.6666666666666665,895.6363636363636,3.0,LOW RISK: Continue standard career development and engagement tracking.,53-3031.00,"Speaking, Writing, Active Listening, Microsoft Excel","Critical Thinking, Reading Comprehension, Microsoft Office software",57.14,Start: Critical Thinking
41,No,Non-Travel,256,Sales,10,2,Medical,1,1329,3,Male,40,1,2,Sales Executive,2,Single,6151,22074,1,Y,No,13,3,1,80,0,19,4,3,19,2,11,9,0.09947854,Low Risk,2.0,307.55,2.6666666666666665,LOW RISK: Continue standard career development and engagement tracking.,53-3031.00,"Critical Thinking, Reading Comprehension, Microsoft Office software, Writing, Active Listening","Speaking, Microsoft Excel",71.43,Start: Speaking
31,Yes,Travel_Frequently,1060,Sales,1,3,Life Sciences,1,1331,4,Female,54,3,1,Sales Representative,2,Single,2302,8319,1,Y,Yes,11,3,1,80,0,3,2,4,3,2,2,2,0.9210797,High Risk,2.3333333333333335,575.5,3.3333333333333335,HIGH RISK: HR review; retention conversation; career-path and compensation review.,41-4012.00,"Salesforce software, Active Learning, Active Listening, Microsoft Outlook, Microsoft PowerPoint, Critical Thinking, Reading Comprehension, Microsoft Office software, Apple macOS, Writing, Adobe Creative Cloud software, Adobe Acrobat, Adobe Illustrator, Microsoft Excel, Adobe InDesign","Speaking, Monitoring, Adobe Photoshop, Autodesk AutoCAD",78.95,Start: Speaking
44,Yes,Travel_Rarely,935,Research & Development,3,3,Life Sciences,1,1333,1,Male,89,3,1,Laboratory Technician,1,Married,2362,14669,4,Y,No,12,3,3,80,0,10,4,4,3,2,1,2,0.27971438,Low Risk,1.6666666666666667,590.5,2.0,LOW RISK: Continue standard career development and engagement tracking.,51-9083.00,"Microsoft Outlook, Microsoft Excel, Reading Comprehension, Microsoft PowerPoint, Monitoring, Critical Thinking, Microsoft Office software","Microsoft Word, SAP software",77.78,Start: Microsoft Word
42,No,Non-Travel,495,Research & Development,2,1,Life Sciences,1,1334,3,Male,37,3,4,Manager,3,Married,17861,26582,0,Y,Yes,13,3,4,80,0,21,3,2,20,8,2,10,0.034368817,Low Risk,3.3333333333333335,850.5238095238095,2.6666666666666665,LOW RISK: Continue standard career development and engagement tracking.,47-1011.03,"Writing, Autodesk Revit, Autodesk AutoCAD Civil 3D, Microsoft Word, Monitoring, Active Learning, Microsoft Excel, Microsoft PowerPoint, Mathematics, Oracle Primavera Enterprise Project Portfolio Management","Reading Comprehension, Active Listening, Speaking, Critical Thinking, Learning Strategies, Autodesk AutoCAD, Microsoft Office software, Microsoft Outlook, Microsoft Project, Microsoft Visio, Microsoft Windows",47.62,Start: Reading Comprehension
55,No,Travel_Rarely,282,Research & Development,2,2,Medical,1,1336,4,Female,58,1,5,Manager,3,Married,19187,6992,4,Y,No,14,3,4,80,1,23,5,3,19,9,9,11,0.090428434,Low Risk,3.6666666666666665,959.35,3.3333333333333335,LOW RISK: Continue standard career development and engagement tracking.,47-1011.03,"Autodesk AutoCAD, Microsoft Project, Speaking, Monitoring, Writing, Reading Comprehension, Microsoft Outlook, Autodesk Revit, Microsoft Office software, Microsoft Windows, Microsoft Word, Active Listening, Mathematics, Learning Strategies","Critical Thinking, Active Learning, Autodesk AutoCAD Civil 3D, Microsoft Excel, Microsoft PowerPoint, Microsoft Visio, Oracle Primavera Enterprise Project Portfolio Management",66.67,Start: Critical Thinking
56,No,Travel_Rarely,206,Human Resources,8,4,Life Sciences,1,1338,4,Male,99,3,5,Manager,2,Single,19717,4022,6,Y,No,14,3,1,80,0,36,4,3,7,3,7,7,0.12547012,Low Risk,2.3333333333333335,2464.625,3.0,LOW RISK: Continue standard career development and engagement tracking.,47-1011.03,"Microsoft PowerPoint, Mathematics, Active Listening, Microsoft Excel, Critical Thinking, Microsoft Office software, Microsoft Word, Oracle Primavera Enterprise Project Portfolio Management, Writing, Active Learning, Autodesk Revit, Reading Comprehension, Autodesk AutoCAD, Microsoft Windows, Learning Strategies, Microsoft Visio, Monitoring","Speaking, Autodesk AutoCAD Civil 3D, Microsoft Outlook, Microsoft Project",80.95,Start: Speaking
40,No,Non-Travel,458,Research & Development,16,2,Life Sciences,1,1340,3,Male,74,3,1,Research Scientist,3,Divorced,3544,8532,9,Y,No,16,3,2,80,1,6,0,3,4,2,0,0,0.027163144,Low Risk,2.6666666666666665,708.8,3.0,LOW RISK: Continue standard career development and engagement tracking.,15-1221.00,"Ansible software, Learning Strategies, Science, Mathematics, GitHub, Docker, Apache Spark, Apache Hadoop, Go, Active Learning, Amazon Web Services AWS software, Writing, Git","Reading Comprehension, Critical Thinking, Active Listening, Speaking, Monitoring, Apache Kafka, Bash, C, C++",59.09,Start: Reading Comprehension
34,No,Travel_Rarely,943,Research & Development,9,3,Life Sciences,1,1344,4,Male,86,3,3,Healthcare Representative,4,Divorced,8500,5494,0,Y,No,11,3,4,80,1,10,0,2,9,7,1,6,0.034921266,Low Risk,4.0,850.0,3.3333333333333335,LOW RISK: Continue standard career development and engagement tracking.,43-4051.00,"Facebook, Microsoft Outlook, Adobe Photoshop, Kronos Workforce Timekeeper, Adobe Acrobat, Critical Thinking, Active Listening, Google Docs, Microsoft Excel, Reading Comprehension, Intuit QuickBooks, Adobe Creative Cloud software, Microsoft Office software, Adobe Illustrator","Speaking, Writing, Monitoring, Apple macOS",77.78,Start: Speaking
40,No,Travel_Rarely,523,Research & Development,2,3,Life Sciences,1,1346,3,Male,98,3,2,Research Scientist,4,Single,4661,22455,1,Y,No,13,3,3,80,0,9,4,3,9,8,8,8,0.042394865,Low Risk,3.3333333333333335,466.1,3.3333333333333335,LOW RISK: Continue standard career development and engagement tracking.,15-1221.00,"Reading Comprehension, Monitoring, Speaking, Critical Thinking, Science, C++, C, Writing, Learning Strategies, Apache Spark, Ansible software, Apache Kafka, GitHub","Active Learning, Mathematics, Active Listening, Amazon Web Services AWS software, Apache Hadoop, Bash, Docker, Git, Go",59.09,Start: Active Learning
41,No,Travel_Frequently,1018,Sales,1,3,Marketing,1,1349,3,Female,66,3,2,Sales Executive,1,Divorced,4103,4297,0,Y,No,17,3,4,80,1,10,2,3,9,3,1,7,0.060238104,Low Risk,2.6666666666666665,410.3,2.3333333333333335,LOW RISK: Continue standard career development and engagement tracking.,53-3031.00,"Critical Thinking, Writing, Microsoft Office software, Active Listening, Microsoft Excel","Speaking, Reading Comprehension",71.43,Start: Speaking
35,No,Travel_Frequently,482,Research & Development,4,4,Life Sciences,1,1350,3,Male,87,3,2,Research Scientist,3,Single,4249,2690,1,Y,Yes,11,3,2,80,0,9,3,3,9,6,1,1,0.37231722,Low Risk,2.6666666666666665,424.9,3.0,LOW RISK: Continue standard career development and engagement tracking.,15-1221.00,"Reading Comprehension, Science, Bash, Ansible software, Learning Strategies, Writing, Monitoring, Amazon Web Services AWS software, Git, Go","Active Learning, Mathematics, Critical Thinking, Active Listening, Speaking, Apache Hadoop, Apache Kafka, Apache Spark, C, C++, Docker, GitHub",45.45,Start: Active Learning
51,No,Travel_Rarely,770,Human Resources,5,3,Life Sciences,1,1352,3,Male,84,3,4,Manager,2,Divorced,14026,17588,1,Y,Yes,11,3,2,80,1,33,2,3,33,9,0,10,0.0771456,Low Risk,2.3333333333333335,412.52941176470586,2.6666666666666665,LOW RISK: Continue standard career development and engagement tracking.,47-1011.03,"Reading Comprehension, Learning Strategies, Microsoft Excel, Autodesk Revit, Speaking, Microsoft Project, Writing, Microsoft PowerPoint, Microsoft Windows, Microsoft Office software, Mathematics","Monitoring, Active Listening, Critical Thinking, Active Learning, Autodesk AutoCAD, Autodesk AutoCAD Civil 3D, Microsoft Outlook, Microsoft Visio, Microsoft Word, Oracle Primavera Enterprise Project Portfolio Management",52.38,Start: Monitoring
38,No,Travel_Rarely,1009,Sales,2,2,Life Sciences,1,1355,2,Female,31,3,2,Sales Executive,1,Divorced,6893,19461,3,Y,No,15,3,4,80,1,11,3,3,7,7,1,7,0.032899193,Low Risk,2.3333333333333335,861.625,2.0,LOW RISK: Continue standard career development and engagement tracking.,53-3031.00,"Microsoft Excel, Critical Thinking, Speaking, Reading Comprehension, Active Listening","Writing, Microsoft Office software",71.43,Start: Writing
34,No,Travel_Rarely,507,Sales,15,2,Medical,1,1356,3,Female,66,3,2,Sales Executive,1,Single,6125,23553,1,Y,No,12,3,4,80,0,10,6,4,10,8,9,6,0.17086059,Low Risk,2.6666666666666665,556.8181818181819,2.6666666666666665,LOW RISK: Continue standard career development and engagement tracking.,53-3031.00,"Reading Comprehension, Microsoft Excel, Active Listening, Speaking","Critical Thinking, Writing, Microsoft Office software",57.14,Start: Critical Thinking
25,No,Travel_Rarely,882,Research & Development,19,1,Medical,1,1358,4,Male,67,3,1,Laboratory Technician,4,Married,3669,9075,3,Y,No,11,3,3,80,3,7,6,2,3,2,1,2,0.20398808,Low Risk,3.6666666666666665,917.25,3.3333333333333335,LOW RISK: Continue standard career development and engagement tracking.,51-9083.00,"Microsoft PowerPoint, Microsoft Outlook, Microsoft Office software, Microsoft Excel, Monitoring, Critical Thinking","Reading Comprehension, Microsoft Word, SAP software",66.67,Start: Reading Comprehension
58,Yes,Travel_Rarely,601,Research & Development,7,4,Medical,1,1360,3,Female,53,2,3,Manufacturing Director,1,Married,10008,12023,7,Y,Yes,14,3,4,80,0,31,0,2,10,9,5,9,0.8034026,High Risk,2.6666666666666665,909.8181818181819,2.0,HIGH RISK: HR review; retention conversation; career-path and compensation review.,51-9195.05,"Active Listening, Monitoring, Microsoft Outlook","Critical Thinking, Microsoft Excel",60.0,Start: Critical Thinking
40,No,Travel_Rarely,329,Research & Development,1,4,Life Sciences,1,1361,2,Male,88,3,1,Laboratory Technician,2,Married,2387,6762,3,Y,No,22,4,3,80,1,7,3,3,4,2,0,3,0.061720442,Low Risk,2.3333333333333335,477.4,2.3333333333333335,LOW RISK: Continue standard career development and engagement tracking.,51-9083.00,"Monitoring, Microsoft Word, Microsoft Office software, Reading Comprehension, Critical Thinking","Microsoft Excel, Microsoft Outlook, Microsoft PowerPoint, SAP software",55.56,Start: Microsoft Excel
36,No,Travel_Frequently,607,Sales,7,3,Marketing,1,1362,1,Female,83,4,2,Sales Executive,1,Married,4639,2261,2,Y,No,16,3,4,80,1,17,2,2,15,7,6,13,0.12142647,Low Risk,2.0,289.9375,1.3333333333333333,LOW RISK: Continue standard career development and engagement tracking.,53-3031.00,"Reading Comprehension, Writing, Speaking, Critical Thinking, Microsoft Office software","Active Listening, Microsoft Excel",71.43,Start: Active Listening
48,No,Travel_Rarely,855,Research & Development,4,3,Life Sciences,1,1363,4,Male,54,3,3,Manufacturing Director,4,Single,7898,18706,1,Y,No,11,3,3,80,0,11,2,3,10,9,0,8,0.05487596,Low Risk,3.6666666666666665,718.0,3.6666666666666665,LOW RISK: Continue standard career development and engagement tracking.,51-9195.05,"Critical Thinking, Active Listening","Monitoring, Microsoft Excel, Microsoft Outlook",40.0,Start: Monitoring
27,No,Travel_Rarely,1291,Sales,11,3,Medical,1,1364,3,Female,98,4,1,Sales Representative,4,Married,2534,6527,8,Y,No,14,3,2,80,1,5,4,3,1,0,0,0,0.18990889,Low Risk,3.0,1267.0,3.3333333333333335,LOW RISK: Continue standard career development and engagement tracking.,41-4012.00,"Speaking, Microsoft PowerPoint, Apple macOS, Autodesk AutoCAD, Adobe Creative Cloud software, Microsoft Office software, Microsoft Outlook, Adobe Acrobat, Writing, Critical Thinking, Adobe Illustrator, Reading Comprehension, Adobe Photoshop, Microsoft Excel, Monitoring, Salesforce software","Active Listening, Active Learning, Adobe InDesign",84.21,Start: Active Listening
51,No,Travel_Rarely,1405,Research & Development,11,2,Technical Degree,1,1367,4,Female,82,2,4,Manufacturing Director,2,Single,13142,24439,3,Y,No,16,3,2,80,0,29,1,2,5,2,0,3,0.045076113,Low Risk,2.6666666666666665,2190.3333333333335,2.6666666666666665,LOW RISK: Continue standard career development and engagement tracking.,51-9195.05,"Microsoft Outlook, Microsoft Excel, Active Listening","Critical Thinking, Monitoring",60.0,Start: Critical Thinking
18,No,Non-Travel,1124,Research & Development,1,3,Life Sciences,1,1368,4,Female,97,3,1,Laboratory Technician,4,Single,1611,19305,1,Y,No,15,3,3,80,0,0,5,4,0,0,0,0,0.32854337,Low Risk,3.6666666666666665,1611.0,4.0,LOW RISK: Continue standard career development and engagement tracking.,51-9083.00,"Microsoft Outlook, Microsoft PowerPoint, Microsoft Word, SAP software, Microsoft Office software, Reading Comprehension","Critical Thinking, Monitoring, Microsoft Excel",66.67,Start: Critical Thinking
35,No,Travel_Rarely,817,Research & Development,1,3,Medical,1,1369,4,Female,60,2,2,Laboratory Technician,4,Married,5363,10846,0,Y,No,12,3,2,80,1,10,0,3,9,7,0,0,0.041034147,Low Risk,3.3333333333333335,536.3,3.6666666666666665,LOW RISK: Continue standard career development and engagement tracking.,51-9083.00,"SAP software, Microsoft Outlook, Microsoft Word, Reading Comprehension","Critical Thinking, Monitoring, Microsoft Excel, Microsoft Office software, Microsoft PowerPoint",44.44,Start: Critical Thinking
27,No,Travel_Frequently,793,Sales,2,1,Life Sciences,1,1371,4,Male,43,1,2,Sales Executive,4,Single,5071,20392,3,Y,No,20,4,2,80,0,8,3,3,6,2,0,0,0.21660875,Low Risk,3.3333333333333335,724.4285714285714,3.6666666666666665,LOW RISK: Continue standard career development and engagement tracking.,53-3031.00,"Active Listening, Microsoft Excel, Reading Comprehension, Speaking, Critical Thinking","Writing, Microsoft Office software",71.43,Start: Writing
55,Yes,Travel_Rarely,267,Sales,13,4,Marketing,1,1372,1,Male,85,4,4,Sales Executive,3,Single,13695,9277,6,Y,Yes,17,3,3,80,0,24,2,2,19,7,3,8,0.92814934,High Risk,2.3333333333333335,684.75,2.0,HIGH RISK: HR review; retention conversation; career-path and compensation review.,53-3031.00,"Active Listening, Critical Thinking, Microsoft Excel, Microsoft Office software, Speaking, Reading Comprehension",Writing,85.71,Start: Writing
56,No,Travel_Rarely,1369,Research & Development,23,3,Life Sciences,1,1373,4,Male,68,3,4,Manufacturing Director,2,Married,13402,18235,4,Y,Yes,12,3,1,80,1,33,0,3,19,16,15,9,0.074615516,Low Risk,2.3333333333333335,670.1,3.0,LOW RISK: Continue standard career development and engagement tracking.,51-9195.05,"Microsoft Excel, Critical Thinking, Microsoft Outlook","Active Listening, Monitoring",60.0,Start: Active Listening
34,No,Non-Travel,999,Research & Development,26,1,Technical Degree,1,1374,1,Female,92,2,1,Research Scientist,3,Divorced,2029,15891,1,Y,No,20,4,3,80,3,5,2,3,5,4,0,0,0.12274714,Low Risk,2.3333333333333335,338.1666666666667,2.3333333333333335,LOW RISK: Continue standard career development and engagement tracking.,15-1221.00,"Speaking, Go, Critical Thinking, C, Apache Spark, Mathematics, Bash, Apache Kafka, Git, Active Listening, GitHub, Active Learning, Learning Strategies, Docker, Reading Comprehension, Amazon Web Services AWS software","Writing, Monitoring, Science, Ansible software, Apache Hadoop, C++",72.73,Start: Writing
40,No,Travel_Rarely,1202,Research & Development,2,1,Medical,1,1375,2,Female,89,4,2,Healthcare Representative,3,Divorced,6377,13888,5,Y,No,20,4,2,80,3,15,0,3,12,11,11,8,0.015224259,Low Risk,2.3333333333333335,490.53846153846155,2.6666666666666665,LOW RISK: Continue standard career development and engagement tracking.,43-4051.00,"Facebook, Monitoring, Adobe Acrobat, Active Listening, Microsoft Outlook, Kronos Workforce Timekeeper, Speaking, Writing, Critical Thinking","Reading Comprehension, Microsoft Excel, Microsoft Office software, Adobe Creative Cloud software, Adobe Illustrator, Adobe Photoshop, Apple macOS, Google Docs, Intuit QuickBooks",50.0,Start: Reading Comprehension
34,No,Travel_Rarely,285,Research & Development,29,3,Medical,1,1377,2,Male,86,3,2,Laboratory Technician,3,Married,5429,17491,4,Y,No,13,3,1,80,2,10,1,3,8,7,7,7,0.18031555,Low Risk,2.0,603.2222222222222,2.6666666666666665,LOW RISK: Continue standard career development and engagement tracking.,51-9083.00,"Monitoring, Microsoft Office software, Microsoft PowerPoint, Reading Comprehension","Critical Thinking, Microsoft Excel, Microsoft Outlook, Microsoft Word, SAP software",44.44,Start: Critical Thinking
31,Yes,Travel_Frequently,703,Sales,2,3,Life Sciences,1,1379,3,Female,90,2,1,Sales Representative,4,Single,2785,11882,7,Y,No,14,3,3,80,0,3,3,4,1,0,0,0,0.8757269,High Risk,3.3333333333333335,1392.5,3.6666666666666665,HIGH RISK: HR review; retention conversation; career-path and compensation review.,41-4012.00,"Adobe Acrobat, Speaking, Salesforce software, Microsoft Office software, Reading Comprehension, Active Learning, Autodesk AutoCAD, Adobe Photoshop, Microsoft Outlook, Adobe InDesign, Apple macOS, Microsoft Excel, Adobe Creative Cloud software, Critical Thinking, Active Listening","Writing, Monitoring, Microsoft PowerPoint, Adobe Illustrator",78.95,Start: Writing
35,Yes,Travel_Frequently,662,Sales,18,4,Marketing,1,1380,4,Female,67,3,2,Sales Executive,3,Married,4614,23288,0,Y,Yes,18,3,3,80,1,5,0,2,4,2,3,2,0.8022978,High Risk,3.3333333333333335,922.8,3.0,HIGH RISK: HR review; retention conversation; career-path and compensation review.,53-3031.00,"Writing, Active Listening, Speaking, Microsoft Excel","Critical Thinking, Reading Comprehension, Microsoft Office software",57.14,Start: Critical Thinking
38,No,Travel_Frequently,693,Research & Development,7,3,Life Sciences,1,1382,4,Male,57,4,1,Research Scientist,3,Divorced,2610,15748,1,Y,No,11,3,4,80,3,4,2,3,4,2,0,3,0.03826591,Low Risk,3.6666666666666665,522.0,3.3333333333333335,LOW RISK: Continue standard career development and engagement tracking.,15-1221.00,"Apache Hadoop, Mathematics, C, Active Learning, Apache Kafka, C++, Writing, Active Listening, Learning Strategies, Ansible software, Reading Comprehension, Monitoring, Critical Thinking, Amazon Web Services AWS software, Science, GitHub","Speaking, Apache Spark, Bash, Docker, Git, Go",72.73,Start: Speaking
34,No,Travel_Rarely,404,Research & Development,2,4,Technical Degree,1,1383,3,Female,98,3,2,Healthcare Representative,4,Single,6687,6163,1,Y,No,11,3,4,80,0,14,2,4,14,11,4,11,0.02883576,Low Risk,3.6666666666666665,445.8,3.6666666666666665,LOW RISK: Continue standard career development and engagement tracking.,43-4051.00,"Google Docs, Adobe Acrobat, Writing, Adobe Photoshop, Kronos Workforce Timekeeper, Reading Comprehension, Microsoft Outlook, Apple macOS, Microsoft Office software, Adobe Illustrator, Speaking, Critical Thinking","Active Listening, Monitoring, Microsoft Excel, Adobe Creative Cloud software, Facebook, Intuit QuickBooks",66.67,Start: Active Listening
28,No,Travel_Rarely,736,Sales,26,3,Life Sciences,1,1387,3,Male,48,2,2,Sales Executive,1,Married,4724,24232,1,Y,No,11,3,3,80,1,5,0,3,5,3,0,4,0.1603754,Low Risk,2.3333333333333335,787.3333333333334,2.3333333333333335,LOW RISK: Continue standard career development and engagement tracking.,53-3031.00,"Microsoft Excel, Speaking, Microsoft Office software, Writing, Critical Thinking","Active Listening, Reading Comprehension",71.43,Start: Active Listening
31,Yes,Travel_Rarely,330,Research & Development,22,4,Medical,1,1389,4,Male,98,3,2,Manufacturing Director,3,Married,6179,21057,1,Y,Yes,15,3,4,80,2,10,3,2,10,2,6,7,0.31555215,Low Risk,3.6666666666666665,561.7272727272727,3.0,LOW RISK: Continue standard career development and engagement tracking.,51-9195.05,"Microsoft Excel, Microsoft Outlook, Monitoring","Critical Thinking, Active Listening",60.0,Start: Critical Thinking
39,No,Travel_Rarely,1498,Sales,21,4,Life Sciences,1,1390,1,Male,44,2,2,Sales Executive,4,Married,6120,3567,3,Y,Yes,12,3,4,80,2,8,2,4,5,4,1,4,0.19241798,Low Risk,3.0,1020.0,3.0,LOW RISK: Continue standard career development and engagement tracking.,53-3031.00,"Speaking, Active Listening, Microsoft Excel, Critical Thinking, Microsoft Office software","Reading Comprehension, Writing",71.43,Start: Reading Comprehension
51,No,Travel_Frequently,541,Sales,2,3,Marketing,1,1391,2,Male,52,3,3,Sales Executive,2,Married,10596,15395,2,Y,No,11,3,2,80,0,14,5,3,4,2,3,2,0.37463987,Low Risk,2.0,2119.2,2.3333333333333335,LOW RISK: Continue standard career development and engagement tracking.,53-3031.00,"Speaking, Microsoft Office software, Writing, Microsoft Excel, Reading Comprehension","Active Listening, Critical Thinking",71.43,Start: Active Listening
41,No,Travel_Frequently,1200,Research & Development,22,3,Life Sciences,1,1392,4,Female,75,3,2,Research Scientist,4,Divorced,5467,13953,3,Y,Yes,14,3,1,80,2,12,4,2,6,2,3,3,0.04313826,Low Risk,3.0,781.0,3.3333333333333335,LOW RISK: Continue standard career development and engagement tracking.,15-1221.00,"Active Listening, Bash, Writing, Active Learning, Critical Thinking, Amazon Web Services AWS software, Apache Kafka, Docker, Apache Hadoop, GitHub, Monitoring, Reading Comprehension, Science","Mathematics, Speaking, Learning Strategies, Ansible software, Apache Spark, C, C++, Git, Go",59.09,Start: Mathematics
37,No,Travel_Rarely,1439,Research & Development,4,1,Life Sciences,1,1394,3,Male,54,3,1,Research Scientist,3,Married,2996,5182,7,Y,Yes,15,3,4,80,0,8,2,3,6,4,1,3,0.28809652,Low Risk,3.3333333333333335,428.0,3.0,LOW RISK: Continue standard career development and engagement tracking.,15-1221.00,"Active Learning, Ansible software, Amazon Web Services AWS software, Git, Monitoring, Bash, Speaking, GitHub, Critical Thinking, Reading Comprehension, Docker, Science, Apache Kafka, Active Listening, Go","Mathematics, Writing, Learning Strategies, Apache Hadoop, Apache Spark, C, C++",68.18,Start: Mathematics
33,No,Travel_Frequently,1111,Sales,5,1,Life Sciences,1,1395,2,Male,61,3,2,Sales Executive,4,Married,9998,19293,6,Y,No,13,3,1,80,0,8,2,4,5,4,1,2,0.25699407,Low Risk,2.3333333333333335,1666.3333333333333,3.3333333333333335,LOW RISK: Continue standard career development and engagement tracking.,53-3031.00,"Critical Thinking, Active Listening, Reading Comprehension, Writing, Microsoft Office software","Speaking, Microsoft Excel",71.43,Start: Speaking
32,No,Travel_Rarely,499,Sales,2,1,Marketing,1,1396,3,Male,36,3,2,Sales Executive,2,Married,4078,20497,0,Y,Yes,13,3,1,80,3,4,3,2,3,2,1,2,0.3803041,Low Risk,2.0,1019.5,2.3333333333333335,LOW RISK: Continue standard career development and engagement tracking.,53-3031.00,"Active Listening, Microsoft Office software, Critical Thinking, Speaking","Reading Comprehension, Writing, Microsoft Excel",57.14,Start: Reading Comprehension
39,No,Non-Travel,1485,Research & Development,25,2,Life Sciences,1,1397,3,Male,71,3,3,Healthcare Representative,3,Married,10920,3449,3,Y,No,21,4,2,80,1,13,2,3,6,4,0,5,0.013141738,Low Risk,2.6666666666666665,1560.0,3.0,LOW RISK: Continue standard career development and engagement tracking.,43-4051.00,"Critical Thinking, Microsoft Office software, Reading Comprehension, Adobe Creative Cloud software, Microsoft Excel, Facebook, Monitoring, Speaking, Adobe Illustrator, Intuit QuickBooks, Writing, Adobe Photoshop, Microsoft Outlook","Active Listening, Adobe Acrobat, Apple macOS, Google Docs, Kronos Workforce Timekeeper",72.22,Start: Active Listening
25,No,Travel_Rarely,1372,Sales,18,1,Life Sciences,1,1399,1,Male,93,4,2,Sales Executive,3,Married,6232,12477,2,Y,No,11,3,2,80,0,6,3,2,3,2,1,2,0.22566874,Low Risk,2.0,1558.0,2.0,LOW RISK: Continue standard career development and engagement tracking.,53-3031.00,"Writing, Reading Comprehension, Microsoft Excel, Critical Thinking, Active Listening","Speaking, Microsoft Office software",71.43,Start: Speaking
52,No,Travel_Frequently,322,Research & Development,28,2,Medical,1,1401,4,Female,59,4,4,Manufacturing Director,3,Married,13247,9731,2,Y,Yes,11,3,2,80,1,24,3,2,5,3,0,2,0.14061311,Low Risk,3.0,2207.8333333333335,3.0,LOW RISK: Continue standard career development and engagement tracking.,51-9195.05,"Monitoring, Microsoft Outlook","Critical Thinking, Active Listening, Microsoft Excel",40.0,Start: Critical Thinking
43,No,Travel_Rarely,930,Research & Development,6,3,Medical,1,1402,1,Female,73,2,2,Research Scientist,3,Single,4081,20003,1,Y,Yes,14,3,1,80,0,20,3,1,20,7,1,8,0.19805694,Low Risk,1.6666666666666667,194.33333333333334,1.6666666666666667,LOW RISK: Continue standard career development and engagement tracking.,15-1221.00,"Amazon Web Services AWS software, Writing, Git, Apache Spark, Active Listening, Mathematics, Apache Hadoop, C, C++, Learning Strategies, GitHub, Active Learning, Monitoring, Ansible software, Go, Science, Bash","Reading Comprehension, Critical Thinking, Speaking, Apache Kafka, Docker",77.27,Start: Reading Comprehension
27,No,Travel_Rarely,205,Sales,10,3,Marketing,1,1403,4,Female,98,2,2,Sales Executive,4,Married,5769,7100,1,Y,Yes,11,3,4,80,0,6,3,3,6,2,4,4,0.24663767,Low Risk,4.0,824.1428571428571,3.6666666666666665,LOW RISK: Continue standard career development and engagement tracking.,53-3031.00,"Speaking, Reading Comprehension, Critical Thinking, Writing, Microsoft Office software, Active Listening",Microsoft Excel,85.71,Start: Microsoft Excel
27,Yes,Travel_Rarely,135,Research & Development,17,4,Life Sciences,1,1405,4,Female,51,3,1,Research Scientist,3,Single,2394,25681,1,Y,Yes,13,3,4,80,0,8,2,3,8,2,7,7,0.9082617,High Risk,3.6666666666666665,266.0,3.3333333333333335,HIGH RISK: HR review; retention conversation; career-path and compensation review.,15-1221.00,"Mathematics, Apache Spark, Science, Active Learning, Go, Apache Hadoop, Speaking, Learning Strategies, GitHub, C++, Docker, Active Listening","Reading Comprehension, Critical Thinking, Writing, Monitoring, Amazon Web Services AWS software, Ansible software, Apache Kafka, Bash, C, Git",54.55,Start: Reading Comprehension
26,No,Travel_Rarely,683,Research & Development,2,1,Medical,1,1407,1,Male,36,2,1,Research Scientist,4,Single,3904,4050,0,Y,No,12,3,4,80,0,5,2,3,4,3,1,1,0.038718604,Low Risk,3.0,780.8,2.6666666666666665,LOW RISK: Continue standard career development and engagement tracking.,15-1221.00,"Monitoring, Speaking, Science, Critical Thinking, Mathematics, Writing, Amazon Web Services AWS software, C++, Docker, Active Learning, GitHub, Apache Hadoop, Learning Strategies, Apache Kafka, Ansible software, Bash, C, Apache Spark, Reading Comprehension","Active Listening, Git, Go",86.36,Start: Active Listening
42,No,Travel_Rarely,1147,Human Resources,10,3,Human Resources,1,1408,3,Female,31,3,4,Manager,1,Married,16799,16616,0,Y,No,14,3,3,80,1,21,5,3,20,7,0,9,0.018002553,Low Risk,2.3333333333333335,799.952380952381,2.3333333333333335,LOW RISK: Continue standard career development and engagement tracking.,47-1011.03,"Oracle Primavera Enterprise Project Portfolio Management, Writing, Active Learning, Autodesk AutoCAD, Critical Thinking, Microsoft Project, Autodesk AutoCAD Civil 3D, Reading Comprehension, Speaking, Mathematics, Microsoft Word, Autodesk Revit","Monitoring, Active Listening, Learning Strategies, Microsoft Excel, Microsoft Office software, Microsoft Outlook, Microsoft PowerPoint, Microsoft Visio, Microsoft Windows",57.14,Start: Monitoring
52,No,Travel_Rarely,258,Research & Development,8,4,Other,1,1409,3,Female,54,3,1,Laboratory Technician,1,Married,2950,17363,9,Y,No,13,3,3,80,0,12,2,1,5,4,0,4,0.37376904,Low Risk,2.3333333333333335,491.6666666666667,1.6666666666666667,LOW RISK: Continue standard career development and engagement tracking.,51-9083.00,"Monitoring, Critical Thinking, SAP software, Microsoft Word, Microsoft PowerPoint, Microsoft Excel, Microsoft Office software","Reading Comprehension, Microsoft Outlook",77.78,Start: Reading Comprehension
37,No,Travel_Rarely,1462,Research & Development,11,3,Medical,1,1411,1,Female,94,3,1,Laboratory Technician,3,Single,3629,19106,4,Y,No,18,3,1,80,0,8,6,3,3,2,0,2,0.29822895,Low Risk,1.6666666666666667,907.25,2.3333333333333335,LOW RISK: Continue standard career development and engagement tracking.,51-9083.00,"Reading Comprehension, Microsoft Office software, Microsoft Excel, Microsoft PowerPoint, Microsoft Word, Microsoft Outlook, SAP software, Critical Thinking",Monitoring,88.89,Start: Monitoring
35,No,Travel_Frequently,200,Research & Development,18,2,Life Sciences,1,1412,3,Male,60,3,3,Manufacturing Director,4,Single,9362,19944,2,Y,No,11,3,3,80,0,10,2,3,2,2,2,2,0.11881052,Low Risk,3.3333333333333335,3120.6666666666665,3.3333333333333335,LOW RISK: Continue standard career development and engagement tracking.,51-9195.05,"Critical Thinking, Monitoring, Microsoft Outlook, Active Listening",Microsoft Excel,80.0,Start: Microsoft Excel
25,No,Travel_Rarely,949,Research & Development,1,3,Technical Degree,1,1415,1,Male,81,3,1,Laboratory Technician,4,Married,3229,4910,4,Y,No,11,3,2,80,1,7,2,2,3,2,0,2,0.21038933,Low Risk,2.3333333333333335,807.25,2.3333333333333335,LOW RISK: Continue standard career development and engagement tracking.,51-9083.00,"Microsoft Outlook, Reading Comprehension, Microsoft Office software, Microsoft Word, Microsoft Excel, Microsoft PowerPoint","Critical Thinking, Monitoring, SAP software",66.67,Start: Critical Thinking
26,No,Travel_Rarely,652,Research & Development,7,3,Other,1,1417,3,Male,100,4,1,Laboratory Technician,1,Single,3578,23577,0,Y,No,12,3,4,80,0,8,2,3,7,7,0,7,0.09204918,Low Risk,2.6666666666666665,447.25,2.3333333333333335,LOW RISK: Continue standard career development and engagement tracking.,51-9083.00,"Microsoft PowerPoint, Microsoft Word, Microsoft Outlook, Critical Thinking, Microsoft Office software, Reading Comprehension, Microsoft Excel","Monitoring, SAP software",77.78,Start: Monitoring
29,No,Travel_Rarely,332,Human Resources,17,3,Other,1,1419,2,Male,51,2,3,Human Resources,1,Single,7988,9769,1,Y,No,13,3,1,80,0,10,3,2,10,9,0,9,0.27586475,Low Risk,1.3333333333333333,726.1818181818181,1.6666666666666667,LOW RISK: Continue standard career development and engagement tracking.,43-4161.00,"Microsoft Access, Reading Comprehension, Microsoft Visio, Oracle PeopleSoft, Oracle HRIS, Applicant tracking software, Microsoft SharePoint, Active Learning, Monitoring, Active Listening, Microsoft Word, Microsoft Excel, Writing","Speaking, Critical Thinking, Microsoft Office software, Microsoft Outlook, Microsoft PowerPoint, Google Docs",68.42,Start: Speaking
49,Yes,Travel_Frequently,1475,Research & Development,28,2,Life Sciences,1,1420,1,Male,97,2,2,Laboratory Technician,1,Single,4284,22710,3,Y,No,20,4,1,80,0,20,2,3,4,3,1,3,0.88323283,High Risk,1.0,856.8,1.6666666666666667,HIGH RISK: HR review; retention conversation; career-path and compensation review.,51-9083.00,"Microsoft Excel, Critical Thinking, Microsoft Outlook, Microsoft Office software, Reading Comprehension, Microsoft PowerPoint, Monitoring","Microsoft Word, SAP software",77.78,Start: Microsoft Word
29,Yes,Travel_Frequently,337,Research & Development,14,1,Other,1,1421,3,Female,84,3,3,Healthcare Representative,4,Single,7553,22930,0,Y,Yes,12,3,1,80,0,9,1,3,8,7,7,7,0.9028274,High Risk,2.6666666666666665,839.2222222222222,3.3333333333333335,HIGH RISK: HR review; retention conversation; career-path and compensation review.,43-4051.00,"Microsoft Office software, Adobe Creative Cloud software, Apple macOS, Kronos Workforce Timekeeper, Critical Thinking, Adobe Photoshop, Microsoft Excel, Speaking, Google Docs, Microsoft Outlook, Writing","Active Listening, Reading Comprehension, Monitoring, Adobe Acrobat, Adobe Illustrator, Facebook, Intuit QuickBooks",61.11,Start: Active Listening
54,No,Travel_Rarely,971,Research & Development,1,3,Medical,1,1422,4,Female,54,3,4,Research Director,4,Single,17328,5652,6,Y,No,19,3,4,80,0,29,3,2,20,7,12,7,0.029929146,Low Risk,4.0,825.1428571428571,3.3333333333333335,LOW RISK: Continue standard career development and engagement tracking.,27-2041.00,"Critical Thinking, Microsoft Office software, Microsoft Word, Writing, Monitoring, Active Learning","Active Listening, Speaking, Reading Comprehension, Learning Strategies, Microsoft Excel, Microsoft Outlook, Microsoft PowerPoint",46.15,Start: Active Listening
58,No,Travel_Rarely,1055,Research & Development,1,3,Medical,1,1423,4,Female,76,3,5,Research Director,1,Married,19701,22456,3,Y,Yes,21,4,3,80,1,32,3,3,9,8,1,5,0.019170525,Low Risk,2.6666666666666665,1970.1,2.6666666666666665,LOW RISK: Continue standard career development and engagement tracking.,27-2041.00,"Microsoft Excel, Microsoft Word, Writing, Microsoft Office software, Microsoft PowerPoint, Active Listening, Active Learning, Speaking, Reading Comprehension","Critical Thinking, Monitoring, Learning Strategies, Microsoft Outlook",69.23,Start: Critical Thinking
55,No,Travel_Rarely,1136,Research & Development,1,4,Medical,1,1424,2,Male,81,4,4,Research Director,4,Divorced,14732,12414,2,Y,No,13,3,4,80,2,31,4,4,7,7,0,0,0.0043624607,Low Risk,3.3333333333333335,1841.5,3.3333333333333335,LOW RISK: Continue standard career development and engagement tracking.,27-2041.00,"Monitoring, Microsoft Word, Microsoft Outlook, Active Learning, Speaking, Reading Comprehension, Writing, Active Listening, Critical Thinking, Microsoft PowerPoint","Learning Strategies, Microsoft Excel, Microsoft Office software",76.92,Start: Learning Strategies
36,No,Travel_Rarely,1174,Sales,3,4,Marketing,1,1425,1,Female,99,3,2,Sales Executive,2,Single,9278,20763,3,Y,Yes,16,3,4,80,0,15,3,3,5,4,0,1,0.29604375,Low Risk,2.3333333333333335,1546.3333333333333,2.0,LOW RISK: Continue standard career development and engagement tracking.,53-3031.00,"Speaking, Critical Thinking, Microsoft Office software, Microsoft Excel","Active Listening, Reading Comprehension, Writing",57.14,Start: Active Listening
31,Yes,Travel_Frequently,667,Sales,1,4,Life Sciences,1,1427,2,Female,50,1,1,Sales Representative,3,Single,1359,16154,1,Y,No,12,3,2,80,0,1,3,3,1,0,0,0,0.9758587,High Risk,2.3333333333333335,679.5,2.6666666666666665,HIGH RISK: HR review; retention conversation; career-path and compensation review.,41-4012.00,"Monitoring, Microsoft Excel, Adobe Photoshop, Adobe Creative Cloud software, Salesforce software, Adobe InDesign, Microsoft Office software, Critical Thinking, Active Learning, Speaking, Reading Comprehension, Writing, Autodesk AutoCAD, Adobe Acrobat","Active Listening, Microsoft Outlook, Microsoft PowerPoint, Adobe Illustrator, Apple macOS",73.68,Start: Active Listening
30,No,Travel_Rarely,855,Sales,7,4,Marketing,1,1428,4,Female,73,3,2,Sales Executive,1,Divorced,4779,12761,7,Y,No,14,3,2,80,2,8,3,3,3,2,0,2,0.11393513,Low Risk,2.3333333333333335,1194.75,2.6666666666666665,LOW RISK: Continue standard career development and engagement tracking.,53-3031.00,"Reading Comprehension, Speaking, Writing, Critical Thinking","Active Listening, Microsoft Excel, Microsoft Office software",57.14,Start: Active Listening
31,No,Travel_Rarely,182,Research & Development,8,5,Life Sciences,1,1430,1,Female,93,3,4,Research Director,2,Single,16422,8847,3,Y,No,11,3,3,80,0,9,3,4,3,2,1,0,0.07934095,Low Risk,2.0,4105.5,2.3333333333333335,LOW RISK: Continue standard career development and engagement tracking.,27-2041.00,"Writing, Active Learning, Microsoft Word, Microsoft Outlook, Microsoft Excel, Active Listening, Critical Thinking, Learning Strategies, Reading Comprehension, Microsoft PowerPoint","Speaking, Monitoring, Microsoft Office software",76.92,Start: Speaking
34,No,Travel_Frequently,560,Research & Development,1,4,Other,1,1431,4,Male,91,3,1,Research Scientist,1,Divorced,2996,20284,5,Y,No,14,3,3,80,2,10,2,3,4,3,1,3,0.10230322,Low Risk,2.6666666666666665,599.2,2.6666666666666665,LOW RISK: Continue standard career development and engagement tracking.,15-1221.00,"Speaking, Learning Strategies, C++, Apache Spark, Critical Thinking, Active Learning, Monitoring, Apache Kafka, Docker, Reading Comprehension, Science, Active Listening, Ansible software, Git","Mathematics, Writing, Amazon Web Services AWS software, Apache Hadoop, Bash, C, GitHub, Go",63.64,Start: Mathematics
31,Yes,Travel_Rarely,202,Research & Development,8,3,Life Sciences,1,1433,1,Female,34,2,1,Research Scientist,2,Single,1261,22262,1,Y,No,12,3,3,80,0,1,3,4,1,0,0,0,0.88528,High Risk,2.0,630.5,2.3333333333333335,HIGH RISK: HR review; retention conversation; career-path and compensation review.,15-1221.00,"Git, Apache Hadoop, Writing, Apache Spark, C++, Critical Thinking, Reading Comprehension, Ansible software, Amazon Web Services AWS software, Apache Kafka, GitHub, Science, Bash, Go, Active Learning, C","Mathematics, Active Listening, Speaking, Monitoring, Learning Strategies, Docker",72.73,Start: Mathematics
27,No,Travel_Rarely,1377,Research & Development,11,1,Life Sciences,1,1434,2,Male,91,3,1,Laboratory Technician,1,Married,2099,7679,0,Y,No,14,3,2,80,0,6,3,4,5,0,1,4,0.19063887,Low Risk,1.6666666666666667,349.8333333333333,2.3333333333333335,LOW RISK: Continue standard career development and engagement tracking.,51-9083.00,"Critical Thinking, Reading Comprehension, SAP software, Microsoft Office software, Microsoft PowerPoint","Monitoring, Microsoft Excel, Microsoft Outlook, Microsoft Word",55.56,Start: Monitoring
36,No,Travel_Rarely,172,Research & Development,4,4,Life Sciences,1,1435,1,Male,37,2,2,Laboratory Technician,4,Single,5810,22604,1,Y,No,16,3,3,80,0,10,2,2,10,4,1,8,0.12006336,Low Risk,2.6666666666666665,528.1818181818181,2.3333333333333335,LOW RISK: Continue standard career development and engagement tracking.,51-9083.00,"Microsoft Office software, Microsoft PowerPoint, Microsoft Word, Monitoring, Microsoft Excel","Reading Comprehension, Critical Thinking, Microsoft Outlook, SAP software",55.56,Start: Reading Comprehension
36,No,Travel_Rarely,329,Sales,16,4,Marketing,1,1436,3,Female,98,2,2,Sales Executive,1,Married,5647,13494,4,Y,No,13,3,1,80,2,11,3,2,3,2,0,2,0.16335537,Low Risk,1.6666666666666667,1411.75,2.0,LOW RISK: Continue standard career development and engagement tracking.,53-3031.00,"Writing, Active Listening, Speaking, Microsoft Excel, Microsoft Office software","Critical Thinking, Reading Comprehension",71.43,Start: Critical Thinking
47,No,Travel_Rarely,465,Research & Development,1,3,Technical Degree,1,1438,1,Male,74,3,1,Research Scientist,4,Married,3420,10205,7,Y,No,12,3,3,80,1,17,2,2,6,5,1,2,0.07047137,Low Risk,2.6666666666666665,488.57142857142856,2.3333333333333335,LOW RISK: Continue standard career development and engagement tracking.,15-1221.00,"Git, C++, Speaking, Critical Thinking, Mathematics, Apache Hadoop, Science, C, Apache Spark, Apache Kafka, Amazon Web Services AWS software, Docker, Bash, Active Listening","Active Learning, Reading Comprehension, Writing, Monitoring, Learning Strategies, Ansible software, GitHub, Go",63.64,Start: Active Learning
25,Yes,Travel_Rarely,383,Sales,9,2,Life Sciences,1,1439,1,Male,68,2,1,Sales Representative,1,Married,4400,15182,3,Y,No,12,3,1,80,0,6,2,3,3,2,2,2,0.687493,Medium Risk,1.0,1100.0,1.6666666666666667,MEDIUM RISK: Manager check-in; mentorship; targeted development plan.,41-4012.00,"Reading Comprehension, Speaking, Adobe Creative Cloud software, Adobe Illustrator, Active Learning, Autodesk AutoCAD, Microsoft Office software, Critical Thinking, Microsoft PowerPoint, Apple macOS, Writing, Adobe Photoshop, Microsoft Excel, Microsoft Outlook","Active Listening, Monitoring, Salesforce software, Adobe Acrobat, Adobe InDesign",73.68,Start: Active Listening
37,No,Non-Travel,1413,Research & Development,5,2,Technical Degree,1,1440,3,Male,84,4,1,Laboratory Technician,3,Single,3500,25470,0,Y,No,14,3,1,80,0,7,2,1,6,5,1,3,0.0762255,Low Risk,2.3333333333333335,500.0,2.3333333333333335,LOW RISK: Continue standard career development and engagement tracking.,51-9083.00,"Microsoft Office software, Reading Comprehension, Microsoft Outlook, Critical Thinking, Microsoft Excel","Monitoring, Microsoft PowerPoint, Microsoft Word, SAP software",55.56,Start: Monitoring
56,No,Travel_Rarely,1255,Research & Development,1,2,Life Sciences,1,1441,1,Female,90,3,1,Research Scientist,1,Married,2066,10494,2,Y,No,22,4,4,80,1,5,3,4,3,2,1,0,0.08588561,Low Risk,2.0,516.5,2.0,LOW RISK: Continue standard career development and engagement tracking.,15-1221.00,"Mathematics, Writing, C, Apache Spark, C++, Active Learning, Apache Kafka, Docker, Critical Thinking, Apache Hadoop, GitHub, Active Listening","Reading Comprehension, Speaking, Monitoring, Learning Strategies, Science, Amazon Web Services AWS software, Ansible software, Bash, Git, Go",54.55,Start: Reading Comprehension
47,No,Travel_Rarely,359,Research & Development,2,4,Medical,1,1443,1,Female,82,3,4,Research Director,3,Married,17169,26703,3,Y,No,19,3,2,80,2,26,2,4,20,17,5,6,0.021329021,Low Risk,2.0,817.5714285714286,2.6666666666666665,LOW RISK: Continue standard career development and engagement tracking.,27-2041.00,"Critical Thinking, Reading Comprehension, Active Learning, Writing, Microsoft Excel, Learning Strategies, Microsoft Outlook, Microsoft Word","Active Listening, Speaking, Monitoring, Microsoft Office software, Microsoft PowerPoint",61.54,Start: Active Listening
24,No,Travel_Rarely,1476,Sales,4,1,Medical,1,1445,4,Female,42,3,2,Sales Executive,3,Married,4162,15211,1,Y,Yes,12,3,3,80,2,5,3,3,5,4,0,3,0.1840324,Low Risk,3.3333333333333335,693.6666666666666,3.3333333333333335,LOW RISK: Continue standard career development and engagement tracking.,53-3031.00,"Microsoft Excel, Reading Comprehension, Critical Thinking, Writing, Speaking","Active Listening, Microsoft Office software",71.43,Start: Active Listening
32,No,Travel_Rarely,601,Sales,7,5,Marketing,1,1446,4,Male,97,3,2,Sales Executive,4,Married,9204,23343,4,Y,No,12,3,3,80,1,7,3,2,4,3,0,3,0.16444884,Low Risk,3.6666666666666665,1840.8,3.3333333333333335,LOW RISK: Continue standard career development and engagement tracking.,53-3031.00,"Microsoft Office software, Reading Comprehension, Writing, Critical Thinking, Microsoft Excel, Speaking",Active Listening,85.71,Start: Active Listening
34,No,Travel_Rarely,401,Research & Development,1,3,Life Sciences,1,1447,4,Female,86,2,1,Laboratory Technician,2,Married,3294,3708,5,Y,No,17,3,1,80,1,7,2,2,5,4,0,2,0.18713982,Low Risk,2.3333333333333335,549.0,2.6666666666666665,LOW RISK: Continue standard career development and engagement tracking.,51-9083.00,"Microsoft PowerPoint, Reading Comprehension, Microsoft Office software, SAP software, Microsoft Word","Critical Thinking, Monitoring, Microsoft Excel, Microsoft Outlook",55.56,Start: Critical Thinking
41,No,Travel_Rarely,1283,Research & Development,5,5,Medical,1,1448,2,Male,90,4,1,Research Scientist,3,Married,2127,5561,2,Y,Yes,12,3,1,80,0,7,5,2,4,2,0,3,0.5224323,Medium Risk,2.0,425.4,2.3333333333333335,MEDIUM RISK: Manager check-in; mentorship; targeted development plan.,15-1221.00,"C, Amazon Web Services AWS software, Speaking, Apache Hadoop, Docker, Apache Spark, Ansible software, Writing, C++, Science, Mathematics, Critical Thinking, Apache Kafka, Learning Strategies, Bash, Monitoring","Active Learning, Reading Comprehension, Active Listening, Git, GitHub, Go",72.73,Start: Active Learning
40,No,Non-Travel,663,Research & Development,9,4,Other,1,1449,3,Male,81,3,2,Laboratory Technician,3,Divorced,3975,23099,3,Y,No,11,3,3,80,2,11,2,4,8,7,0,7,0.022528077,Low Risk,3.0,441.6666666666667,3.3333333333333335,LOW RISK: Continue standard career development and engagement tracking.,51-9083.00,"Microsoft Office software, Critical Thinking, Monitoring, Microsoft Word, SAP software","Reading Comprehension, Microsoft Excel, Microsoft Outlook, Microsoft PowerPoint",55.56,Start: Reading Comprehension
31,No,Travel_Rarely,326,Sales,8,2,Life Sciences,1,1453,1,Male,31,3,3,Sales Executive,4,Divorced,10793,8386,1,Y,No,18,3,1,80,1,13,5,3,13,7,9,9,0.23915815,Low Risk,2.0,770.9285714285714,2.6666666666666665,LOW RISK: Continue standard career development and engagement tracking.,53-3031.00,"Microsoft Office software, Reading Comprehension, Writing","Active Listening, Speaking, Critical Thinking, Microsoft Excel",42.86,Start: Active Listening
46,Yes,Travel_Rarely,377,Sales,9,3,Marketing,1,1457,1,Male,52,3,3,Sales Executive,4,Divorced,10096,15986,4,Y,No,11,3,1,80,1,28,1,4,7,7,4,3,0.87866354,High Risk,2.0,1262.0,3.0,HIGH RISK: HR review; retention conversation; career-path and compensation review.,53-3031.00,"Microsoft Excel, Writing, Reading Comprehension, Active Listening, Speaking","Critical Thinking, Microsoft Office software",71.43,Start: Critical Thinking
39,Yes,Non-Travel,592,Research & Development,2,3,Life Sciences,1,1458,1,Female,54,2,1,Laboratory Technician,1,Single,3646,17181,2,Y,Yes,23,4,2,80,0,11,2,4,1,0,0,0,0.9416982,High Risk,1.3333333333333333,1823.0,2.0,HIGH RISK: HR review; retention conversation; career-path and compensation review.,51-9083.00,"Microsoft Excel, Critical Thinking, Microsoft Outlook, Reading Comprehension, Microsoft Office software, SAP software","Monitoring, Microsoft PowerPoint, Microsoft Word",66.67,Start: Monitoring
31,Yes,Travel_Frequently,1445,Research & Development,1,5,Life Sciences,1,1459,3,Female,100,4,3,Manufacturing Director,2,Single,7446,8931,1,Y,No,11,3,1,80,0,10,2,3,10,8,4,7,0.8573793,High Risk,2.0,676.9090909090909,2.6666666666666665,HIGH RISK: HR review; retention conversation; career-path and compensation review.,51-9195.05,"Critical Thinking, Monitoring, Microsoft Excel, Microsoft Outlook",Active Listening,80.0,Start: Active Listening
45,No,Travel_Rarely,1038,Research & Development,20,3,Medical,1,1460,2,Male,95,1,3,Healthcare Representative,1,Divorced,10851,19863,2,Y,Yes,18,3,2,80,1,24,2,3,7,7,0,7,0.08187101,Low Risk,1.6666666666666667,1356.375,2.0,LOW RISK: Continue standard career development and engagement tracking.,43-4051.00,"Active Listening, Microsoft Excel, Intuit QuickBooks, Adobe Illustrator, Reading Comprehension, Facebook, Apple macOS, Adobe Creative Cloud software, Writing, Microsoft Office software, Adobe Photoshop","Speaking, Critical Thinking, Monitoring, Microsoft Outlook, Adobe Acrobat, Google Docs, Kronos Workforce Timekeeper",61.11,Start: Speaking
31,No,Travel_Rarely,1398,Human Resources,8,2,Medical,1,1461,4,Female,96,4,1,Human Resources,2,Single,2109,24609,9,Y,No,18,3,4,80,0,8,3,3,3,2,0,2,0.15101853,Low Risk,3.3333333333333335,527.25,3.0,LOW RISK: Continue standard career development and engagement tracking.,43-4161.00,"Microsoft Outlook, Monitoring, Oracle PeopleSoft, Speaking, Microsoft Word, Active Listening, Reading Comprehension, Microsoft Visio, Critical Thinking, Microsoft PowerPoint","Writing, Active Learning, Microsoft Excel, Microsoft Office software, Applicant tracking software, Oracle HRIS, Google Docs, Microsoft Access, Microsoft SharePoint",52.63,Start: Writing
31,Yes,Travel_Frequently,523,Research & Development,2,3,Life Sciences,1,1464,2,Male,94,3,1,Laboratory Technician,4,Married,3722,21081,6,Y,Yes,13,3,3,80,1,7,2,1,2,2,2,2,0.92992324,High Risk,3.0,1240.6666666666667,2.3333333333333335,HIGH RISK: HR review; retention conversation; career-path and compensation review.,51-9083.00,"Critical Thinking, Microsoft Outlook, SAP software, Microsoft Word, Microsoft Excel, Monitoring","Reading Comprehension, Microsoft Office software, Microsoft PowerPoint",66.67,Start: Reading Comprehension
45,No,Travel_Rarely,1448,Research & Development,29,3,Technical Degree,1,1465,2,Male,55,3,3,Manufacturing Director,4,Married,9380,14720,4,Y,Yes,18,3,4,80,2,10,4,4,3,1,1,2,0.15266804,Low Risk,3.3333333333333335,2345.0,3.3333333333333335,LOW RISK: Continue standard career development and engagement tracking.,51-9195.05,"Active Listening, Critical Thinking, Microsoft Outlook, Microsoft Excel",Monitoring,80.0,Start: Monitoring
48,No,Travel_Rarely,1221,Sales,7,3,Marketing,1,1466,3,Male,96,3,2,Sales Executive,1,Divorced,5486,24795,4,Y,No,11,3,1,80,3,15,3,3,2,2,2,2,0.07582762,Low Risk,1.6666666666666667,1828.6666666666667,2.3333333333333335,LOW RISK: Continue standard career development and engagement tracking.,53-3031.00,"Active Listening, Microsoft Excel, Reading Comprehension, Writing, Speaking","Critical Thinking, Microsoft Office software",71.43,Start: Critical Thinking
34,Yes,Travel_Rarely,1107,Human Resources,9,4,Technical Degree,1,1467,1,Female,52,3,1,Human Resources,3,Married,2742,3072,1,Y,No,15,3,4,80,0,2,0,3,2,2,2,2,0.7967682,High Risk,2.6666666666666665,914.0,2.3333333333333335,HIGH RISK: HR review; retention conversation; career-path and compensation review.,43-4161.00,"Microsoft SharePoint, Oracle PeopleSoft, Active Learning, Microsoft Access, Applicant tracking software, Oracle HRIS, Microsoft Word, Speaking, Microsoft Excel","Reading Comprehension, Active Listening, Writing, Critical Thinking, Monitoring, Microsoft Office software, Microsoft Outlook, Microsoft PowerPoint, Google Docs, Microsoft Visio",47.37,Start: Reading Comprehension
40,No,Non-Travel,218,Research & Development,8,1,Medical,1,1468,4,Male,55,2,3,Research Director,2,Divorced,13757,25178,2,Y,No,11,3,3,80,1,16,5,3,9,8,4,8,0.015508895,Low Risk,3.0,1375.7,3.0,LOW RISK: Continue standard career development and engagement tracking.,27-2041.00,"Microsoft Excel, Critical Thinking, Microsoft PowerPoint, Microsoft Outlook, Active Learning, Speaking, Microsoft Word, Microsoft Office software, Active Listening, Writing","Monitoring, Reading Comprehension, Learning Strategies",76.92,Start: Monitoring
28,No,Travel_Rarely,866,Sales,5,3,Medical,1,1469,4,Male,84,3,2,Sales Executive,1,Single,8463,23490,0,Y,No,18,3,4,80,0,6,4,3,5,4,1,3,0.09794674,Low Risk,3.0,1410.5,2.6666666666666665,LOW RISK: Continue standard career development and engagement tracking.,53-3031.00,"Microsoft Office software, Critical Thinking, Writing, Speaking","Active Listening, Reading Comprehension, Microsoft Excel",57.14,Start: Active Listening
44,No,Non-Travel,981,Research & Development,5,3,Life Sciences,1,1471,3,Male,90,2,1,Laboratory Technician,3,Single,3162,7973,3,Y,No,14,3,4,80,0,7,5,3,5,2,0,3,0.048771862,Low Risk,3.3333333333333335,527.0,3.0,LOW RISK: Continue standard career development and engagement tracking.,51-9083.00,"Microsoft Word, Monitoring, SAP software, Critical Thinking, Microsoft Office software, Microsoft Excel, Reading Comprehension","Microsoft Outlook, Microsoft PowerPoint",77.78,Start: Microsoft Outlook
53,No,Travel_Rarely,447,Research & Development,2,3,Medical,1,1472,4,Male,39,4,4,Research Director,2,Single,16598,19764,4,Y,No,12,3,2,80,0,35,2,2,9,8,8,8,0.06999031,Low Risk,2.6666666666666665,1659.8,2.6666666666666665,LOW RISK: Continue standard career development and engagement tracking.,27-2041.00,"Microsoft Word, Speaking, Critical Thinking, Active Listening, Microsoft PowerPoint, Reading Comprehension, Microsoft Outlook","Monitoring, Writing, Active Learning, Learning Strategies, Microsoft Excel, Microsoft Office software",53.85,Start: Monitoring
49,No,Travel_Rarely,1495,Research & Development,5,4,Technical Degree,1,1473,1,Male,96,3,2,Healthcare Representative,3,Married,6651,21534,2,Y,No,14,3,2,80,1,20,0,2,3,2,1,2,0.042370036,Low Risk,2.0,1662.75,2.0,LOW RISK: Continue standard career development and engagement tracking.,43-4051.00,"Adobe Photoshop, Adobe Illustrator, Writing, Apple macOS, Critical Thinking, Microsoft Office software, Microsoft Outlook, Intuit QuickBooks, Google Docs","Active Listening, Speaking, Reading Comprehension, Monitoring, Microsoft Excel, Adobe Acrobat, Adobe Creative Cloud software, Facebook, Kronos Workforce Timekeeper",50.0,Start: Active Listening
40,No,Travel_Rarely,896,Research & Development,2,3,Medical,1,1474,3,Male,68,3,1,Research Scientist,3,Divorced,2345,8045,2,Y,No,14,3,3,80,1,8,3,4,3,1,1,2,0.0595814,Low Risk,3.0,586.25,3.3333333333333335,LOW RISK: Continue standard career development and engagement tracking.,15-1221.00,"Git, Active Listening, Apache Kafka, C, Speaking, Amazon Web Services AWS software, Ansible software, Critical Thinking, Go, Science, Apache Spark, Writing, Monitoring, Active Learning, C++, Mathematics, Apache Hadoop","Reading Comprehension, Learning Strategies, Bash, Docker, GitHub",77.27,Start: Reading Comprehension
44,No,Travel_Rarely,1467,Research & Development,20,3,Life Sciences,1,1475,4,Male,49,3,1,Research Scientist,2,Single,3420,21158,1,Y,No,13,3,3,80,0,6,3,2,5,2,1,3,0.13020927,Low Risk,3.0,570.0,2.6666666666666665,LOW RISK: Continue standard career development and engagement tracking.,15-1221.00,"Bash, C, C++, Active Learning, Science, Writing, Go, Ansible software, Git, GitHub, Apache Hadoop, Mathematics, Docker, Apache Kafka","Reading Comprehension, Critical Thinking, Active Listening, Speaking, Monitoring, Learning Strategies, Amazon Web Services AWS software, Apache Spark",63.64,Start: Reading Comprehension
33,No,Travel_Frequently,430,Sales,7,3,Medical,1,1477,4,Male,54,3,2,Sales Executive,1,Married,4373,17456,0,Y,No,14,3,1,80,2,5,2,3,4,3,0,3,0.22205704,Low Risk,2.0,874.6,2.6666666666666665,LOW RISK: Continue standard career development and engagement tracking.,53-3031.00,"Microsoft Office software, Critical Thinking, Microsoft Excel, Reading Comprehension","Active Listening, Speaking, Writing",57.14,Start: Active Listening
34,No,Travel_Rarely,1326,Sales,3,3,Other,1,1478,4,Male,81,1,2,Sales Executive,1,Single,4759,15891,3,Y,No,18,3,4,80,0,15,2,3,13,9,3,12,0.15262482,Low Risk,3.0,339.92857142857144,2.6666666666666665,LOW RISK: Continue standard career development and engagement tracking.,53-3031.00,"Microsoft Office software, Microsoft Excel, Reading Comprehension, Speaking, Critical Thinking, Writing",Active Listening,85.71,Start: Active Listening
30,No,Travel_Rarely,1358,Sales,16,1,Life Sciences,1,1479,4,Male,96,3,2,Sales Executive,3,Married,5301,2939,8,Y,No,15,3,3,80,2,4,2,2,2,1,2,2,0.079958595,Low Risk,3.3333333333333335,1767.0,3.0,LOW RISK: Continue standard career development and engagement tracking.,53-3031.00,"Reading Comprehension, Active Listening, Microsoft Office software, Writing, Critical Thinking","Speaking, Microsoft Excel",71.43,Start: Speaking
42,No,Travel_Frequently,748,Research & Development,9,2,Medical,1,1480,1,Female,74,3,1,Laboratory Technician,4,Single,3673,16458,1,Y,No,13,3,3,80,0,12,3,3,12,9,5,8,0.11110438,Low Risk,2.6666666666666665,282.53846153846155,2.6666666666666665,LOW RISK: Continue standard career development and engagement tracking.,51-9083.00,"Microsoft Excel, Monitoring, Reading Comprehension, Microsoft Office software, Microsoft Word, SAP software","Critical Thinking, Microsoft Outlook, Microsoft PowerPoint",66.67,Start: Critical Thinking
44,No,Travel_Frequently,383,Sales,1,5,Marketing,1,1481,1,Female,79,3,2,Sales Executive,3,Married,4768,9282,7,Y,No,12,3,3,80,1,11,4,2,1,0,0,0,0.37003827,Low Risk,2.3333333333333335,2384.0,2.0,LOW RISK: Continue standard career development and engagement tracking.,53-3031.00,"Active Listening, Critical Thinking, Microsoft Excel","Speaking, Reading Comprehension, Writing, Microsoft Office software",42.86,Start: Speaking
30,No,Non-Travel,990,Research & Development,7,3,Technical Degree,1,1482,3,Male,64,3,1,Research Scientist,3,Divorced,1274,7152,1,Y,No,13,3,2,80,2,1,2,2,1,0,0,0,0.07318597,Low Risk,2.6666666666666665,637.0,2.6666666666666665,LOW RISK: Continue standard career development and engagement tracking.,15-1221.00,"Critical Thinking, Bash, Docker, Active Learning, Apache Kafka, Reading Comprehension, Git, Go, GitHub, Speaking, Monitoring","Mathematics, Active Listening, Writing, Learning Strategies, Science, Amazon Web Services AWS software, Ansible software, Apache Hadoop, Apache Spark, C, C++",50.0,Start: Mathematics
57,No,Travel_Rarely,405,Research & Development,1,2,Life Sciences,1,1483,2,Male,93,4,2,Research Scientist,3,Married,4900,2721,0,Y,No,24,4,1,80,1,13,2,2,12,9,2,8,0.024416512,Low Risk,2.0,376.9230769230769,2.3333333333333335,LOW RISK: Continue standard career development and engagement tracking.,15-1221.00,"Mathematics, Reading Comprehension, Monitoring, Amazon Web Services AWS software, Speaking, Active Learning, C, Writing, Critical Thinking, Learning Strategies","Active Listening, Science, Ansible software, Apache Hadoop, Apache Kafka, Apache Spark, Bash, C++, Docker, Git, GitHub, Go",45.45,Start: Active Listening
49,No,Travel_Rarely,1490,Research & Development,7,4,Life Sciences,1,1484,3,Male,35,3,3,Healthcare Representative,2,Divorced,10466,20948,3,Y,No,14,3,2,80,2,29,3,3,8,7,0,7,0.012436476,Low Risk,2.3333333333333335,1162.888888888889,2.6666666666666665,LOW RISK: Continue standard career development and engagement tracking.,43-4051.00,"Reading Comprehension, Microsoft Excel, Intuit QuickBooks, Microsoft Office software, Active Listening, Apple macOS, Adobe Illustrator, Speaking, Adobe Creative Cloud software, Facebook, Critical Thinking, Monitoring, Writing, Microsoft Outlook","Adobe Acrobat, Adobe Photoshop, Google Docs, Kronos Workforce Timekeeper",77.78,Start: Adobe Acrobat
34,No,Travel_Frequently,829,Research & Development,15,3,Medical,1,1485,2,Male,71,3,4,Research Director,1,Divorced,17007,11929,7,Y,No,14,3,4,80,2,16,3,2,14,8,6,9,0.10250242,Low Risk,2.3333333333333335,1133.8,1.6666666666666667,LOW RISK: Continue standard career development and engagement tracking.,27-2041.00,"Learning Strategies, Microsoft Word, Microsoft Excel, Speaking, Microsoft PowerPoint, Microsoft Office software, Monitoring, Active Learning, Active Listening, Critical Thinking","Reading Comprehension, Writing, Microsoft Outlook",76.92,Start: Reading Comprehension
28,Yes,Travel_Frequently,1496,Sales,1,3,Technical Degree,1,1486,1,Male,92,3,1,Sales Representative,3,Married,2909,15747,3,Y,No,15,3,4,80,1,5,3,4,3,2,1,2,0.8086897,High Risk,2.6666666666666665,727.25,2.6666666666666665,HIGH RISK: HR review; retention conversation; career-path and compensation review.,41-4012.00,"Adobe Acrobat, Adobe Illustrator, Critical Thinking, Microsoft PowerPoint, Speaking, Active Listening, Microsoft Excel, Writing, Microsoft Office software, Adobe Photoshop, Reading Comprehension, Monitoring, Microsoft Outlook","Active Learning, Salesforce software, Adobe Creative Cloud software, Adobe InDesign, Apple macOS, Autodesk AutoCAD",68.42,Start: Active Learning
29,Yes,Travel_Frequently,115,Sales,13,3,Technical Degree,1,1487,1,Female,51,3,2,Sales Executive,2,Single,5765,17485,5,Y,No,11,3,1,80,0,7,4,1,5,3,0,0,0.9765157,High Risk,1.3333333333333333,960.8333333333334,1.3333333333333333,HIGH RISK: HR review; retention conversation; career-path and compensation review.,53-3031.00,"Microsoft Excel, Reading Comprehension, Speaking, Microsoft Office software","Active Listening, Critical Thinking, Writing",57.14,Start: Active Listening
34,Yes,Travel_Rarely,790,Sales,24,4,Medical,1,1489,1,Female,40,2,2,Sales Executive,2,Single,4599,7815,0,Y,Yes,23,4,3,80,0,16,2,4,15,9,10,10,0.8836044,High Risk,2.0,287.4375,2.3333333333333335,HIGH RISK: HR review; retention conversation; career-path and compensation review.,53-3031.00,"Writing, Microsoft Office software, Reading Comprehension","Active Listening, Speaking, Critical Thinking, Microsoft Excel",42.86,Start: Active Listening
35,No,Travel_Rarely,660,Sales,7,1,Life Sciences,1,1492,4,Male,76,3,1,Sales Representative,3,Married,2404,16192,1,Y,No,13,3,1,80,1,1,3,3,1,0,0,0,0.35854617,Low Risk,2.6666666666666665,1202.0,3.3333333333333335,LOW RISK: Continue standard career development and engagement tracking.,41-4012.00,"Adobe InDesign, Adobe Photoshop, Reading Comprehension, Adobe Creative Cloud software, Monitoring, Microsoft Excel, Adobe Acrobat, Active Listening, Adobe Illustrator, Apple macOS, Active Learning, Salesforce software, Autodesk AutoCAD","Speaking, Critical Thinking, Writing, Microsoft Office software, Microsoft Outlook, Microsoft PowerPoint",68.42,Start: Speaking
24,Yes,Travel_Frequently,381,Research & Development,9,3,Medical,1,1494,2,Male,89,3,1,Laboratory Technician,1,Single,3172,16998,2,Y,Yes,11,3,3,80,0,4,2,2,0,0,0,0,0.98668647,High Risk,2.0,3172.0,1.6666666666666667,HIGH RISK: HR review; retention conversation; career-path and compensation review.,51-9083.00,"Microsoft Outlook, Monitoring, Microsoft Excel, Microsoft Office software, Reading Comprehension","Critical Thinking, Microsoft PowerPoint, Microsoft Word, SAP software",55.56,Start: Critical Thinking
24,No,Non-Travel,830,Sales,13,2,Life Sciences,1,1495,4,Female,78,3,1,Sales Representative,2,Married,2033,7103,1,Y,No,13,3,3,80,1,1,2,3,1,0,0,0,0.457447,Medium Risk,3.0,1016.5,3.0,MEDIUM RISK: Manager check-in; mentorship; targeted development plan.,41-4012.00,"Critical Thinking, Reading Comprehension, Microsoft Excel, Speaking, Active Learning, Salesforce software, Microsoft Office software, Microsoft PowerPoint, Adobe Creative Cloud software","Active Listening, Writing, Monitoring, Microsoft Outlook, Adobe Acrobat, Adobe Illustrator, Adobe InDesign, Adobe Photoshop, Apple macOS, Autodesk AutoCAD",47.37,Start: Active Listening
44,No,Travel_Frequently,1193,Research & Development,2,1,Medical,1,1496,2,Male,86,3,3,Manufacturing Director,3,Single,10209,19719,5,Y,Yes,18,3,2,80,0,16,2,2,2,2,2,2,0.25895363,Low Risk,2.3333333333333335,3403.0,2.3333333333333335,LOW RISK: Continue standard career development and engagement tracking.,51-9195.05,"Microsoft Excel, Active Listening, Critical Thinking, Monitoring",Microsoft Outlook,80.0,Start: Microsoft Outlook
29,No,Travel_Rarely,1246,Sales,19,3,Life Sciences,1,1497,3,Male,77,2,2,Sales Executive,3,Divorced,8620,23757,1,Y,No,14,3,3,80,2,10,3,3,10,7,0,4,0.062004473,Low Risk,3.0,783.6363636363636,3.0,LOW RISK: Continue standard career development and engagement tracking.,53-3031.00,"Writing, Critical Thinking, Active Listening, Reading Comprehension","Speaking, Microsoft Excel, Microsoft Office software",57.14,Start: Speaking
30,No,Travel_Rarely,330,Human Resources,1,3,Life Sciences,1,1499,3,Male,46,3,1,Human Resources,3,Divorced,2064,15428,0,Y,No,21,4,1,80,1,6,3,4,5,3,1,3,0.10996543,Low Risk,2.3333333333333335,344.0,3.3333333333333335,LOW RISK: Continue standard career development and engagement tracking.,43-4161.00,"Critical Thinking, Microsoft Access, Microsoft Outlook, Writing, Microsoft Excel, Active Learning, Microsoft SharePoint, Oracle HRIS, Speaking, Reading Comprehension","Active Listening, Monitoring, Microsoft Office software, Microsoft PowerPoint, Microsoft Word, Applicant tracking software, Google Docs, Microsoft Visio, Oracle PeopleSoft",52.63,Start: Active Listening
55,No,Travel_Rarely,1229,Research & Development,4,4,Life Sciences,1,1501,4,Male,30,3,2,Healthcare Representative,3,Married,4035,16143,0,Y,Yes,16,3,2,80,0,4,2,3,3,2,1,2,0.053704817,Low Risk,3.0,1008.75,3.3333333333333335,LOW RISK: Continue standard career development and engagement tracking.,43-4051.00,"Writing, Active Listening, Adobe Creative Cloud software, Adobe Acrobat, Intuit QuickBooks, Microsoft Excel, Adobe Illustrator, Reading Comprehension, Facebook, Apple macOS, Microsoft Office software, Speaking, Kronos Workforce Timekeeper, Adobe Photoshop","Critical Thinking, Monitoring, Microsoft Outlook, Google Docs",77.78,Start: Critical Thinking
33,No,Travel_Rarely,1099,Research & Development,4,4,Medical,1,1502,1,Female,82,2,1,Laboratory Technician,2,Married,3838,8192,8,Y,No,11,3,4,80,0,8,5,3,5,4,0,2,0.3350264,Low Risk,2.3333333333333335,639.6666666666666,2.0,LOW RISK: Continue standard career development and engagement tracking.,51-9083.00,"Microsoft Office software, SAP software, Monitoring, Microsoft PowerPoint, Microsoft Word, Microsoft Excel, Microsoft Outlook","Reading Comprehension, Critical Thinking",77.78,Start: Reading Comprehension
47,No,Travel_Rarely,571,Sales,14,3,Medical,1,1503,3,Female,78,3,2,Sales Executive,3,Married,4591,24200,3,Y,Yes,17,3,3,80,1,11,4,2,5,4,1,2,0.16494411,Low Risk,3.0,765.1666666666666,2.6666666666666665,LOW RISK: Continue standard career development and engagement tracking.,53-3031.00,"Microsoft Office software, Writing, Critical Thinking, Microsoft Excel, Reading Comprehension","Active Listening, Speaking",71.43,Start: Active Listening
28,Yes,Travel_Frequently,289,Research & Development,2,2,Medical,1,1504,3,Male,38,2,1,Laboratory Technician,1,Single,2561,5355,7,Y,No,11,3,3,80,0,8,2,2,0,0,0,0,0.9587469,High Risk,2.3333333333333335,2561.0,2.0,HIGH RISK: HR review; retention conversation; career-path and compensation review.,51-9083.00,"Microsoft Outlook, SAP software, Microsoft PowerPoint, Monitoring, Microsoft Word, Reading Comprehension, Microsoft Excel","Critical Thinking, Microsoft Office software",77.78,Start: Critical Thinking
28,No,Travel_Rarely,1423,Research & Development,1,3,Life Sciences,1,1506,1,Male,72,2,1,Research Scientist,3,Divorced,1563,12530,1,Y,No,14,3,4,80,1,1,2,1,1,0,0,0,0.16517474,Low Risk,2.6666666666666665,781.5,1.6666666666666667,LOW RISK: Continue standard career development and engagement tracking.,15-1221.00,"Apache Spark, Apache Kafka, Learning Strategies, Docker, C++, C, Ansible software, Amazon Web Services AWS software, Science, Mathematics, Critical Thinking, Git, Monitoring, Go, Apache Hadoop","Active Learning, Reading Comprehension, Active Listening, Writing, Speaking, Bash, GitHub",68.18,Start: Active Learning
28,No,Travel_Frequently,467,Sales,7,3,Life Sciences,1,1507,3,Male,55,3,2,Sales Executive,1,Single,4898,11827,0,Y,No,14,3,4,80,0,5,5,3,4,2,1,3,0.25956056,Low Risk,2.6666666666666665,979.6,2.3333333333333335,LOW RISK: Continue standard career development and engagement tracking.,53-3031.00,"Speaking, Writing, Reading Comprehension","Active Listening, Critical Thinking, Microsoft Excel, Microsoft Office software",42.86,Start: Active Listening
49,No,Travel_Rarely,271,Research & Development,3,2,Medical,1,1509,3,Female,43,2,2,Laboratory Technician,1,Married,4789,23070,4,Y,No,25,4,1,80,1,10,3,3,3,2,1,2,0.06714676,Low Risk,1.6666666666666667,1197.25,2.3333333333333335,LOW RISK: Continue standard career development and engagement tracking.,51-9083.00,"Reading Comprehension, SAP software, Microsoft Word, Microsoft Office software, Microsoft Outlook, Monitoring","Critical Thinking, Microsoft Excel, Microsoft PowerPoint",66.67,Start: Critical Thinking
29,No,Travel_Frequently,410,Research & Development,2,1,Life Sciences,1,1513,4,Female,97,3,1,Laboratory Technician,2,Married,3180,4668,0,Y,No,13,3,3,80,3,4,3,3,3,2,0,2,0.14364806,Low Risk,3.0,795.0,3.0,LOW RISK: Continue standard career development and engagement tracking.,51-9083.00,"Critical Thinking, Reading Comprehension, SAP software, Microsoft Outlook, Microsoft Word, Monitoring","Microsoft Excel, Microsoft Office software, Microsoft PowerPoint",66.67,Start: Microsoft Excel
28,No,Travel_Rarely,1083,Research & Development,29,1,Life Sciences,1,1514,3,Male,96,1,2,Manufacturing Director,2,Married,6549,3173,1,Y,No,14,3,2,80,2,8,2,2,8,6,1,7,0.07622602,Low Risk,2.3333333333333335,727.6666666666666,2.3333333333333335,LOW RISK: Continue standard career development and engagement tracking.,51-9195.05,"Microsoft Excel, Microsoft Outlook, Critical Thinking, Active Listening",Monitoring,80.0,Start: Monitoring
33,No,Travel_Rarely,516,Research & Development,8,5,Life Sciences,1,1515,4,Male,69,3,2,Healthcare Representative,3,Single,6388,22049,2,Y,Yes,17,3,1,80,0,14,6,3,0,0,0,0,0.38264972,Low Risk,2.6666666666666665,6388.0,3.3333333333333335,LOW RISK: Continue standard career development and engagement tracking.,43-4051.00,"Monitoring, Speaking, Facebook, Adobe Photoshop, Reading Comprehension, Google Docs, Adobe Acrobat, Kronos Workforce Timekeeper, Adobe Creative Cloud software, Microsoft Office software, Apple macOS, Adobe Illustrator, Microsoft Excel, Critical Thinking","Active Listening, Writing, Microsoft Outlook, Intuit QuickBooks",77.78,Start: Active Listening
32,No,Travel_Rarely,495,Research & Development,10,3,Medical,1,1516,3,Male,64,3,3,Manager,4,Single,11244,21072,2,Y,No,25,4,2,80,0,10,5,4,5,2,0,0,0.10069857,Low Risk,3.0,1874.0,3.6666666666666665,LOW RISK: Continue standard career development and engagement tracking.,47-1011.03,"Critical Thinking, Microsoft PowerPoint, Microsoft Outlook, Learning Strategies, Microsoft Excel, Microsoft Office software, Microsoft Word, Autodesk Revit, Mathematics, Autodesk AutoCAD, Reading Comprehension, Microsoft Windows, Autodesk AutoCAD Civil 3D, Microsoft Project","Monitoring, Active Listening, Speaking, Writing, Active Learning, Microsoft Visio, Oracle Primavera Enterprise Project Portfolio Management",66.67,Start: Monitoring
54,No,Travel_Frequently,1050,Research & Development,11,4,Medical,1,1520,2,Female,87,3,4,Manager,4,Divorced,16032,24456,3,Y,No,20,4,1,80,1,26,2,3,14,9,1,12,0.012802157,Low Risk,2.3333333333333335,1068.8,3.0,LOW RISK: Continue standard career development and engagement tracking.,47-1011.03,"Critical Thinking, Microsoft Visio, Microsoft Outlook, Monitoring, Reading Comprehension, Autodesk AutoCAD Civil 3D, Microsoft Excel, Learning Strategies, Autodesk Revit, Autodesk AutoCAD, Oracle Primavera Enterprise Project Portfolio Management, Speaking, Writing, Microsoft Word, Mathematics","Active Listening, Active Learning, Microsoft Office software, Microsoft PowerPoint, Microsoft Project, Microsoft Windows",71.43,Start: Active Listening
29,Yes,Travel_Rarely,224,Research & Development,1,4,Technical Degree,1,1522,1,Male,100,2,1,Research Scientist,1,Single,2362,7568,6,Y,No,13,3,3,80,0,11,2,1,9,7,0,7,0.92536736,High Risk,1.6666666666666667,236.2,1.0,HIGH RISK: HR review; retention conversation; career-path and compensation review.,15-1221.00,"Active Learning, Writing, Git, GitHub, Apache Hadoop, Active Listening, Docker, Ansible software, Monitoring, C++, Bash, Reading Comprehension, C, Mathematics, Apache Kafka","Critical Thinking, Speaking, Learning Strategies, Science, Amazon Web Services AWS software, Apache Spark, Go",68.18,Start: Critical Thinking
44,No,Travel_Rarely,136,Research & Development,28,3,Life Sciences,1,1523,4,Male,32,3,4,Research Director,1,Married,16328,22074,3,Y,No,13,3,3,80,1,24,1,4,20,6,14,17,0.034542777,Low Risk,2.6666666666666665,777.5238095238095,3.0,LOW RISK: Continue standard career development and engagement tracking.,27-2041.00,"Microsoft Excel, Active Listening, Learning Strategies, Active Learning, Speaking, Reading Comprehension, Microsoft Word","Critical Thinking, Monitoring, Writing, Microsoft Office software, Microsoft Outlook, Microsoft PowerPoint",53.85,Start: Critical Thinking
39,No,Travel_Rarely,1089,Research & Development,6,3,Life Sciences,1,1525,2,Female,32,3,3,Manufacturing Director,2,Single,8376,9150,4,Y,No,18,3,4,80,0,9,3,3,2,0,2,2,0.064781755,Low Risk,2.6666666666666665,2792.0,2.3333333333333335,LOW RISK: Continue standard career development and engagement tracking.,51-9195.05,"Active Listening, Critical Thinking, Microsoft Outlook","Monitoring, Microsoft Excel",60.0,Start: Monitoring
46,No,Travel_Rarely,228,Sales,3,3,Life Sciences,1,1527,3,Female,51,3,4,Manager,2,Married,16606,11380,8,Y,No,12,3,4,80,1,23,2,4,13,12,5,1,0.087276444,Low Risk,3.0,1186.142857142857,3.0,LOW RISK: Continue standard career development and engagement tracking.,47-1011.03,"Oracle Primavera Enterprise Project Portfolio Management, Active Listening, Microsoft Visio, Reading Comprehension, Active Learning, Mathematics, Microsoft Project, Microsoft Outlook, Autodesk AutoCAD, Microsoft Office software, Microsoft PowerPoint","Monitoring, Speaking, Critical Thinking, Writing, Learning Strategies, Autodesk AutoCAD Civil 3D, Autodesk Revit, Microsoft Excel, Microsoft Windows, Microsoft Word",52.38,Start: Monitoring
35,No,Travel_Rarely,1029,Research & Development,16,3,Life Sciences,1,1529,4,Female,91,2,3,Healthcare Representative,2,Single,8606,21195,1,Y,No,19,3,4,80,0,11,3,1,11,8,3,3,0.10019399,Low Risk,3.3333333333333335,717.1666666666666,2.3333333333333335,LOW RISK: Continue standard career development and engagement tracking.,43-4051.00,"Speaking, Critical Thinking, Active Listening, Google Docs, Microsoft Office software, Microsoft Outlook, Monitoring, Writing, Adobe Creative Cloud software, Reading Comprehension, Apple macOS","Microsoft Excel, Adobe Acrobat, Adobe Illustrator, Adobe Photoshop, Facebook, Intuit QuickBooks, Kronos Workforce Timekeeper",61.11,Start: Microsoft Excel
23,No,Travel_Rarely,507,Research & Development,20,1,Life Sciences,1,1533,1,Male,97,3,2,Laboratory Technician,3,Single,2272,24812,0,Y,No,14,3,2,80,0,5,2,3,4,3,1,2,0.13729583,Low Risk,2.0,454.4,2.3333333333333335,LOW RISK: Continue standard career development and engagement tracking.,51-9083.00,"Reading Comprehension, SAP software, Microsoft Outlook, Microsoft Office software, Monitoring, Microsoft Word, Microsoft PowerPoint","Critical Thinking, Microsoft Excel",77.78,Start: Critical Thinking
40,Yes,Travel_Rarely,676,Research & Development,9,4,Life Sciences,1,1534,4,Male,86,3,1,Laboratory Technician,1,Single,2018,21831,3,Y,No,14,3,2,80,0,15,3,1,5,4,1,0,0.8901312,High Risk,2.3333333333333335,336.3333333333333,2.0,HIGH RISK: HR review; retention conversation; career-path and compensation review.,51-9083.00,"Microsoft Excel, Microsoft Outlook, Critical Thinking, Microsoft PowerPoint","Reading Comprehension, Monitoring, Microsoft Office software, Microsoft Word, SAP software",44.44,Start: Reading Comprehension
34,No,Travel_Rarely,971,Sales,1,3,Technical Degree,1,1535,4,Male,64,2,3,Sales Executive,3,Married,7083,12288,1,Y,Yes,14,3,4,80,0,10,3,3,10,9,8,6,0.26595107,Low Risk,3.6666666666666665,643.9090909090909,3.3333333333333335,LOW RISK: Continue standard career development and engagement tracking.,53-3031.00,"Active Listening, Speaking, Microsoft Office software, Reading Comprehension, Microsoft Excel, Writing",Critical Thinking,85.71,Start: Critical Thinking
31,Yes,Travel_Frequently,561,Research & Development,3,3,Life Sciences,1,1537,4,Female,33,3,1,Research Scientist,3,Single,4084,4156,1,Y,No,12,3,1,80,0,7,2,1,7,2,7,7,0.8817658,High Risk,2.6666666666666665,510.5,2.6666666666666665,HIGH RISK: HR review; retention conversation; career-path and compensation review.,15-1221.00,"GitHub, Git, Apache Kafka, Science, Go, Writing, Learning Strategies, Ansible software, Monitoring, Active Listening, Mathematics, Speaking, Critical Thinking","Active Learning, Reading Comprehension, Amazon Web Services AWS software, Apache Hadoop, Apache Spark, Bash, C, C++, Docker",59.09,Start: Active Learning
50,No,Travel_Frequently,333,Research & Development,22,5,Medical,1,1539,3,Male,88,1,4,Research Director,4,Single,14411,24450,1,Y,Yes,13,3,4,80,0,32,2,3,32,6,13,9,0.14455877,Low Risk,3.6666666666666665,436.6969696969697,3.3333333333333335,LOW RISK: Continue standard career development and engagement tracking.,27-2041.00,"Microsoft Word, Microsoft Office software, Monitoring, Critical Thinking, Reading Comprehension, Active Listening, Active Learning","Speaking, Writing, Learning Strategies, Microsoft Excel, Microsoft Outlook, Microsoft PowerPoint",53.85,Start: Speaking
34,No,Travel_Rarely,1440,Sales,7,2,Technical Degree,1,1541,2,Male,55,3,1,Sales Representative,3,Married,2308,4944,0,Y,Yes,25,4,2,80,1,12,4,3,11,10,5,7,0.1362477,Low Risk,2.3333333333333335,192.33333333333334,2.6666666666666665,LOW RISK: Continue standard career development and engagement tracking.,41-4012.00,"Writing, Autodesk AutoCAD, Speaking, Adobe InDesign, Microsoft Outlook, Adobe Illustrator, Adobe Creative Cloud software, Active Listening, Apple macOS, Adobe Acrobat, Microsoft PowerPoint, Microsoft Office software, Salesforce software, Adobe Photoshop","Reading Comprehension, Critical Thinking, Active Learning, Monitoring, Microsoft Excel",73.68,Start: Reading Comprehension
42,No,Travel_Rarely,1210,Research & Development,2,3,Medical,1,1542,3,Male,68,2,1,Laboratory Technician,2,Married,4841,24052,4,Y,No,14,3,2,80,1,4,3,3,1,0,0,0,0.07161678,Low Risk,2.3333333333333335,2420.5,2.6666666666666665,LOW RISK: Continue standard career development and engagement tracking.,51-9083.00,"Microsoft Outlook, SAP software, Critical Thinking, Microsoft Word, Reading Comprehension","Monitoring, Microsoft Excel, Microsoft Office software, Microsoft PowerPoint",55.56,Start: Monitoring
37,No,Travel_Rarely,674,Research & Development,13,3,Medical,1,1543,1,Male,47,3,2,Research Scientist,4,Married,4285,3031,1,Y,No,17,3,1,80,0,10,2,3,10,8,3,7,0.31260857,Low Risk,2.0,389.54545454545456,2.6666666666666665,LOW RISK: Continue standard career development and engagement tracking.,15-1221.00,"Git, Ansible software, C, Speaking, Bash, GitHub, Monitoring, Science, Mathematics, Writing, Apache Kafka, Reading Comprehension, Learning Strategies, Apache Spark, C++","Active Learning, Critical Thinking, Active Listening, Amazon Web Services AWS software, Apache Hadoop, Docker, Go",68.18,Start: Active Learning
29,No,Travel_Rarely,441,Research & Development,8,1,Other,1,1544,3,Female,39,1,2,Healthcare Representative,1,Married,9715,7288,3,Y,No,13,3,3,80,1,9,3,3,7,7,0,7,0.08103535,Low Risk,2.3333333333333335,1214.375,2.3333333333333335,LOW RISK: Continue standard career development and engagement tracking.,43-4051.00,"Adobe Creative Cloud software, Intuit QuickBooks, Kronos Workforce Timekeeper, Microsoft Outlook, Adobe Photoshop, Adobe Illustrator, Reading Comprehension, Microsoft Office software, Active Listening, Writing, Monitoring","Speaking, Critical Thinking, Microsoft Excel, Adobe Acrobat, Apple macOS, Facebook, Google Docs",61.11,Start: Speaking
33,No,Travel_Rarely,575,Research & Development,25,3,Life Sciences,1,1545,4,Male,44,2,2,Manufacturing Director,2,Single,4320,24152,1,Y,No,13,3,4,80,0,5,2,3,5,3,0,2,0.12367351,Low Risk,3.3333333333333335,720.0,3.0,LOW RISK: Continue standard career development and engagement tracking.,51-9195.05,"Critical Thinking, Microsoft Outlook, Microsoft Excel","Active Listening, Monitoring",60.0,Start: Active Listening
45,No,Travel_Rarely,950,Research & Development,28,3,Technical Degree,1,1546,4,Male,97,3,1,Research Scientist,4,Married,2132,4585,4,Y,No,20,4,4,80,1,8,3,3,5,4,0,3,0.048784696,Low Risk,4.0,355.3333333333333,3.6666666666666665,LOW RISK: Continue standard career development and engagement tracking.,15-1221.00,"Docker, Monitoring, Active Learning, Go, Speaking, Reading Comprehension, Ansible software, Apache Hadoop, Mathematics, Science, Git, C, Active Listening, Critical Thinking, C++, GitHub, Learning Strategies, Bash","Writing, Amazon Web Services AWS software, Apache Kafka, Apache Spark",81.82,Start: Writing
42,No,Travel_Frequently,288,Research & Development,2,3,Life Sciences,1,1547,4,Male,40,3,3,Healthcare Representative,4,Married,10124,18611,2,Y,Yes,14,3,3,80,1,24,3,1,20,8,13,9,0.075673215,Low Risk,3.6666666666666665,482.0952380952381,3.0,LOW RISK: Continue standard career development and engagement tracking.,43-4051.00,"Google Docs, Writing, Adobe Acrobat, Adobe Creative Cloud software, Microsoft Outlook, Microsoft Office software, Kronos Workforce Timekeeper, Critical Thinking, Speaking, Intuit QuickBooks, Facebook, Apple macOS, Active Listening","Reading Comprehension, Monitoring, Microsoft Excel, Adobe Illustrator, Adobe Photoshop",72.22,Start: Reading Comprehension
40,No,Travel_Rarely,1342,Sales,9,2,Medical,1,1548,1,Male,47,3,2,Sales Executive,1,Married,5473,19345,0,Y,No,12,3,4,80,0,9,5,4,8,4,7,1,0.12242451,Low Risk,2.0,608.1111111111111,2.0,LOW RISK: Continue standard career development and engagement tracking.,53-3031.00,"Critical Thinking, Active Listening, Microsoft Office software, Reading Comprehension","Speaking, Writing, Microsoft Excel",57.14,Start: Speaking
33,No,Travel_Rarely,589,Research & Development,28,4,Life Sciences,1,1549,2,Male,79,3,2,Laboratory Technician,3,Married,5207,22949,1,Y,Yes,12,3,2,80,1,15,3,3,15,14,5,7,0.25145003,Low Risk,2.3333333333333335,325.4375,2.6666666666666665,LOW RISK: Continue standard career development and engagement tracking.,51-9083.00,"Reading Comprehension, Monitoring, SAP software, Critical Thinking, Microsoft Outlook, Microsoft PowerPoint, Microsoft Excel, Microsoft Word",Microsoft Office software,88.89,Start: Microsoft Office software
40,No,Travel_Rarely,898,Human Resources,6,2,Medical,1,1550,3,Male,38,3,4,Manager,4,Single,16437,17381,1,Y,Yes,21,4,4,80,0,21,2,3,21,7,7,7,0.12648214,Low Risk,3.6666666666666665,747.1363636363636,3.3333333333333335,LOW RISK: Continue standard career development and engagement tracking.,47-1011.03,"Speaking, Microsoft Outlook, Microsoft Visio, Oracle Primavera Enterprise Project Portfolio Management, Active Listening, Critical Thinking, Mathematics, Learning Strategies, Microsoft Project, Active Learning, Microsoft Excel, Microsoft Windows","Reading Comprehension, Monitoring, Writing, Autodesk AutoCAD, Autodesk AutoCAD Civil 3D, Autodesk Revit, Microsoft Office software, Microsoft PowerPoint, Microsoft Word",57.14,Start: Reading Comprehension
24,No,Travel_Rarely,350,Research & Development,21,2,Technical Degree,1,1551,3,Male,57,2,1,Laboratory Technician,1,Divorced,2296,10036,0,Y,No,14,3,2,80,3,2,3,3,1,1,0,0,0.5568441,Medium Risk,2.0,1148.0,2.3333333333333335,MEDIUM RISK: Manager check-in; mentorship; targeted development plan.,51-9083.00,"Microsoft Word, Critical Thinking, Reading Comprehension, Monitoring, SAP software, Microsoft Office software","Microsoft Excel, Microsoft Outlook, Microsoft PowerPoint",66.67,Start: Microsoft Excel
40,No,Non-Travel,1142,Research & Development,8,2,Life Sciences,1,1552,4,Male,72,3,2,Healthcare Representative,4,Divorced,4069,8841,3,Y,Yes,18,3,3,80,0,8,2,3,2,2,2,2,0.017540328,Low Risk,3.6666666666666665,1356.3333333333333,3.6666666666666665,LOW RISK: Continue standard career development and engagement tracking.,43-4051.00,"Facebook, Adobe Illustrator, Monitoring, Reading Comprehension, Critical Thinking, Speaking, Adobe Creative Cloud software, Intuit QuickBooks, Active Listening","Writing, Microsoft Excel, Microsoft Office software, Microsoft Outlook, Adobe Acrobat, Adobe Photoshop, Apple macOS, Google Docs, Kronos Workforce Timekeeper",50.0,Start: Writing
45,No,Travel_Rarely,538,Research & Development,1,4,Technical Degree,1,1553,1,Male,66,3,3,Healthcare Representative,2,Divorced,7441,20933,1,Y,No,12,3,1,80,3,10,4,3,10,8,7,7,0.123061076,Low Risk,1.3333333333333333,676.4545454545455,2.0,LOW RISK: Continue standard career development and engagement tracking.,43-4051.00,"Active Listening, Critical Thinking, Adobe Illustrator, Adobe Acrobat, Reading Comprehension, Intuit QuickBooks, Google Docs, Speaking, Adobe Photoshop, Facebook, Microsoft Outlook, Monitoring","Writing, Microsoft Excel, Microsoft Office software, Adobe Creative Cloud software, Apple macOS, Kronos Workforce Timekeeper",66.67,Start: Writing
35,No,Travel_Rarely,1402,Sales,28,4,Life Sciences,1,1554,2,Female,98,2,1,Sales Representative,3,Married,2430,26204,0,Y,No,23,4,1,80,2,6,5,3,5,3,4,2,0.13279116,Low Risk,2.0,405.0,2.6666666666666665,LOW RISK: Continue standard career development and engagement tracking.,41-4012.00,"Microsoft Office software, Adobe InDesign, Adobe Creative Cloud software, Microsoft PowerPoint, Salesforce software, Adobe Photoshop, Active Listening, Active Learning, Adobe Illustrator","Speaking, Reading Comprehension, Critical Thinking, Writing, Monitoring, Microsoft Excel, Microsoft Outlook, Adobe Acrobat, Apple macOS, Autodesk AutoCAD",47.37,Start: Speaking
32,No,Travel_Rarely,824,Research & Development,5,2,Life Sciences,1,1555,4,Female,67,2,2,Research Scientist,2,Married,5878,15624,3,Y,No,12,3,1,80,1,12,2,3,7,1,2,5,0.044492632,Low Risk,2.3333333333333335,734.75,3.0,LOW RISK: Continue standard career development and engagement tracking.,15-1221.00,"Monitoring, Learning Strategies, GitHub, Ansible software, Apache Hadoop, Active Listening, Writing, Amazon Web Services AWS software, Go, C++, C, Active Learning, Critical Thinking, Mathematics","Reading Comprehension, Speaking, Science, Apache Kafka, Apache Spark, Bash, Docker, Git",63.64,Start: Reading Comprehension
36,No,Travel_Rarely,1157,Sales,2,4,Life Sciences,1,1556,3,Male,70,3,1,Sales Representative,4,Single,2644,17001,3,Y,Yes,21,4,4,80,0,7,3,2,3,2,1,2,0.30469424,Low Risk,3.6666666666666665,661.0,3.0,LOW RISK: Continue standard career development and engagement tracking.,41-4012.00,"Microsoft Excel, Apple macOS, Adobe Acrobat, Reading Comprehension, Speaking, Microsoft Outlook, Adobe Illustrator, Adobe Photoshop, Microsoft Office software, Salesforce software, Adobe InDesign, Critical Thinking","Active Listening, Writing, Active Learning, Monitoring, Microsoft PowerPoint, Adobe Creative Cloud software, Autodesk AutoCAD",63.16,Start: Active Listening
48,No,Travel_Rarely,492,Sales,16,4,Life Sciences,1,1557,3,Female,96,3,2,Sales Executive,3,Divorced,6439,13693,8,Y,No,14,3,3,80,1,18,2,3,8,7,7,7,0.13418429,Low Risk,3.0,715.4444444444445,3.0,LOW RISK: Continue standard career development and engagement tracking.,53-3031.00,"Critical Thinking, Speaking, Active Listening","Reading Comprehension, Writing, Microsoft Excel, Microsoft Office software",42.86,Start: Reading Comprehension
29,No,Travel_Rarely,598,Research & Development,9,3,Life Sciences,1,1558,3,Male,91,4,1,Research Scientist,3,Married,2451,22376,6,Y,No,18,3,1,80,2,5,2,2,1,0,0,0,0.20651723,Low Risk,2.3333333333333335,1225.5,2.6666666666666665,LOW RISK: Continue standard career development and engagement tracking.,15-1221.00,"Apache Hadoop, Science, Ansible software, Mathematics, Amazon Web Services AWS software, C++, C, Apache Spark, Reading Comprehension, Git, Critical Thinking, GitHub, Writing, Speaking, Monitoring","Active Learning, Active Listening, Learning Strategies, Apache Kafka, Bash, Docker, Go",68.18,Start: Active Learning
33,No,Travel_Rarely,1242,Sales,8,4,Life Sciences,1,1560,1,Male,46,3,2,Sales Executive,1,Married,6392,10589,2,Y,No,13,3,4,80,1,8,6,1,2,2,2,2,0.16014661,Low Risk,2.0,2130.6666666666665,1.0,LOW RISK: Continue standard career development and engagement tracking.,53-3031.00,"Writing, Critical Thinking, Reading Comprehension, Microsoft Excel","Active Listening, Speaking, Microsoft Office software",57.14,Start: Active Listening
30,Yes,Travel_Rarely,740,Sales,1,3,Life Sciences,1,1562,2,Male,64,2,2,Sales Executive,1,Married,9714,5323,1,Y,No,11,3,4,80,1,10,4,3,10,8,6,7,0.59738153,Medium Risk,2.3333333333333335,883.0909090909091,2.0,MEDIUM RISK: Manager check-in; mentorship; targeted development plan.,53-3031.00,"Microsoft Office software, Writing, Speaking, Microsoft Excel, Active Listening","Critical Thinking, Reading Comprehension",71.43,Start: Critical Thinking
38,No,Travel_Frequently,888,Human Resources,10,4,Human Resources,1,1563,3,Male,71,3,2,Human Resources,3,Married,6077,14814,3,Y,No,11,3,3,80,0,10,2,3,6,3,1,2,0.23747003,Low Risk,3.0,868.1428571428571,3.0,LOW RISK: Continue standard career development and engagement tracking.,43-4161.00,"Oracle HRIS, Speaking, Microsoft Outlook, Microsoft Excel, Microsoft Access, Microsoft Visio, Reading Comprehension, Critical Thinking, Microsoft PowerPoint","Active Listening, Writing, Monitoring, Active Learning, Microsoft Office software, Microsoft Word, Applicant tracking software, Google Docs, Microsoft SharePoint, Oracle PeopleSoft",47.37,Start: Active Listening
35,No,Travel_Rarely,992,Research & Development,1,3,Medical,1,1564,4,Male,68,2,1,Laboratory Technician,1,Single,2450,21731,1,Y,No,19,3,2,80,0,3,3,3,3,0,1,2,0.120411046,Low Risk,2.3333333333333335,612.5,2.6666666666666665,LOW RISK: Continue standard career development and engagement tracking.,51-9083.00,"Monitoring, Microsoft PowerPoint, Critical Thinking, Microsoft Office software, Microsoft Outlook, SAP software, Microsoft Word","Reading Comprehension, Microsoft Excel",77.78,Start: Reading Comprehension
30,No,Travel_Rarely,1288,Sales,29,4,Technical Degree,1,1568,3,Male,33,3,3,Sales Executive,2,Married,9250,17799,3,Y,No,12,3,2,80,1,9,3,3,4,2,1,3,0.15711471,Low Risk,2.3333333333333335,1850.0,2.6666666666666665,LOW RISK: Continue standard career development and engagement tracking.,53-3031.00,"Reading Comprehension, Active Listening, Critical Thinking, Microsoft Office software","Speaking, Writing, Microsoft Excel",57.14,Start: Speaking
35,Yes,Travel_Rarely,104,Research & Development,2,3,Life Sciences,1,1569,1,Female,69,3,1,Laboratory Technician,1,Divorced,2074,26619,1,Y,Yes,12,3,4,80,1,1,2,3,1,0,0,0,0.96592563,High Risk,2.0,1037.0,1.6666666666666667,HIGH RISK: HR review; retention conversation; career-path and compensation review.,51-9083.00,"Microsoft PowerPoint, Microsoft Outlook, Critical Thinking, Microsoft Office software, SAP software","Reading Comprehension, Monitoring, Microsoft Excel, Microsoft Word",55.56,Start: Reading Comprehension
53,Yes,Travel_Rarely,607,Research & Development,2,5,Technical Degree,1,1572,3,Female,78,2,3,Manufacturing Director,4,Married,10169,14618,0,Y,No,16,3,2,80,1,34,4,3,33,7,1,9,0.018308153,Low Risk,3.0,299.0882352941176,3.3333333333333335,LOW RISK: Continue standard career development and engagement tracking.,51-9195.05,"Microsoft Outlook, Active Listening, Microsoft Excel","Critical Thinking, Monitoring",60.0,Start: Critical Thinking
38,Yes,Travel_Rarely,903,Research & Development,2,3,Medical,1,1573,3,Male,81,3,2,Manufacturing Director,2,Married,4855,7653,4,Y,No,11,3,1,80,2,7,2,3,5,2,1,4,0.5008677,Medium Risk,2.0,809.1666666666666,2.6666666666666665,MEDIUM RISK: Manager check-in; mentorship; targeted development plan.,51-9195.05,"Microsoft Outlook, Active Listening, Monitoring","Critical Thinking, Microsoft Excel",60.0,Start: Critical Thinking
32,No,Non-Travel,1200,Research & Development,1,4,Technical Degree,1,1574,4,Male,62,3,2,Research Scientist,1,Married,4087,25174,4,Y,No,14,3,2,80,1,9,3,2,6,5,1,2,0.004570288,Low Risk,2.3333333333333335,583.8571428571429,2.3333333333333335,LOW RISK: Continue standard career development and engagement tracking.,15-1221.00,"C++, Apache Hadoop, Amazon Web Services AWS software, Active Learning, Writing, Ansible software, C, Git, Docker, Mathematics","Reading Comprehension, Critical Thinking, Active Listening, Speaking, Monitoring, Learning Strategies, Science, Apache Kafka, Apache Spark, Bash, GitHub, Go",45.45,Start: Reading Comprehension
48,No,Travel_Rarely,1108,Research & Development,15,4,Other,1,1576,3,Female,65,3,1,Research Scientist,1,Married,2367,16530,8,Y,No,12,3,4,80,1,10,3,2,8,2,7,6,0.11018574,Low Risk,2.6666666666666665,263.0,2.0,LOW RISK: Continue standard career development and engagement tracking.,15-1221.00,"Active Learning, Reading Comprehension, Docker, Apache Kafka, Git, C, Science, Go, Speaking, Bash, Critical Thinking, Active Listening, Apache Spark, Amazon Web Services AWS software, Learning Strategies, Monitoring, Apache Hadoop, Mathematics","Writing, Ansible software, C++, GitHub",81.82,Start: Writing
34,No,Travel_Rarely,479,Research & Development,7,4,Medical,1,1577,1,Male,35,3,1,Research Scientist,4,Single,2972,22061,1,Y,No,13,3,3,80,0,1,4,1,1,0,0,0,0.18937159,Low Risk,2.6666666666666665,1486.0,2.0,LOW RISK: Continue standard career development and engagement tracking.,15-1221.00,"Apache Hadoop, Apache Spark, Active Learning, Mathematics, Apache Kafka, C, Monitoring, Reading Comprehension, Bash, Git, Amazon Web Services AWS software","Critical Thinking, Active Listening, Writing, Speaking, Learning Strategies, Science, Ansible software, C++, Docker, GitHub, Go",50.0,Start: Critical Thinking
55,No,Travel_Rarely,685,Sales,26,5,Marketing,1,1578,3,Male,60,2,5,Manager,4,Married,19586,23037,1,Y,No,21,4,3,80,1,36,3,3,36,6,2,13,0.060631152,Low Risk,3.3333333333333335,529.3513513513514,3.3333333333333335,LOW RISK: Continue standard career development and engagement tracking.,47-1011.03,"Reading Comprehension, Critical Thinking, Microsoft PowerPoint, Active Learning, Monitoring, Microsoft Word, Writing, Learning Strategies, Autodesk AutoCAD Civil 3D, Microsoft Excel, Active Listening, Speaking, Autodesk AutoCAD, Microsoft Outlook, Oracle Primavera Enterprise Project Portfolio Management, Autodesk Revit, Microsoft Office software","Mathematics, Microsoft Project, Microsoft Visio, Microsoft Windows",80.95,Start: Mathematics
34,No,Travel_Rarely,1351,Research & Development,1,4,Life Sciences,1,1580,2,Male,45,3,2,Research Scientist,4,Married,5484,13008,9,Y,No,17,3,2,80,1,9,3,2,2,2,2,1,0.024083756,Low Risk,2.6666666666666665,1828.0,2.6666666666666665,LOW RISK: Continue standard career development and engagement tracking.,15-1221.00,"Mathematics, Amazon Web Services AWS software, Apache Kafka, Apache Hadoop, Monitoring, Active Listening, Apache Spark, Ansible software, Reading Comprehension, Science, Docker, C, GitHub, Git, Writing, Active Learning, Learning Strategies, Go","Critical Thinking, Speaking, Bash, C++",81.82,Start: Critical Thinking
26,No,Travel_Rarely,474,Research & Development,3,3,Life Sciences,1,1581,1,Female,89,3,1,Research Scientist,4,Married,2061,11133,1,Y,No,21,4,1,80,0,1,5,3,1,0,0,0,0.47833344,Medium Risk,2.0,1030.5,2.6666666666666665,MEDIUM RISK: Manager check-in; mentorship; targeted development plan.,15-1221.00,"Speaking, Docker, Science, Apache Hadoop, Go, Monitoring, Active Learning, Learning Strategies, Critical Thinking, C++, Git, Active Listening","Reading Comprehension, Mathematics, Writing, Amazon Web Services AWS software, Ansible software, Apache Kafka, Apache Spark, Bash, C, GitHub",54.55,Start: Reading Comprehension
38,No,Travel_Rarely,1245,Sales,14,3,Life Sciences,1,1582,3,Male,80,3,2,Sales Executive,2,Married,9924,12355,0,Y,No,11,3,4,80,1,10,3,3,9,8,7,7,0.09572495,Low Risk,3.0,992.4,2.6666666666666665,LOW RISK: Continue standard career development and engagement tracking.,53-3031.00,"Active Listening, Reading Comprehension, Microsoft Excel, Critical Thinking, Microsoft Office software, Speaking",Writing,85.71,Start: Writing
38,No,Travel_Rarely,437,Sales,16,3,Life Sciences,1,1583,2,Female,90,3,2,Sales Executive,2,Single,4198,16379,2,Y,No,12,3,2,80,0,8,5,4,3,2,1,2,0.21726035,Low Risk,2.0,1049.5,2.6666666666666665,LOW RISK: Continue standard career development and engagement tracking.,53-3031.00,"Reading Comprehension, Speaking, Writing, Active Listening, Microsoft Excel, Critical Thinking",Microsoft Office software,85.71,Start: Microsoft Office software
36,No,Travel_Rarely,884,Sales,1,4,Life Sciences,1,1585,2,Female,73,3,2,Sales Executive,3,Single,6815,21447,6,Y,No,13,3,1,80,0,15,5,3,1,0,0,0,0.23020163,Low Risk,2.0,3407.5,2.6666666666666665,LOW RISK: Continue standard career development and engagement tracking.,53-3031.00,"Writing, Critical Thinking, Reading Comprehension, Speaking","Active Listening, Microsoft Excel, Microsoft Office software",57.14,Start: Active Listening
29,No,Travel_Rarely,1370,Research & Development,3,1,Medical,1,1586,2,Male,87,3,1,Laboratory Technician,1,Single,4723,16213,1,Y,Yes,18,3,4,80,0,10,3,3,10,9,1,5,0.33850384,Low Risk,2.3333333333333335,429.3636363636364,2.0,LOW RISK: Continue standard career development and engagement tracking.,51-9083.00,"SAP software, Microsoft Excel, Microsoft PowerPoint, Microsoft Office software, Critical Thinking, Microsoft Word","Reading Comprehension, Monitoring, Microsoft Outlook",66.67,Start: Reading Comprehension
35,No,Travel_Rarely,670,Research & Development,10,4,Medical,1,1587,1,Female,51,3,2,Healthcare Representative,3,Single,6142,4223,3,Y,Yes,16,3,3,80,0,10,4,3,5,2,0,4,0.4876247,Medium Risk,2.3333333333333335,1023.6666666666666,2.3333333333333335,MEDIUM RISK: Manager check-in; mentorship; targeted development plan.,43-4051.00,"Reading Comprehension, Kronos Workforce Timekeeper, Microsoft Excel, Critical Thinking, Adobe Creative Cloud software, Adobe Acrobat, Apple macOS, Speaking, Writing, Monitoring, Microsoft Outlook, Microsoft Office software, Intuit QuickBooks","Active Listening, Adobe Illustrator, Adobe Photoshop, Facebook, Google Docs",72.22,Start: Active Listening
39,No,Travel_Rarely,1462,Sales,6,3,Medical,1,1588,4,Male,38,4,3,Sales Executive,3,Married,8237,4658,2,Y,No,11,3,1,80,1,11,3,3,7,6,7,6,0.095783584,Low Risk,2.6666666666666665,1029.625,3.3333333333333335,LOW RISK: Continue standard career development and engagement tracking.,53-3031.00,"Active Listening, Speaking, Critical Thinking","Reading Comprehension, Writing, Microsoft Excel, Microsoft Office software",42.86,Start: Reading Comprehension
29,No,Travel_Frequently,995,Research & Development,2,1,Life Sciences,1,1590,1,Male,87,3,2,Healthcare Representative,4,Divorced,8853,24483,1,Y,No,19,3,4,80,1,6,0,4,6,4,1,3,0.04073415,Low Risk,3.0,1264.7142857142858,3.0,LOW RISK: Continue standard career development and engagement tracking.,43-4051.00,"Adobe Creative Cloud software, Microsoft Excel, Intuit QuickBooks, Microsoft Outlook, Apple macOS, Critical Thinking, Kronos Workforce Timekeeper, Active Listening, Adobe Acrobat, Facebook, Microsoft Office software, Monitoring","Speaking, Reading Comprehension, Writing, Adobe Illustrator, Adobe Photoshop, Google Docs",66.67,Start: Speaking
50,No,Travel_Rarely,264,Sales,9,3,Marketing,1,1591,3,Male,59,3,5,Manager,3,Married,19331,19519,4,Y,Yes,16,3,3,80,1,27,2,3,1,0,0,0,0.19111156,Low Risk,3.0,9665.5,3.0,LOW RISK: Continue standard career development and engagement tracking.,47-1011.03,"Microsoft Project, Microsoft Excel, Mathematics, Autodesk Revit, Oracle Primavera Enterprise Project Portfolio Management, Active Learning, Autodesk AutoCAD Civil 3D, Active Listening, Autodesk AutoCAD, Microsoft Outlook, Microsoft Visio","Reading Comprehension, Monitoring, Speaking, Critical Thinking, Writing, Learning Strategies, Microsoft Office software, Microsoft PowerPoint, Microsoft Windows, Microsoft Word",52.38,Start: Reading Comprehension
23,No,Travel_Rarely,977,Research & Development,10,3,Technical Degree,1,1592,4,Male,45,4,1,Research Scientist,3,Married,2073,12826,2,Y,No,16,3,4,80,1,4,2,3,2,2,2,2,0.055968624,Low Risk,3.6666666666666665,691.0,3.3333333333333335,LOW RISK: Continue standard career development and engagement tracking.,15-1221.00,"Monitoring, C++, Critical Thinking, Apache Hadoop, Speaking, Apache Kafka, Amazon Web Services AWS software, Git, GitHub, Science, Active Learning, Writing, Reading Comprehension, Active Listening, Bash, Mathematics, C, Learning Strategies","Ansible software, Apache Spark, Docker, Go",81.82,Start: Ansible software
36,No,Travel_Frequently,1302,Research & Development,6,4,Life Sciences,1,1594,1,Male,80,4,2,Laboratory Technician,1,Married,5562,19711,3,Y,Yes,13,3,4,80,1,9,3,3,3,2,0,2,0.09192528,Low Risk,2.0,1390.5,1.6666666666666667,LOW RISK: Continue standard career development and engagement tracking.,51-9083.00,"Microsoft Outlook, Critical Thinking, Monitoring, Microsoft Word","Reading Comprehension, Microsoft Excel, Microsoft Office software, Microsoft PowerPoint, SAP software",44.44,Start: Reading Comprehension
42,No,Travel_Rarely,1059,Research & Development,9,2,Other,1,1595,4,Male,93,2,5,Manager,4,Single,19613,26362,8,Y,No,22,4,4,80,0,24,2,3,1,0,0,1,0.023226881,Low Risk,4.0,9806.5,3.6666666666666665,LOW RISK: Continue standard career development and engagement tracking.,47-1011.03,"Microsoft Word, Monitoring, Mathematics, Microsoft Visio, Learning Strategies, Autodesk AutoCAD Civil 3D, Active Learning, Microsoft Outlook, Oracle Primavera Enterprise Project Portfolio Management, Critical Thinking, Writing, Microsoft Project","Reading Comprehension, Active Listening, Speaking, Autodesk AutoCAD, Autodesk Revit, Microsoft Excel, Microsoft Office software, Microsoft PowerPoint, Microsoft Windows",57.14,Start: Reading Comprehension
35,No,Travel_Rarely,750,Research & Development,28,3,Life Sciences,1,1596,2,Male,46,4,2,Laboratory Technician,3,Married,3407,25348,1,Y,No,17,3,4,80,2,10,3,2,10,9,6,8,0.11469644,Low Risk,3.0,309.72727272727275,2.3333333333333335,LOW RISK: Continue standard career development and engagement tracking.,51-9083.00,"Microsoft Outlook, Microsoft PowerPoint, Microsoft Word, SAP software, Monitoring, Microsoft Office software, Microsoft Excel, Reading Comprehension",Critical Thinking,88.89,Start: Critical Thinking
34,No,Travel_Frequently,653,Research & Development,10,4,Technical Degree,1,1597,4,Male,92,2,2,Healthcare Representative,3,Married,5063,15332,1,Y,No,14,3,2,80,1,8,3,2,8,2,7,7,0.13165013,Low Risk,3.0,562.5555555555555,3.0,LOW RISK: Continue standard career development and engagement tracking.,43-4051.00,"Adobe Acrobat, Intuit QuickBooks, Microsoft Excel, Kronos Workforce Timekeeper, Writing, Monitoring, Google Docs, Speaking, Active Listening, Facebook, Reading Comprehension, Adobe Illustrator","Critical Thinking, Microsoft Office software, Microsoft Outlook, Adobe Creative Cloud software, Adobe Photoshop, Apple macOS",66.67,Start: Critical Thinking
40,No,Travel_Rarely,118,Sales,14,2,Life Sciences,1,1598,4,Female,84,3,2,Sales Executive,1,Married,4639,11262,1,Y,No,15,3,3,80,1,5,2,3,5,4,1,2,0.08252437,Low Risk,2.6666666666666665,773.1666666666666,2.6666666666666665,LOW RISK: Continue standard career development and engagement tracking.,53-3031.00,"Speaking, Active Listening, Writing, Microsoft Excel, Critical Thinking","Reading Comprehension, Microsoft Office software",71.43,Start: Reading Comprehension
43,No,Travel_Rarely,990,Research & Development,27,3,Technical Degree,1,1599,4,Male,87,4,1,Laboratory Technician,2,Divorced,4876,5855,5,Y,No,12,3,3,80,1,8,0,3,6,4,0,2,0.052038696,Low Risk,3.0,696.5714285714286,3.0,LOW RISK: Continue standard career development and engagement tracking.,51-9083.00,"Microsoft Excel, Microsoft Outlook, SAP software, Microsoft PowerPoint","Reading Comprehension, Critical Thinking, Monitoring, Microsoft Office software, Microsoft Word",44.44,Start: Reading Comprehension
35,No,Travel_Rarely,1349,Research & Development,7,2,Life Sciences,1,1601,3,Male,63,2,1,Laboratory Technician,4,Married,2690,7713,1,Y,No,18,3,4,80,1,1,5,2,1,0,0,1,0.10571292,Low Risk,3.6666666666666665,1345.0,3.0,LOW RISK: Continue standard career development and engagement tracking.,51-9083.00,"Microsoft PowerPoint, Monitoring, Microsoft Office software, Microsoft Excel, Critical Thinking","Reading Comprehension, Microsoft Outlook, Microsoft Word, SAP software",55.56,Start: Reading Comprehension
46,No,Travel_Rarely,563,Sales,1,4,Life Sciences,1,1602,4,Male,56,4,4,Manager,1,Single,17567,3156,1,Y,No,15,3,2,80,0,27,5,1,26,0,0,12,0.058824413,Low Risk,2.3333333333333335,650.6296296296297,2.0,LOW RISK: Continue standard career development and engagement tracking.,47-1011.03,"Critical Thinking, Microsoft Office software, Microsoft Visio, Autodesk AutoCAD, Microsoft Windows, Microsoft Word, Microsoft PowerPoint, Active Learning, Microsoft Excel, Reading Comprehension, Microsoft Project, Microsoft Outlook, Autodesk AutoCAD Civil 3D, Speaking, Active Listening, Oracle Primavera Enterprise Project Portfolio Management","Monitoring, Writing, Mathematics, Learning Strategies, Autodesk Revit",76.19,Start: Monitoring
28,Yes,Travel_Rarely,329,Research & Development,24,3,Medical,1,1604,3,Male,51,3,1,Laboratory Technician,2,Married,2408,7324,1,Y,Yes,17,3,3,80,3,1,3,3,1,1,0,0,0.9636334,High Risk,2.6666666666666665,1204.0,2.6666666666666665,HIGH RISK: HR review; retention conversation; career-path and compensation review.,51-9083.00,"Critical Thinking, Reading Comprehension, Microsoft Excel, Monitoring, SAP software, Microsoft Outlook, Microsoft Office software, Microsoft PowerPoint",Microsoft Word,88.89,Start: Microsoft Word
22,No,Non-Travel,457,Research & Development,26,2,Other,1,1605,2,Female,85,2,1,Research Scientist,3,Married,2814,10293,1,Y,Yes,14,3,2,80,0,4,2,2,4,2,1,3,0.4298119,Medium Risk,2.3333333333333335,562.8,2.3333333333333335,MEDIUM RISK: Manager check-in; mentorship; targeted development plan.,15-1221.00,"Go, Git, Apache Kafka, GitHub, Writing, C, Apache Spark, Active Listening, Learning Strategies, Mathematics, Science, Speaking, C++, Active Learning, Ansible software, Docker","Reading Comprehension, Critical Thinking, Monitoring, Amazon Web Services AWS software, Apache Hadoop, Bash",72.73,Start: Reading Comprehension
50,No,Travel_Frequently,1234,Research & Development,20,5,Medical,1,1606,2,Male,41,3,4,Healthcare Representative,3,Married,11245,20689,2,Y,Yes,15,3,3,80,1,32,3,3,30,8,12,13,0.026177023,Low Risk,2.6666666666666665,362.741935483871,2.6666666666666665,LOW RISK: Continue standard career development and engagement tracking.,43-4051.00,"Speaking, Adobe Illustrator, Apple macOS, Adobe Creative Cloud software, Reading Comprehension, Microsoft Outlook, Adobe Acrobat, Active Listening, Google Docs, Writing, Kronos Workforce Timekeeper","Critical Thinking, Monitoring, Microsoft Excel, Microsoft Office software, Adobe Photoshop, Facebook, Intuit QuickBooks",61.11,Start: Critical Thinking
32,No,Travel_Rarely,634,Research & Development,5,4,Other,1,1607,2,Female,35,4,1,Research Scientist,4,Married,3312,18783,3,Y,No,17,3,4,80,2,6,3,3,3,2,0,2,0.013863069,Low Risk,3.3333333333333335,828.0,3.0,LOW RISK: Continue standard career development and engagement tracking.,15-1221.00,"Bash, GitHub, Learning Strategies, Ansible software, Apache Spark, Go, Mathematics, Apache Kafka, Docker, Monitoring, Amazon Web Services AWS software, C, Reading Comprehension, Apache Hadoop","Active Learning, Critical Thinking, Active Listening, Writing, Speaking, Science, C++, Git",63.64,Start: Active Learning
44,No,Travel_Rarely,1313,Research & Development,7,3,Medical,1,1608,2,Female,31,3,5,Research Director,4,Divorced,19049,3549,0,Y,Yes,14,3,4,80,1,23,4,2,22,7,1,10,0.010233609,Low Risk,3.3333333333333335,828.2173913043479,2.6666666666666665,LOW RISK: Continue standard career development and engagement tracking.,27-2041.00,"Microsoft Outlook, Speaking, Monitoring, Writing, Microsoft Excel, Microsoft Office software, Microsoft Word, Critical Thinking, Learning Strategies, Reading Comprehension, Microsoft PowerPoint","Active Listening, Active Learning",84.62,Start: Active Listening
30,No,Travel_Rarely,241,Research & Development,7,3,Medical,1,1609,2,Male,48,2,1,Research Scientist,2,Married,2141,5348,1,Y,No,12,3,2,80,1,6,3,2,6,4,1,1,0.20621519,Low Risk,2.0,305.85714285714283,2.0,LOW RISK: Continue standard career development and engagement tracking.,15-1221.00,"C++, Active Listening, Go, Bash, Active Learning, Apache Hadoop, Reading Comprehension, Apache Kafka, Mathematics, Docker, Learning Strategies, Amazon Web Services AWS software","Critical Thinking, Writing, Speaking, Monitoring, Science, Ansible software, Apache Spark, C, Git, GitHub",54.55,Start: Critical Thinking
45,No,Travel_Rarely,1015,Research & Development,5,5,Medical,1,1611,3,Female,50,1,2,Laboratory Technician,1,Single,5769,23447,1,Y,Yes,14,3,1,80,0,10,3,3,10,7,1,4,0.23930377,Low Risk,1.6666666666666667,524.4545454545455,2.3333333333333335,LOW RISK: Continue standard career development and engagement tracking.,51-9083.00,"SAP software, Microsoft Outlook, Microsoft Word, Critical Thinking, Microsoft Excel","Reading Comprehension, Monitoring, Microsoft Office software, Microsoft PowerPoint",55.56,Start: Reading Comprehension
45,No,Non-Travel,336,Sales,26,3,Marketing,1,1612,1,Male,52,2,2,Sales Executive,1,Married,4385,24162,1,Y,No,15,3,1,80,1,10,2,3,10,7,4,5,0.16142638,Low Risk,1.0,398.6363636363636,1.6666666666666667,LOW RISK: Continue standard career development and engagement tracking.,53-3031.00,"Active Listening, Microsoft Office software, Writing, Reading Comprehension, Speaking, Critical Thinking",Microsoft Excel,85.71,Start: Microsoft Excel
31,No,Travel_Frequently,715,Sales,2,4,Other,1,1613,4,Male,54,3,2,Sales Executive,1,Single,5332,21602,7,Y,No,13,3,4,80,0,10,3,3,5,2,0,3,0.58096474,Medium Risk,3.0,888.6666666666666,2.6666666666666665,MEDIUM RISK: Manager check-in; mentorship; targeted development plan.,53-3031.00,"Active Listening, Critical Thinking, Speaking, Writing, Reading Comprehension","Microsoft Excel, Microsoft Office software",71.43,Start: Microsoft Excel
36,No,Travel_Rarely,559,Research & Development,12,4,Life Sciences,1,1614,3,Female,76,3,2,Manufacturing Director,3,Married,4663,12421,9,Y,Yes,12,3,2,80,2,7,2,3,3,2,1,1,0.14795856,Low Risk,2.6666666666666665,1165.75,3.0,LOW RISK: Continue standard career development and engagement tracking.,51-9195.05,"Active Listening, Monitoring, Microsoft Outlook","Critical Thinking, Microsoft Excel",60.0,Start: Critical Thinking
34,No,Travel_Frequently,426,Research & Development,10,4,Life Sciences,1,1615,3,Male,42,4,2,Manufacturing Director,4,Divorced,4724,17000,1,Y,No,13,3,1,80,1,9,3,3,9,7,7,2,0.06620503,Low Risk,2.6666666666666665,472.4,3.3333333333333335,LOW RISK: Continue standard career development and engagement tracking.,51-9195.05,"Microsoft Outlook, Critical Thinking, Monitoring","Active Listening, Microsoft Excel",60.0,Start: Active Listening
49,No,Travel_Rarely,722,Research & Development,25,4,Life Sciences,1,1617,3,Female,84,3,1,Laboratory Technician,1,Married,3211,22102,1,Y,No,14,3,4,80,1,10,3,2,9,6,1,4,0.17871389,Low Risk,2.6666666666666665,321.1,2.0,LOW RISK: Continue standard career development and engagement tracking.,51-9083.00,"Reading Comprehension, Microsoft PowerPoint, Microsoft Outlook, Microsoft Word, Microsoft Office software","Critical Thinking, Monitoring, Microsoft Excel, SAP software",55.56,Start: Critical Thinking
39,No,Travel_Rarely,1387,Research & Development,10,5,Medical,1,1618,2,Male,76,3,2,Manufacturing Director,1,Married,5377,3835,2,Y,No,13,3,4,80,3,10,3,3,7,7,7,7,0.04098207,Low Risk,2.3333333333333335,672.125,2.0,LOW RISK: Continue standard career development and engagement tracking.,51-9195.05,"Active Listening, Critical Thinking, Microsoft Excel","Monitoring, Microsoft Outlook",60.0,Start: Monitoring
27,No,Travel_Rarely,1302,Research & Development,19,3,Other,1,1619,4,Male,67,2,1,Laboratory Technician,1,Divorced,4066,16290,1,Y,No,11,3,1,80,2,7,3,3,7,7,0,7,0.14068548,Low Risk,2.0,508.25,2.6666666666666665,LOW RISK: Continue standard career development and engagement tracking.,51-9083.00,"SAP software, Microsoft Office software, Reading Comprehension, Critical Thinking, Microsoft Outlook, Microsoft Word","Monitoring, Microsoft Excel, Microsoft PowerPoint",66.67,Start: Monitoring
35,No,Travel_Rarely,819,Research & Development,18,5,Life Sciences,1,1621,2,Male,48,4,2,Research Scientist,1,Married,5208,26312,1,Y,No,11,3,4,80,0,16,2,3,16,15,1,10,0.069557175,Low Risk,2.3333333333333335,306.3529411764706,2.0,LOW RISK: Continue standard career development and engagement tracking.,15-1221.00,"Reading Comprehension, C++, Amazon Web Services AWS software, C, Ansible software, Apache Kafka, Bash, GitHub, Apache Spark, Go, Science, Active Listening, Docker, Apache Hadoop, Writing, Critical Thinking, Git","Active Learning, Mathematics, Speaking, Monitoring, Learning Strategies",77.27,Start: Active Learning
28,No,Travel_Rarely,580,Research & Development,27,3,Medical,1,1622,2,Female,39,1,2,Manufacturing Director,1,Divorced,4877,20460,0,Y,No,21,4,2,80,1,6,5,2,5,3,0,0,0.2126967,Low Risk,1.6666666666666667,812.8333333333334,1.6666666666666667,LOW RISK: Continue standard career development and engagement tracking.,51-9195.05,"Active Listening, Microsoft Outlook, Monitoring","Critical Thinking, Microsoft Excel",60.0,Start: Critical Thinking
21,No,Travel_Rarely,546,Research & Development,5,1,Medical,1,1623,3,Male,97,3,1,Research Scientist,4,Single,3117,26009,1,Y,No,18,3,3,80,0,3,2,3,2,2,2,2,0.06077154,Low Risk,3.3333333333333335,1039.0,3.3333333333333335,LOW RISK: Continue standard career development and engagement tracking.,15-1221.00,"Apache Kafka, Speaking, Go, Ansible software, Amazon Web Services AWS software, Science, C++, Mathematics, Active Learning, Reading Comprehension, Active Listening, Monitoring, GitHub, Critical Thinking","Writing, Learning Strategies, Apache Hadoop, Apache Spark, Bash, C, Docker, Git",63.64,Start: Writing
18,Yes,Travel_Frequently,544,Sales,3,2,Medical,1,1624,2,Female,70,3,1,Sales Representative,4,Single,1569,18420,1,Y,Yes,12,3,3,80,0,0,2,4,0,0,0,0,0.9773736,High Risk,3.0,1569.0,3.3333333333333335,HIGH RISK: HR review; retention conversation; career-path and compensation review.,41-4012.00,"Salesforce software, Autodesk AutoCAD, Writing, Adobe Creative Cloud software, Microsoft Excel, Adobe Acrobat, Microsoft Outlook, Apple macOS, Adobe Photoshop, Monitoring, Microsoft PowerPoint","Active Listening, Speaking, Reading Comprehension, Critical Thinking, Active Learning, Microsoft Office software, Adobe Illustrator, Adobe InDesign",57.89,Start: Active Listening
47,No,Travel_Rarely,1176,Human Resources,26,4,Life Sciences,1,1625,4,Female,98,3,5,Manager,3,Married,19658,5220,3,Y,No,11,3,3,80,1,27,2,3,5,2,1,0,0.0155437,Low Risk,3.3333333333333335,3276.3333333333335,3.3333333333333335,LOW RISK: Continue standard career development and engagement tracking.,47-1011.03,"Monitoring, Autodesk Revit, Microsoft Project, Learning Strategies, Microsoft Office software, Autodesk AutoCAD, Microsoft Outlook, Active Listening, Microsoft Windows, Autodesk AutoCAD Civil 3D, Microsoft Word, Writing, Speaking, Microsoft Excel, Critical Thinking, Mathematics","Reading Comprehension, Active Learning, Microsoft PowerPoint, Microsoft Visio, Oracle Primavera Enterprise Project Portfolio Management",76.19,Start: Reading Comprehension
39,No,Travel_Rarely,170,Research & Development,3,2,Medical,1,1627,3,Male,76,2,2,Laboratory Technician,3,Divorced,3069,10302,0,Y,No,15,3,4,80,1,11,3,3,10,8,0,7,0.020671535,Low Risk,3.3333333333333335,279.0,3.0,LOW RISK: Continue standard career development and engagement tracking.,51-9083.00,"Reading Comprehension, Microsoft Outlook, Microsoft Word, Critical Thinking","Monitoring, Microsoft Excel, Microsoft Office software, Microsoft PowerPoint, SAP software",44.44,Start: Monitoring
40,No,Travel_Rarely,884,Research & Development,15,3,Life Sciences,1,1628,1,Female,80,2,3,Manufacturing Director,3,Married,10435,25800,1,Y,No,13,3,4,80,2,18,2,3,18,15,14,12,0.106270745,Low Risk,2.6666666666666665,549.2105263157895,2.3333333333333335,LOW RISK: Continue standard career development and engagement tracking.,51-9195.05,"Microsoft Outlook, Active Listening, Microsoft Excel, Critical Thinking",Monitoring,80.0,Start: Monitoring
35,No,Non-Travel,208,Research & Development,8,4,Life Sciences,1,1630,3,Female,52,3,2,Healthcare Representative,3,Married,4148,12250,1,Y,No,12,3,4,80,1,15,5,3,14,11,2,9,0.007967103,Low Risk,3.3333333333333335,276.53333333333336,3.0,LOW RISK: Continue standard career development and engagement tracking.,43-4051.00,"Writing, Speaking, Microsoft Excel, Apple macOS, Active Listening, Adobe Photoshop, Adobe Acrobat, Monitoring, Facebook, Microsoft Office software, Kronos Workforce Timekeeper, Google Docs","Critical Thinking, Reading Comprehension, Microsoft Outlook, Adobe Creative Cloud software, Adobe Illustrator, Intuit QuickBooks",66.67,Start: Critical Thinking
37,No,Travel_Rarely,671,Research & Development,19,3,Life Sciences,1,1631,3,Male,85,3,2,Manufacturing Director,3,Married,5768,26493,3,Y,No,17,3,1,80,3,9,2,2,4,3,0,2,0.110697985,Low Risk,2.3333333333333335,1153.6,2.6666666666666665,LOW RISK: Continue standard career development and engagement tracking.,51-9195.05,"Critical Thinking, Microsoft Excel, Microsoft Outlook","Active Listening, Monitoring",60.0,Start: Active Listening
39,No,Travel_Frequently,711,Research & Development,4,3,Medical,1,1633,1,Female,81,3,2,Manufacturing Director,3,Single,5042,3140,0,Y,No,13,3,4,80,0,10,2,1,9,2,3,8,0.13168915,Low Risk,2.6666666666666665,504.2,1.6666666666666667,LOW RISK: Continue standard career development and engagement tracking.,51-9195.05,"Microsoft Excel, Monitoring","Critical Thinking, Active Listening, Microsoft Outlook",40.0,Start: Critical Thinking
45,No,Travel_Rarely,1329,Research & Development,2,2,Other,1,1635,4,Female,59,2,2,Manufacturing Director,4,Divorced,5770,5388,1,Y,No,19,3,1,80,2,10,3,3,10,7,3,9,0.018322676,Low Risk,3.0,524.5454545454545,3.6666666666666665,LOW RISK: Continue standard career development and engagement tracking.,51-9195.05,"Microsoft Excel, Monitoring, Critical Thinking, Active Listening",Microsoft Outlook,80.0,Start: Microsoft Outlook
38,No,Travel_Rarely,397,Research & Development,2,2,Medical,1,1638,4,Female,54,2,3,Manufacturing Director,3,Married,7756,14199,3,Y,Yes,19,3,4,80,1,10,6,4,5,4,0,2,0.10004721,Low Risk,3.6666666666666665,1292.6666666666667,3.6666666666666665,LOW RISK: Continue standard career development and engagement tracking.,51-9195.05,"Microsoft Outlook, Microsoft Excel, Active Listening, Critical Thinking",Monitoring,80.0,Start: Monitoring
35,Yes,Travel_Rarely,737,Sales,10,3,Medical,1,1639,4,Male,55,2,3,Sales Executive,1,Married,10306,21530,9,Y,No,17,3,3,80,0,15,3,3,13,12,6,0,0.90245026,High Risk,2.6666666666666665,736.1428571428571,2.6666666666666665,HIGH RISK: HR review; retention conversation; career-path and compensation review.,53-3031.00,"Critical Thinking, Writing, Active Listening, Reading Comprehension, Microsoft Office software","Speaking, Microsoft Excel",71.43,Start: Speaking
37,No,Travel_Rarely,1470,Research & Development,10,3,Medical,1,1640,2,Female,71,3,1,Research Scientist,2,Married,3936,9953,1,Y,No,11,3,1,80,1,8,2,1,8,4,7,7,0.16415207,Low Risk,1.6666666666666667,437.3333333333333,1.6666666666666667,LOW RISK: Continue standard career development and engagement tracking.,15-1221.00,"Mathematics, Ansible software, Bash, Apache Spark, Apache Hadoop, C, Amazon Web Services AWS software, Monitoring, Learning Strategies, Reading Comprehension, Git, Speaking, Writing, GitHub, Active Listening, Docker","Active Learning, Critical Thinking, Science, Apache Kafka, C++, Go",72.73,Start: Active Learning
40,No,Travel_Rarely,448,Research & Development,16,3,Life Sciences,1,1641,3,Female,84,3,3,Manufacturing Director,4,Single,7945,19948,6,Y,Yes,15,3,4,80,0,18,2,2,4,2,3,3,0.2809841,Low Risk,3.6666666666666665,1589.0,3.0,LOW RISK: Continue standard career development and engagement tracking.,51-9195.05,"Microsoft Outlook, Critical Thinking, Microsoft Excel, Monitoring",Active Listening,80.0,Start: Active Listening
44,No,Travel_Frequently,602,Human Resources,1,5,Human Resources,1,1642,1,Male,37,3,2,Human Resources,4,Married,5743,10503,4,Y,Yes,11,3,3,80,0,14,3,3,10,7,0,2,0.2639465,Low Risk,2.6666666666666665,522.0909090909091,2.6666666666666665,LOW RISK: Continue standard career development and engagement tracking.,43-4161.00,"Critical Thinking, Monitoring, Google Docs, Oracle HRIS, Microsoft Visio, Reading Comprehension, Oracle PeopleSoft, Applicant tracking software, Microsoft Excel, Writing, Microsoft SharePoint, Microsoft Office software","Active Listening, Speaking, Active Learning, Microsoft Outlook, Microsoft PowerPoint, Microsoft Word, Microsoft Access",63.16,Start: Active Listening
48,No,Travel_Frequently,365,Research & Development,4,5,Medical,1,1644,3,Male,89,2,4,Manager,4,Married,15202,5602,2,Y,No,25,4,2,80,1,23,3,3,2,2,2,2,0.018096304,Low Risk,3.0,5067.333333333333,3.3333333333333335,LOW RISK: Continue standard career development and engagement tracking.,47-1011.03,"Autodesk Revit, Microsoft PowerPoint, Microsoft Visio, Learning Strategies, Monitoring, Active Learning, Autodesk AutoCAD Civil 3D, Microsoft Word, Microsoft Outlook, Autodesk AutoCAD","Reading Comprehension, Active Listening, Speaking, Critical Thinking, Writing, Mathematics, Microsoft Excel, Microsoft Office software, Microsoft Project, Microsoft Windows, Oracle Primavera Enterprise Project Portfolio Management",47.62,Start: Reading Comprehension
35,Yes,Travel_Rarely,763,Sales,15,2,Medical,1,1645,1,Male,59,1,2,Sales Executive,4,Divorced,5440,22098,6,Y,Yes,14,3,4,80,2,7,2,2,2,2,2,2,0.9171177,High Risk,3.0,1813.3333333333333,2.3333333333333335,HIGH RISK: HR review; retention conversation; career-path and compensation review.,53-3031.00,"Critical Thinking, Reading Comprehension, Microsoft Office software, Writing","Active Listening, Speaking, Microsoft Excel",57.14,Start: Active Listening
24,No,Travel_Frequently,567,Research & Development,2,1,Technical Degree,1,1646,1,Female,32,3,1,Research Scientist,4,Single,3760,17218,1,Y,Yes,13,3,3,80,0,6,2,3,6,3,1,3,0.5178514,Medium Risk,2.6666666666666665,537.1428571428571,2.6666666666666665,MEDIUM RISK: Manager check-in; mentorship; targeted development plan.,15-1221.00,"Apache Kafka, Docker, Bash, Git, C, Speaking, C++, Monitoring, Active Learning, Mathematics, Critical Thinking, Apache Spark, Amazon Web Services AWS software, Science","Reading Comprehension, Active Listening, Writing, Learning Strategies, Ansible software, Apache Hadoop, GitHub, Go",63.64,Start: Reading Comprehension
27,No,Travel_Rarely,486,Research & Development,8,3,Medical,1,1647,2,Female,86,4,1,Research Scientist,3,Married,3517,22490,7,Y,No,17,3,1,80,0,5,0,3,3,2,0,2,0.26315996,Low Risk,2.0,879.25,2.6666666666666665,LOW RISK: Continue standard career development and engagement tracking.,15-1221.00,"Mathematics, Apache Hadoop, Science, Ansible software, Reading Comprehension, Learning Strategies, C++, Speaking, GitHub, Active Listening, Bash, Apache Kafka, Monitoring, Writing","Active Learning, Critical Thinking, Amazon Web Services AWS software, Apache Spark, C, Docker, Git, Go",63.64,Start: Active Learning
27,No,Travel_Frequently,591,Research & Development,2,3,Medical,1,1648,4,Male,87,3,1,Research Scientist,4,Single,2580,6297,2,Y,No,13,3,3,80,0,6,0,2,4,2,1,2,0.12171026,Low Risk,3.6666666666666665,516.0,3.3333333333333335,LOW RISK: Continue standard career development and engagement tracking.,15-1221.00,"Reading Comprehension, Bash, Amazon Web Services AWS software, Apache Kafka, Go, Active Learning, Apache Hadoop, C, Critical Thinking, Git, Science, Docker, Learning Strategies, C++, Active Listening, Mathematics","Writing, Speaking, Monitoring, Ansible software, Apache Spark, GitHub",72.73,Start: Writing
40,Yes,Travel_Rarely,1329,Research & Development,7,3,Life Sciences,1,1649,1,Male,73,3,1,Laboratory Technician,1,Single,2166,3339,3,Y,Yes,14,3,2,80,0,10,3,1,4,2,0,3,0.9216947,High Risk,1.3333333333333333,433.2,1.0,HIGH RISK: HR review; retention conversation; career-path and compensation review.,51-9083.00,"Monitoring, SAP software, Microsoft Excel, Microsoft Office software","Reading Comprehension, Critical Thinking, Microsoft Outlook, Microsoft PowerPoint, Microsoft Word",44.44,Start: Reading Comprehension
29,No,Travel_Rarely,469,Sales,10,3,Medical,1,1650,3,Male,42,2,2,Sales Executive,3,Single,5869,23413,9,Y,No,11,3,3,80,0,8,2,3,5,2,1,4,0.5120601,Medium Risk,3.0,978.1666666666666,3.0,MEDIUM RISK: Manager check-in; mentorship; targeted development plan.,53-3031.00,"Microsoft Office software, Critical Thinking, Speaking, Reading Comprehension","Active Listening, Writing, Microsoft Excel",57.14,Start: Active Listening
36,No,Travel_Rarely,711,Research & Development,5,4,Life Sciences,1,1651,2,Female,42,3,3,Healthcare Representative,1,Married,8008,22792,4,Y,No,12,3,3,80,2,9,6,3,3,2,0,2,0.048959143,Low Risk,2.0,2002.0,2.0,LOW RISK: Continue standard career development and engagement tracking.,43-4051.00,"Adobe Photoshop, Monitoring, Microsoft Outlook, Adobe Illustrator, Facebook, Kronos Workforce Timekeeper, Speaking, Microsoft Office software, Active Listening, Adobe Creative Cloud software","Critical Thinking, Reading Comprehension, Writing, Microsoft Excel, Adobe Acrobat, Apple macOS, Google Docs, Intuit QuickBooks",55.56,Start: Critical Thinking
25,No,Travel_Frequently,772,Research & Development,2,1,Life Sciences,1,1653,4,Male,77,4,2,Manufacturing Director,3,Divorced,5206,4973,1,Y,No,17,3,3,80,2,7,6,3,7,7,0,7,0.03175578,Low Risk,3.3333333333333335,650.75,3.3333333333333335,LOW RISK: Continue standard career development and engagement tracking.,51-9195.05,"Microsoft Excel, Microsoft Outlook, Active Listening","Critical Thinking, Monitoring",60.0,Start: Critical Thinking
39,No,Travel_Rarely,492,Research & Development,12,3,Medical,1,1654,4,Male,66,3,2,Manufacturing Director,2,Married,5295,7693,4,Y,No,21,4,3,80,0,7,3,3,5,4,1,0,0.3077343,Low Risk,3.0,882.5,3.0,LOW RISK: Continue standard career development and engagement tracking.,51-9195.05,"Critical Thinking, Active Listening, Microsoft Outlook, Monitoring",Microsoft Excel,80.0,Start: Microsoft Excel
49,No,Travel_Rarely,301,Research & Development,22,4,Other,1,1655,1,Female,72,3,4,Research Director,2,Married,16413,3498,3,Y,No,16,3,2,80,2,27,2,3,4,2,1,2,0.0683116,Low Risk,1.6666666666666667,3282.6,2.0,LOW RISK: Continue standard career development and engagement tracking.,27-2041.00,"Active Listening, Microsoft Office software, Writing, Microsoft PowerPoint, Monitoring, Active Learning, Learning Strategies, Critical Thinking, Speaking, Microsoft Word","Reading Comprehension, Microsoft Excel, Microsoft Outlook",76.92,Start: Reading Comprehension
50,No,Travel_Rarely,813,Research & Development,17,5,Life Sciences,1,1656,4,Female,50,2,3,Research Director,1,Divorced,13269,21981,5,Y,No,15,3,3,80,3,19,3,3,14,11,1,11,0.04300916,Low Risk,2.6666666666666665,884.6,2.6666666666666665,LOW RISK: Continue standard career development and engagement tracking.,27-2041.00,"Microsoft PowerPoint, Microsoft Word, Active Listening, Learning Strategies, Active Learning, Monitoring, Critical Thinking, Microsoft Office software, Speaking","Reading Comprehension, Writing, Microsoft Excel, Microsoft Outlook",69.23,Start: Reading Comprehension
20,No,Travel_Rarely,1141,Sales,2,3,Medical,1,1657,3,Female,31,3,1,Sales Representative,3,Single,2783,13251,1,Y,No,19,3,1,80,0,2,3,3,2,2,2,2,0.47104275,Medium Risk,2.3333333333333335,927.6666666666666,3.0,MEDIUM RISK: Manager check-in; mentorship; targeted development plan.,41-4012.00,"Speaking, Adobe Acrobat, Microsoft Outlook, Reading Comprehension, Apple macOS, Writing, Monitoring, Salesforce software, Microsoft Excel, Adobe InDesign, Adobe Creative Cloud software, Critical Thinking","Active Listening, Active Learning, Microsoft Office software, Microsoft PowerPoint, Adobe Illustrator, Adobe Photoshop, Autodesk AutoCAD",63.16,Start: Active Listening
34,No,Travel_Rarely,1130,Research & Development,3,3,Life Sciences,1,1658,4,Female,66,3,2,Research Scientist,2,Divorced,5433,19332,1,Y,No,12,3,3,80,1,11,2,3,11,8,7,9,0.009305352,Low Risk,3.0,452.75,3.0,LOW RISK: Continue standard career development and engagement tracking.,15-1221.00,"Critical Thinking, GitHub, Science, Reading Comprehension, Monitoring, Active Learning, Git, Active Listening, Docker, Apache Spark, Bash, C++","Mathematics, Writing, Speaking, Learning Strategies, Amazon Web Services AWS software, Ansible software, Apache Hadoop, Apache Kafka, C, Go",54.55,Start: Mathematics
36,No,Travel_Rarely,311,Research & Development,7,3,Life Sciences,1,1659,1,Male,77,3,1,Laboratory Technician,2,Single,2013,10950,2,Y,No,11,3,3,80,0,15,4,3,4,3,1,3,0.39162868,Low Risk,2.0,402.6,2.0,LOW RISK: Continue standard career development and engagement tracking.,51-9083.00,"Critical Thinking, Microsoft Office software, SAP software, Microsoft Word, Microsoft Excel, Reading Comprehension","Monitoring, Microsoft Outlook, Microsoft PowerPoint",66.67,Start: Monitoring
49,No,Travel_Rarely,465,Research & Development,6,1,Life Sciences,1,1661,3,Female,41,2,4,Healthcare Representative,3,Married,13966,11652,2,Y,Yes,19,3,2,80,1,30,3,3,15,11,2,12,0.024271829,Low Risk,2.6666666666666665,872.875,3.0,LOW RISK: Continue standard career development and engagement tracking.,43-4051.00,"Active Listening, Microsoft Outlook, Google Docs, Adobe Acrobat, Monitoring, Intuit QuickBooks, Facebook, Adobe Photoshop, Adobe Creative Cloud software, Microsoft Excel, Kronos Workforce Timekeeper, Critical Thinking, Apple macOS, Writing","Speaking, Reading Comprehension, Microsoft Office software, Adobe Illustrator",77.78,Start: Speaking
36,No,Non-Travel,894,Research & Development,1,4,Medical,1,1662,4,Female,33,2,2,Manufacturing Director,3,Married,4374,15411,0,Y,No,15,3,3,80,0,4,6,3,3,2,1,2,0.006815225,Low Risk,3.3333333333333335,1093.5,3.3333333333333335,LOW RISK: Continue standard career development and engagement tracking.,51-9195.05,"Monitoring, Microsoft Excel, Critical Thinking","Active Listening, Microsoft Outlook",60.0,Start: Active Listening
36,No,Travel_Rarely,1040,Research & Development,3,2,Life Sciences,1,1664,4,Male,79,4,2,Healthcare Representative,1,Divorced,6842,26308,6,Y,No,20,4,1,80,1,13,3,3,5,4,0,4,0.03599511,Low Risk,2.0,1140.3333333333333,2.6666666666666665,LOW RISK: Continue standard career development and engagement tracking.,43-4051.00,"Microsoft Office software, Writing, Reading Comprehension, Intuit QuickBooks, Microsoft Outlook, Apple macOS, Facebook, Speaking, Monitoring","Active Listening, Critical Thinking, Microsoft Excel, Adobe Acrobat, Adobe Creative Cloud software, Adobe Illustrator, Adobe Photoshop, Google Docs, Kronos Workforce Timekeeper",50.0,Start: Active Listening
54,No,Travel_Rarely,584,Research & Development,22,5,Medical,1,1665,2,Female,91,3,4,Manager,3,Married,17426,18685,3,Y,No,25,4,3,80,1,36,6,3,10,8,4,7,0.037083197,Low Risk,2.6666666666666665,1584.1818181818182,2.6666666666666665,LOW RISK: Continue standard career development and engagement tracking.,47-1011.03,"Active Learning, Microsoft PowerPoint, Microsoft Windows, Microsoft Excel, Microsoft Office software, Learning Strategies, Active Listening, Oracle Primavera Enterprise Project Portfolio Management, Microsoft Project, Microsoft Word, Autodesk Revit, Microsoft Outlook, Autodesk AutoCAD Civil 3D, Mathematics, Monitoring, Critical Thinking, Microsoft Visio","Reading Comprehension, Speaking, Writing, Autodesk AutoCAD",80.95,Start: Reading Comprehension
43,No,Travel_Rarely,1291,Research & Development,15,2,Life Sciences,1,1666,3,Male,65,2,4,Research Director,3,Married,17603,3525,1,Y,No,24,4,1,80,1,14,3,3,14,10,6,11,0.019515876,Low Risk,2.3333333333333335,1173.5333333333333,3.0,LOW RISK: Continue standard career development and engagement tracking.,27-2041.00,"Microsoft PowerPoint, Reading Comprehension, Microsoft Office software, Microsoft Outlook, Speaking, Critical Thinking, Microsoft Excel, Writing, Active Learning, Learning Strategies, Monitoring","Active Listening, Microsoft Word",84.62,Start: Active Listening
35,Yes,Travel_Frequently,880,Sales,12,4,Other,1,1667,4,Male,36,3,2,Sales Executive,4,Single,4581,10414,3,Y,Yes,24,4,1,80,0,13,2,4,11,9,6,7,0.55786484,Medium Risk,3.0,381.75,4.0,MEDIUM RISK: Manager check-in; mentorship; targeted development plan.,53-3031.00,"Active Listening, Microsoft Office software, Microsoft Excel, Writing","Speaking, Critical Thinking, Reading Comprehension",57.14,Start: Speaking
38,No,Travel_Frequently,1189,Research & Development,1,3,Life Sciences,1,1668,4,Male,90,3,2,Research Scientist,4,Married,4735,9867,7,Y,No,15,3,4,80,2,19,4,4,13,11,2,9,0.011092682,Low Risk,4.0,338.2142857142857,4.0,LOW RISK: Continue standard career development and engagement tracking.,15-1221.00,"Amazon Web Services AWS software, Science, Docker, Learning Strategies, C, Active Learning, Active Listening, Apache Spark, Apache Hadoop, Critical Thinking, Bash, Writing, GitHub, Apache Kafka","Reading Comprehension, Mathematics, Speaking, Monitoring, Ansible software, C++, Git, Go",63.64,Start: Reading Comprehension
29,No,Travel_Rarely,991,Sales,5,3,Medical,1,1669,1,Male,43,2,2,Sales Executive,2,Divorced,4187,3356,1,Y,Yes,13,3,2,80,1,10,3,2,10,0,0,9,0.18307659,Low Risk,1.6666666666666667,380.6363636363636,1.6666666666666667,LOW RISK: Continue standard career development and engagement tracking.,53-3031.00,"Writing, Critical Thinking, Active Listening, Microsoft Excel, Speaking","Reading Comprehension, Microsoft Office software",71.43,Start: Reading Comprehension
33,No,Travel_Rarely,392,Sales,2,4,Medical,1,1670,4,Male,93,3,2,Sales Executive,4,Divorced,5505,3921,1,Y,No,14,3,3,80,2,6,5,3,6,2,0,4,0.033710487,Low Risk,3.6666666666666665,786.4285714285714,3.6666666666666665,LOW RISK: Continue standard career development and engagement tracking.,53-3031.00,"Critical Thinking, Microsoft Excel, Reading Comprehension, Active Listening, Writing","Speaking, Microsoft Office software",71.43,Start: Speaking
32,No,Travel_Rarely,977,Research & Development,2,3,Medical,1,1671,4,Male,45,3,2,Research Scientist,2,Divorced,5470,25518,0,Y,No,13,3,3,80,2,10,4,2,9,5,1,6,0.010431566,Low Risk,3.0,547.0,2.6666666666666665,LOW RISK: Continue standard career development and engagement tracking.,15-1221.00,"Go, Speaking, Apache Kafka, Ansible software, Learning Strategies, Bash, Git, Critical Thinking, Monitoring, C, Docker, Apache Hadoop, Active Learning, Writing, Amazon Web Services AWS software","Reading Comprehension, Mathematics, Active Listening, Science, Apache Spark, C++, GitHub",68.18,Start: Reading Comprehension
31,No,Travel_Rarely,1112,Sales,5,4,Life Sciences,1,1673,1,Female,67,3,2,Sales Executive,4,Married,5476,22589,1,Y,No,11,3,1,80,2,10,2,3,10,0,0,2,0.12051445,Low Risk,2.0,497.8181818181818,2.6666666666666665,LOW RISK: Continue standard career development and engagement tracking.,53-3031.00,"Reading Comprehension, Microsoft Office software, Active Listening, Microsoft Excel, Speaking","Critical Thinking, Writing",71.43,Start: Critical Thinking
49,No,Travel_Rarely,464,Research & Development,16,3,Medical,1,1674,4,Female,74,3,1,Laboratory Technician,1,Divorced,2587,24941,4,Y,Yes,16,3,2,80,1,17,2,2,2,2,2,2,0.25008497,Low Risk,2.3333333333333335,862.3333333333334,2.3333333333333335,LOW RISK: Continue standard career development and engagement tracking.,51-9083.00,"Microsoft Office software, SAP software, Microsoft Word, Critical Thinking, Microsoft PowerPoint, Microsoft Excel, Monitoring","Reading Comprehension, Microsoft Outlook",77.78,Start: Reading Comprehension
38,No,Travel_Frequently,148,Research & Development,2,3,Medical,1,1675,4,Female,42,2,1,Laboratory Technician,2,Single,2440,23826,1,Y,No,22,4,2,80,0,4,3,3,4,3,3,3,0.13134001,Low Risk,2.6666666666666665,488.0,3.0,LOW RISK: Continue standard career development and engagement tracking.,51-9083.00,"Monitoring, Reading Comprehension, Microsoft Word, SAP software, Microsoft Outlook, Critical Thinking, Microsoft PowerPoint","Microsoft Excel, Microsoft Office software",77.78,Start: Microsoft Excel
47,No,Travel_Rarely,1225,Sales,2,4,Life Sciences,1,1676,2,Female,47,4,4,Manager,2,Divorced,15972,21086,6,Y,No,14,3,3,80,3,29,2,3,3,2,1,2,0.027421078,Low Risk,2.3333333333333335,3993.0,2.3333333333333335,LOW RISK: Continue standard career development and engagement tracking.,47-1011.03,"Microsoft Office software, Autodesk AutoCAD Civil 3D, Microsoft Windows, Mathematics, Active Listening, Reading Comprehension, Microsoft Project, Critical Thinking, Microsoft Word, Microsoft PowerPoint, Autodesk AutoCAD, Speaking, Oracle Primavera Enterprise Project Portfolio Management, Microsoft Outlook, Writing, Microsoft Visio","Monitoring, Active Learning, Learning Strategies, Autodesk Revit, Microsoft Excel",76.19,Start: Monitoring
49,No,Travel_Rarely,809,Research & Development,1,3,Life Sciences,1,1677,3,Male,36,3,4,Manager,3,Single,15379,22384,4,Y,No,14,3,1,80,0,23,2,3,8,7,0,0,0.03338995,Low Risk,2.3333333333333335,1708.7777777777778,3.0,LOW RISK: Continue standard career development and engagement tracking.,47-1011.03,"Microsoft Visio, Active Listening, Learning Strategies, Active Learning, Autodesk Revit, Reading Comprehension, Microsoft Outlook, Microsoft Windows, Critical Thinking, Writing, Microsoft Office software, Microsoft PowerPoint, Autodesk AutoCAD, Oracle Primavera Enterprise Project Portfolio Management, Microsoft Word, Autodesk AutoCAD Civil 3D, Mathematics","Monitoring, Speaking, Microsoft Excel, Microsoft Project",80.95,Start: Monitoring
41,No,Travel_Rarely,1206,Sales,23,2,Life Sciences,1,1678,4,Male,80,3,3,Sales Executive,3,Single,7082,11591,3,Y,Yes,16,3,4,80,0,21,2,3,2,0,0,2,0.3240441,Low Risk,3.6666666666666665,2360.6666666666665,3.3333333333333335,LOW RISK: Continue standard career development and engagement tracking.,53-3031.00,"Microsoft Office software, Microsoft Excel, Critical Thinking, Speaking, Reading Comprehension","Active Listening, Writing",71.43,Start: Active Listening
20,No,Travel_Rarely,727,Sales,9,1,Life Sciences,1,1680,4,Male,54,3,1,Sales Representative,1,Single,2728,21082,1,Y,No,11,3,1,80,0,2,3,3,2,2,0,2,0.6356546,Medium Risk,2.0,909.3333333333334,2.6666666666666665,MEDIUM RISK: Manager check-in; mentorship; targeted development plan.,41-4012.00,"Salesforce software, Adobe Creative Cloud software, Reading Comprehension, Active Learning, Adobe Acrobat, Writing, Adobe Photoshop, Adobe InDesign, Microsoft Outlook, Adobe Illustrator, Microsoft Excel, Microsoft PowerPoint, Speaking","Active Listening, Critical Thinking, Monitoring, Microsoft Office software, Apple macOS, Autodesk AutoCAD",68.42,Start: Active Listening
33,No,Non-Travel,530,Sales,16,3,Life Sciences,1,1681,3,Female,36,3,2,Sales Executive,4,Divorced,5368,16130,1,Y,Yes,25,4,3,80,1,7,2,3,6,5,1,2,0.17389694,Low Risk,3.3333333333333335,766.8571428571429,3.3333333333333335,LOW RISK: Continue standard career development and engagement tracking.,53-3031.00,"Microsoft Excel, Active Listening, Writing, Critical Thinking","Speaking, Reading Comprehension, Microsoft Office software",57.14,Start: Speaking
36,No,Travel_Rarely,1351,Research & Development,26,4,Life Sciences,1,1682,1,Male,80,3,2,Healthcare Representative,3,Married,5347,7419,6,Y,No,14,3,2,80,2,10,2,2,3,2,0,2,0.1886877,Low Risk,2.0,1336.75,2.0,LOW RISK: Continue standard career development and engagement tracking.,43-4051.00,"Active Listening, Monitoring, Adobe Acrobat, Facebook, Google Docs, Intuit QuickBooks, Kronos Workforce Timekeeper, Writing, Reading Comprehension, Critical Thinking","Speaking, Microsoft Excel, Microsoft Office software, Microsoft Outlook, Adobe Creative Cloud software, Adobe Illustrator, Adobe Photoshop, Apple macOS",55.56,Start: Speaking
44,No,Travel_Rarely,528,Human Resources,1,3,Life Sciences,1,1683,3,Female,44,3,1,Human Resources,4,Divorced,3195,4167,4,Y,Yes,18,3,1,80,3,8,2,3,2,2,2,2,0.17325479,Low Risk,2.6666666666666665,1065.0,3.3333333333333335,LOW RISK: Continue standard career development and engagement tracking.,43-4161.00,"Microsoft Excel, Active Listening, Microsoft Access, Reading Comprehension, Writing, Microsoft Outlook, Google Docs, Speaking, Oracle PeopleSoft, Microsoft PowerPoint, Critical Thinking, Microsoft Word, Applicant tracking software, Microsoft Visio, Oracle HRIS","Monitoring, Active Learning, Microsoft Office software, Microsoft SharePoint",78.95,Start: Monitoring
23,Yes,Travel_Rarely,1320,Research & Development,8,1,Medical,1,1684,4,Male,93,2,1,Laboratory Technician,3,Single,3989,20586,1,Y,Yes,11,3,1,80,0,5,2,3,5,4,1,2,0.91071326,High Risk,2.6666666666666665,664.8333333333334,3.3333333333333335,HIGH RISK: HR review; retention conversation; career-path and compensation review.,51-9083.00,"Monitoring, Critical Thinking, Microsoft Office software, Microsoft Excel, Microsoft Word, Microsoft PowerPoint, SAP software","Reading Comprehension, Microsoft Outlook",77.78,Start: Reading Comprehension
38,No,Travel_Rarely,1495,Research & Development,4,2,Medical,1,1687,4,Female,87,3,1,Laboratory Technician,3,Married,3306,26176,7,Y,No,19,3,4,80,1,7,5,2,0,0,0,0,0.059879962,Low Risk,3.6666666666666665,3306.0,3.0,LOW RISK: Continue standard career development and engagement tracking.,51-9083.00,"SAP software, Microsoft Excel, Reading Comprehension, Microsoft Office software, Critical Thinking, Microsoft PowerPoint, Microsoft Outlook","Monitoring, Microsoft Word",77.78,Start: Monitoring
53,No,Travel_Rarely,1395,Research & Development,24,4,Medical,1,1689,2,Male,48,4,3,Healthcare Representative,4,Married,7005,3458,3,Y,No,15,3,3,80,0,11,2,3,4,3,1,2,0.034281317,Low Risk,3.0,1401.0,3.0,LOW RISK: Continue standard career development and engagement tracking.,43-4051.00,"Intuit QuickBooks, Speaking, Reading Comprehension, Google Docs, Kronos Workforce Timekeeper, Microsoft Office software, Facebook, Writing, Adobe Illustrator, Adobe Creative Cloud software, Apple macOS, Adobe Acrobat, Microsoft Excel","Active Listening, Critical Thinking, Monitoring, Microsoft Outlook, Adobe Photoshop",72.22,Start: Active Listening
48,Yes,Travel_Frequently,708,Sales,7,2,Medical,1,1691,4,Female,95,3,1,Sales Representative,3,Married,2655,11740,2,Y,Yes,11,3,3,80,2,19,3,3,9,7,7,7,0.47206202,Medium Risk,3.3333333333333335,265.5,3.3333333333333335,MEDIUM RISK: Manager check-in; mentorship; targeted development plan.,41-4012.00,"Autodesk AutoCAD, Active Listening, Microsoft PowerPoint, Critical Thinking, Adobe Creative Cloud software, Adobe Photoshop, Microsoft Outlook, Speaking, Adobe InDesign, Active Learning","Reading Comprehension, Writing, Monitoring, Microsoft Excel, Microsoft Office software, Salesforce software, Adobe Acrobat, Adobe Illustrator, Apple macOS",52.63,Start: Reading Comprehension
32,Yes,Travel_Rarely,1259,Research & Development,2,4,Life Sciences,1,1692,4,Male,95,3,1,Laboratory Technician,2,Single,1393,24852,1,Y,No,12,3,1,80,0,1,2,3,1,0,0,0,0.9085725,High Risk,2.3333333333333335,696.5,3.0,HIGH RISK: HR review; retention conversation; career-path and compensation review.,51-9083.00,"Microsoft Outlook, Reading Comprehension, Microsoft Word, Critical Thinking, SAP software","Monitoring, Microsoft Excel, Microsoft Office software, Microsoft PowerPoint",55.56,Start: Monitoring
26,No,Non-Travel,786,Research & Development,7,3,Medical,1,1693,4,Male,76,3,1,Laboratory Technician,4,Single,2570,11925,1,Y,No,20,4,3,80,0,7,5,3,7,7,5,7,0.046034247,Low Risk,3.6666666666666665,321.25,3.6666666666666665,LOW RISK: Continue standard career development and engagement tracking.,51-9083.00,"Critical Thinking, Microsoft Outlook, Microsoft PowerPoint, Monitoring, SAP software","Reading Comprehension, Microsoft Excel, Microsoft Office software, Microsoft Word",55.56,Start: Reading Comprehension
55,No,Travel_Rarely,1441,Research & Development,22,3,Technical Degree,1,1694,1,Male,94,2,1,Research Scientist,2,Divorced,3537,23737,5,Y,No,12,3,4,80,1,8,1,3,4,2,1,2,0.12668127,Low Risk,2.3333333333333335,707.4,2.0,LOW RISK: Continue standard career development and engagement tracking.,15-1221.00,"Apache Hadoop, Apache Kafka, Git, Docker, Mathematics, Active Listening, Science, Go, Reading Comprehension, Learning Strategies, Writing, Active Learning, Apache Spark, C++","Critical Thinking, Speaking, Monitoring, Amazon Web Services AWS software, Ansible software, Bash, C, GitHub",63.64,Start: Critical Thinking
34,No,Travel_Rarely,1157,Research & Development,5,2,Medical,1,1696,2,Male,57,2,2,Laboratory Technician,4,Married,3986,11912,1,Y,No,14,3,3,80,1,15,3,4,15,10,4,13,0.03759857,Low Risk,3.0,249.125,3.3333333333333335,LOW RISK: Continue standard career development and engagement tracking.,51-9083.00,"Microsoft Office software, Reading Comprehension, Microsoft Outlook, Critical Thinking, Microsoft Excel","Monitoring, Microsoft PowerPoint, Microsoft Word, SAP software",55.56,Start: Monitoring
60,No,Travel_Rarely,370,Research & Development,1,4,Medical,1,1697,3,Male,92,1,3,Healthcare Representative,4,Divorced,10883,20467,3,Y,No,20,4,3,80,1,19,2,4,1,0,0,0,0.014849713,Low Risk,3.3333333333333335,5441.5,3.6666666666666665,LOW RISK: Continue standard career development and engagement tracking.,43-4051.00,"Reading Comprehension, Microsoft Outlook, Google Docs, Adobe Illustrator, Facebook, Critical Thinking, Adobe Acrobat, Writing, Monitoring","Active Listening, Speaking, Microsoft Excel, Microsoft Office software, Adobe Creative Cloud software, Adobe Photoshop, Apple macOS, Intuit QuickBooks, Kronos Workforce Timekeeper",50.0,Start: Active Listening
33,No,Travel_Rarely,267,Research & Development,21,3,Medical,1,1698,2,Male,79,4,1,Laboratory Technician,2,Married,2028,13637,1,Y,No,18,3,4,80,3,14,6,3,14,11,2,13,0.12618345,Low Risk,2.6666666666666665,135.2,2.3333333333333335,LOW RISK: Continue standard career development and engagement tracking.,51-9083.00,"Reading Comprehension, Monitoring, Microsoft Office software, Microsoft Outlook, Microsoft Excel, Microsoft Word, Microsoft PowerPoint","Critical Thinking, SAP software",77.78,Start: Critical Thinking
37,No,Travel_Frequently,1278,Sales,1,4,Medical,1,1700,3,Male,31,1,2,Sales Executive,4,Divorced,9525,7677,1,Y,No,14,3,3,80,2,6,2,2,6,3,1,3,0.08921337,Low Risk,3.3333333333333335,1360.7142857142858,3.0,LOW RISK: Continue standard career development and engagement tracking.,53-3031.00,"Speaking, Microsoft Office software, Critical Thinking, Writing, Reading Comprehension","Active Listening, Microsoft Excel",71.43,Start: Active Listening
34,No,Travel_Rarely,678,Research & Development,19,3,Life Sciences,1,1701,2,Female,35,2,1,Research Scientist,4,Married,2929,20338,1,Y,No,12,3,2,80,0,10,3,3,10,9,8,7,0.12895367,Low Risk,2.6666666666666665,266.27272727272725,3.0,LOW RISK: Continue standard career development and engagement tracking.,15-1221.00,"Learning Strategies, Docker, Monitoring, Reading Comprehension, C, Science, Speaking, GitHub, Active Learning, Active Listening, Apache Kafka, Critical Thinking","Mathematics, Writing, Amazon Web Services AWS software, Ansible software, Apache Hadoop, Apache Spark, Bash, C++, Git, Go",54.55,Start: Mathematics
23,Yes,Travel_Rarely,427,Sales,7,3,Life Sciences,1,1702,3,Male,99,3,1,Sales Representative,4,Divorced,2275,25103,1,Y,Yes,21,4,2,80,1,3,2,3,3,2,0,2,0.82364607,High Risk,3.0,568.75,3.3333333333333335,HIGH RISK: HR review; retention conversation; career-path and compensation review.,41-4012.00,"Adobe Photoshop, Speaking, Monitoring, Writing, Autodesk AutoCAD, Microsoft Excel, Adobe Acrobat, Active Listening, Critical Thinking, Reading Comprehension, Active Learning, Adobe Illustrator, Apple macOS","Microsoft Office software, Microsoft Outlook, Microsoft PowerPoint, Salesforce software, Adobe Creative Cloud software, Adobe InDesign",68.42,Start: Microsoft Office software
44,No,Travel_Rarely,921,Research & Development,2,3,Life Sciences,1,1703,3,Female,96,4,3,Healthcare Representative,4,Married,7879,14810,1,Y,Yes,19,3,2,80,1,9,2,3,8,7,6,7,0.023353778,Low Risk,3.0,875.4444444444445,3.3333333333333335,LOW RISK: Continue standard career development and engagement tracking.,43-4051.00,"Speaking, Reading Comprehension, Adobe Photoshop, Google Docs, Kronos Workforce Timekeeper, Microsoft Outlook, Intuit QuickBooks, Apple macOS, Monitoring, Adobe Acrobat, Microsoft Excel, Adobe Creative Cloud software","Active Listening, Critical Thinking, Writing, Microsoft Office software, Adobe Illustrator, Facebook",66.67,Start: Active Listening
35,No,Travel_Frequently,146,Research & Development,2,4,Medical,1,1704,1,Male,79,2,1,Research Scientist,4,Single,4930,13970,0,Y,Yes,14,3,3,80,0,6,2,4,5,4,1,4,0.14800218,Low Risk,2.6666666666666665,821.6666666666666,3.0,LOW RISK: Continue standard career development and engagement tracking.,15-1221.00,"Docker, Speaking, Apache Hadoop, Apache Kafka, Mathematics, Science, Git, Writing, Amazon Web Services AWS software, Apache Spark, Active Listening, Critical Thinking, Bash, C++, Active Learning, Reading Comprehension, Learning Strategies","Monitoring, Ansible software, C, GitHub, Go",77.27,Start: Monitoring
43,No,Travel_Rarely,1179,Sales,2,3,Medical,1,1706,4,Male,73,3,2,Sales Executive,4,Married,7847,6069,1,Y,Yes,17,3,1,80,1,10,3,3,10,9,8,8,0.08514587,Low Risk,3.0,713.3636363636364,3.6666666666666665,LOW RISK: Continue standard career development and engagement tracking.,53-3031.00,"Reading Comprehension, Microsoft Excel, Active Listening, Writing","Speaking, Critical Thinking, Microsoft Office software",57.14,Start: Speaking
24,No,Travel_Rarely,581,Research & Development,9,3,Medical,1,1707,3,Male,62,4,1,Research Scientist,3,Married,4401,17616,1,Y,No,16,3,4,80,1,5,1,3,5,3,0,4,0.030692196,Low Risk,3.3333333333333335,733.5,3.0,LOW RISK: Continue standard career development and engagement tracking.,15-1221.00,"Git, Bash, Science, Monitoring, Mathematics, Writing, Apache Spark, Apache Kafka, Go, Amazon Web Services AWS software, GitHub","Active Learning, Reading Comprehension, Critical Thinking, Active Listening, Speaking, Learning Strategies, Ansible software, Apache Hadoop, C, C++, Docker",50.0,Start: Active Learning
41,No,Travel_Rarely,918,Sales,6,3,Marketing,1,1708,4,Male,35,3,3,Sales Executive,3,Single,9241,15869,1,Y,No,12,3,2,80,0,10,3,3,10,8,8,7,0.2193753,Low Risk,3.0,840.0909090909091,3.3333333333333335,LOW RISK: Continue standard career development and engagement tracking.,53-3031.00,"Writing, Active Listening, Reading Comprehension, Microsoft Office software","Speaking, Critical Thinking, Microsoft Excel",57.14,Start: Speaking
29,No,Travel_Rarely,1082,Research & Development,9,4,Medical,1,1709,4,Female,43,3,1,Laboratory Technician,3,Married,2974,25412,9,Y,No,17,3,3,80,1,9,2,3,5,3,1,2,0.18953684,Low Risk,3.3333333333333335,495.6666666666667,3.3333333333333335,LOW RISK: Continue standard career development and engagement tracking.,51-9083.00,"Critical Thinking, Reading Comprehension, Monitoring, Microsoft Excel, Microsoft Word","Microsoft Office software, Microsoft Outlook, Microsoft PowerPoint, SAP software",55.56,Start: Microsoft Office software
36,No,Travel_Rarely,530,Sales,2,4,Life Sciences,1,1710,3,Female,51,3,2,Sales Representative,4,Single,4502,7439,3,Y,No,15,3,3,80,0,17,2,2,13,7,6,7,0.19514836,Low Risk,3.3333333333333335,321.57142857142856,3.0,LOW RISK: Continue standard career development and engagement tracking.,41-4012.00,"Adobe Illustrator, Adobe Photoshop, Speaking, Critical Thinking, Microsoft PowerPoint, Active Listening, Salesforce software, Reading Comprehension, Autodesk AutoCAD, Microsoft Excel, Apple macOS, Microsoft Outlook, Monitoring","Writing, Active Learning, Microsoft Office software, Adobe Acrobat, Adobe Creative Cloud software, Adobe InDesign",68.42,Start: Writing
45,No,Non-Travel,1238,Research & Development,1,1,Life Sciences,1,1712,3,Male,74,2,3,Healthcare Representative,3,Married,10748,3395,3,Y,No,23,4,4,80,1,25,3,2,23,15,14,4,0.006101366,Low Risk,3.3333333333333335,447.8333333333333,2.6666666666666665,LOW RISK: Continue standard career development and engagement tracking.,43-4051.00,"Intuit QuickBooks, Monitoring, Kronos Workforce Timekeeper, Reading Comprehension, Facebook, Writing, Adobe Photoshop, Apple macOS, Speaking","Active Listening, Critical Thinking, Microsoft Excel, Microsoft Office software, Microsoft Outlook, Adobe Acrobat, Adobe Creative Cloud software, Adobe Illustrator, Google Docs",50.0,Start: Active Listening
24,Yes,Travel_Rarely,240,Human Resources,22,1,Human Resources,1,1714,4,Male,58,1,1,Human Resources,3,Married,1555,11585,1,Y,No,11,3,3,80,1,1,2,3,1,0,0,0,0.939166,High Risk,3.3333333333333335,777.5,3.3333333333333335,HIGH RISK: HR review; retention conversation; career-path and compensation review.,43-4161.00,"Writing, Microsoft Visio, Active Listening, Applicant tracking software, Microsoft Office software, Microsoft Access, Oracle PeopleSoft, Active Learning, Microsoft Outlook, Monitoring, Microsoft Word","Reading Comprehension, Speaking, Critical Thinking, Microsoft Excel, Microsoft PowerPoint, Oracle HRIS, Google Docs, Microsoft SharePoint",57.89,Start: Reading Comprehension
47,Yes,Travel_Frequently,1093,Sales,9,3,Life Sciences,1,1716,3,Male,82,1,4,Sales Executive,3,Married,12936,24164,7,Y,No,11,3,3,80,0,25,3,1,23,5,14,10,0.9348313,High Risk,3.0,539.0,2.3333333333333335,HIGH RISK: HR review; retention conversation; career-path and compensation review.,53-3031.00,"Speaking, Microsoft Excel, Critical Thinking, Microsoft Office software, Reading Comprehension, Writing",Active Listening,85.71,Start: Active Listening
26,No,Travel_Rarely,390,Research & Development,17,4,Medical,1,1718,4,Male,62,1,1,Laboratory Technician,3,Married,2305,6217,1,Y,No,15,3,3,80,3,3,3,4,3,2,0,2,0.29149395,Low Risk,3.3333333333333335,576.25,3.6666666666666665,LOW RISK: Continue standard career development and engagement tracking.,51-9083.00,"Critical Thinking, Microsoft Excel, Monitoring, Microsoft PowerPoint, Reading Comprehension, Microsoft Outlook, SAP software","Microsoft Office software, Microsoft Word",77.78,Start: Microsoft Office software
45,No,Travel_Rarely,1005,Research & Development,28,2,Technical Degree,1,1719,4,Female,48,2,4,Research Director,2,Single,16704,17119,1,Y,No,11,3,3,80,0,21,2,3,21,6,8,6,0.025253737,Low Risk,3.0,759.2727272727273,3.0,LOW RISK: Continue standard career development and engagement tracking.,27-2041.00,"Microsoft Word, Critical Thinking, Learning Strategies, Microsoft PowerPoint, Microsoft Excel, Microsoft Outlook, Speaking, Monitoring, Writing","Active Listening, Reading Comprehension, Active Learning, Microsoft Office software",69.23,Start: Active Listening
32,No,Travel_Frequently,585,Research & Development,10,3,Life Sciences,1,1720,1,Male,56,3,1,Research Scientist,3,Married,3433,17360,6,Y,No,13,3,1,80,1,10,3,2,5,2,1,3,0.58260363,Medium Risk,1.6666666666666667,572.1666666666666,2.0,MEDIUM RISK: Manager check-in; mentorship; targeted development plan.,15-1221.00,"Go, Speaking, Critical Thinking, Amazon Web Services AWS software, Bash, Apache Hadoop, Apache Spark, Mathematics, C++, Reading Comprehension, Docker, Monitoring, Active Listening","Active Learning, Writing, Learning Strategies, Science, Ansible software, Apache Kafka, C, Git, GitHub",59.09,Start: Active Learning
31,No,Travel_Rarely,741,Research & Development,2,4,Life Sciences,1,1721,2,Male,69,3,1,Laboratory Technician,3,Married,3477,18103,1,Y,No,14,3,4,80,1,6,2,4,5,2,0,3,0.15178126,Low Risk,3.0,579.5,3.0,LOW RISK: Continue standard career development and engagement tracking.,51-9083.00,"Reading Comprehension, Critical Thinking, Microsoft Excel, Monitoring","Microsoft Office software, Microsoft Outlook, Microsoft PowerPoint, Microsoft Word, SAP software",44.44,Start: Microsoft Office software
41,No,Non-Travel,552,Human Resources,4,3,Human Resources,1,1722,3,Male,60,1,2,Human Resources,2,Married,6430,20794,6,Y,No,19,3,2,80,1,10,4,3,3,2,1,2,0.048171163,Low Risk,2.3333333333333335,1607.5,2.6666666666666665,LOW RISK: Continue standard career development and engagement tracking.,43-4161.00,"Microsoft Visio, Microsoft Access, Writing, Google Docs, Critical Thinking, Active Learning, Oracle HRIS, Active Listening, Reading Comprehension, Microsoft Excel, Speaking, Microsoft SharePoint","Monitoring, Microsoft Office software, Microsoft Outlook, Microsoft PowerPoint, Microsoft Word, Applicant tracking software, Oracle PeopleSoft",63.16,Start: Monitoring
40,No,Travel_Rarely,369,Research & Development,8,2,Life Sciences,1,1724,2,Female,92,3,2,Manufacturing Director,1,Married,6516,5041,2,Y,Yes,16,3,2,80,1,18,3,3,1,0,0,0,0.27384293,Low Risk,1.6666666666666667,3258.0,2.0,LOW RISK: Continue standard career development and engagement tracking.,51-9195.05,"Microsoft Outlook, Critical Thinking, Microsoft Excel","Active Listening, Monitoring",60.0,Start: Active Listening
24,No,Travel_Rarely,506,Research & Development,29,1,Medical,1,1725,2,Male,91,3,1,Laboratory Technician,1,Divorced,3907,3622,1,Y,No,13,3,2,80,3,6,2,4,6,2,1,2,0.11368578,Low Risk,1.6666666666666667,558.1428571428571,2.3333333333333335,LOW RISK: Continue standard career development and engagement tracking.,51-9083.00,"Microsoft Outlook, Microsoft Word, Monitoring, Microsoft Excel, SAP software, Reading Comprehension","Critical Thinking, Microsoft Office software, Microsoft PowerPoint",66.67,Start: Critical Thinking
46,No,Travel_Rarely,717,Research & Development,13,4,Life Sciences,1,1727,3,Male,34,3,2,Healthcare Representative,2,Single,5562,9697,6,Y,No,14,3,4,80,0,19,3,3,10,7,0,9,0.13809821,Low Risk,3.0,505.6363636363636,2.6666666666666665,LOW RISK: Continue standard career development and engagement tracking.,43-4051.00,"Adobe Creative Cloud software, Apple macOS, Kronos Workforce Timekeeper, Microsoft Excel, Monitoring, Intuit QuickBooks, Speaking, Adobe Photoshop, Reading Comprehension, Facebook, Microsoft Outlook","Active Listening, Critical Thinking, Writing, Microsoft Office software, Adobe Acrobat, Adobe Illustrator, Google Docs",61.11,Start: Active Listening
35,No,Travel_Rarely,1370,Research & Development,27,4,Life Sciences,1,1728,4,Male,49,3,2,Manufacturing Director,3,Married,6883,5151,2,Y,No,16,3,2,80,1,17,3,3,7,7,0,7,0.022096924,Low Risk,3.0,860.375,3.3333333333333335,LOW RISK: Continue standard career development and engagement tracking.,51-9195.05,"Microsoft Outlook, Microsoft Excel, Critical Thinking","Active Listening, Monitoring",60.0,Start: Active Listening
30,No,Travel_Rarely,793,Research & Development,16,1,Life Sciences,1,1729,2,Male,33,3,1,Research Scientist,4,Married,2862,3811,1,Y,No,12,3,2,80,1,10,2,2,10,0,0,8,0.05461849,Low Risk,2.6666666666666665,260.1818181818182,2.6666666666666665,LOW RISK: Continue standard career development and engagement tracking.,15-1221.00,"Writing, Active Learning, Amazon Web Services AWS software, GitHub, Reading Comprehension, C, Ansible software, C++, Critical Thinking, Monitoring, Go, Git, Apache Hadoop, Speaking, Apache Spark, Mathematics, Science, Learning Strategies","Active Listening, Apache Kafka, Bash, Docker",81.82,Start: Active Listening
47,No,Non-Travel,543,Sales,2,4,Marketing,1,1731,3,Male,87,3,2,Sales Executive,2,Married,4978,3536,7,Y,No,11,3,4,80,1,4,3,1,1,0,0,0,0.13531964,Low Risk,3.0,2489.0,2.0,LOW RISK: Continue standard career development and engagement tracking.,53-3031.00,"Microsoft Excel, Writing, Microsoft Office software, Critical Thinking, Speaking, Reading Comprehension",Active Listening,85.71,Start: Active Listening
46,No,Travel_Rarely,1277,Sales,2,3,Life Sciences,1,1732,3,Male,74,3,3,Sales Executive,4,Divorced,10368,5596,4,Y,Yes,12,3,2,80,1,13,5,2,10,6,0,3,0.10402724,Low Risk,3.0,942.5454545454545,3.0,LOW RISK: Continue standard career development and engagement tracking.,53-3031.00,"Reading Comprehension, Critical Thinking, Speaking, Active Listening, Microsoft Office software","Writing, Microsoft Excel",71.43,Start: Writing
36,Yes,Travel_Rarely,1456,Sales,13,5,Marketing,1,1733,2,Male,96,2,2,Sales Executive,1,Divorced,6134,8658,5,Y,Yes,13,3,2,80,3,16,3,3,2,2,2,2,0.5781207,Medium Risk,1.6666666666666667,2044.6666666666667,2.0,MEDIUM RISK: Manager check-in; mentorship; targeted development plan.,53-3031.00,"Reading Comprehension, Writing, Microsoft Excel, Active Listening, Speaking","Critical Thinking, Microsoft Office software",71.43,Start: Critical Thinking
32,Yes,Travel_Rarely,964,Sales,1,2,Life Sciences,1,1734,1,Male,34,1,2,Sales Executive,2,Single,6735,12147,6,Y,No,15,3,2,80,0,10,2,3,0,0,0,0,0.93922615,High Risk,1.6666666666666667,6735.0,2.0,HIGH RISK: HR review; retention conversation; career-path and compensation review.,53-3031.00,"Active Listening, Microsoft Excel, Microsoft Office software, Critical Thinking, Reading Comprehension","Speaking, Writing",71.43,Start: Speaking
23,No,Travel_Rarely,160,Research & Development,4,1,Medical,1,1735,3,Female,51,3,1,Laboratory Technician,2,Single,3295,12862,1,Y,No,13,3,3,80,0,3,3,1,3,2,1,2,0.4402892,Medium Risk,2.6666666666666665,823.75,2.0,MEDIUM RISK: Manager check-in; mentorship; targeted development plan.,51-9083.00,"Microsoft Word, Microsoft PowerPoint, Microsoft Office software, Monitoring, Microsoft Excel, SAP software","Reading Comprehension, Critical Thinking, Microsoft Outlook",66.67,Start: Reading Comprehension
31,No,Travel_Frequently,163,Research & Development,24,1,Technical Degree,1,1736,4,Female,30,3,2,Manufacturing Director,4,Single,5238,6670,2,Y,No,20,4,4,80,0,9,3,2,5,4,1,4,0.11152544,Low Risk,4.0,873.0,3.3333333333333335,LOW RISK: Continue standard career development and engagement tracking.,51-9195.05,"Critical Thinking, Active Listening","Monitoring, Microsoft Excel, Microsoft Outlook",40.0,Start: Monitoring
39,No,Non-Travel,792,Research & Development,1,3,Life Sciences,1,1737,4,Male,77,3,2,Laboratory Technician,4,Married,6472,8989,1,Y,Yes,15,3,4,80,1,9,2,3,9,8,5,8,0.01767008,Low Risk,4.0,647.2,3.6666666666666665,LOW RISK: Continue standard career development and engagement tracking.,51-9083.00,"Microsoft Outlook, Microsoft Office software, Critical Thinking, Microsoft Word, SAP software, Reading Comprehension, Monitoring","Microsoft Excel, Microsoft PowerPoint",77.78,Start: Microsoft Excel
32,No,Travel_Rarely,371,Sales,19,3,Life Sciences,1,1739,4,Male,80,1,3,Sales Executive,3,Married,9610,3840,3,Y,No,13,3,3,80,1,10,2,1,4,3,0,2,0.48927373,Medium Risk,3.3333333333333335,1922.0,2.6666666666666665,MEDIUM RISK: Manager check-in; mentorship; targeted development plan.,53-3031.00,"Microsoft Office software, Reading Comprehension, Microsoft Excel, Critical Thinking, Writing","Active Listening, Speaking",71.43,Start: Active Listening
40,No,Travel_Rarely,611,Sales,7,4,Medical,1,1740,2,Male,88,3,5,Manager,2,Single,19833,4349,1,Y,No,14,3,2,80,0,21,3,2,21,8,12,8,0.08721528,Low Risk,2.0,901.5,2.0,LOW RISK: Continue standard career development and engagement tracking.,47-1011.03,"Speaking, Microsoft Outlook, Autodesk AutoCAD Civil 3D, Writing, Autodesk AutoCAD, Microsoft Windows, Monitoring, Reading Comprehension, Active Listening, Oracle Primavera Enterprise Project Portfolio Management, Microsoft Project, Microsoft Word, Mathematics, Learning Strategies, Microsoft Excel, Autodesk Revit, Microsoft PowerPoint","Critical Thinking, Active Learning, Microsoft Office software, Microsoft Visio",80.95,Start: Critical Thinking
45,No,Travel_Rarely,176,Human Resources,4,3,Life Sciences,1,1744,3,Female,56,1,3,Human Resources,3,Married,9756,6595,4,Y,No,21,4,3,80,2,9,2,4,5,0,0,3,0.07746336,Low Risk,3.0,1626.0,3.3333333333333335,LOW RISK: Continue standard career development and engagement tracking.,43-4161.00,"Microsoft Word, Oracle PeopleSoft, Speaking, Microsoft Office software, Microsoft Outlook, Reading Comprehension, Google Docs, Active Listening, Applicant tracking software","Writing, Critical Thinking, Monitoring, Active Learning, Microsoft Excel, Microsoft PowerPoint, Oracle HRIS, Microsoft Access, Microsoft SharePoint, Microsoft Visio",47.37,Start: Writing
30,No,Travel_Frequently,1312,Research & Development,2,4,Technical Degree,1,1745,4,Female,78,2,1,Research Scientist,1,Single,4968,26427,0,Y,No,16,3,4,80,0,10,2,3,9,7,0,7,0.06230816,Low Risk,3.0,496.8,2.6666666666666665,LOW RISK: Continue standard career development and engagement tracking.,15-1221.00,"Docker, Ansible software, Mathematics, Apache Spark, Reading Comprehension, Active Learning, Amazon Web Services AWS software, C++, Critical Thinking, Bash, GitHub, Active Listening, Speaking, Science","Writing, Monitoring, Learning Strategies, Apache Hadoop, Apache Kafka, C, Git, Go",63.64,Start: Writing
24,No,Travel_Frequently,897,Human Resources,10,3,Medical,1,1746,1,Male,59,3,1,Human Resources,4,Married,2145,2097,0,Y,No,14,3,4,80,1,3,2,3,2,2,2,1,0.26384377,Low Risk,3.0,715.0,2.6666666666666665,LOW RISK: Continue standard career development and engagement tracking.,43-4161.00,"Writing, Oracle PeopleSoft, Microsoft Visio, Microsoft Office software, Microsoft Outlook, Microsoft Access, Microsoft Excel, Microsoft SharePoint, Google Docs, Microsoft PowerPoint, Critical Thinking, Active Listening, Applicant tracking software","Reading Comprehension, Speaking, Monitoring, Active Learning, Microsoft Word, Oracle HRIS",68.42,Start: Reading Comprehension
30,Yes,Travel_Frequently,600,Human Resources,8,3,Human Resources,1,1747,3,Female,66,2,1,Human Resources,4,Divorced,2180,9732,6,Y,No,11,3,3,80,1,6,0,2,4,2,1,2,0.8626575,High Risk,3.3333333333333335,436.0,3.0,HIGH RISK: HR review; retention conversation; career-path and compensation review.,43-4161.00,"Critical Thinking, Reading Comprehension, Monitoring, Microsoft PowerPoint, Applicant tracking software, Microsoft Office software, Microsoft Excel, Speaking, Active Learning, Oracle HRIS, Microsoft Visio, Google Docs, Writing, Microsoft Outlook","Active Listening, Microsoft Word, Microsoft Access, Microsoft SharePoint, Oracle PeopleSoft",73.68,Start: Active Listening
31,No,Travel_Rarely,1003,Sales,5,3,Technical Degree,1,1749,1,Male,51,3,2,Sales Executive,3,Married,8346,20943,1,Y,No,19,3,3,80,1,6,3,3,5,2,0,2,0.13834397,Low Risk,2.3333333333333335,1391.0,2.3333333333333335,LOW RISK: Continue standard career development and engagement tracking.,53-3031.00,"Reading Comprehension, Writing, Speaking, Critical Thinking","Active Listening, Microsoft Excel, Microsoft Office software",57.14,Start: Active Listening
27,No,Travel_Rarely,1054,Research & Development,8,3,Medical,1,1751,3,Female,67,3,1,Research Scientist,4,Single,3445,6152,1,Y,No,11,3,3,80,0,6,5,2,6,2,1,4,0.071433164,Low Risk,3.3333333333333335,492.14285714285717,3.0,LOW RISK: Continue standard career development and engagement tracking.,15-1221.00,"Git, Critical Thinking, Apache Hadoop, Science, Monitoring, Learning Strategies, Active Listening, C, Writing, Ansible software, Amazon Web Services AWS software","Active Learning, Reading Comprehension, Mathematics, Speaking, Apache Kafka, Apache Spark, Bash, C++, Docker, GitHub, Go",50.0,Start: Active Learning
29,Yes,Travel_Rarely,428,Sales,9,3,Marketing,1,1752,2,Female,52,1,1,Sales Representative,2,Single,2760,14630,1,Y,No,13,3,3,80,0,2,3,3,2,2,2,2,0.9099052,High Risk,2.3333333333333335,920.0,2.3333333333333335,HIGH RISK: HR review; retention conversation; career-path and compensation review.,41-4012.00,"Microsoft Outlook, Microsoft Office software, Autodesk AutoCAD, Microsoft Excel, Salesforce software, Adobe Photoshop, Adobe Creative Cloud software, Speaking, Monitoring, Critical Thinking, Active Listening, Active Learning, Writing, Adobe Illustrator, Adobe Acrobat","Reading Comprehension, Microsoft PowerPoint, Adobe InDesign, Apple macOS",78.95,Start: Reading Comprehension
29,No,Travel_Frequently,461,Research & Development,1,3,Life Sciences,1,1753,4,Male,70,4,2,Healthcare Representative,3,Single,6294,23060,8,Y,Yes,12,3,4,80,0,10,5,4,3,2,0,2,0.62194526,Medium Risk,3.6666666666666665,1573.5,3.6666666666666665,MEDIUM RISK: Manager check-in; mentorship; targeted development plan.,43-4051.00,"Microsoft Excel, Adobe Photoshop, Adobe Illustrator, Adobe Acrobat, Kronos Workforce Timekeeper, Critical Thinking, Adobe Creative Cloud software, Reading Comprehension, Active Listening, Google Docs, Writing, Intuit QuickBooks, Microsoft Office software, Microsoft Outlook","Speaking, Monitoring, Apple macOS, Facebook",77.78,Start: Speaking
30,No,Travel_Rarely,979,Sales,15,2,Marketing,1,1754,3,Male,94,2,3,Sales Executive,1,Divorced,7140,3088,2,Y,No,11,3,1,80,1,12,2,3,7,7,1,7,0.18385561,Low Risk,1.6666666666666667,892.5,2.3333333333333335,LOW RISK: Continue standard career development and engagement tracking.,53-3031.00,"Speaking, Reading Comprehension, Critical Thinking, Microsoft Office software","Active Listening, Writing, Microsoft Excel",57.14,Start: Active Listening
34,No,Travel_Rarely,181,Research & Development,2,4,Medical,1,1755,4,Male,97,4,1,Research Scientist,4,Married,2932,5586,0,Y,Yes,14,3,1,80,3,6,3,3,5,0,1,2,0.02194701,Low Risk,3.0,488.6666666666667,3.6666666666666665,LOW RISK: Continue standard career development and engagement tracking.,15-1221.00,"Writing, Git, C, Mathematics, Docker, Reading Comprehension, Go, Monitoring, Apache Spark, Science, Speaking, Bash, Apache Hadoop, Learning Strategies, C++","Active Learning, Critical Thinking, Active Listening, Amazon Web Services AWS software, Ansible software, Apache Kafka, GitHub",68.18,Start: Active Learning
33,No,Non-Travel,1283,Sales,2,3,Marketing,1,1756,4,Female,62,3,2,Sales Executive,2,Single,5147,10697,8,Y,No,15,3,4,80,0,13,2,2,11,7,1,7,0.1422192,Low Risk,3.3333333333333335,428.9166666666667,2.6666666666666665,LOW RISK: Continue standard career development and engagement tracking.,53-3031.00,"Microsoft Excel, Writing, Critical Thinking","Active Listening, Speaking, Reading Comprehension, Microsoft Office software",42.86,Start: Active Listening
49,No,Travel_Rarely,1313,Sales,11,4,Marketing,1,1757,4,Female,80,3,2,Sales Executive,4,Single,4507,8191,3,Y,No,12,3,3,80,0,8,1,4,5,1,0,4,0.09388725,Low Risk,3.6666666666666665,751.1666666666666,4.0,LOW RISK: Continue standard career development and engagement tracking.,53-3031.00,"Writing, Critical Thinking, Speaking, Microsoft Office software, Microsoft Excel","Active Listening, Reading Comprehension",71.43,Start: Active Listening
33,Yes,Travel_Rarely,211,Sales,16,3,Life Sciences,1,1758,1,Female,74,3,3,Sales Executive,1,Single,8564,10092,2,Y,Yes,20,4,3,80,0,11,2,2,0,0,0,0,0.94349784,High Risk,1.6666666666666667,8564.0,1.3333333333333333,HIGH RISK: HR review; retention conversation; career-path and compensation review.,53-3031.00,"Microsoft Office software, Writing, Reading Comprehension, Active Listening, Microsoft Excel, Critical Thinking",Speaking,85.71,Start: Speaking
38,No,Travel_Frequently,594,Research & Development,2,2,Medical,1,1760,3,Female,75,2,1,Laboratory Technician,2,Married,2468,15963,4,Y,No,14,3,2,80,1,9,4,2,6,1,0,5,0.15671107,Low Risk,2.3333333333333335,352.57142857142856,2.3333333333333335,LOW RISK: Continue standard career development and engagement tracking.,51-9083.00,"Microsoft Word, Critical Thinking, Reading Comprehension, SAP software, Microsoft Outlook, Microsoft PowerPoint","Monitoring, Microsoft Excel, Microsoft Office software",66.67,Start: Monitoring
31,Yes,Travel_Rarely,1079,Sales,16,4,Marketing,1,1761,1,Male,70,3,3,Sales Executive,3,Married,8161,19002,2,Y,No,13,3,1,80,3,10,2,3,1,0,0,0,0.87091774,High Risk,1.6666666666666667,4080.5,2.3333333333333335,HIGH RISK: HR review; retention conversation; career-path and compensation review.,53-3031.00,"Writing, Reading Comprehension, Microsoft Excel, Speaking","Active Listening, Critical Thinking, Microsoft Office software",57.14,Start: Active Listening
29,No,Travel_Rarely,590,Research & Development,4,3,Technical Degree,1,1762,4,Female,91,2,1,Research Scientist,1,Divorced,2109,10007,1,Y,No,13,3,3,80,1,1,2,3,1,0,0,0,0.18011323,Low Risk,2.6666666666666665,1054.5,2.6666666666666665,LOW RISK: Continue standard career development and engagement tracking.,15-1221.00,"GitHub, Go, C, Critical Thinking, C++, Apache Spark, Speaking, Apache Kafka, Amazon Web Services AWS software, Reading Comprehension, Bash","Active Learning, Mathematics, Active Listening, Writing, Monitoring, Learning Strategies, Science, Ansible software, Apache Hadoop, Docker, Git",50.0,Start: Active Learning
30,No,Travel_Rarely,305,Research & Development,16,3,Life Sciences,1,1763,3,Male,58,4,2,Healthcare Representative,3,Married,5294,9128,3,Y,No,16,3,3,80,1,10,3,3,7,0,1,7,0.046809517,Low Risk,3.0,661.75,3.0,LOW RISK: Continue standard career development and engagement tracking.,43-4051.00,"Microsoft Excel, Writing, Reading Comprehension, Active Listening, Intuit QuickBooks, Apple macOS, Speaking, Adobe Acrobat, Adobe Photoshop, Kronos Workforce Timekeeper, Adobe Illustrator, Microsoft Outlook, Adobe Creative Cloud software, Google Docs","Critical Thinking, Monitoring, Microsoft Office software, Facebook",77.78,Start: Critical Thinking
32,No,Non-Travel,953,Research & Development,5,4,Technical Degree,1,1764,2,Male,65,3,1,Research Scientist,2,Single,2718,17674,2,Y,No,14,3,2,80,0,12,3,3,7,7,0,7,0.040561397,Low Risk,2.0,339.75,2.3333333333333335,LOW RISK: Continue standard career development and engagement tracking.,15-1221.00,"Writing, Apache Spark, Ansible software, Go, Mathematics, Bash, Critical Thinking, Reading Comprehension, C, Amazon Web Services AWS software, Active Learning, Science, Apache Hadoop, Speaking, Apache Kafka, Monitoring, Docker, Active Listening, Learning Strategies","C++, Git, GitHub",86.36,Start: C++
38,No,Travel_Rarely,833,Research & Development,18,3,Medical,1,1766,2,Male,60,1,2,Healthcare Representative,4,Married,5811,24539,3,Y,Yes,16,3,3,80,1,15,2,3,1,0,1,0,0.16570169,Low Risk,3.0,2905.5,3.0,LOW RISK: Continue standard career development and engagement tracking.,43-4051.00,"Writing, Kronos Workforce Timekeeper, Intuit QuickBooks, Microsoft Outlook, Adobe Illustrator, Adobe Creative Cloud software, Facebook, Reading Comprehension, Monitoring, Microsoft Office software, Adobe Acrobat","Active Listening, Speaking, Critical Thinking, Microsoft Excel, Adobe Photoshop, Apple macOS, Google Docs",61.11,Start: Active Listening
43,Yes,Travel_Frequently,807,Research & Development,17,3,Technical Degree,1,1767,3,Male,38,2,1,Research Scientist,3,Married,2437,15587,9,Y,Yes,16,3,4,80,1,6,4,3,1,0,0,0,0.89889127,High Risk,3.3333333333333335,1218.5,3.0,HIGH RISK: HR review; retention conversation; career-path and compensation review.,15-1221.00,"Active Listening, Apache Kafka, Git, Apache Hadoop, Learning Strategies, Ansible software, Active Learning, C++, Monitoring, Critical Thinking, Writing","Reading Comprehension, Mathematics, Speaking, Science, Amazon Web Services AWS software, Apache Spark, Bash, C, Docker, GitHub, Go",50.0,Start: Reading Comprehension
42,No,Travel_Rarely,855,Research & Development,12,3,Medical,1,1768,2,Male,57,3,1,Laboratory Technician,2,Divorced,2766,8952,8,Y,No,22,4,2,80,3,7,6,2,5,3,0,4,0.21152544,Low Risk,2.0,461.0,2.0,LOW RISK: Continue standard career development and engagement tracking.,51-9083.00,"SAP software, Microsoft PowerPoint, Reading Comprehension, Monitoring, Microsoft Excel, Microsoft Word","Critical Thinking, Microsoft Office software, Microsoft Outlook",66.67,Start: Critical Thinking
55,No,Travel_Rarely,478,Research & Development,2,3,Medical,1,1770,3,Male,60,2,5,Research Director,1,Married,19038,19805,8,Y,No,12,3,2,80,3,34,2,3,1,0,0,0,0.04982564,Low Risk,2.0,9519.0,2.3333333333333335,LOW RISK: Continue standard career development and engagement tracking.,27-2041.00,"Writing, Learning Strategies, Microsoft Office software, Critical Thinking, Microsoft Word, Reading Comprehension, Speaking","Active Listening, Monitoring, Active Learning, Microsoft Excel, Microsoft Outlook, Microsoft PowerPoint",53.85,Start: Active Listening
33,No,Non-Travel,775,Research & Development,4,3,Technical Degree,1,1771,4,Male,90,3,2,Research Scientist,2,Divorced,3055,6194,5,Y,No,15,3,4,80,2,11,2,2,9,8,1,7,0.034444112,Low Risk,3.3333333333333335,305.5,2.6666666666666665,LOW RISK: Continue standard career development and engagement tracking.,15-1221.00,"Active Listening, Writing, C++, Learning Strategies, Mathematics, Apache Spark, Git, Active Learning, Apache Kafka, Apache Hadoop, Ansible software, Go, Critical Thinking, GitHub, Speaking, Reading Comprehension, Amazon Web Services AWS software","Monitoring, Science, Bash, C, Docker",77.27,Start: Monitoring
41,No,Travel_Rarely,548,Research & Development,9,4,Life Sciences,1,1772,3,Male,94,3,1,Laboratory Technician,1,Divorced,2289,20520,1,Y,No,20,4,2,80,2,5,2,3,5,3,0,4,0.09056556,Low Risk,2.0,381.5,2.3333333333333335,LOW RISK: Continue standard career development and engagement tracking.,51-9083.00,"Reading Comprehension, Microsoft Excel, Microsoft Word, Microsoft PowerPoint, SAP software, Monitoring, Microsoft Office software","Critical Thinking, Microsoft Outlook",77.78,Start: Critical Thinking
34,No,Non-Travel,1375,Sales,10,3,Life Sciences,1,1774,4,Male,87,3,2,Sales Executive,3,Divorced,4001,12313,1,Y,Yes,14,3,3,80,1,15,3,3,15,14,0,7,0.0166079,Low Risk,3.3333333333333335,250.0625,3.3333333333333335,LOW RISK: Continue standard career development and engagement tracking.,53-3031.00,"Reading Comprehension, Microsoft Excel, Active Listening, Speaking, Microsoft Office software","Critical Thinking, Writing",71.43,Start: Critical Thinking
53,No,Non-Travel,661,Research & Development,1,4,Medical,1,1775,1,Female,60,2,4,Manufacturing Director,3,Married,12965,22308,4,Y,Yes,20,4,4,80,3,27,2,2,3,2,0,2,0.050187327,Low Risk,2.6666666666666665,3241.25,2.0,LOW RISK: Continue standard career development and engagement tracking.,51-9195.05,"Microsoft Outlook, Active Listening, Microsoft Excel, Monitoring",Critical Thinking,80.0,Start: Critical Thinking
43,No,Travel_Rarely,244,Human Resources,2,3,Life Sciences,1,1778,2,Male,97,3,1,Human Resources,4,Single,3539,5033,0,Y,No,13,3,2,80,0,10,5,3,9,7,1,8,0.03790083,Low Risk,2.6666666666666665,353.9,3.0,LOW RISK: Continue standard career development and engagement tracking.,43-4161.00,"Critical Thinking, Microsoft Outlook, Microsoft SharePoint, Speaking, Oracle PeopleSoft, Oracle HRIS, Microsoft Access, Active Learning, Microsoft Visio, Writing, Microsoft Office software, Monitoring, Reading Comprehension, Applicant tracking software, Microsoft PowerPoint, Microsoft Word","Active Listening, Microsoft Excel, Google Docs",84.21,Start: Active Listening
34,No,Travel_Rarely,511,Sales,3,2,Life Sciences,1,1779,4,Female,32,1,2,Sales Executive,4,Single,6029,25353,5,Y,No,12,3,1,80,0,6,3,3,2,2,2,2,0.22836569,Low Risk,3.0,2009.6666666666667,3.6666666666666665,LOW RISK: Continue standard career development and engagement tracking.,53-3031.00,"Reading Comprehension, Microsoft Excel, Microsoft Office software, Active Listening, Writing, Critical Thinking",Speaking,85.71,Start: Speaking
21,Yes,Travel_Rarely,337,Sales,7,1,Marketing,1,1780,2,Male,31,3,1,Sales Representative,2,Single,2679,4567,1,Y,No,13,3,2,80,0,1,3,3,1,0,1,0,0.8776933,High Risk,2.0,1339.5,2.3333333333333335,HIGH RISK: HR review; retention conversation; career-path and compensation review.,41-4012.00,"Microsoft Outlook, Active Learning, Apple macOS, Salesforce software, Active Listening, Critical Thinking, Adobe Illustrator, Writing, Monitoring, Microsoft Office software, Adobe Creative Cloud software, Microsoft PowerPoint, Adobe Acrobat, Reading Comprehension, Speaking, Adobe Photoshop","Microsoft Excel, Adobe InDesign, Autodesk AutoCAD",84.21,Start: Microsoft Excel
38,No,Travel_Rarely,1153,Research & Development,6,2,Other,1,1782,4,Female,40,2,1,Laboratory Technician,3,Married,3702,16376,1,Y,No,11,3,2,80,1,5,3,3,5,4,0,4,0.034484994,Low Risk,3.0,617.0,3.3333333333333335,LOW RISK: Continue standard career development and engagement tracking.,51-9083.00,"SAP software, Microsoft Word, Critical Thinking, Microsoft Excel, Microsoft Outlook","Reading Comprehension, Monitoring, Microsoft Office software, Microsoft PowerPoint",55.56,Start: Reading Comprehension
22,Yes,Travel_Rarely,1294,Research & Development,8,1,Medical,1,1783,3,Female,79,3,1,Laboratory Technician,1,Married,2398,15999,1,Y,Yes,17,3,3,80,0,1,6,3,1,0,0,0,0.94969475,High Risk,2.3333333333333335,1199.0,2.3333333333333335,HIGH RISK: HR review; retention conversation; career-path and compensation review.,51-9083.00,"Monitoring, SAP software, Microsoft Office software, Microsoft Word, Microsoft Outlook, Reading Comprehension, Microsoft PowerPoint","Critical Thinking, Microsoft Excel",77.78,Start: Critical Thinking
31,No,Travel_Rarely,196,Sales,29,4,Marketing,1,1784,1,Female,91,2,2,Sales Executive,4,Married,5468,13402,1,Y,No,14,3,1,80,2,13,3,3,12,7,5,7,0.27954236,Low Risk,2.0,420.61538461538464,2.6666666666666665,LOW RISK: Continue standard career development and engagement tracking.,53-3031.00,"Microsoft Excel, Microsoft Office software, Speaking, Writing, Reading Comprehension","Active Listening, Critical Thinking",71.43,Start: Active Listening
51,No,Travel_Rarely,942,Research & Development,3,3,Technical Degree,1,1786,1,Female,53,3,3,Manager,3,Married,13116,22984,2,Y,No,11,3,4,80,0,15,2,3,2,2,2,2,0.04385795,Low Risk,2.6666666666666665,4372.0,2.3333333333333335,LOW RISK: Continue standard career development and engagement tracking.,47-1011.03,"Critical Thinking, Microsoft Word, Microsoft Windows, Mathematics, Autodesk Revit, Oracle Primavera Enterprise Project Portfolio Management, Microsoft Project, Reading Comprehension, Microsoft Excel, Microsoft PowerPoint, Microsoft Office software, Autodesk AutoCAD","Monitoring, Active Listening, Speaking, Writing, Active Learning, Learning Strategies, Autodesk AutoCAD Civil 3D, Microsoft Outlook, Microsoft Visio",57.14,Start: Monitoring
37,No,Travel_Rarely,589,Sales,9,2,Marketing,1,1787,2,Male,46,2,2,Sales Executive,2,Married,4189,8800,1,Y,No,14,3,1,80,2,5,2,3,5,2,0,3,0.20735376,Low Risk,1.6666666666666667,698.1666666666666,2.3333333333333335,LOW RISK: Continue standard career development and engagement tracking.,53-3031.00,"Speaking, Microsoft Excel, Reading Comprehension, Writing","Active Listening, Critical Thinking, Microsoft Office software",57.14,Start: Active Listening
46,No,Travel_Rarely,734,Research & Development,2,4,Medical,1,1789,3,Male,46,3,5,Research Director,4,Divorced,19328,14218,7,Y,Yes,17,3,3,80,1,24,3,3,2,1,2,2,0.080970645,Low Risk,3.3333333333333335,6442.666666666667,3.3333333333333335,LOW RISK: Continue standard career development and engagement tracking.,27-2041.00,"Active Listening, Monitoring, Microsoft Excel, Writing, Critical Thinking, Microsoft Word, Speaking, Active Learning, Reading Comprehension","Learning Strategies, Microsoft Office software, Microsoft Outlook, Microsoft PowerPoint",69.23,Start: Learning Strategies
36,No,Travel_Rarely,1383,Research & Development,10,3,Life Sciences,1,1790,4,Male,90,3,3,Healthcare Representative,1,Married,8321,25949,7,Y,Yes,13,3,4,80,1,15,1,3,12,8,5,7,0.07352762,Low Risk,3.0,640.0769230769231,2.6666666666666665,LOW RISK: Continue standard career development and engagement tracking.,43-4051.00,"Writing, Intuit QuickBooks, Microsoft Office software, Microsoft Excel, Critical Thinking, Adobe Photoshop, Speaking, Reading Comprehension, Facebook, Adobe Acrobat, Adobe Creative Cloud software, Google Docs, Kronos Workforce Timekeeper","Active Listening, Monitoring, Microsoft Outlook, Adobe Illustrator, Apple macOS",72.22,Start: Active Listening
44,Yes,Travel_Frequently,429,Research & Development,1,2,Medical,1,1792,3,Male,99,3,1,Research Scientist,2,Divorced,2342,11092,1,Y,Yes,12,3,3,80,3,6,2,2,5,3,2,3,0.80820936,High Risk,2.6666666666666665,390.3333333333333,2.3333333333333335,HIGH RISK: HR review; retention conversation; career-path and compensation review.,15-1221.00,"Amazon Web Services AWS software, Speaking, Reading Comprehension, GitHub, Apache Kafka, Learning Strategies, Docker, Active Learning, Active Listening, C, Monitoring, C++","Mathematics, Critical Thinking, Writing, Science, Ansible software, Apache Hadoop, Apache Spark, Bash, Git, Go",54.55,Start: Mathematics
37,No,Travel_Rarely,1239,Human Resources,8,2,Other,1,1794,3,Male,89,3,2,Human Resources,2,Divorced,4071,12832,2,Y,No,13,3,3,80,0,19,4,2,10,0,4,7,0.07767194,Low Risk,2.6666666666666665,370.09090909090907,2.3333333333333335,LOW RISK: Continue standard career development and engagement tracking.,43-4161.00,"Active Listening, Reading Comprehension, Microsoft Excel, Speaking, Oracle PeopleSoft, Microsoft Outlook, Microsoft SharePoint, Oracle HRIS, Applicant tracking software","Writing, Critical Thinking, Monitoring, Active Learning, Microsoft Office software, Microsoft PowerPoint, Microsoft Word, Google Docs, Microsoft Access, Microsoft Visio",47.37,Start: Writing
35,Yes,Travel_Rarely,303,Sales,27,3,Life Sciences,1,1797,3,Male,84,3,2,Sales Executive,4,Single,5813,13492,1,Y,Yes,18,3,4,80,0,10,2,3,10,7,7,7,0.81236714,High Risk,3.6666666666666665,528.4545454545455,3.3333333333333335,HIGH RISK: HR review; retention conversation; career-path and compensation review.,53-3031.00,"Microsoft Office software, Microsoft Excel, Reading Comprehension","Active Listening, Speaking, Critical Thinking, Writing",42.86,Start: Active Listening
33,No,Travel_Rarely,867,Research & Development,8,4,Life Sciences,1,1798,4,Male,90,4,1,Research Scientist,1,Married,3143,6076,6,Y,No,19,3,2,80,1,14,1,3,10,8,7,6,0.0783559,Low Risk,2.3333333333333335,285.72727272727275,2.6666666666666665,LOW RISK: Continue standard career development and engagement tracking.,15-1221.00,"Critical Thinking, Apache Hadoop, Writing, Monitoring, Ansible software, Docker, Learning Strategies, Go, Bash, Apache Spark, Reading Comprehension, Science, Amazon Web Services AWS software, Speaking, Active Listening","Active Learning, Mathematics, Apache Kafka, C, C++, Git, GitHub",68.18,Start: Active Learning
28,No,Travel_Rarely,1181,Research & Development,1,3,Life Sciences,1,1799,3,Male,82,3,1,Research Scientist,4,Married,2044,5531,1,Y,No,11,3,3,80,1,5,6,4,5,3,0,3,0.034470852,Low Risk,3.3333333333333335,340.6666666666667,3.6666666666666665,LOW RISK: Continue standard career development and engagement tracking.,15-1221.00,"Apache Hadoop, Amazon Web Services AWS software, GitHub, Writing, Bash, Active Listening, Apache Kafka, Apache Spark, Active Learning, Monitoring, Docker, Go, C, Ansible software, Git","Reading Comprehension, Mathematics, Critical Thinking, Speaking, Learning Strategies, Science, C++",68.18,Start: Reading Comprehension
39,No,Travel_Rarely,1253,Research & Development,10,1,Medical,1,1800,3,Male,65,3,3,Research Director,3,Single,13464,7914,7,Y,No,21,4,3,80,0,9,3,3,4,3,2,2,0.0682588,Low Risk,3.0,2692.8,3.0,LOW RISK: Continue standard career development and engagement tracking.,27-2041.00,"Writing, Microsoft Word, Microsoft Outlook, Microsoft PowerPoint, Reading Comprehension, Microsoft Excel","Active Listening, Critical Thinking, Speaking, Monitoring, Active Learning, Learning Strategies, Microsoft Office software",46.15,Start: Active Listening
46,No,Non-Travel,849,Sales,26,2,Life Sciences,1,1801,2,Male,98,2,2,Sales Executive,2,Single,7991,25166,8,Y,No,15,3,3,80,0,6,3,3,2,2,2,2,0.29172534,Low Risk,2.3333333333333335,2663.6666666666665,2.3333333333333335,LOW RISK: Continue standard career development and engagement tracking.,53-3031.00,"Reading Comprehension, Speaking, Microsoft Office software, Critical Thinking, Writing","Active Listening, Microsoft Excel",71.43,Start: Active Listening
40,No,Travel_Rarely,616,Research & Development,2,2,Life Sciences,1,1802,3,Female,99,3,1,Laboratory Technician,1,Married,3377,25605,4,Y,No,17,3,4,80,1,7,5,2,4,3,0,2,0.05701502,Low Risk,2.6666666666666665,675.4,2.0,LOW RISK: Continue standard career development and engagement tracking.,51-9083.00,"Microsoft Outlook, Microsoft PowerPoint, Critical Thinking, Microsoft Excel, Reading Comprehension","Monitoring, Microsoft Office software, Microsoft Word, SAP software",55.56,Start: Monitoring
42,No,Travel_Rarely,1128,Research & Development,13,3,Medical,1,1803,2,Male,95,4,2,Healthcare Representative,1,Married,5538,5696,5,Y,No,18,3,3,80,2,10,2,2,0,0,0,0,0.080043614,Low Risk,2.0,5538.0,1.6666666666666667,LOW RISK: Continue standard career development and engagement tracking.,43-4051.00,"Writing, Critical Thinking, Intuit QuickBooks, Facebook, Active Listening, Reading Comprehension, Adobe Illustrator, Microsoft Office software, Adobe Photoshop","Speaking, Monitoring, Microsoft Excel, Microsoft Outlook, Adobe Acrobat, Adobe Creative Cloud software, Apple macOS, Google Docs, Kronos Workforce Timekeeper",50.0,Start: Speaking
35,No,Non-Travel,1180,Research & Development,2,2,Medical,1,1804,2,Male,90,3,2,Manufacturing Director,4,Divorced,5762,24442,2,Y,No,14,3,3,80,1,15,6,3,7,7,1,7,0.003505407,Low Risk,3.0,720.25,3.0,LOW RISK: Continue standard career development and engagement tracking.,51-9195.05,"Microsoft Outlook, Monitoring","Critical Thinking, Active Listening, Microsoft Excel",40.0,Start: Critical Thinking
38,No,Non-Travel,1336,Human Resources,2,3,Human Resources,1,1805,1,Male,100,3,1,Human Resources,2,Divorced,2592,7129,5,Y,No,13,3,4,80,3,13,3,3,11,10,3,8,0.067353845,Low Risk,2.3333333333333335,216.0,2.0,LOW RISK: Continue standard career development and engagement tracking.,43-4161.00,"Applicant tracking software, Microsoft SharePoint, Microsoft Excel, Monitoring, Reading Comprehension, Oracle HRIS, Microsoft Outlook, Microsoft Access, Writing, Google Docs, Critical Thinking","Active Listening, Speaking, Active Learning, Microsoft Office software, Microsoft PowerPoint, Microsoft Word, Microsoft Visio, Oracle PeopleSoft",57.89,Start: Active Listening
34,Yes,Travel_Frequently,234,Research & Development,9,4,Life Sciences,1,1807,4,Male,93,3,2,Laboratory Technician,1,Married,5346,6208,4,Y,No,17,3,3,80,1,11,3,2,7,1,0,7,0.6638718,Medium Risk,2.6666666666666665,668.25,2.3333333333333335,MEDIUM RISK: Manager check-in; mentorship; targeted development plan.,51-9083.00,"Critical Thinking, Monitoring, Microsoft Excel, SAP software, Microsoft PowerPoint, Microsoft Word, Microsoft Office software, Microsoft Outlook",Reading Comprehension,88.89,Start: Reading Comprehension
37,Yes,Travel_Rarely,370,Research & Development,10,4,Medical,1,1809,4,Male,58,3,2,Manufacturing Director,1,Single,4213,4992,1,Y,No,15,3,2,80,0,10,4,1,10,3,0,8,0.78996706,High Risk,2.3333333333333335,383.0,2.0,HIGH RISK: HR review; retention conversation; career-path and compensation review.,51-9195.05,"Microsoft Outlook, Active Listening, Critical Thinking, Monitoring",Microsoft Excel,80.0,Start: Microsoft Excel
39,No,Travel_Frequently,766,Sales,20,3,Life Sciences,1,1812,3,Male,83,3,2,Sales Executive,4,Divorced,4127,19188,2,Y,No,18,3,4,80,1,7,6,3,2,1,2,2,0.114705905,Low Risk,3.6666666666666665,1375.6666666666667,3.3333333333333335,LOW RISK: Continue standard career development and engagement tracking.,53-3031.00,"Speaking, Active Listening, Microsoft Office software, Critical Thinking, Microsoft Excel","Reading Comprehension, Writing",71.43,Start: Reading Comprehension
43,No,Non-Travel,343,Research & Development,9,3,Life Sciences,1,1813,1,Male,52,3,1,Research Scientist,3,Single,2438,24978,4,Y,No,13,3,3,80,0,7,2,2,3,2,1,2,0.2001039,Low Risk,2.3333333333333335,609.5,2.0,LOW RISK: Continue standard career development and engagement tracking.,15-1221.00,"Speaking, Mathematics, GitHub, Reading Comprehension, Apache Kafka, Active Listening, Bash, Monitoring, Go, Apache Spark, Git, Learning Strategies, Ansible software, Apache Hadoop, C","Active Learning, Critical Thinking, Writing, Science, Amazon Web Services AWS software, C++, Docker",68.18,Start: Active Learning
41,No,Travel_Rarely,447,Research & Development,5,3,Life Sciences,1,1814,2,Male,85,4,2,Healthcare Representative,2,Single,6870,15530,3,Y,No,12,3,1,80,0,11,3,1,3,2,1,2,0.15824537,Low Risk,1.6666666666666667,1717.5,1.6666666666666667,LOW RISK: Continue standard career development and engagement tracking.,43-4051.00,"Adobe Acrobat, Microsoft Excel, Facebook, Kronos Workforce Timekeeper, Microsoft Outlook, Microsoft Office software, Intuit QuickBooks, Reading Comprehension, Writing, Monitoring, Speaking, Google Docs","Active Listening, Critical Thinking, Adobe Creative Cloud software, Adobe Illustrator, Adobe Photoshop, Apple macOS",66.67,Start: Active Listening
41,No,Travel_Rarely,796,Sales,4,1,Marketing,1,1815,3,Female,81,3,3,Sales Executive,3,Divorced,10447,26458,0,Y,Yes,13,3,4,80,1,23,3,4,22,14,13,5,0.056171868,Low Risk,3.3333333333333335,454.2173913043478,3.3333333333333335,LOW RISK: Continue standard career development and engagement tracking.,53-3031.00,"Writing, Microsoft Excel, Active Listening, Speaking","Critical Thinking, Reading Comprehension, Microsoft Office software",57.14,Start: Critical Thinking
30,No,Travel_Rarely,1092,Research & Development,10,3,Medical,1,1816,1,Female,64,3,3,Manufacturing Director,3,Single,9667,2739,9,Y,No,14,3,2,80,0,9,3,3,7,7,0,2,0.31384814,Low Risk,2.0,1208.375,2.3333333333333335,LOW RISK: Continue standard career development and engagement tracking.,51-9195.05,"Microsoft Excel, Microsoft Outlook","Critical Thinking, Active Listening, Monitoring",40.0,Start: Critical Thinking
26,Yes,Travel_Rarely,920,Human Resources,20,2,Medical,1,1818,4,Female,69,3,1,Human Resources,2,Married,2148,6889,0,Y,Yes,11,3,3,80,0,6,3,3,5,1,1,4,0.5102592,Medium Risk,3.0,358.0,3.0,MEDIUM RISK: Manager check-in; mentorship; targeted development plan.,43-4161.00,"Google Docs, Applicant tracking software, Microsoft Outlook, Microsoft Access, Microsoft Office software, Reading Comprehension, Oracle HRIS, Speaking, Oracle PeopleSoft, Writing, Monitoring, Active Listening","Critical Thinking, Active Learning, Microsoft Excel, Microsoft PowerPoint, Microsoft Word, Microsoft SharePoint, Microsoft Visio",63.16,Start: Critical Thinking
46,Yes,Travel_Rarely,261,Research & Development,21,2,Medical,1,1821,4,Female,66,3,2,Healthcare Representative,2,Married,8926,10842,4,Y,No,22,4,4,80,1,13,2,4,9,7,3,7,0.69693744,Medium Risk,3.3333333333333335,892.6,3.3333333333333335,MEDIUM RISK: Manager check-in; mentorship; targeted development plan.,43-4051.00,"Writing, Microsoft Office software, Speaking, Intuit QuickBooks, Critical Thinking, Google Docs, Active Listening, Apple macOS, Microsoft Outlook, Kronos Workforce Timekeeper, Monitoring, Adobe Photoshop","Reading Comprehension, Microsoft Excel, Adobe Acrobat, Adobe Creative Cloud software, Adobe Illustrator, Facebook",66.67,Start: Reading Comprehension
40,No,Travel_Rarely,1194,Research & Development,1,3,Life Sciences,1,1822,3,Female,52,3,2,Healthcare Representative,4,Divorced,6513,9060,4,Y,No,17,3,4,80,1,12,3,3,5,3,0,3,0.009699321,Low Risk,3.6666666666666665,1085.5,3.3333333333333335,LOW RISK: Continue standard career development and engagement tracking.,43-4051.00,"Microsoft Office software, Speaking, Writing, Microsoft Excel, Intuit QuickBooks, Adobe Acrobat, Apple macOS, Facebook, Google Docs, Active Listening, Adobe Illustrator","Critical Thinking, Reading Comprehension, Monitoring, Microsoft Outlook, Adobe Creative Cloud software, Adobe Photoshop, Kronos Workforce Timekeeper",61.11,Start: Critical Thinking
34,No,Travel_Rarely,810,Sales,8,2,Technical Degree,1,1823,2,Male,92,4,2,Sales Executive,3,Married,6799,22128,1,Y,No,21,4,3,80,2,10,5,3,10,8,4,8,0.043397572,Low Risk,2.6666666666666665,618.0909090909091,2.6666666666666665,LOW RISK: Continue standard career development and engagement tracking.,53-3031.00,"Microsoft Office software, Speaking, Reading Comprehension, Writing","Active Listening, Critical Thinking, Microsoft Excel",57.14,Start: Active Listening
58,No,Non-Travel,350,Sales,2,3,Medical,1,1824,2,Male,52,3,4,Manager,2,Divorced,16291,22577,4,Y,No,22,4,4,80,1,37,0,2,16,9,14,14,0.035396848,Low Risk,2.6666666666666665,958.2941176470588,2.0,LOW RISK: Continue standard career development and engagement tracking.,47-1011.03,"Autodesk AutoCAD Civil 3D, Mathematics, Speaking, Microsoft Office software, Microsoft PowerPoint, Autodesk AutoCAD, Microsoft Outlook, Monitoring, Oracle Primavera Enterprise Project Portfolio Management, Microsoft Visio, Active Learning, Microsoft Word, Reading Comprehension","Active Listening, Critical Thinking, Writing, Learning Strategies, Autodesk Revit, Microsoft Excel, Microsoft Project, Microsoft Windows",61.9,Start: Active Listening
35,No,Travel_Rarely,185,Research & Development,23,4,Medical,1,1826,2,Male,91,1,1,Laboratory Technician,3,Married,2705,9696,0,Y,No,16,3,2,80,1,6,2,4,5,4,0,3,0.10298537,Low Risk,2.3333333333333335,450.8333333333333,3.0,LOW RISK: Continue standard career development and engagement tracking.,51-9083.00,"Reading Comprehension, Microsoft Excel, SAP software, Microsoft Office software, Microsoft Outlook","Critical Thinking, Monitoring, Microsoft PowerPoint, Microsoft Word",55.56,Start: Critical Thinking
47,No,Travel_Rarely,1001,Research & Development,4,3,Life Sciences,1,1827,3,Female,92,2,3,Manufacturing Director,2,Divorced,10333,19271,8,Y,Yes,12,3,3,80,1,28,4,3,22,11,14,10,0.06639261,Low Risk,2.6666666666666665,449.2608695652174,2.6666666666666665,LOW RISK: Continue standard career development and engagement tracking.,51-9195.05,"Monitoring, Active Listening, Microsoft Excel","Critical Thinking, Microsoft Outlook",60.0,Start: Critical Thinking
40,No,Travel_Rarely,750,Research & Development,12,3,Life Sciences,1,1829,2,Female,47,3,2,Healthcare Representative,1,Divorced,4448,10748,2,Y,No,12,3,2,80,1,15,3,3,7,4,7,7,0.0934799,Low Risk,1.6666666666666667,556.0,2.0,LOW RISK: Continue standard career development and engagement tracking.,43-4051.00,"Speaking, Writing, Microsoft Excel, Monitoring, Reading Comprehension, Adobe Photoshop, Adobe Illustrator, Adobe Creative Cloud software, Critical Thinking, Microsoft Outlook, Adobe Acrobat, Intuit QuickBooks, Microsoft Office software","Active Listening, Apple macOS, Facebook, Google Docs, Kronos Workforce Timekeeper",72.22,Start: Active Listening
54,No,Travel_Rarely,431,Research & Development,7,4,Medical,1,1830,4,Female,68,3,2,Research Scientist,4,Married,6854,15696,4,Y,No,15,3,2,80,1,14,2,2,7,1,1,7,0.05254452,Low Risk,3.3333333333333335,856.75,3.3333333333333335,LOW RISK: Continue standard career development and engagement tracking.,15-1221.00,"Critical Thinking, Git, Active Learning, Active Listening, Ansible software, C, Amazon Web Services AWS software, Go, C++, Monitoring, Writing, Apache Hadoop, Speaking, Mathematics, Reading Comprehension, Learning Strategies","Science, Apache Kafka, Apache Spark, Bash, Docker, GitHub",72.73,Start: Science
31,No,Travel_Frequently,1125,Sales,7,4,Marketing,1,1833,1,Female,68,3,3,Sales Executive,1,Married,9637,8277,2,Y,No,14,3,4,80,2,9,3,3,3,2,2,2,0.21358794,Low Risk,2.0,2409.25,1.6666666666666667,LOW RISK: Continue standard career development and engagement tracking.,53-3031.00,"Writing, Speaking, Microsoft Office software, Active Listening, Critical Thinking","Reading Comprehension, Microsoft Excel",71.43,Start: Reading Comprehension
28,No,Travel_Rarely,1217,Research & Development,1,3,Medical,1,1834,3,Female,67,3,1,Research Scientist,1,Married,3591,12719,1,Y,No,25,4,3,80,1,3,3,3,3,2,1,2,0.021819523,Low Risk,2.3333333333333335,897.75,2.3333333333333335,LOW RISK: Continue standard career development and engagement tracking.,15-1221.00,"Bash, Apache Spark, Monitoring, Mathematics, Active Learning, C, C++, Go, Docker, Apache Kafka, Science, GitHub, Amazon Web Services AWS software, Writing, Speaking, Git, Learning Strategies, Ansible software","Reading Comprehension, Critical Thinking, Active Listening, Apache Hadoop",81.82,Start: Reading Comprehension
38,No,Travel_Rarely,723,Sales,2,4,Marketing,1,1835,2,Female,77,1,2,Sales Representative,4,Married,5405,4244,2,Y,Yes,20,4,1,80,2,20,4,2,4,2,0,3,0.12084846,Low Risk,2.3333333333333335,1081.0,2.6666666666666665,LOW RISK: Continue standard career development and engagement tracking.,41-4012.00,"Writing, Adobe Acrobat, Microsoft Office software, Microsoft Excel, Active Listening, Adobe Creative Cloud software, Adobe Illustrator, Adobe Photoshop, Autodesk AutoCAD, Active Learning, Apple macOS, Microsoft Outlook, Microsoft PowerPoint, Speaking","Reading Comprehension, Critical Thinking, Monitoring, Salesforce software, Adobe InDesign",73.68,Start: Reading Comprehension
26,No,Travel_Rarely,572,Sales,10,3,Medical,1,1836,3,Male,46,3,2,Sales Executive,4,Single,4684,9125,1,Y,No,13,3,1,80,0,5,4,3,5,3,1,2,0.22535248,Low Risk,2.6666666666666665,780.6666666666666,3.3333333333333335,LOW RISK: Continue standard career development and engagement tracking.,53-3031.00,"Critical Thinking, Microsoft Excel, Microsoft Office software, Writing","Active Listening, Speaking, Reading Comprehension",57.14,Start: Active Listening
58,No,Travel_Frequently,1216,Research & Development,15,4,Life Sciences,1,1837,1,Male,87,3,4,Research Director,3,Married,15787,21624,2,Y,Yes,14,3,2,80,0,23,3,3,2,2,2,2,0.06619581,Low Risk,2.0,5262.333333333333,2.3333333333333335,LOW RISK: Continue standard career development and engagement tracking.,27-2041.00,"Critical Thinking, Microsoft Word, Microsoft PowerPoint, Microsoft Excel, Active Listening, Monitoring, Writing, Microsoft Outlook, Reading Comprehension","Speaking, Active Learning, Learning Strategies, Microsoft Office software",69.23,Start: Speaking
18,No,Non-Travel,1431,Research & Development,14,3,Medical,1,1839,2,Female,33,3,1,Research Scientist,3,Single,1514,8018,1,Y,No,16,3,3,80,0,0,4,1,0,0,0,0,0.44226247,Medium Risk,2.6666666666666665,1514.0,2.0,MEDIUM RISK: Manager check-in; mentorship; targeted development plan.,15-1221.00,"Apache Hadoop, Speaking, Amazon Web Services AWS software, GitHub, Reading Comprehension, Bash, Apache Spark, Apache Kafka, Learning Strategies, Monitoring, Go, Ansible software, Science, Critical Thinking, Active Listening","Active Learning, Mathematics, Writing, C, C++, Docker, Git",68.18,Start: Active Learning
31,Yes,Travel_Rarely,359,Human Resources,18,5,Human Resources,1,1842,4,Male,89,4,1,Human Resources,1,Married,2956,21495,0,Y,No,17,3,3,80,0,2,4,3,1,0,0,0,0.8704719,High Risk,2.6666666666666665,1478.0,2.6666666666666665,HIGH RISK: HR review; retention conversation; career-path and compensation review.,43-4161.00,"Active Learning, Writing, Microsoft SharePoint, Microsoft Visio, Microsoft PowerPoint, Microsoft Outlook, Microsoft Word, Applicant tracking software, Active Listening, Critical Thinking, Microsoft Excel, Speaking, Google Docs, Reading Comprehension, Microsoft Office software","Monitoring, Oracle HRIS, Microsoft Access, Oracle PeopleSoft",78.95,Start: Monitoring
29,Yes,Travel_Rarely,350,Human Resources,13,3,Human Resources,1,1844,1,Male,56,2,1,Human Resources,1,Divorced,2335,3157,4,Y,Yes,15,3,4,80,3,4,3,3,2,2,2,0,0.9376426,High Risk,2.0,778.3333333333334,1.6666666666666667,HIGH RISK: HR review; retention conversation; career-path and compensation review.,43-4161.00,"Oracle PeopleSoft, Monitoring, Active Listening, Writing, Microsoft Visio, Google Docs, Microsoft PowerPoint, Critical Thinking, Microsoft Word","Reading Comprehension, Speaking, Active Learning, Microsoft Excel, Microsoft Office software, Microsoft Outlook, Applicant tracking software, Oracle HRIS, Microsoft Access, Microsoft SharePoint",47.37,Start: Reading Comprehension
45,No,Non-Travel,589,Sales,2,4,Life Sciences,1,1845,3,Female,67,3,2,Sales Executive,3,Married,5154,19665,4,Y,No,22,4,2,80,2,10,3,4,8,7,5,7,0.037689697,Low Risk,2.6666666666666665,572.6666666666666,3.3333333333333335,LOW RISK: Continue standard career development and engagement tracking.,53-3031.00,"Active Listening, Microsoft Office software, Speaking, Writing, Microsoft Excel","Critical Thinking, Reading Comprehension",71.43,Start: Critical Thinking
36,No,Travel_Rarely,430,Research & Development,2,4,Other,1,1847,4,Female,73,3,2,Research Scientist,2,Married,6962,19573,4,Y,Yes,22,4,4,80,1,15,2,3,1,0,0,0,0.099791706,Low Risk,3.3333333333333335,3481.0,3.0,LOW RISK: Continue standard career development and engagement tracking.,15-1221.00,"Science, Mathematics, Amazon Web Services AWS software, Reading Comprehension, Active Listening, Apache Kafka, C++, Apache Spark, Active Learning, Apache Hadoop","Critical Thinking, Writing, Speaking, Monitoring, Learning Strategies, Ansible software, Bash, C, Docker, Git, GitHub, Go",45.45,Start: Critical Thinking
43,No,Travel_Frequently,1422,Sales,2,4,Life Sciences,1,1849,1,Male,92,3,2,Sales Executive,4,Married,5675,19246,1,Y,No,20,4,3,80,1,7,5,3,7,7,7,7,0.07203044,Low Risk,2.6666666666666665,709.375,2.6666666666666665,LOW RISK: Continue standard career development and engagement tracking.,53-3031.00,"Speaking, Reading Comprehension, Microsoft Office software, Critical Thinking, Active Listening","Writing, Microsoft Excel",71.43,Start: Writing
27,No,Travel_Frequently,1297,Research & Development,5,2,Life Sciences,1,1850,4,Female,53,3,1,Laboratory Technician,4,Single,2379,19826,0,Y,Yes,14,3,3,80,0,6,3,2,5,4,0,2,0.22177754,Low Risk,3.6666666666666665,396.5,3.3333333333333335,LOW RISK: Continue standard career development and engagement tracking.,51-9083.00,"Microsoft Office software, Microsoft PowerPoint, Critical Thinking, Monitoring, Reading Comprehension, Microsoft Outlook","Microsoft Excel, Microsoft Word, SAP software",66.67,Start: Microsoft Excel
29,No,Travel_Frequently,574,Research & Development,20,1,Medical,1,1852,4,Male,40,3,1,Laboratory Technician,4,Married,3812,7003,1,Y,No,13,3,2,80,0,11,3,4,11,8,3,10,0.11910561,Low Risk,3.3333333333333335,317.6666666666667,4.0,LOW RISK: Continue standard career development and engagement tracking.,51-9083.00,"Monitoring, Microsoft Word, Microsoft Excel, Microsoft PowerPoint, Critical Thinking, Microsoft Office software, Reading Comprehension","Microsoft Outlook, SAP software",77.78,Start: Microsoft Outlook
32,No,Travel_Frequently,1318,Sales,10,4,Marketing,1,1853,4,Male,79,3,2,Sales Executive,4,Single,4648,26075,8,Y,No,13,3,3,80,0,4,2,4,0,0,0,0,0.25783673,Low Risk,3.6666666666666665,4648.0,4.0,LOW RISK: Continue standard career development and engagement tracking.,53-3031.00,"Writing, Active Listening, Microsoft Office software, Speaking, Reading Comprehension","Critical Thinking, Microsoft Excel",71.43,Start: Critical Thinking
42,No,Non-Travel,355,Research & Development,10,4,Technical Degree,1,1854,3,Male,38,3,1,Research Scientist,3,Married,2936,6161,3,Y,No,22,4,2,80,2,10,1,2,6,3,3,3,0.034231972,Low Risk,2.6666666666666665,419.42857142857144,2.6666666666666665,LOW RISK: Continue standard career development and engagement tracking.,15-1221.00,"Bash, Apache Spark, Writing, Speaking, Science, Reading Comprehension, Ansible software, C++, C, Critical Thinking, Git","Active Learning, Mathematics, Active Listening, Monitoring, Learning Strategies, Amazon Web Services AWS software, Apache Hadoop, Apache Kafka, Docker, GitHub, Go",50.0,Start: Active Learning
47,No,Travel_Rarely,207,Research & Development,9,4,Life Sciences,1,1856,2,Female,64,3,1,Laboratory Technician,3,Single,2105,5411,4,Y,No,12,3,3,80,0,7,2,3,2,2,2,0,0.31511238,Low Risk,2.6666666666666665,701.6666666666666,2.6666666666666665,LOW RISK: Continue standard career development and engagement tracking.,51-9083.00,"Microsoft PowerPoint, Monitoring, Microsoft Outlook, Critical Thinking, Microsoft Excel","Reading Comprehension, Microsoft Office software, Microsoft Word, SAP software",55.56,Start: Reading Comprehension
46,No,Travel_Rarely,706,Research & Development,2,2,Life Sciences,1,1857,4,Male,82,3,3,Manufacturing Director,4,Divorced,8578,19989,3,Y,No,14,3,3,80,1,12,4,2,9,8,4,7,0.07248589,Low Risk,3.6666666666666665,857.8,3.3333333333333335,LOW RISK: Continue standard career development and engagement tracking.,51-9195.05,"Microsoft Excel, Monitoring, Microsoft Outlook, Active Listening",Critical Thinking,80.0,Start: Critical Thinking
28,No,Non-Travel,280,Human Resources,1,2,Life Sciences,1,1858,3,Male,43,3,1,Human Resources,4,Divorced,2706,10494,1,Y,No,15,3,2,80,1,3,2,3,3,2,2,2,0.026411422,Low Risk,3.0,676.5,3.3333333333333335,LOW RISK: Continue standard career development and engagement tracking.,43-4161.00,"Google Docs, Microsoft SharePoint, Microsoft Office software, Speaking, Microsoft PowerPoint, Microsoft Outlook, Microsoft Word, Oracle HRIS, Monitoring, Microsoft Access, Writing","Reading Comprehension, Active Listening, Critical Thinking, Active Learning, Microsoft Excel, Applicant tracking software, Microsoft Visio, Oracle PeopleSoft",57.89,Start: Reading Comprehension
29,No,Travel_Rarely,726,Research & Development,29,1,Life Sciences,1,1859,4,Male,93,1,2,Healthcare Representative,3,Divorced,6384,21143,8,Y,No,17,3,4,80,2,11,3,3,7,0,1,6,0.12467597,Low Risk,3.6666666666666665,798.0,3.3333333333333335,LOW RISK: Continue standard career development and engagement tracking.,43-4051.00,"Monitoring, Kronos Workforce Timekeeper, Critical Thinking, Adobe Creative Cloud software, Writing, Facebook, Adobe Acrobat, Reading Comprehension, Google Docs, Apple macOS, Speaking, Intuit QuickBooks, Microsoft Outlook, Microsoft Excel","Active Listening, Microsoft Office software, Adobe Illustrator, Adobe Photoshop",77.78,Start: Active Listening
42,No,Travel_Rarely,1142,Research & Development,8,3,Life Sciences,1,1860,4,Male,81,3,1,Laboratory Technician,3,Single,3968,13624,4,Y,No,13,3,4,80,0,8,3,3,0,0,0,0,0.22249302,Low Risk,3.6666666666666665,3968.0,3.3333333333333335,LOW RISK: Continue standard career development and engagement tracking.,51-9083.00,"SAP software, Critical Thinking, Microsoft Excel, Microsoft Word, Microsoft Office software, Microsoft PowerPoint, Monitoring","Reading Comprehension, Microsoft Outlook",77.78,Start: Reading Comprehension
32,Yes,Travel_Rarely,414,Sales,2,4,Marketing,1,1862,3,Male,82,2,2,Sales Executive,2,Single,9907,26186,7,Y,Yes,12,3,3,80,0,7,3,2,2,2,2,2,0.9375405,High Risk,2.6666666666666665,3302.3333333333335,2.3333333333333335,HIGH RISK: HR review; retention conversation; career-path and compensation review.,53-3031.00,"Writing, Active Listening, Microsoft Office software","Speaking, Critical Thinking, Reading Comprehension, Microsoft Excel",42.86,Start: Speaking
46,No,Travel_Rarely,1319,Sales,3,3,Technical Degree,1,1863,1,Female,45,4,4,Sales Executive,1,Divorced,13225,7739,2,Y,No,12,3,4,80,1,25,5,3,19,17,2,8,0.03861394,Low Risk,2.0,661.25,1.6666666666666667,LOW RISK: Continue standard career development and engagement tracking.,53-3031.00,"Active Listening, Critical Thinking, Microsoft Office software","Speaking, Reading Comprehension, Writing, Microsoft Excel",42.86,Start: Speaking
27,No,Travel_Rarely,728,Sales,23,1,Medical,1,1864,2,Female,36,2,2,Sales Representative,3,Married,3540,7018,1,Y,No,21,4,4,80,1,9,5,3,9,8,5,8,0.2579074,Low Risk,3.0,354.0,2.6666666666666665,LOW RISK: Continue standard career development and engagement tracking.,41-4012.00,"Adobe Photoshop, Monitoring, Microsoft Office software, Salesforce software, Apple macOS, Adobe Acrobat, Critical Thinking, Microsoft PowerPoint, Adobe Illustrator","Active Listening, Speaking, Reading Comprehension, Writing, Active Learning, Microsoft Excel, Microsoft Outlook, Adobe Creative Cloud software, Adobe InDesign, Autodesk AutoCAD",47.37,Start: Active Listening
29,No,Travel_Rarely,352,Human Resources,6,1,Medical,1,1865,4,Male,87,2,1,Human Resources,2,Married,2804,15434,1,Y,No,11,3,4,80,0,1,3,3,1,0,0,0,0.58661383,Medium Risk,3.3333333333333335,1402.0,3.0,MEDIUM RISK: Manager check-in; mentorship; targeted development plan.,43-4161.00,"Monitoring, Oracle HRIS, Applicant tracking software, Microsoft PowerPoint, Microsoft Office software, Speaking, Oracle PeopleSoft, Microsoft Visio, Writing, Reading Comprehension","Active Listening, Critical Thinking, Active Learning, Microsoft Excel, Microsoft Outlook, Microsoft Word, Google Docs, Microsoft Access, Microsoft SharePoint",52.63,Start: Active Listening
43,No,Travel_Rarely,823,Research & Development,6,3,Medical,1,1866,1,Female,81,2,5,Manager,3,Married,19392,22539,7,Y,No,13,3,4,80,0,21,2,3,16,12,6,14,0.057663288,Low Risk,2.6666666666666665,1140.7058823529412,2.3333333333333335,LOW RISK: Continue standard career development and engagement tracking.,47-1011.03,"Microsoft Excel, Microsoft PowerPoint, Microsoft Windows, Speaking, Oracle Primavera Enterprise Project Portfolio Management, Autodesk Revit, Mathematics, Reading Comprehension, Autodesk AutoCAD, Microsoft Visio, Autodesk AutoCAD Civil 3D, Critical Thinking, Microsoft Office software, Learning Strategies, Active Learning","Monitoring, Active Listening, Writing, Microsoft Outlook, Microsoft Project, Microsoft Word",71.43,Start: Monitoring
48,No,Travel_Rarely,1224,Research & Development,10,3,Life Sciences,1,1867,4,Male,91,2,5,Research Director,2,Married,19665,13583,4,Y,No,12,3,4,80,0,29,3,3,22,10,12,9,0.02259506,Low Risk,3.3333333333333335,855.0,3.0,LOW RISK: Continue standard career development and engagement tracking.,27-2041.00,"Active Learning, Microsoft Outlook, Microsoft PowerPoint, Microsoft Office software, Reading Comprehension, Critical Thinking, Microsoft Word, Active Listening, Monitoring","Speaking, Writing, Learning Strategies, Microsoft Excel",69.23,Start: Speaking
29,Yes,Travel_Frequently,459,Research & Development,24,2,Life Sciences,1,1868,4,Male,73,2,1,Research Scientist,4,Single,2439,14753,1,Y,Yes,24,4,2,80,0,1,3,2,1,0,1,0,0.94322145,High Risk,3.3333333333333335,1219.5,3.3333333333333335,HIGH RISK: HR review; retention conversation; career-path and compensation review.,15-1221.00,"Go, Bash, C, Apache Spark, Writing, Git, GitHub, Amazon Web Services AWS software, Speaking, Mathematics, Reading Comprehension, Apache Kafka, Active Learning, Docker, Ansible software, Critical Thinking, Monitoring, Science","Active Listening, Learning Strategies, Apache Hadoop, C++",81.82,Start: Active Listening
46,Yes,Travel_Rarely,1254,Sales,10,3,Life Sciences,1,1869,3,Female,64,3,3,Sales Executive,2,Married,7314,14011,5,Y,No,21,4,3,80,3,14,2,3,8,7,0,7,0.5970573,Medium Risk,2.6666666666666665,812.6666666666666,2.6666666666666665,MEDIUM RISK: Manager check-in; mentorship; targeted development plan.,53-3031.00,"Microsoft Office software, Speaking, Microsoft Excel, Active Listening","Critical Thinking, Reading Comprehension, Writing",57.14,Start: Critical Thinking
27,No,Travel_Frequently,1131,Research & Development,15,3,Life Sciences,1,1870,4,Female,77,2,1,Research Scientist,1,Married,4774,23844,0,Y,No,19,3,4,80,1,8,2,2,7,6,7,3,0.05181114,Low Risk,3.0,596.75,2.3333333333333335,LOW RISK: Continue standard career development and engagement tracking.,15-1221.00,"Git, Learning Strategies, Writing, Speaking, Critical Thinking, Mathematics, Ansible software, Monitoring, Apache Kafka, Apache Spark, Amazon Web Services AWS software","Active Learning, Reading Comprehension, Active Listening, Science, Apache Hadoop, Bash, C, C++, Docker, GitHub, Go",50.0,Start: Active Learning
39,No,Travel_Rarely,835,Research & Development,19,4,Other,1,1871,4,Male,41,3,2,Research Scientist,4,Divorced,3902,5141,8,Y,No,14,3,2,80,3,7,2,3,2,2,2,2,0.034879107,Low Risk,3.3333333333333335,1300.6666666666667,3.6666666666666665,LOW RISK: Continue standard career development and engagement tracking.,15-1221.00,"Reading Comprehension, Apache Kafka, Amazon Web Services AWS software, Active Learning, GitHub, Go, C, Science, Learning Strategies, Monitoring, Docker, Apache Hadoop, Speaking, Git","Mathematics, Critical Thinking, Active Listening, Writing, Ansible software, Apache Spark, Bash, C++",63.64,Start: Mathematics
55,No,Travel_Rarely,836,Research & Development,2,4,Technical Degree,1,1873,2,Male,98,2,1,Research Scientist,4,Married,2662,7975,8,Y,No,20,4,2,80,1,19,2,4,5,2,0,4,0.057433553,Low Risk,2.6666666666666665,443.6666666666667,3.3333333333333335,LOW RISK: Continue standard career development and engagement tracking.,15-1221.00,"Science, Speaking, Critical Thinking, Git, C++, C, Active Listening, Active Learning, Go, Monitoring, Reading Comprehension, Learning Strategies, GitHub, Writing","Mathematics, Amazon Web Services AWS software, Ansible software, Apache Hadoop, Apache Kafka, Apache Spark, Bash, Docker",63.64,Start: Mathematics
28,No,Travel_Rarely,1172,Sales,3,3,Medical,1,1875,2,Female,78,3,1,Sales Representative,2,Married,2856,3692,1,Y,No,19,3,4,80,1,1,3,3,1,0,0,0,0.24673143,Low Risk,2.6666666666666665,1428.0,2.3333333333333335,LOW RISK: Continue standard career development and engagement tracking.,41-4012.00,"Microsoft Office software, Microsoft Outlook, Microsoft Excel, Microsoft PowerPoint, Adobe Illustrator, Writing, Active Listening, Adobe Creative Cloud software, Adobe InDesign, Salesforce software, Reading Comprehension, Critical Thinking, Adobe Photoshop, Adobe Acrobat, Monitoring, Speaking","Active Learning, Apple macOS, Autodesk AutoCAD",84.21,Start: Active Learning
30,Yes,Travel_Rarely,945,Sales,9,3,Medical,1,1876,2,Male,89,3,1,Sales Representative,4,Single,1081,16019,1,Y,No,13,3,3,80,0,1,3,2,1,0,0,0,0.91901803,High Risk,3.0,540.5,2.6666666666666665,HIGH RISK: HR review; retention conversation; career-path and compensation review.,41-4012.00,"Adobe InDesign, Adobe Illustrator, Adobe Acrobat, Adobe Photoshop, Autodesk AutoCAD, Microsoft Excel, Active Learning, Reading Comprehension, Salesforce software, Microsoft Office software, Writing, Apple macOS, Microsoft Outlook, Critical Thinking","Active Listening, Speaking, Monitoring, Microsoft PowerPoint, Adobe Creative Cloud software",73.68,Start: Active Listening
22,Yes,Travel_Rarely,391,Research & Development,7,1,Life Sciences,1,1878,4,Male,75,3,1,Research Scientist,2,Single,2472,26092,1,Y,Yes,23,4,1,80,0,1,2,3,1,0,0,0,0.9625453,High Risk,2.3333333333333335,1236.0,3.0,HIGH RISK: HR review; retention conversation; career-path and compensation review.,15-1221.00,"Mathematics, Apache Hadoop, Apache Spark, Reading Comprehension, Apache Kafka, Science, Amazon Web Services AWS software, C++, Learning Strategies, Active Learning, Go, GitHub, Speaking","Critical Thinking, Active Listening, Writing, Monitoring, Ansible software, Bash, C, Docker, Git",59.09,Start: Critical Thinking
36,No,Travel_Rarely,1266,Sales,10,4,Technical Degree,1,1880,2,Female,63,2,2,Sales Executive,3,Married,5673,6060,1,Y,Yes,13,3,1,80,1,10,4,3,10,9,1,7,0.1354159,Low Risk,2.0,515.7272727272727,2.6666666666666665,LOW RISK: Continue standard career development and engagement tracking.,53-3031.00,"Microsoft Excel, Writing, Reading Comprehension, Active Listening, Microsoft Office software","Speaking, Critical Thinking",71.43,Start: Speaking
31,No,Travel_Rarely,311,Research & Development,20,3,Life Sciences,1,1881,2,Male,89,3,2,Laboratory Technician,3,Divorced,4197,18624,1,Y,No,11,3,1,80,1,10,2,3,10,8,0,2,0.24799871,Low Risk,2.0,381.54545454545456,2.6666666666666665,LOW RISK: Continue standard career development and engagement tracking.,51-9083.00,"Microsoft Outlook, Monitoring, Microsoft Office software, Microsoft Word, Reading Comprehension, Microsoft Excel, Critical Thinking","Microsoft PowerPoint, SAP software",77.78,Start: Microsoft PowerPoint
34,No,Travel_Rarely,1480,Sales,4,3,Life Sciences,1,1882,3,Male,64,3,3,Sales Executive,4,Married,9713,24444,2,Y,Yes,13,3,4,80,3,9,3,3,5,3,1,0,0.1350108,Low Risk,3.6666666666666665,1618.8333333333333,3.3333333333333335,LOW RISK: Continue standard career development and engagement tracking.,53-3031.00,"Microsoft Excel, Speaking, Writing","Active Listening, Critical Thinking, Reading Comprehension, Microsoft Office software",42.86,Start: Active Listening
29,No,Travel_Rarely,592,Research & Development,7,3,Life Sciences,1,1883,4,Male,59,3,1,Laboratory Technician,1,Single,2062,19384,3,Y,No,14,3,2,80,0,11,2,3,3,2,1,2,0.33197924,Low Risk,2.3333333333333335,515.5,2.6666666666666665,LOW RISK: Continue standard career development and engagement tracking.,51-9083.00,"Microsoft Office software, Microsoft Excel, Microsoft Outlook, Microsoft PowerPoint, Monitoring, Reading Comprehension, Critical Thinking","Microsoft Word, SAP software",77.78,Start: Microsoft Word
37,No,Travel_Rarely,783,Research & Development,7,4,Medical,1,1885,4,Male,78,3,2,Research Scientist,1,Married,4284,13588,5,Y,Yes,22,4,3,80,1,16,2,3,5,3,0,4,0.1540422,Low Risk,2.6666666666666665,714.0,2.6666666666666665,LOW RISK: Continue standard career development and engagement tracking.,15-1221.00,"Learning Strategies, Active Learning, C, Ansible software, Apache Kafka, Monitoring, Amazon Web Services AWS software, Bash, Go, GitHub, Git, Speaking, Apache Hadoop, Active Listening, Science, Docker","Reading Comprehension, Mathematics, Critical Thinking, Writing, Apache Spark, C++",72.73,Start: Reading Comprehension
35,No,Travel_Rarely,219,Research & Development,16,2,Other,1,1886,4,Female,44,2,2,Manufacturing Director,2,Married,4788,25388,0,Y,Yes,11,3,4,80,0,4,2,3,3,2,0,2,0.1909953,Low Risk,3.3333333333333335,1197.0,3.0,LOW RISK: Continue standard career development and engagement tracking.,51-9195.05,"Critical Thinking, Active Listening, Microsoft Outlook, Monitoring",Microsoft Excel,80.0,Start: Microsoft Excel
45,No,Travel_Rarely,556,Research & Development,25,2,Life Sciences,1,1888,2,Female,93,2,2,Manufacturing Director,4,Married,5906,23888,0,Y,No,13,3,4,80,2,10,2,2,9,8,3,8,0.033587642,Low Risk,3.3333333333333335,590.6,2.6666666666666665,LOW RISK: Continue standard career development and engagement tracking.,51-9195.05,"Critical Thinking, Microsoft Outlook, Microsoft Excel, Monitoring",Active Listening,80.0,Start: Active Listening
36,No,Travel_Frequently,1213,Human Resources,2,1,Human Resources,1,1890,2,Male,94,2,2,Human Resources,4,Single,3886,4223,1,Y,No,21,4,4,80,0,10,2,2,10,1,0,8,0.041283216,Low Risk,3.3333333333333335,353.27272727272725,2.6666666666666665,LOW RISK: Continue standard career development and engagement tracking.,43-4161.00,"Microsoft PowerPoint, Monitoring, Microsoft Office software, Reading Comprehension, Microsoft Visio, Microsoft SharePoint, Applicant tracking software, Microsoft Word, Oracle PeopleSoft, Microsoft Excel, Critical Thinking, Speaking, Oracle HRIS, Active Learning, Active Listening","Writing, Microsoft Outlook, Google Docs, Microsoft Access",78.95,Start: Writing
40,No,Travel_Rarely,1137,Research & Development,1,4,Life Sciences,1,1892,1,Male,98,3,4,Manager,1,Divorced,16823,18991,2,Y,No,11,3,1,80,1,22,3,3,19,7,11,16,0.048849072,Low Risk,1.0,841.15,1.6666666666666667,LOW RISK: Continue standard career development and engagement tracking.,47-1011.03,"Microsoft Office software, Learning Strategies, Active Listening, Critical Thinking, Autodesk AutoCAD Civil 3D, Microsoft Visio, Autodesk AutoCAD, Autodesk Revit, Writing, Mathematics, Oracle Primavera Enterprise Project Portfolio Management, Monitoring, Active Learning, Microsoft Project, Microsoft PowerPoint","Reading Comprehension, Speaking, Microsoft Excel, Microsoft Outlook, Microsoft Windows, Microsoft Word",71.43,Start: Reading Comprehension
26,No,Travel_Rarely,482,Research & Development,1,2,Life Sciences,1,1893,2,Female,90,2,1,Research Scientist,3,Married,2933,14908,1,Y,Yes,13,3,3,80,1,1,3,2,1,0,1,0,0.3267768,Low Risk,2.6666666666666665,1466.5,2.3333333333333335,LOW RISK: Continue standard career development and engagement tracking.,15-1221.00,"Mathematics, C++, Apache Hadoop, Active Learning, Reading Comprehension, Learning Strategies, Amazon Web Services AWS software, Monitoring, Bash, Speaking, Science, Apache Spark","Critical Thinking, Active Listening, Writing, Ansible software, Apache Kafka, C, Docker, Git, GitHub, Go",54.55,Start: Critical Thinking
27,No,Travel_Rarely,511,Sales,2,2,Medical,1,1898,1,Female,89,4,2,Sales Executive,3,Single,6500,26997,0,Y,No,14,3,2,80,0,9,5,2,8,7,0,7,0.059608616,Low Risk,2.0,722.2222222222222,2.0,LOW RISK: Continue standard career development and engagement tracking.,53-3031.00,"Writing, Active Listening, Microsoft Excel, Speaking, Reading Comprehension, Microsoft Office software",Critical Thinking,85.71,Start: Critical Thinking
48,No,Travel_Frequently,117,Research & Development,22,3,Medical,1,1900,4,Female,58,3,4,Manager,4,Divorced,17174,2437,3,Y,No,11,3,2,80,1,24,3,3,22,17,4,7,0.043357927,Low Risk,3.3333333333333335,746.695652173913,3.6666666666666665,LOW RISK: Continue standard career development and engagement tracking.,47-1011.03,"Speaking, Autodesk AutoCAD Civil 3D, Autodesk AutoCAD, Microsoft Excel, Learning Strategies, Mathematics, Microsoft Office software, Active Listening, Critical Thinking","Reading Comprehension, Monitoring, Writing, Active Learning, Autodesk Revit, Microsoft Outlook, Microsoft PowerPoint, Microsoft Project, Microsoft Visio, Microsoft Windows, Microsoft Word, Oracle Primavera Enterprise Project Portfolio Management",42.86,Start: Reading Comprehension
44,No,Travel_Rarely,170,Research & Development,1,4,Life Sciences,1,1903,2,Male,78,4,2,Healthcare Representative,1,Married,5033,9364,2,Y,No,15,3,4,80,1,10,5,3,2,0,2,2,0.011190761,Low Risk,2.3333333333333335,1677.6666666666667,2.0,LOW RISK: Continue standard career development and engagement tracking.,43-4051.00,"Adobe Creative Cloud software, Microsoft Excel, Intuit QuickBooks, Apple macOS, Reading Comprehension, Adobe Acrobat, Adobe Photoshop, Adobe Illustrator, Writing, Microsoft Outlook","Active Listening, Speaking, Critical Thinking, Monitoring, Microsoft Office software, Facebook, Google Docs, Kronos Workforce Timekeeper",55.56,Start: Active Listening
34,Yes,Non-Travel,967,Research & Development,16,4,Technical Degree,1,1905,4,Male,85,1,1,Research Scientist,1,Married,2307,14460,1,Y,Yes,23,4,2,80,1,5,2,3,5,2,3,0,0.91085327,High Risk,2.3333333333333335,384.5,2.6666666666666665,HIGH RISK: HR review; retention conversation; career-path and compensation review.,15-1221.00,"Apache Hadoop, Critical Thinking, Reading Comprehension, Ansible software, Learning Strategies, Active Learning, Git, Speaking, Monitoring, GitHub, Apache Kafka","Mathematics, Active Listening, Writing, Science, Amazon Web Services AWS software, Apache Spark, Bash, C, C++, Docker, Go",50.0,Start: Mathematics
56,Yes,Travel_Rarely,1162,Research & Development,24,2,Life Sciences,1,1907,1,Male,97,3,1,Laboratory Technician,4,Single,2587,10261,1,Y,No,16,3,4,80,0,5,3,3,4,2,1,0,0.7671347,High Risk,3.0,517.4,2.6666666666666665,HIGH RISK: HR review; retention conversation; career-path and compensation review.,51-9083.00,"Monitoring, Reading Comprehension, SAP software, Microsoft Office software, Microsoft PowerPoint, Microsoft Excel","Critical Thinking, Microsoft Outlook, Microsoft Word",66.67,Start: Critical Thinking
36,No,Travel_Rarely,335,Sales,17,2,Marketing,1,1908,3,Male,33,2,2,Sales Executive,2,Married,5507,16822,2,Y,No,16,3,3,80,2,12,1,1,4,2,1,3,0.4373522,Medium Risk,2.6666666666666665,1101.4,2.0,MEDIUM RISK: Manager check-in; mentorship; targeted development plan.,53-3031.00,"Active Listening, Critical Thinking, Writing","Speaking, Reading Comprehension, Microsoft Excel, Microsoft Office software",42.86,Start: Speaking
41,No,Travel_Rarely,337,Sales,8,3,Marketing,1,1909,3,Female,54,3,2,Sales Executive,2,Married,4393,26841,5,Y,No,21,4,3,80,1,14,3,3,5,4,1,4,0.1468137,Low Risk,2.6666666666666665,732.1666666666666,2.6666666666666665,LOW RISK: Continue standard career development and engagement tracking.,53-3031.00,"Reading Comprehension, Microsoft Office software, Microsoft Excel, Writing","Active Listening, Speaking, Critical Thinking",57.14,Start: Active Listening
42,No,Travel_Rarely,1396,Research & Development,6,3,Medical,1,1911,3,Male,83,3,3,Research Director,1,Married,13348,14842,9,Y,No,13,3,2,80,1,18,3,4,13,7,5,7,0.023221929,Low Risk,2.0,953.4285714285714,2.6666666666666665,LOW RISK: Continue standard career development and engagement tracking.,27-2041.00,"Microsoft PowerPoint, Monitoring, Learning Strategies, Active Learning, Microsoft Office software, Speaking","Active Listening, Critical Thinking, Reading Comprehension, Writing, Microsoft Excel, Microsoft Outlook, Microsoft Word",46.15,Start: Active Listening
31,No,Travel_Rarely,1079,Sales,10,2,Medical,1,1912,3,Female,86,3,2,Sales Executive,4,Divorced,6583,20115,2,Y,Yes,11,3,4,80,1,8,2,3,5,2,1,4,0.087408945,Low Risk,3.6666666666666665,1097.1666666666667,3.3333333333333335,LOW RISK: Continue standard career development and engagement tracking.,53-3031.00,"Critical Thinking, Writing, Reading Comprehension, Microsoft Office software, Active Listening","Speaking, Microsoft Excel",71.43,Start: Speaking
34,No,Travel_Rarely,735,Sales,3,1,Medical,1,1915,4,Female,75,2,2,Sales Executive,4,Married,8103,16495,3,Y,Yes,12,3,3,80,0,9,3,2,4,2,0,1,0.18418993,Low Risk,3.6666666666666665,1620.6,3.3333333333333335,LOW RISK: Continue standard career development and engagement tracking.,53-3031.00,"Critical Thinking, Writing, Active Listening, Speaking, Microsoft Excel, Microsoft Office software",Reading Comprehension,85.71,Start: Reading Comprehension
31,No,Travel_Rarely,471,Research & Development,4,3,Medical,1,1916,1,Female,62,4,1,Laboratory Technician,3,Divorced,3978,16031,8,Y,No,12,3,2,80,1,4,0,2,2,2,2,2,0.2822117,Low Risk,2.0,1326.0,2.0,LOW RISK: Continue standard career development and engagement tracking.,51-9083.00,"Microsoft PowerPoint, SAP software, Microsoft Word, Critical Thinking, Monitoring, Microsoft Office software","Reading Comprehension, Microsoft Excel, Microsoft Outlook",66.67,Start: Reading Comprehension
26,No,Travel_Frequently,1096,Research & Development,6,3,Other,1,1918,3,Male,61,4,1,Laboratory Technician,4,Married,2544,7102,0,Y,No,18,3,1,80,1,8,3,3,7,7,7,7,0.13424861,Low Risk,2.6666666666666665,318.0,3.3333333333333335,LOW RISK: Continue standard career development and engagement tracking.,51-9083.00,"Microsoft Outlook, Monitoring, Reading Comprehension, Microsoft PowerPoint, Microsoft Office software","Critical Thinking, Microsoft Excel, Microsoft Word, SAP software",55.56,Start: Critical Thinking
45,No,Travel_Frequently,1297,Research & Development,1,4,Medical,1,1922,2,Male,44,3,2,Healthcare Representative,3,Single,5399,14511,4,Y,No,12,3,3,80,0,12,3,3,4,2,0,3,0.04195731,Low Risk,2.6666666666666665,1079.8,2.6666666666666665,LOW RISK: Continue standard career development and engagement tracking.,43-4051.00,"Writing, Intuit QuickBooks, Active Listening, Microsoft Excel, Monitoring, Apple macOS, Facebook, Adobe Illustrator, Adobe Creative Cloud software","Speaking, Critical Thinking, Reading Comprehension, Microsoft Office software, Microsoft Outlook, Adobe Acrobat, Adobe Photoshop, Google Docs, Kronos Workforce Timekeeper",50.0,Start: Speaking
33,No,Travel_Rarely,217,Sales,10,4,Marketing,1,1924,2,Male,43,3,2,Sales Executive,3,Single,5487,10410,1,Y,No,14,3,2,80,0,10,2,2,10,4,0,9,0.26350158,Low Risk,2.3333333333333335,498.8181818181818,2.3333333333333335,LOW RISK: Continue standard career development and engagement tracking.,53-3031.00,"Speaking, Microsoft Excel, Writing, Microsoft Office software, Critical Thinking, Reading Comprehension",Active Listening,85.71,Start: Active Listening
28,No,Travel_Frequently,783,Sales,1,2,Life Sciences,1,1927,3,Male,42,2,2,Sales Executive,4,Married,6834,19255,1,Y,Yes,12,3,3,80,1,7,2,3,7,7,0,7,0.16702892,Low Risk,3.3333333333333335,854.25,3.3333333333333335,LOW RISK: Continue standard career development and engagement tracking.,53-3031.00,"Microsoft Excel, Speaking, Reading Comprehension, Active Listening, Microsoft Office software, Writing",Critical Thinking,85.71,Start: Critical Thinking
29,Yes,Travel_Frequently,746,Sales,24,3,Technical Degree,1,1928,3,Male,45,4,1,Sales Representative,1,Single,1091,10642,1,Y,No,17,3,4,80,0,1,3,3,1,0,0,0,0.97684366,High Risk,2.6666666666666665,545.5,2.3333333333333335,HIGH RISK: HR review; retention conversation; career-path and compensation review.,41-4012.00,"Apple macOS, Critical Thinking, Speaking, Adobe InDesign, Writing, Autodesk AutoCAD, Salesforce software, Adobe Acrobat, Reading Comprehension, Adobe Creative Cloud software, Microsoft Outlook, Microsoft Excel, Microsoft Office software, Microsoft PowerPoint, Adobe Photoshop","Active Listening, Active Learning, Monitoring, Adobe Illustrator",78.95,Start: Active Listening
39,No,Non-Travel,1251,Sales,21,4,Life Sciences,1,1929,1,Female,32,1,2,Sales Executive,3,Married,5736,3987,6,Y,No,19,3,3,80,1,10,1,3,3,2,1,2,0.23249973,Low Risk,2.3333333333333335,1434.0,2.3333333333333335,LOW RISK: Continue standard career development and engagement tracking.,53-3031.00,"Writing, Microsoft Office software, Reading Comprehension, Speaking, Critical Thinking, Microsoft Excel",Active Listening,85.71,Start: Active Listening
27,No,Travel_Rarely,1354,Research & Development,2,4,Technical Degree,1,1931,2,Male,41,3,1,Research Scientist,2,Married,2226,6073,1,Y,No,11,3,3,80,1,6,3,2,5,3,1,2,0.08331544,Low Risk,2.3333333333333335,371.0,2.0,LOW RISK: Continue standard career development and engagement tracking.,15-1221.00,"Apache Spark, Mathematics, Speaking, Active Listening, Active Learning, Docker, GitHub, Learning Strategies, Ansible software, Science, Apache Hadoop, Reading Comprehension, Git, Go, Bash, Apache Kafka","Critical Thinking, Writing, Monitoring, Amazon Web Services AWS software, C, C++",72.73,Start: Critical Thinking
34,No,Travel_Frequently,735,Research & Development,22,4,Other,1,1932,3,Male,86,2,2,Research Scientist,4,Married,5747,26496,1,Y,Yes,15,3,2,80,0,16,3,3,15,10,6,11,0.06311516,Low Risk,3.0,359.1875,3.3333333333333335,LOW RISK: Continue standard career development and engagement tracking.,15-1221.00,"Go, Amazon Web Services AWS software, Apache Hadoop, Speaking, Apache Kafka, Ansible software, Monitoring, GitHub, Reading Comprehension, Mathematics, Apache Spark, Active Learning, Writing","Critical Thinking, Active Listening, Learning Strategies, Science, Bash, C, C++, Docker, Git",59.09,Start: Critical Thinking
28,Yes,Travel_Rarely,1475,Sales,13,2,Marketing,1,1933,4,Female,84,3,2,Sales Executive,3,Single,9854,23352,3,Y,Yes,11,3,4,80,0,6,0,3,2,0,2,2,0.9205983,High Risk,3.6666666666666665,3284.6666666666665,3.3333333333333335,HIGH RISK: HR review; retention conversation; career-path and compensation review.,53-3031.00,"Writing, Active Listening, Reading Comprehension, Microsoft Excel","Speaking, Critical Thinking, Microsoft Office software",57.14,Start: Speaking
47,No,Non-Travel,1169,Research & Development,14,4,Technical Degree,1,1934,3,Male,64,3,2,Research Scientist,2,Married,5467,2125,8,Y,No,18,3,3,80,1,16,4,4,8,7,1,7,0.026551438,Low Risk,2.6666666666666665,607.4444444444445,3.0,LOW RISK: Continue standard career development and engagement tracking.,15-1221.00,"Speaking, Apache Kafka, Writing, Critical Thinking, Monitoring, Apache Spark, Active Listening, Science, Active Learning, Reading Comprehension, Learning Strategies, Docker, Bash, Mathematics","Amazon Web Services AWS software, Ansible software, Apache Hadoop, C, C++, Git, GitHub, Go",63.64,Start: Amazon Web Services AWS software
56,No,Travel_Rarely,1443,Sales,11,5,Marketing,1,1935,4,Female,89,2,2,Sales Executive,1,Married,5380,20328,4,Y,No,16,3,3,80,1,6,3,3,0,0,0,0,0.11979717,Low Risk,2.6666666666666665,5380.0,2.6666666666666665,LOW RISK: Continue standard career development and engagement tracking.,53-3031.00,"Critical Thinking, Reading Comprehension, Writing, Active Listening, Microsoft Office software, Speaking",Microsoft Excel,85.71,Start: Microsoft Excel
39,No,Travel_Rarely,867,Research & Development,9,2,Medical,1,1936,1,Male,87,3,2,Manufacturing Director,1,Married,5151,12315,1,Y,No,25,4,4,80,1,10,3,3,10,0,7,9,0.22142214,Low Risk,2.0,468.27272727272725,1.6666666666666667,LOW RISK: Continue standard career development and engagement tracking.,51-9195.05,"Microsoft Outlook, Critical Thinking, Monitoring, Microsoft Excel",Active Listening,80.0,Start: Active Listening
38,No,Travel_Frequently,1394,Research & Development,8,3,Medical,1,1937,4,Female,58,2,2,Research Scientist,2,Divorced,2133,18115,1,Y,Yes,16,3,3,80,1,20,3,3,20,11,0,7,0.030346442,Low Risk,3.0,101.57142857142857,3.0,LOW RISK: Continue standard career development and engagement tracking.,15-1221.00,"C, Speaking, Git, Learning Strategies, Bash, Critical Thinking, Amazon Web Services AWS software, C++, Science, Go, Apache Hadoop, Monitoring, Mathematics, Reading Comprehension, Docker","Active Learning, Active Listening, Writing, Ansible software, Apache Kafka, Apache Spark, GitHub",68.18,Start: Active Learning
58,No,Travel_Rarely,605,Sales,21,3,Life Sciences,1,1938,4,Female,72,3,4,Manager,4,Married,17875,11761,4,Y,Yes,13,3,3,80,1,29,2,2,1,0,0,0,0.0971127,Low Risk,3.6666666666666665,8937.5,3.3333333333333335,LOW RISK: Continue standard career development and engagement tracking.,47-1011.03,"Microsoft Office software, Autodesk Revit, Microsoft Windows, Critical Thinking, Microsoft Project, Autodesk AutoCAD, Monitoring, Microsoft PowerPoint, Microsoft Word, Speaking, Microsoft Visio","Reading Comprehension, Active Listening, Writing, Active Learning, Mathematics, Learning Strategies, Autodesk AutoCAD Civil 3D, Microsoft Excel, Microsoft Outlook, Oracle Primavera Enterprise Project Portfolio Management",52.38,Start: Reading Comprehension
32,Yes,Travel_Frequently,238,Research & Development,5,2,Life Sciences,1,1939,1,Female,47,4,1,Research Scientist,3,Single,2432,15318,3,Y,Yes,14,3,1,80,0,8,2,3,4,1,0,3,0.9322335,High Risk,1.6666666666666667,486.4,2.3333333333333335,HIGH RISK: HR review; retention conversation; career-path and compensation review.,15-1221.00,"Amazon Web Services AWS software, Bash, Monitoring, Ansible software, Git, Reading Comprehension, Mathematics, Critical Thinking, GitHub, Active Learning, Active Listening, Speaking, Go","Writing, Learning Strategies, Science, Apache Hadoop, Apache Kafka, Apache Spark, C, C++, Docker",59.09,Start: Writing
38,No,Travel_Rarely,1206,Research & Development,9,2,Life Sciences,1,1940,2,Male,71,3,1,Research Scientist,4,Divorced,4771,14293,2,Y,No,19,3,4,80,2,10,0,4,5,2,0,3,0.019198379,Low Risk,3.3333333333333335,795.1666666666666,3.3333333333333335,LOW RISK: Continue standard career development and engagement tracking.,15-1221.00,"Critical Thinking, Learning Strategies, Active Listening, Git, C, Speaking, Docker, Apache Kafka, Apache Hadoop, Active Learning, Go","Reading Comprehension, Mathematics, Writing, Monitoring, Science, Amazon Web Services AWS software, Ansible software, Apache Spark, Bash, C++, GitHub",50.0,Start: Reading Comprehension
49,No,Travel_Frequently,1064,Research & Development,2,1,Life Sciences,1,1941,2,Male,42,3,5,Research Director,4,Married,19161,13738,3,Y,No,15,3,4,80,0,28,3,3,5,4,4,3,0.0063786185,Low Risk,3.3333333333333335,3193.5,3.0,LOW RISK: Continue standard career development and engagement tracking.,27-2041.00,"Active Listening, Microsoft Office software, Critical Thinking, Microsoft PowerPoint, Reading Comprehension, Active Learning, Writing, Learning Strategies, Microsoft Outlook","Speaking, Monitoring, Microsoft Excel, Microsoft Word",69.23,Start: Speaking
42,No,Travel_Rarely,419,Sales,12,4,Marketing,1,1943,2,Male,77,3,2,Sales Executive,4,Divorced,5087,2900,3,Y,Yes,12,3,3,80,2,14,4,3,0,0,0,0,0.102276765,Low Risk,3.0,5087.0,3.0,LOW RISK: Continue standard career development and engagement tracking.,53-3031.00,"Critical Thinking, Active Listening, Microsoft Office software, Speaking, Microsoft Excel","Reading Comprehension, Writing",71.43,Start: Reading Comprehension
27,Yes,Travel_Frequently,1337,Human Resources,22,3,Human Resources,1,1944,1,Female,58,2,1,Human Resources,2,Married,2863,19555,1,Y,No,12,3,1,80,0,1,2,3,1,0,0,0,0.96426225,High Risk,1.3333333333333333,1431.5,2.0,HIGH RISK: HR review; retention conversation; career-path and compensation review.,43-4161.00,"Critical Thinking, Oracle HRIS, Microsoft SharePoint, Applicant tracking software, Monitoring, Microsoft Office software, Speaking, Active Learning, Microsoft Excel, Microsoft PowerPoint, Google Docs","Reading Comprehension, Active Listening, Writing, Microsoft Outlook, Microsoft Word, Microsoft Access, Microsoft Visio, Oracle PeopleSoft",57.89,Start: Reading Comprehension
35,No,Travel_Rarely,682,Sales,18,4,Medical,1,1945,2,Male,71,3,2,Sales Executive,1,Married,5561,15975,0,Y,No,16,3,4,80,1,6,2,1,5,3,0,4,0.16913155,Low Risk,2.3333333333333335,926.8333333333334,1.3333333333333333,LOW RISK: Continue standard career development and engagement tracking.,53-3031.00,"Writing, Speaking, Active Listening, Critical Thinking","Reading Comprehension, Microsoft Excel, Microsoft Office software",57.14,Start: Reading Comprehension
28,No,Non-Travel,1103,Research & Development,16,3,Medical,1,1947,3,Male,49,3,1,Research Scientist,3,Single,2144,2122,1,Y,No,14,3,3,80,0,5,3,2,5,3,1,4,0.042847786,Low Risk,3.0,357.3333333333333,2.6666666666666665,LOW RISK: Continue standard career development and engagement tracking.,15-1221.00,"Active Learning, Monitoring, Ansible software, Apache Spark, C++, Amazon Web Services AWS software, Git, Active Listening, Mathematics, Learning Strategies, Apache Kafka, Bash, C, Docker","Reading Comprehension, Critical Thinking, Writing, Speaking, Science, Apache Hadoop, GitHub, Go",63.64,Start: Reading Comprehension
31,No,Non-Travel,976,Research & Development,3,2,Medical,1,1948,3,Male,48,3,1,Research Scientist,1,Divorced,3065,3995,1,Y,Yes,13,3,4,80,1,4,3,4,4,2,2,3,0.068002574,Low Risk,2.6666666666666665,613.0,2.6666666666666665,LOW RISK: Continue standard career development and engagement tracking.,15-1221.00,"Active Listening, Docker, Apache Spark, Monitoring, Mathematics, Critical Thinking, Go, Science, Amazon Web Services AWS software, Reading Comprehension, Bash, Apache Hadoop, Git, Writing, Apache Kafka, Speaking, Active Learning","Learning Strategies, Ansible software, C, C++, GitHub",77.27,Start: Learning Strategies
36,No,Non-Travel,1351,Research & Development,9,4,Life Sciences,1,1949,1,Male,66,4,1,Laboratory Technician,2,Married,2810,9238,1,Y,No,22,4,2,80,0,5,3,3,5,4,0,2,0.35461578,Low Risk,1.6666666666666667,468.3333333333333,2.0,LOW RISK: Continue standard career development and engagement tracking.,51-9083.00,"Monitoring, Microsoft Word, Microsoft Excel, Microsoft Office software, Reading Comprehension, Microsoft PowerPoint, Microsoft Outlook","Critical Thinking, SAP software",77.78,Start: Critical Thinking
34,No,Travel_Rarely,937,Sales,1,3,Marketing,1,1950,1,Male,32,3,3,Sales Executive,4,Single,9888,6770,1,Y,No,21,4,1,80,0,14,3,2,14,8,2,1,0.23748453,Low Risk,2.0,659.2,2.3333333333333335,LOW RISK: Continue standard career development and engagement tracking.,53-3031.00,"Reading Comprehension, Speaking, Microsoft Excel, Critical Thinking","Active Listening, Writing, Microsoft Office software",57.14,Start: Active Listening
34,No,Travel_Rarely,1239,Sales,13,4,Medical,1,1951,4,Male,39,3,3,Sales Executive,3,Divorced,8628,22914,1,Y,No,18,3,3,80,1,9,2,2,8,7,1,1,0.14272556,Low Risk,3.3333333333333335,958.6666666666666,3.0,LOW RISK: Continue standard career development and engagement tracking.,53-3031.00,"Writing, Critical Thinking, Microsoft Excel, Reading Comprehension","Active Listening, Speaking, Microsoft Office software",57.14,Start: Active Listening
26,No,Travel_Rarely,157,Research & Development,1,3,Medical,1,1952,3,Male,95,3,1,Laboratory Technician,1,Single,2867,20006,0,Y,No,13,3,4,80,0,8,6,2,7,7,7,6,0.09408877,Low Risk,2.6666666666666665,358.375,2.0,LOW RISK: Continue standard career development and engagement tracking.,51-9083.00,"Microsoft Office software, Microsoft Excel, Microsoft Word, Microsoft Outlook","Reading Comprehension, Critical Thinking, Monitoring, Microsoft PowerPoint, SAP software",44.44,Start: Reading Comprehension
29,No,Travel_Rarely,136,Research & Development,1,3,Life Sciences,1,1954,1,Male,89,3,2,Healthcare Representative,1,Married,5373,6225,0,Y,No,12,3,1,80,1,6,5,2,5,3,0,2,0.055465832,Low Risk,1.0,895.5,1.3333333333333333,LOW RISK: Continue standard career development and engagement tracking.,43-4051.00,"Monitoring, Microsoft Office software, Microsoft Excel, Adobe Acrobat, Speaking, Adobe Photoshop, Adobe Illustrator, Microsoft Outlook, Reading Comprehension","Active Listening, Critical Thinking, Writing, Adobe Creative Cloud software, Apple macOS, Facebook, Google Docs, Intuit QuickBooks, Kronos Workforce Timekeeper",50.0,Start: Active Listening
32,No,Non-Travel,1146,Research & Development,15,4,Medical,1,1955,3,Female,34,3,2,Healthcare Representative,4,Divorced,6667,16542,5,Y,No,18,3,2,80,1,9,6,3,5,1,1,2,0.02149687,Low Risk,3.0,1111.1666666666667,3.3333333333333335,LOW RISK: Continue standard career development and engagement tracking.,43-4051.00,"Speaking, Facebook, Microsoft Outlook, Kronos Workforce Timekeeper, Reading Comprehension, Active Listening, Critical Thinking, Monitoring, Microsoft Excel, Apple macOS, Microsoft Office software, Adobe Illustrator, Intuit QuickBooks, Adobe Acrobat, Writing","Adobe Creative Cloud software, Adobe Photoshop, Google Docs",83.33,Start: Adobe Creative Cloud software
31,No,Travel_Frequently,1125,Research & Development,1,3,Life Sciences,1,1956,4,Male,48,1,2,Research Scientist,1,Married,5003,5771,1,Y,No,21,4,2,80,0,10,6,3,10,8,8,7,0.3424123,Low Risk,2.3333333333333335,454.8181818181818,2.6666666666666665,LOW RISK: Continue standard career development and engagement tracking.,15-1221.00,"C++, Ansible software, Critical Thinking, Active Listening, Reading Comprehension, Apache Spark, Active Learning, Bash, Mathematics, Docker, GitHub","Writing, Speaking, Monitoring, Learning Strategies, Science, Amazon Web Services AWS software, Apache Hadoop, Apache Kafka, C, Git, Go",50.0,Start: Writing
28,Yes,Travel_Rarely,1404,Research & Development,17,3,Technical Degree,1,1960,3,Male,32,2,1,Laboratory Technician,4,Divorced,2367,18779,5,Y,No,12,3,1,80,1,6,2,2,4,1,0,3,0.8805185,High Risk,2.6666666666666665,473.4,3.0,HIGH RISK: HR review; retention conversation; career-path and compensation review.,51-9083.00,"SAP software, Reading Comprehension, Microsoft Word, Microsoft Office software, Microsoft Excel","Critical Thinking, Monitoring, Microsoft Outlook, Microsoft PowerPoint",55.56,Start: Critical Thinking
38,No,Travel_Rarely,1404,Sales,1,3,Life Sciences,1,1961,1,Male,59,2,1,Sales Representative,1,Single,2858,11473,4,Y,No,14,3,1,80,0,20,3,2,1,0,0,0,0.6839109,Medium Risk,1.0,1429.0,1.3333333333333333,MEDIUM RISK: Manager check-in; mentorship; targeted development plan.,41-4012.00,"Adobe Photoshop, Microsoft PowerPoint, Active Listening, Speaking, Active Learning, Adobe Creative Cloud software, Salesforce software, Apple macOS, Microsoft Excel, Reading Comprehension","Critical Thinking, Writing, Monitoring, Microsoft Office software, Microsoft Outlook, Adobe Acrobat, Adobe Illustrator, Adobe InDesign, Autodesk AutoCAD",52.63,Start: Critical Thinking
35,No,Travel_Rarely,1224,Sales,7,4,Life Sciences,1,1962,3,Female,55,3,2,Sales Executive,4,Married,5204,13586,1,Y,Yes,11,3,4,80,0,10,2,3,10,8,0,9,0.10572825,Low Risk,3.6666666666666665,473.09090909090907,3.3333333333333335,LOW RISK: Continue standard career development and engagement tracking.,53-3031.00,"Writing, Critical Thinking, Speaking, Active Listening","Reading Comprehension, Microsoft Excel, Microsoft Office software",57.14,Start: Reading Comprehension
27,No,Travel_Rarely,954,Sales,9,3,Marketing,1,1965,4,Male,44,3,2,Sales Executive,4,Single,4105,5099,1,Y,No,14,3,1,80,0,7,5,3,7,7,0,7,0.17080045,Low Risk,3.0,513.125,3.6666666666666665,LOW RISK: Continue standard career development and engagement tracking.,53-3031.00,"Reading Comprehension, Speaking, Critical Thinking, Writing, Microsoft Excel, Active Listening",Microsoft Office software,85.71,Start: Microsoft Office software
32,No,Travel_Rarely,1373,Research & Development,5,4,Life Sciences,1,1966,4,Male,56,2,2,Manufacturing Director,4,Single,9679,10138,8,Y,No,24,4,2,80,0,8,1,3,1,0,0,0,0.1394135,Low Risk,3.3333333333333335,4839.5,3.6666666666666665,LOW RISK: Continue standard career development and engagement tracking.,51-9195.05,"Monitoring, Microsoft Excel, Active Listening, Critical Thinking",Microsoft Outlook,80.0,Start: Microsoft Outlook
31,Yes,Travel_Frequently,754,Sales,26,4,Marketing,1,1967,1,Male,63,3,2,Sales Executive,4,Married,5617,21075,1,Y,Yes,11,3,3,80,0,10,4,3,10,7,0,8,0.8999165,High Risk,2.6666666666666665,510.6363636363636,2.6666666666666665,HIGH RISK: HR review; retention conversation; career-path and compensation review.,53-3031.00,"Writing, Microsoft Office software, Reading Comprehension, Active Listening, Speaking","Critical Thinking, Microsoft Excel",71.43,Start: Critical Thinking
53,Yes,Travel_Rarely,1168,Sales,24,4,Life Sciences,1,1968,1,Male,66,3,3,Sales Executive,1,Single,10448,5843,6,Y,Yes,13,3,2,80,0,15,2,2,2,2,2,2,0.9568013,High Risk,1.3333333333333333,3482.6666666666665,1.3333333333333333,HIGH RISK: HR review; retention conversation; career-path and compensation review.,53-3031.00,"Active Listening, Reading Comprehension, Microsoft Excel, Critical Thinking","Speaking, Writing, Microsoft Office software",57.14,Start: Speaking
54,No,Travel_Rarely,155,Research & Development,9,2,Life Sciences,1,1969,1,Female,67,3,2,Research Scientist,3,Married,2897,22474,3,Y,No,11,3,3,80,2,9,6,2,4,3,2,3,0.08500738,Low Risk,2.3333333333333335,579.4,2.0,LOW RISK: Continue standard career development and engagement tracking.,15-1221.00,"Bash, Apache Hadoop, Reading Comprehension, C, Git, GitHub, Critical Thinking, Mathematics, Speaking, Go, Active Listening, Apache Spark, C++, Ansible software, Active Learning, Docker, Monitoring, Writing","Learning Strategies, Science, Amazon Web Services AWS software, Apache Kafka",81.82,Start: Learning Strategies
33,No,Travel_Frequently,1303,Research & Development,7,2,Life Sciences,1,1970,4,Male,36,3,2,Healthcare Representative,3,Divorced,5968,18079,1,Y,No,20,4,3,80,3,9,2,3,9,7,2,8,0.014162144,Low Risk,3.3333333333333335,596.8,3.3333333333333335,LOW RISK: Continue standard career development and engagement tracking.,43-4051.00,"Microsoft Excel, Active Listening, Kronos Workforce Timekeeper, Adobe Acrobat, Intuit QuickBooks, Writing, Speaking, Adobe Illustrator, Microsoft Outlook, Facebook","Critical Thinking, Reading Comprehension, Monitoring, Microsoft Office software, Adobe Creative Cloud software, Adobe Photoshop, Apple macOS, Google Docs",55.56,Start: Critical Thinking
43,No,Travel_Rarely,574,Research & Development,11,3,Life Sciences,1,1971,1,Male,30,3,3,Healthcare Representative,3,Married,7510,16873,1,Y,No,17,3,2,80,1,10,1,3,10,9,0,9,0.16359112,Low Risk,2.0,682.7272727272727,2.3333333333333335,LOW RISK: Continue standard career development and engagement tracking.,43-4051.00,"Intuit QuickBooks, Microsoft Office software, Critical Thinking, Apple macOS, Adobe Acrobat, Google Docs, Writing, Microsoft Outlook, Facebook, Reading Comprehension, Speaking, Adobe Creative Cloud software, Active Listening, Adobe Illustrator, Microsoft Excel","Monitoring, Adobe Photoshop, Kronos Workforce Timekeeper",83.33,Start: Monitoring
38,No,Travel_Frequently,1444,Human Resources,1,4,Other,1,1972,4,Male,88,3,1,Human Resources,2,Married,2991,5224,0,Y,Yes,11,3,2,80,1,7,2,3,6,2,1,2,0.08765629,Low Risk,2.6666666666666665,427.2857142857143,3.0,LOW RISK: Continue standard career development and engagement tracking.,43-4161.00,"Microsoft Excel, Microsoft Outlook, Active Learning, Critical Thinking, Active Listening, Microsoft Visio, Microsoft Office software, Microsoft Word, Google Docs, Speaking, Oracle HRIS, Applicant tracking software, Microsoft SharePoint, Microsoft Access, Microsoft PowerPoint","Reading Comprehension, Writing, Monitoring, Oracle PeopleSoft",78.95,Start: Reading Comprehension
55,No,Travel_Rarely,189,Human Resources,26,4,Human Resources,1,1973,3,Male,71,4,5,Manager,2,Married,19636,25811,4,Y,Yes,18,3,1,80,1,35,0,3,10,9,1,4,0.052845646,Low Risk,2.0,1785.090909090909,2.6666666666666665,LOW RISK: Continue standard career development and engagement tracking.,47-1011.03,"Critical Thinking, Autodesk AutoCAD, Microsoft PowerPoint, Writing, Speaking, Microsoft Word, Active Learning, Learning Strategies, Microsoft Excel, Reading Comprehension, Autodesk AutoCAD Civil 3D, Oracle Primavera Enterprise Project Portfolio Management, Microsoft Project, Active Listening, Mathematics, Monitoring","Autodesk Revit, Microsoft Office software, Microsoft Outlook, Microsoft Visio, Microsoft Windows",76.19,Start: Autodesk Revit
31,No,Travel_Rarely,1276,Research & Development,2,1,Medical,1,1974,4,Female,59,1,1,Laboratory Technician,4,Divorced,1129,17536,1,Y,Yes,11,3,3,80,3,1,4,3,1,0,0,0,0.7677826,High Risk,3.6666666666666665,564.5,3.6666666666666665,HIGH RISK: HR review; retention conversation; career-path and compensation review.,51-9083.00,"Microsoft Word, Critical Thinking, Microsoft Outlook, SAP software","Reading Comprehension, Monitoring, Microsoft Excel, Microsoft Office software, Microsoft PowerPoint",44.44,Start: Reading Comprehension
39,No,Travel_Rarely,119,Sales,15,4,Marketing,1,1975,2,Male,77,3,4,Sales Executive,1,Single,13341,25098,0,Y,No,12,3,1,80,0,21,3,3,20,8,11,10,0.1158414,Low Risk,1.3333333333333333,635.2857142857143,2.0,LOW RISK: Continue standard career development and engagement tracking.,53-3031.00,"Reading Comprehension, Speaking, Active Listening, Microsoft Excel, Writing, Critical Thinking",Microsoft Office software,85.71,Start: Microsoft Office software
42,No,Non-Travel,335,Research & Development,23,2,Life Sciences,1,1976,4,Male,37,2,2,Research Scientist,3,Single,4332,14811,1,Y,No,12,3,4,80,0,20,2,3,20,9,3,7,0.0338789,Low Risk,3.6666666666666665,206.28571428571428,3.3333333333333335,LOW RISK: Continue standard career development and engagement tracking.,15-1221.00,"Speaking, Learning Strategies, Active Listening, Amazon Web Services AWS software, C++, Mathematics, Apache Spark, Go, Apache Kafka, Reading Comprehension, Writing, Ansible software, Bash","Active Learning, Critical Thinking, Monitoring, Science, Apache Hadoop, C, Docker, Git, GitHub",59.09,Start: Active Learning
31,No,Non-Travel,697,Research & Development,10,3,Medical,1,1979,3,Female,40,3,3,Research Director,3,Married,11031,26862,4,Y,No,20,4,3,80,1,13,2,4,11,7,4,8,0.042826932,Low Risk,3.0,919.25,3.3333333333333335,LOW RISK: Continue standard career development and engagement tracking.,27-2041.00,"Learning Strategies, Speaking, Active Learning, Microsoft PowerPoint, Critical Thinking, Microsoft Office software, Reading Comprehension, Microsoft Excel, Writing","Active Listening, Monitoring, Microsoft Outlook, Microsoft Word",69.23,Start: Active Listening
54,No,Travel_Rarely,157,Research & Development,10,3,Medical,1,1980,3,Female,77,3,2,Manufacturing Director,1,Single,4440,25198,6,Y,Yes,19,3,4,80,0,9,3,3,5,2,1,4,0.15586774,Low Risk,2.6666666666666665,740.0,2.3333333333333335,LOW RISK: Continue standard career development and engagement tracking.,51-9195.05,"Monitoring, Microsoft Outlook, Microsoft Excel","Critical Thinking, Active Listening",60.0,Start: Critical Thinking
24,No,Travel_Rarely,771,Research & Development,1,2,Life Sciences,1,1981,2,Male,45,2,2,Healthcare Representative,3,Single,4617,14120,1,Y,No,12,3,2,80,0,4,2,2,4,3,1,2,0.06999656,Low Risk,2.3333333333333335,923.4,2.3333333333333335,LOW RISK: Continue standard career development and engagement tracking.,43-4051.00,"Intuit QuickBooks, Adobe Illustrator, Monitoring, Kronos Workforce Timekeeper, Google Docs, Adobe Acrobat, Microsoft Outlook, Reading Comprehension, Facebook, Speaking","Active Listening, Critical Thinking, Writing, Microsoft Excel, Microsoft Office software, Adobe Creative Cloud software, Adobe Photoshop, Apple macOS",55.56,Start: Active Listening
23,No,Travel_Rarely,571,Research & Development,12,2,Other,1,1982,4,Male,78,3,1,Laboratory Technician,4,Single,2647,13672,1,Y,No,13,3,3,80,0,5,6,4,5,2,1,4,0.092840895,Low Risk,3.6666666666666665,441.1666666666667,4.0,LOW RISK: Continue standard career development and engagement tracking.,51-9083.00,"Microsoft PowerPoint, Reading Comprehension, SAP software, Microsoft Word, Monitoring","Critical Thinking, Microsoft Excel, Microsoft Office software, Microsoft Outlook",55.56,Start: Critical Thinking
40,No,Travel_Frequently,692,Research & Development,11,3,Technical Degree,1,1985,4,Female,73,3,2,Laboratory Technician,3,Married,6323,26849,1,Y,No,11,3,1,80,1,10,2,4,10,9,9,4,0.108915545,Low Risk,2.6666666666666665,574.8181818181819,3.6666666666666665,LOW RISK: Continue standard career development and engagement tracking.,51-9083.00,"Microsoft Office software, Reading Comprehension, SAP software, Microsoft Outlook, Microsoft Excel, Microsoft Word, Microsoft PowerPoint","Critical Thinking, Monitoring",77.78,Start: Critical Thinking
40,No,Travel_Rarely,444,Sales,2,2,Marketing,1,1986,2,Female,92,3,2,Sales Executive,2,Married,5677,4258,3,Y,No,14,3,3,80,1,15,4,3,11,8,5,10,0.03734994,Low Risk,2.3333333333333335,473.0833333333333,2.3333333333333335,LOW RISK: Continue standard career development and engagement tracking.,53-3031.00,"Microsoft Excel, Writing, Critical Thinking","Active Listening, Speaking, Reading Comprehension, Microsoft Office software",42.86,Start: Active Listening
25,No,Travel_Rarely,309,Human Resources,2,3,Human Resources,1,1987,3,Female,82,3,1,Human Resources,2,Married,2187,19655,4,Y,No,14,3,3,80,0,6,3,3,2,0,1,2,0.299714,Low Risk,2.6666666666666665,729.0,2.6666666666666665,LOW RISK: Continue standard career development and engagement tracking.,43-4161.00,"Speaking, Google Docs, Active Learning, Microsoft Access, Oracle HRIS, Oracle PeopleSoft, Critical Thinking, Reading Comprehension, Writing, Microsoft Office software, Applicant tracking software, Microsoft PowerPoint, Monitoring","Active Listening, Microsoft Excel, Microsoft Outlook, Microsoft Word, Microsoft SharePoint, Microsoft Visio",68.42,Start: Active Listening
30,No,Travel_Rarely,911,Research & Development,1,2,Medical,1,1989,4,Male,76,3,1,Laboratory Technician,2,Married,3748,4077,1,Y,No,13,3,3,80,0,12,6,2,12,8,1,7,0.080166824,Low Risk,3.0,288.3076923076923,2.6666666666666665,LOW RISK: Continue standard career development and engagement tracking.,51-9083.00,"Microsoft Outlook, Critical Thinking, Microsoft Office software, SAP software, Monitoring, Microsoft PowerPoint","Reading Comprehension, Microsoft Excel, Microsoft Word",66.67,Start: Reading Comprehension
25,No,Travel_Rarely,977,Research & Development,2,1,Other,1,1992,4,Male,57,3,1,Laboratory Technician,3,Divorced,3977,7298,6,Y,Yes,19,3,3,80,1,7,2,2,2,2,0,2,0.4553111,Medium Risk,3.3333333333333335,1325.6666666666667,3.0,MEDIUM RISK: Manager check-in; mentorship; targeted development plan.,51-9083.00,"Critical Thinking, Monitoring, Microsoft Office software, SAP software, Microsoft PowerPoint, Microsoft Outlook, Reading Comprehension","Microsoft Excel, Microsoft Word",77.78,Start: Microsoft Excel
47,No,Travel_Rarely,1180,Research & Development,25,3,Medical,1,1993,1,Male,84,3,3,Healthcare Representative,3,Single,8633,13084,2,Y,No,23,4,2,80,0,25,3,3,17,14,12,11,0.17086929,Low Risk,2.0,479.6111111111111,2.3333333333333335,LOW RISK: Continue standard career development and engagement tracking.,43-4051.00,"Adobe Photoshop, Active Listening, Critical Thinking, Facebook, Microsoft Excel, Microsoft Office software, Adobe Creative Cloud software, Google Docs, Intuit QuickBooks, Apple macOS","Speaking, Reading Comprehension, Writing, Monitoring, Microsoft Outlook, Adobe Acrobat, Adobe Illustrator, Kronos Workforce Timekeeper",55.56,Start: Speaking
33,No,Non-Travel,1313,Research & Development,1,2,Medical,1,1994,2,Male,59,2,1,Laboratory Technician,3,Divorced,2008,20439,1,Y,No,12,3,3,80,3,1,2,2,1,1,0,0,0.10782757,Low Risk,2.6666666666666665,1004.0,2.3333333333333335,LOW RISK: Continue standard career development and engagement tracking.,51-9083.00,"Microsoft Office software, Reading Comprehension, SAP software, Microsoft Word, Microsoft Excel, Monitoring","Critical Thinking, Microsoft Outlook, Microsoft PowerPoint",66.67,Start: Critical Thinking
38,No,Travel_Rarely,1321,Sales,1,4,Life Sciences,1,1995,4,Male,86,3,2,Sales Executive,2,Married,4440,7636,0,Y,No,15,3,1,80,2,16,3,3,15,13,5,8,0.02739275,Low Risk,2.3333333333333335,277.5,3.0,LOW RISK: Continue standard career development and engagement tracking.,53-3031.00,"Speaking, Microsoft Office software, Microsoft Excel, Reading Comprehension","Active Listening, Critical Thinking, Writing",57.14,Start: Active Listening
31,No,Travel_Rarely,1154,Sales,2,2,Life Sciences,1,1996,1,Male,54,3,1,Sales Representative,3,Married,3067,6393,0,Y,No,19,3,3,80,1,3,1,3,2,2,1,2,0.14592102,Low Risk,2.3333333333333335,1022.3333333333334,2.3333333333333335,LOW RISK: Continue standard career development and engagement tracking.,41-4012.00,"Salesforce software, Adobe Photoshop, Active Learning, Adobe Acrobat, Adobe InDesign, Autodesk AutoCAD, Monitoring, Active Listening, Speaking, Critical Thinking, Reading Comprehension, Microsoft PowerPoint, Adobe Creative Cloud software","Writing, Microsoft Excel, Microsoft Office software, Microsoft Outlook, Adobe Illustrator, Apple macOS",68.42,Start: Writing
38,No,Travel_Frequently,508,Research & Development,6,4,Life Sciences,1,1997,1,Male,72,2,2,Manufacturing Director,3,Married,5321,14284,2,Y,No,11,3,4,80,1,10,1,3,8,3,7,7,0.2706038,Low Risk,2.6666666666666665,591.2222222222222,2.3333333333333335,LOW RISK: Continue standard career development and engagement tracking.,51-9195.05,"Microsoft Excel, Monitoring, Active Listening, Critical Thinking",Microsoft Outlook,80.0,Start: Microsoft Outlook
42,No,Travel_Rarely,557,Research & Development,18,4,Life Sciences,1,1998,4,Male,35,3,2,Research Scientist,1,Divorced,5410,11189,6,Y,Yes,17,3,3,80,1,9,3,2,4,3,1,2,0.23778781,Low Risk,2.6666666666666665,1082.0,2.3333333333333335,LOW RISK: Continue standard career development and engagement tracking.,15-1221.00,"Docker, Bash, Active Learning, Apache Spark, Reading Comprehension, Monitoring, Mathematics, Learning Strategies, Git, Amazon Web Services AWS software","Critical Thinking, Active Listening, Writing, Speaking, Science, Ansible software, Apache Hadoop, Apache Kafka, C, C++, GitHub, Go",45.45,Start: Critical Thinking
41,No,Travel_Rarely,642,Research & Development,1,3,Life Sciences,1,1999,4,Male,76,3,1,Research Scientist,4,Married,2782,21412,3,Y,No,22,4,1,80,1,12,3,3,5,3,1,0,0.02583762,Low Risk,3.0,463.6666666666667,3.6666666666666665,LOW RISK: Continue standard career development and engagement tracking.,15-1221.00,"Ansible software, Science, Amazon Web Services AWS software, C++, Monitoring, Apache Kafka, Git, Bash, Apache Spark, Reading Comprehension, Docker, Active Listening, Learning Strategies, Mathematics, Writing, Speaking, Apache Hadoop, Go","Active Learning, Critical Thinking, C, GitHub",81.82,Start: Active Learning
47,No,Non-Travel,1162,Research & Development,1,1,Medical,1,2000,3,Female,98,3,3,Research Director,2,Married,11957,17231,0,Y,No,18,3,1,80,2,14,3,1,13,8,5,12,0.015666626,Low Risk,2.0,854.0714285714286,2.0,LOW RISK: Continue standard career development and engagement tracking.,27-2041.00,"Microsoft Word, Writing, Active Learning, Reading Comprehension, Active Listening, Learning Strategies, Microsoft Excel","Critical Thinking, Speaking, Monitoring, Microsoft Office software, Microsoft Outlook, Microsoft PowerPoint",53.85,Start: Critical Thinking
35,No,Travel_Rarely,1490,Research & Development,11,4,Medical,1,2003,4,Male,43,3,1,Laboratory Technician,3,Married,2660,20232,7,Y,Yes,11,3,3,80,1,5,3,3,2,2,2,2,0.37585923,Low Risk,3.3333333333333335,886.6666666666666,3.3333333333333335,LOW RISK: Continue standard career development and engagement tracking.,51-9083.00,"Monitoring, Microsoft PowerPoint, Microsoft Excel, Reading Comprehension, Microsoft Office software","Critical Thinking, Microsoft Outlook, Microsoft Word, SAP software",55.56,Start: Critical Thinking
22,No,Travel_Rarely,581,Research & Development,1,2,Life Sciences,1,2007,4,Male,63,3,1,Research Scientist,3,Single,3375,17624,0,Y,No,12,3,4,80,0,4,2,4,3,2,1,2,0.035566792,Low Risk,3.6666666666666665,843.75,3.6666666666666665,LOW RISK: Continue standard career development and engagement tracking.,15-1221.00,"Bash, C, Docker, Ansible software, Apache Hadoop, Git, Mathematics, C++, Writing, Active Listening, Amazon Web Services AWS software, Monitoring, Apache Spark, Active Learning, Go, Science, Critical Thinking","Reading Comprehension, Speaking, Learning Strategies, Apache Kafka, GitHub",77.27,Start: Reading Comprehension
35,No,Travel_Rarely,1395,Research & Development,9,4,Medical,1,2008,2,Male,48,3,2,Research Scientist,3,Single,5098,18698,1,Y,No,19,3,2,80,0,10,5,3,10,7,0,8,0.06664009,Low Risk,2.3333333333333335,463.45454545454544,2.6666666666666665,LOW RISK: Continue standard career development and engagement tracking.,15-1221.00,"Reading Comprehension, Bash, Speaking, Apache Kafka, Docker, Science, C, Amazon Web Services AWS software, C++, Go, Ansible software, Critical Thinking, Apache Hadoop, Writing, Active Listening, Active Learning, GitHub","Mathematics, Monitoring, Learning Strategies, Apache Spark, Git",77.27,Start: Mathematics
33,No,Travel_Rarely,501,Research & Development,15,2,Medical,1,2009,2,Female,95,3,2,Healthcare Representative,4,Married,4878,21653,0,Y,Yes,13,3,1,80,1,10,6,3,9,7,8,1,0.16930729,Low Risk,2.3333333333333335,487.8,3.0,LOW RISK: Continue standard career development and engagement tracking.,43-4051.00,"Critical Thinking, Adobe Photoshop, Google Docs, Microsoft Excel, Adobe Creative Cloud software, Facebook, Microsoft Outlook, Monitoring, Intuit QuickBooks, Active Listening","Speaking, Reading Comprehension, Writing, Microsoft Office software, Adobe Acrobat, Adobe Illustrator, Apple macOS, Kronos Workforce Timekeeper",55.56,Start: Speaking
32,No,Travel_Rarely,267,Research & Development,29,4,Life Sciences,1,2010,3,Female,49,2,1,Laboratory Technician,2,Single,2837,15919,1,Y,No,13,3,3,80,0,6,3,3,6,2,4,1,0.48828197,Medium Risk,2.6666666666666665,405.2857142857143,2.6666666666666665,MEDIUM RISK: Manager check-in; mentorship; targeted development plan.,51-9083.00,"Reading Comprehension, Microsoft PowerPoint, Microsoft Excel, Microsoft Outlook, Microsoft Word, SAP software, Monitoring","Critical Thinking, Microsoft Office software",77.78,Start: Critical Thinking
40,No,Travel_Rarely,543,Research & Development,1,4,Life Sciences,1,2012,1,Male,83,3,1,Laboratory Technician,4,Married,2406,4060,8,Y,No,19,3,3,80,2,8,3,2,1,0,0,0,0.19927387,Low Risk,2.6666666666666665,1203.0,2.3333333333333335,LOW RISK: Continue standard career development and engagement tracking.,51-9083.00,"SAP software, Microsoft Excel, Microsoft Word, Microsoft Office software, Reading Comprehension, Microsoft Outlook","Critical Thinking, Monitoring, Microsoft PowerPoint",66.67,Start: Critical Thinking
32,No,Travel_Rarely,234,Sales,1,4,Medical,1,2013,2,Male,68,2,1,Sales Representative,2,Married,2269,18024,0,Y,No,14,3,2,80,1,3,2,3,2,2,2,2,0.10554164,Low Risk,2.0,756.3333333333334,2.3333333333333335,LOW RISK: Continue standard career development and engagement tracking.,41-4012.00,"Active Learning, Adobe Illustrator, Adobe Acrobat, Adobe InDesign, Adobe Photoshop, Microsoft Outlook, Microsoft Office software, Salesforce software, Apple macOS, Speaking, Critical Thinking, Autodesk AutoCAD, Monitoring, Microsoft Excel, Adobe Creative Cloud software","Active Listening, Reading Comprehension, Writing, Microsoft PowerPoint",78.95,Start: Active Listening
39,No,Travel_Rarely,116,Research & Development,24,1,Life Sciences,1,2014,1,Male,52,3,2,Research Scientist,4,Single,4108,5340,7,Y,No,13,3,1,80,0,18,2,3,7,7,1,7,0.16125853,Low Risk,2.0,513.5,2.6666666666666665,LOW RISK: Continue standard career development and engagement tracking.,15-1221.00,"C, Science, Speaking, Mathematics, Critical Thinking, Writing, Git, Go, Apache Kafka, Monitoring, Apache Hadoop, Amazon Web Services AWS software, Learning Strategies, C++","Active Learning, Reading Comprehension, Active Listening, Ansible software, Apache Spark, Bash, Docker, GitHub",63.64,Start: Active Learning
38,No,Travel_Rarely,201,Research & Development,10,3,Medical,1,2015,2,Female,99,1,3,Research Director,3,Married,13206,3376,3,Y,No,12,3,1,80,1,20,3,3,18,16,1,11,0.01932014,Low Risk,2.0,695.0526315789474,2.6666666666666665,LOW RISK: Continue standard career development and engagement tracking.,27-2041.00,"Speaking, Learning Strategies, Critical Thinking, Active Listening, Reading Comprehension, Microsoft Office software, Active Learning","Monitoring, Writing, Microsoft Excel, Microsoft Outlook, Microsoft PowerPoint, Microsoft Word",53.85,Start: Monitoring
32,No,Travel_Rarely,801,Sales,1,4,Marketing,1,2016,3,Female,48,3,3,Sales Executive,4,Married,10422,24032,1,Y,No,19,3,3,80,2,14,3,3,14,10,5,7,0.08291996,Low Risk,3.3333333333333335,694.8,3.3333333333333335,LOW RISK: Continue standard career development and engagement tracking.,53-3031.00,"Writing, Microsoft Office software, Active Listening, Speaking","Critical Thinking, Reading Comprehension, Microsoft Excel",57.14,Start: Critical Thinking
37,No,Travel_Rarely,161,Research & Development,10,3,Life Sciences,1,2017,3,Female,42,4,3,Research Director,4,Married,13744,15471,1,Y,Yes,25,4,1,80,1,16,2,3,16,11,6,8,0.025259215,Low Risk,2.6666666666666665,808.4705882352941,3.3333333333333335,LOW RISK: Continue standard career development and engagement tracking.,27-2041.00,"Speaking, Active Listening, Active Learning, Critical Thinking, Microsoft PowerPoint, Microsoft Word, Reading Comprehension, Microsoft Office software","Monitoring, Writing, Learning Strategies, Microsoft Excel, Microsoft Outlook",61.54,Start: Monitoring
25,No,Travel_Rarely,1382,Sales,8,2,Other,1,2018,1,Female,85,3,2,Sales Executive,3,Divorced,4907,13684,0,Y,Yes,22,4,2,80,1,6,3,2,5,3,0,4,0.19957574,Low Risk,2.0,817.8333333333334,2.0,LOW RISK: Continue standard career development and engagement tracking.,53-3031.00,"Microsoft Office software, Microsoft Excel, Writing, Reading Comprehension, Active Listening","Speaking, Critical Thinking",71.43,Start: Speaking
52,No,Non-Travel,585,Sales,29,4,Life Sciences,1,2019,1,Male,40,3,1,Sales Representative,4,Divorced,3482,19788,2,Y,No,15,3,2,80,2,16,3,2,9,8,0,0,0.33564836,Low Risk,2.3333333333333335,348.2,2.3333333333333335,LOW RISK: Continue standard career development and engagement tracking.,41-4012.00,"Microsoft PowerPoint, Microsoft Office software, Microsoft Outlook, Monitoring, Salesforce software, Adobe Illustrator, Microsoft Excel, Active Learning, Apple macOS, Adobe Photoshop, Critical Thinking","Active Listening, Speaking, Reading Comprehension, Writing, Adobe Acrobat, Adobe Creative Cloud software, Adobe InDesign, Autodesk AutoCAD",57.89,Start: Active Listening
44,No,Travel_Rarely,1037,Research & Development,1,3,Medical,1,2020,2,Male,42,3,1,Research Scientist,4,Single,2436,13422,6,Y,Yes,12,3,3,80,0,6,2,3,4,3,1,2,0.29334787,Low Risk,3.0,487.2,3.0,LOW RISK: Continue standard career development and engagement tracking.,15-1221.00,"C, Mathematics, Go, Apache Hadoop, Writing, Apache Kafka, Learning Strategies, Reading Comprehension, GitHub, C++, Amazon Web Services AWS software, Ansible software, Bash, Active Learning, Git, Speaking, Monitoring, Apache Spark, Science","Critical Thinking, Active Listening, Docker",86.36,Start: Critical Thinking
21,No,Travel_Rarely,501,Sales,5,1,Medical,1,2021,3,Male,58,3,1,Sales Representative,1,Single,2380,25479,1,Y,Yes,11,3,4,80,0,2,6,3,2,2,1,2,0.7024399,High Risk,2.6666666666666665,793.3333333333334,2.3333333333333335,HIGH RISK: HR review; retention conversation; career-path and compensation review.,41-4012.00,"Microsoft PowerPoint, Active Learning, Microsoft Excel, Apple macOS, Adobe Acrobat, Active Listening, Adobe InDesign, Adobe Creative Cloud software, Writing, Autodesk AutoCAD, Adobe Photoshop, Monitoring, Reading Comprehension, Adobe Illustrator, Speaking","Critical Thinking, Microsoft Office software, Microsoft Outlook, Salesforce software",78.95,Start: Critical Thinking
39,No,Non-Travel,105,Research & Development,9,3,Life Sciences,1,2022,4,Male,87,3,5,Manager,4,Single,19431,15302,2,Y,No,13,3,3,80,0,21,3,2,6,0,1,3,0.008819537,Low Risk,3.6666666666666665,2775.8571428571427,3.3333333333333335,LOW RISK: Continue standard career development and engagement tracking.,47-1011.03,"Mathematics, Microsoft Windows, Microsoft Outlook, Microsoft Visio, Microsoft Word, Monitoring, Speaking, Reading Comprehension, Critical Thinking, Microsoft PowerPoint, Autodesk AutoCAD, Microsoft Office software","Active Listening, Writing, Active Learning, Learning Strategies, Autodesk AutoCAD Civil 3D, Autodesk Revit, Microsoft Excel, Microsoft Project, Oracle Primavera Enterprise Project Portfolio Management",57.14,Start: Active Listening
23,Yes,Travel_Frequently,638,Sales,9,3,Marketing,1,2023,4,Male,33,3,1,Sales Representative,1,Married,1790,26956,1,Y,No,19,3,1,80,1,1,3,2,1,0,1,0,0.9681825,High Risk,2.0,895.0,2.3333333333333335,HIGH RISK: HR review; retention conversation; career-path and compensation review.,41-4012.00,"Adobe Acrobat, Microsoft Office software, Adobe Creative Cloud software, Writing, Adobe InDesign, Apple macOS, Salesforce software, Active Learning, Adobe Illustrator, Adobe Photoshop, Reading Comprehension, Microsoft Excel","Active Listening, Speaking, Critical Thinking, Monitoring, Microsoft Outlook, Microsoft PowerPoint, Autodesk AutoCAD",63.16,Start: Active Listening
36,No,Travel_Rarely,557,Sales,3,3,Medical,1,2024,1,Female,94,2,3,Sales Executive,4,Married,7644,12695,0,Y,No,19,3,3,80,2,10,2,3,9,7,3,4,0.081738524,Low Risk,2.6666666666666665,764.4,2.6666666666666665,LOW RISK: Continue standard career development and engagement tracking.,53-3031.00,"Microsoft Excel, Active Listening, Microsoft Office software","Speaking, Critical Thinking, Reading Comprehension, Writing",42.86,Start: Speaking
36,No,Travel_Frequently,688,Research & Development,4,2,Life Sciences,1,2025,4,Female,97,3,2,Manufacturing Director,2,Divorced,5131,9192,7,Y,No,13,3,2,80,3,18,3,3,4,2,0,2,0.10530727,Low Risk,2.6666666666666665,1026.2,3.0,LOW RISK: Continue standard career development and engagement tracking.,51-9195.05,"Microsoft Outlook, Microsoft Excel, Monitoring, Active Listening",Critical Thinking,80.0,Start: Critical Thinking
56,No,Non-Travel,667,Research & Development,1,4,Life Sciences,1,2026,3,Male,57,3,2,Healthcare Representative,3,Divorced,6306,26236,1,Y,No,21,4,1,80,1,13,2,2,13,12,1,9,0.0076084975,Low Risk,2.3333333333333335,450.42857142857144,2.6666666666666665,LOW RISK: Continue standard career development and engagement tracking.,43-4051.00,"Adobe Creative Cloud software, Microsoft Office software, Apple macOS, Speaking, Adobe Illustrator, Monitoring, Critical Thinking, Writing, Reading Comprehension, Google Docs, Adobe Acrobat, Microsoft Excel, Microsoft Outlook","Active Listening, Adobe Photoshop, Facebook, Intuit QuickBooks, Kronos Workforce Timekeeper",72.22,Start: Active Listening
29,Yes,Travel_Rarely,1092,Research & Development,1,4,Medical,1,2027,1,Male,36,3,1,Research Scientist,4,Married,4787,26124,9,Y,Yes,14,3,2,80,3,4,3,4,2,2,2,2,0.17267413,Low Risk,2.3333333333333335,1595.6666666666667,3.0,LOW RISK: Continue standard career development and engagement tracking.,15-1221.00,"Ansible software, Active Learning, Reading Comprehension, Mathematics, Learning Strategies, Apache Spark, Git, Writing, Critical Thinking, C, Speaking, Go, GitHub, Science, Docker, Active Listening, Amazon Web Services AWS software, C++","Monitoring, Apache Hadoop, Apache Kafka, Bash",81.82,Start: Monitoring
42,No,Travel_Rarely,300,Research & Development,2,3,Life Sciences,1,2031,1,Male,56,3,5,Manager,3,Married,18880,17312,5,Y,No,11,3,1,80,0,24,2,2,22,6,4,14,0.0834287,Low Risk,1.6666666666666667,820.8695652173913,2.0,LOW RISK: Continue standard career development and engagement tracking.,47-1011.03,"Mathematics, Reading Comprehension, Learning Strategies, Microsoft Windows, Critical Thinking, Microsoft Word, Microsoft PowerPoint, Autodesk AutoCAD Civil 3D, Microsoft Office software, Autodesk AutoCAD, Microsoft Visio","Monitoring, Active Listening, Speaking, Writing, Active Learning, Autodesk Revit, Microsoft Excel, Microsoft Outlook, Microsoft Project, Oracle Primavera Enterprise Project Portfolio Management",52.38,Start: Monitoring
56,Yes,Travel_Rarely,310,Research & Development,7,2,Technical Degree,1,2032,4,Male,72,3,1,Laboratory Technician,3,Married,2339,3666,8,Y,No,11,3,4,80,1,14,4,1,10,9,9,8,0.872584,High Risk,3.6666666666666665,212.63636363636363,2.6666666666666665,HIGH RISK: HR review; retention conversation; career-path and compensation review.,51-9083.00,"Microsoft PowerPoint, Microsoft Outlook, SAP software, Reading Comprehension","Critical Thinking, Monitoring, Microsoft Excel, Microsoft Office software, Microsoft Word",44.44,Start: Critical Thinking
41,No,Travel_Rarely,582,Research & Development,28,4,Life Sciences,1,2034,1,Female,60,2,4,Manufacturing Director,2,Married,13570,5640,0,Y,No,23,4,3,80,1,21,3,3,20,7,0,10,0.09719695,Low Risk,2.0,646.1904761904761,2.0,LOW RISK: Continue standard career development and engagement tracking.,51-9195.05,"Microsoft Excel, Microsoft Outlook, Active Listening","Critical Thinking, Monitoring",60.0,Start: Critical Thinking
34,No,Travel_Rarely,704,Sales,28,3,Marketing,1,2035,4,Female,95,2,2,Sales Executive,3,Married,6712,8978,1,Y,No,21,4,4,80,2,8,2,3,8,7,1,7,0.080486365,Low Risk,3.6666666666666665,745.7777777777778,3.3333333333333335,LOW RISK: Continue standard career development and engagement tracking.,53-3031.00,"Writing, Microsoft Excel, Active Listening, Speaking","Critical Thinking, Reading Comprehension, Microsoft Office software",57.14,Start: Critical Thinking
36,No,Non-Travel,301,Sales,15,4,Marketing,1,2036,4,Male,88,1,2,Sales Executive,4,Divorced,5406,10436,1,Y,No,24,4,1,80,1,15,4,2,15,12,11,11,0.076229446,Low Risk,3.0,337.875,3.3333333333333335,LOW RISK: Continue standard career development and engagement tracking.,53-3031.00,"Reading Comprehension, Microsoft Office software, Writing, Speaking","Active Listening, Critical Thinking, Microsoft Excel",57.14,Start: Active Listening
41,No,Travel_Rarely,930,Sales,3,3,Life Sciences,1,2037,3,Male,57,2,2,Sales Executive,2,Divorced,8938,12227,2,Y,No,11,3,3,80,1,14,5,3,5,4,0,4,0.101439916,Low Risk,2.6666666666666665,1489.6666666666667,2.6666666666666665,LOW RISK: Continue standard career development and engagement tracking.,53-3031.00,"Microsoft Excel, Microsoft Office software, Active Listening, Writing, Reading Comprehension","Speaking, Critical Thinking",71.43,Start: Speaking
32,No,Travel_Rarely,529,Research & Development,2,3,Technical Degree,1,2038,4,Male,78,3,1,Research Scientist,1,Single,2439,11288,1,Y,No,14,3,4,80,0,4,4,3,4,2,1,2,0.10299445,Low Risk,3.0,487.8,2.6666666666666665,LOW RISK: Continue standard career development and engagement tracking.,15-1221.00,"GitHub, C++, Monitoring, Writing, Apache Hadoop, Bash, Science, Ansible software, Apache Spark, Apache Kafka, Learning Strategies, C, Docker, Go, Mathematics, Git, Reading Comprehension, Amazon Web Services AWS software","Active Learning, Critical Thinking, Active Listening, Speaking",81.82,Start: Active Learning
35,No,Travel_Rarely,1146,Human Resources,26,4,Life Sciences,1,2040,3,Female,31,3,3,Human Resources,4,Single,8837,16642,1,Y,Yes,16,3,3,80,0,9,2,3,9,0,1,7,0.2447162,Low Risk,3.3333333333333335,883.7,3.3333333333333335,LOW RISK: Continue standard career development and engagement tracking.,43-4161.00,"Microsoft Access, Microsoft Excel, Applicant tracking software, Microsoft SharePoint, Microsoft Word, Monitoring, Microsoft PowerPoint, Microsoft Visio, Active Listening, Critical Thinking, Microsoft Office software, Speaking, Google Docs, Reading Comprehension, Writing","Active Learning, Microsoft Outlook, Oracle HRIS, Oracle PeopleSoft",78.95,Start: Active Learning
38,No,Travel_Rarely,345,Sales,10,2,Life Sciences,1,2041,1,Female,100,3,2,Sales Executive,4,Married,5343,5982,1,Y,No,11,3,3,80,1,10,1,3,10,7,1,9,0.30113044,Low Risk,2.6666666666666665,485.72727272727275,2.6666666666666665,LOW RISK: Continue standard career development and engagement tracking.,53-3031.00,"Reading Comprehension, Speaking, Active Listening, Critical Thinking","Writing, Microsoft Excel, Microsoft Office software",57.14,Start: Writing
50,Yes,Travel_Frequently,878,Sales,1,4,Life Sciences,1,2044,2,Male,94,3,2,Sales Executive,3,Divorced,6728,14255,7,Y,No,12,3,4,80,2,12,3,3,6,3,0,1,0.76511276,High Risk,3.0,961.1428571428571,2.6666666666666665,HIGH RISK: HR review; retention conversation; career-path and compensation review.,53-3031.00,"Active Listening, Critical Thinking, Microsoft Excel, Reading Comprehension","Speaking, Writing, Microsoft Office software",57.14,Start: Speaking
36,No,Travel_Rarely,1120,Sales,11,4,Marketing,1,2045,2,Female,100,2,2,Sales Executive,4,Married,6652,14369,4,Y,No,13,3,1,80,1,8,2,2,6,3,0,0,0.1526654,Low Risk,2.3333333333333335,950.2857142857143,2.6666666666666665,LOW RISK: Continue standard career development and engagement tracking.,53-3031.00,"Critical Thinking, Active Listening, Microsoft Office software, Speaking","Reading Comprehension, Writing, Microsoft Excel",57.14,Start: Reading Comprehension
45,No,Travel_Rarely,374,Sales,20,3,Life Sciences,1,2046,4,Female,50,3,2,Sales Executive,3,Single,4850,23333,8,Y,No,15,3,3,80,0,8,3,3,5,3,0,1,0.42740977,Medium Risk,3.3333333333333335,808.3333333333334,3.3333333333333335,MEDIUM RISK: Manager check-in; mentorship; targeted development plan.,53-3031.00,"Reading Comprehension, Microsoft Excel, Speaking, Active Listening","Critical Thinking, Writing, Microsoft Office software",57.14,Start: Critical Thinking
40,No,Travel_Rarely,1322,Research & Development,2,4,Life Sciences,1,2048,3,Male,52,2,1,Research Scientist,3,Single,2809,2725,2,Y,No,14,3,4,80,0,8,2,3,2,2,2,2,0.02610195,Low Risk,3.3333333333333335,936.3333333333334,3.0,LOW RISK: Continue standard career development and engagement tracking.,15-1221.00,"Apache Kafka, Amazon Web Services AWS software, Docker, Apache Spark, Ansible software, Reading Comprehension, Learning Strategies, Git, Mathematics, Bash, Critical Thinking","Active Learning, Active Listening, Writing, Speaking, Monitoring, Science, Apache Hadoop, C, C++, GitHub, Go",50.0,Start: Active Learning
35,No,Travel_Frequently,1199,Research & Development,18,4,Life Sciences,1,2049,3,Male,80,3,2,Healthcare Representative,3,Married,5689,24594,1,Y,Yes,14,3,4,80,2,10,2,4,10,2,0,2,0.04222093,Low Risk,3.3333333333333335,517.1818181818181,3.3333333333333335,LOW RISK: Continue standard career development and engagement tracking.,43-4051.00,"Kronos Workforce Timekeeper, Apple macOS, Adobe Creative Cloud software, Google Docs, Microsoft Office software, Microsoft Excel, Critical Thinking, Adobe Illustrator, Intuit QuickBooks, Monitoring, Microsoft Outlook, Speaking, Adobe Acrobat, Writing, Reading Comprehension","Active Listening, Adobe Photoshop, Facebook",83.33,Start: Active Listening
40,No,Travel_Rarely,1194,Research & Development,2,4,Medical,1,2051,3,Female,98,3,1,Research Scientist,3,Married,2001,12549,2,Y,No,14,3,2,80,3,20,2,3,5,3,0,2,0.013707478,Low Risk,2.6666666666666665,333.5,3.0,LOW RISK: Continue standard career development and engagement tracking.,15-1221.00,"Git, Go, Apache Hadoop, Speaking, Reading Comprehension, Bash, C, Apache Kafka, C++, Mathematics, Writing, Amazon Web Services AWS software, GitHub, Apache Spark","Active Learning, Critical Thinking, Active Listening, Monitoring, Learning Strategies, Science, Ansible software, Docker",63.64,Start: Active Learning
35,No,Travel_Rarely,287,Research & Development,1,4,Life Sciences,1,2052,3,Female,62,1,1,Research Scientist,4,Married,2977,8952,1,Y,No,12,3,4,80,1,4,5,3,4,3,1,1,0.024713598,Low Risk,3.6666666666666665,595.4,3.3333333333333335,LOW RISK: Continue standard career development and engagement tracking.,15-1221.00,"Monitoring, Writing, C, Critical Thinking, Ansible software, Learning Strategies, Speaking, Docker, Science, Mathematics, Apache Spark, Bash, Reading Comprehension, Git, Apache Kafka, GitHub, Apache Hadoop","Active Learning, Active Listening, Amazon Web Services AWS software, C++, Go",77.27,Start: Active Learning
29,No,Travel_Rarely,1378,Research & Development,13,2,Other,1,2053,4,Male,46,2,2,Laboratory Technician,2,Married,4025,23679,4,Y,Yes,13,3,1,80,1,10,2,3,4,3,0,3,0.2572944,Low Risk,2.3333333333333335,805.0,3.0,LOW RISK: Continue standard career development and engagement tracking.,51-9083.00,"SAP software, Reading Comprehension, Microsoft Office software, Microsoft Word","Critical Thinking, Monitoring, Microsoft Excel, Microsoft Outlook, Microsoft PowerPoint",44.44,Start: Critical Thinking
29,No,Travel_Rarely,468,Research & Development,28,4,Medical,1,2054,4,Female,73,2,1,Research Scientist,1,Single,3785,8489,1,Y,No,14,3,2,80,0,5,3,1,5,4,0,4,0.42282212,Medium Risk,2.3333333333333335,630.8333333333334,2.0,MEDIUM RISK: Manager check-in; mentorship; targeted development plan.,15-1221.00,"Mathematics, Reading Comprehension, Critical Thinking, Apache Spark, Science, Active Listening, Active Learning, Learning Strategies, Go, Apache Kafka, Bash","Writing, Speaking, Monitoring, Amazon Web Services AWS software, Ansible software, Apache Hadoop, C, C++, Docker, Git, GitHub",50.0,Start: Writing
50,Yes,Travel_Rarely,410,Sales,28,3,Marketing,1,2055,4,Male,39,2,3,Sales Executive,1,Divorced,10854,16586,4,Y,Yes,13,3,2,80,1,20,3,3,3,2,2,0,0.8629672,High Risk,2.3333333333333335,2713.5,2.6666666666666665,HIGH RISK: HR review; retention conversation; career-path and compensation review.,53-3031.00,"Microsoft Excel, Reading Comprehension, Active Listening, Writing","Speaking, Critical Thinking, Microsoft Office software",57.14,Start: Speaking
39,No,Travel_Rarely,722,Sales,24,1,Marketing,1,2056,2,Female,60,2,4,Sales Executive,4,Married,12031,8828,0,Y,No,11,3,1,80,1,21,2,2,20,9,9,6,0.20532365,Low Risk,2.3333333333333335,572.9047619047619,2.6666666666666665,LOW RISK: Continue standard career development and engagement tracking.,53-3031.00,"Speaking, Microsoft Excel, Active Listening, Microsoft Office software","Critical Thinking, Reading Comprehension, Writing",57.14,Start: Critical Thinking
31,No,Non-Travel,325,Research & Development,5,3,Medical,1,2057,2,Male,74,3,2,Manufacturing Director,1,Single,9936,3787,0,Y,No,19,3,2,80,0,10,2,3,9,4,1,7,0.046571903,Low Risk,1.6666666666666667,993.6,2.0,LOW RISK: Continue standard career development and engagement tracking.,51-9195.05,"Microsoft Excel, Active Listening","Critical Thinking, Monitoring, Microsoft Outlook",40.0,Start: Critical Thinking
26,No,Travel_Rarely,1167,Sales,5,3,Other,1,2060,4,Female,30,2,1,Sales Representative,3,Single,2966,21378,0,Y,No,18,3,4,80,0,5,2,3,4,2,0,0,0.24098636,Low Risk,3.6666666666666665,593.2,3.3333333333333335,LOW RISK: Continue standard career development and engagement tracking.,41-4012.00,"Adobe Photoshop, Autodesk AutoCAD, Reading Comprehension, Adobe Creative Cloud software, Writing, Microsoft Outlook, Active Listening, Critical Thinking, Adobe Acrobat, Monitoring, Adobe InDesign, Adobe Illustrator, Salesforce software, Speaking, Microsoft Office software, Microsoft PowerPoint","Active Learning, Microsoft Excel, Apple macOS",84.21,Start: Active Learning
36,No,Travel_Frequently,884,Research & Development,23,2,Medical,1,2061,3,Male,41,4,2,Laboratory Technician,4,Married,2571,12290,4,Y,No,17,3,3,80,1,17,3,3,5,2,0,3,0.06054138,Low Risk,3.3333333333333335,428.5,3.3333333333333335,LOW RISK: Continue standard career development and engagement tracking.,51-9083.00,"Critical Thinking, SAP software, Monitoring, Microsoft Word","Reading Comprehension, Microsoft Excel, Microsoft Office software, Microsoft Outlook, Microsoft PowerPoint",44.44,Start: Reading Comprehension
39,No,Travel_Rarely,613,Research & Development,6,1,Medical,1,2062,4,Male,42,2,3,Healthcare Representative,1,Married,9991,21457,4,Y,No,15,3,1,80,1,9,5,3,7,7,1,7,0.11652033,Low Risk,2.0,1248.875,2.6666666666666665,LOW RISK: Continue standard career development and engagement tracking.,43-4051.00,"Active Listening, Writing, Facebook, Microsoft Outlook, Monitoring, Critical Thinking, Reading Comprehension, Adobe Illustrator, Google Docs, Apple macOS, Adobe Acrobat, Intuit QuickBooks, Adobe Photoshop, Microsoft Office software","Speaking, Microsoft Excel, Adobe Creative Cloud software, Kronos Workforce Timekeeper",77.78,Start: Speaking
27,No,Travel_Rarely,155,Research & Development,4,3,Life Sciences,1,2064,2,Male,87,4,2,Manufacturing Director,2,Married,6142,5174,1,Y,Yes,20,4,2,80,1,6,0,3,6,2,0,3,0.09780111,Low Risk,2.0,877.4285714285714,2.3333333333333335,LOW RISK: Continue standard career development and engagement tracking.,51-9195.05,"Monitoring, Microsoft Outlook","Critical Thinking, Active Listening, Microsoft Excel",40.0,Start: Critical Thinking
49,No,Travel_Frequently,1023,Sales,2,3,Medical,1,2065,4,Male,63,2,2,Sales Executive,2,Married,5390,13243,2,Y,No,14,3,4,80,0,17,3,2,9,6,0,8,0.14135419,Low Risk,3.3333333333333335,539.0,2.6666666666666665,LOW RISK: Continue standard career development and engagement tracking.,53-3031.00,"Active Listening, Microsoft Office software, Critical Thinking, Microsoft Excel, Writing","Speaking, Reading Comprehension",71.43,Start: Speaking
34,No,Travel_Rarely,628,Research & Development,8,3,Medical,1,2068,2,Male,82,4,2,Laboratory Technician,3,Married,4404,10228,2,Y,No,12,3,1,80,0,6,3,4,4,3,1,2,0.20848477,Low Risk,2.0,880.8,3.0,LOW RISK: Continue standard career development and engagement tracking.,51-9083.00,"Microsoft Excel, Microsoft Word, Microsoft PowerPoint, Microsoft Outlook, Microsoft Office software","Reading Comprehension, Critical Thinking, Monitoring, SAP software",55.56,Start: Reading Comprehension
